TransactionID,Amount,Hour,Distance_from_home_km,Distance_from_last_transaction_km,Ratio_to_median_purchase_price,Used_chip,Used_pin,Online_order,Class
TXN111584,9.09,8,19.4,7.1,1.46,1,0,0,0
TXN105034,28.92,11,16.76,8.7,0.873,0,0,1,0
TXN112282,196.19,1,7.18,5.54,0.073,1,1,1,0
TXN100028,43.73,15,9.01,11.36,1.525,1,1,0,0
TXN109702,23.48,14,0.93,7.06,0.507,0,1,1,0
TXN111437,43.54,5,1.73,2.93,0.917,1,1,0,0
TXN106193,173.89,2,0.4,8.0,0.309,1,1,0,0
TXN110573,26.11,21,14.74,4.24,0.452,1,0,0,0
TXN102246,169.07,21,19.01,0.38,1.189,1,1,0,0
TXN110179,16.47,16,4.73,1.9,0.755,1,1,0,0
TXN100337,13.9,11,14.01,2.41,1.505,0,1,0,0
TXN107030,19.6,10,0.4,5.55,1.491,1,0,0,0
TXN100610,89.25,15,5.35,17.56,1.273,0,1,1,0
TXN111230,286.47,18,4.71,4.14,0.598,1,1,0,0
TXN110630,120.9,10,16.58,11.9,1.052,1,0,0,0
TXN103551,25.32,5,21.75,2.44,1.424,1,1,0,0
TXN108421,11.06,11,3.63,9.0,1.511,0,1,0,0
TXN103867,86.36,13,9.95,7.09,0.48,1,0,0,0
TXN102166,10.18,9,12.64,9.08,1.82,1,1,0,0
TXN114524,23.08,11,13.82,13.22,0.459,1,0,1,0
TXN105581,226.29,17,5.71,2.62,1.237,0,0,1,0
TXN114104,208.34,12,4.25,17.72,1.466,0,0,0,0
TXN103048,20.62,10,5.62,14.2,1.482,1,1,0,0
TXN114404,13.07,9,6.83,6.65,1.262,1,1,0,0
TXN104903,17.85,15,10.97,2.04,0.915,1,0,1,0
TXN105945,7.69,22,15.38,1.89,1.856,0,1,1,0
TXN111658,75.32,7,6.58,0.6,1.853,0,0,0,0
TXN104500,222.97,18,23.28,7.06,0.783,1,1,1,0
TXN110394,12.19,14,1.53,2.16,0.343,1,1,1,0
TXN110291,40.51,9,8.97,7.21,1.345,1,1,1,0
TXN102447,23.85,11,6.49,0.38,0.23,0,0,1,0
TXN112528,256.13,7,9.64,1.07,1.876,0,1,0,0
TXN106617,12.84,7,24.33,2.33,0.506,0,1,0,0
TXN112308,1.47,5,8.02,5.82,1.714,1,1,1,0
TXN107197,87.81,10,6.31,4.39,0.163,0,1,1,0
TXN104917,7.64,10,10.1,3.23,0.206,1,1,1,0
TXN104089,12.41,18,15.06,9.72,0.844,1,1,0,0
TXN105790,21.79,14,9.85,6.19,0.848,1,0,0,0
TXN114031,274.87,16,1.91,2.52,0.895,1,1,0,0
TXN109206,72.27,0,11.4,2.18,1.573,0,0,0,0
TXN106568,56.95,13,3.95,1.12,1.517,1,1,0,0
TXN111204,22.86,21,0.92,0.43,1.264,1,0,0,0
TXN109419,18.56,11,6.72,8.4,1.29,1,0,0,0
TXN110147,4.19,7,5.37,8.91,1.068,1,1,0,0
TXN105642,197.17,22,10.6,13.66,1.541,0,1,0,0
TXN105107,32.64,17,16.4,8.91,1.452,1,1,1,0
TXN101059,29.81,11,9.81,5.37,1.602,1,1,1,0
TXN105948,163.59,16,1.95,4.5,1.14,0,1,0,0
TXN108769,75.01,19,15.77,0.07,0.546,0,0,0,0
TXN102056,50.59,19,9.7,4.58,1.643,1,0,0,0
TXN110415,13.28,19,13.99,1.25,0.958,1,1,0,0
TXN100433,5.99,5,16.38,4.04,1.066,1,1,1,0
TXN104592,92.92,7,9.85,0.23,0.946,1,1,1,0
TXN104662,4.63,12,17.46,6.41,1.63,1,1,0,0
TXN112616,38.28,21,8.32,5.62,1.05,1,1,0,0
TXN100144,114.35,19,2.57,8.1,0.746,1,1,0,0
TXN110659,20.78,11,3.68,3.45,0.923,1,1,0,0
TXN110958,80.22,20,2.25,7.75,1.484,1,0,0,0
TXN102038,124.95,13,3.49,2.56,1.515,0,1,1,0
TXN104518,16.23,0,15.9,6.42,0.759,1,1,0,0
TXN108303,2.84,9,9.66,13.03,1.141,1,1,0,0
TXN110749,8.18,0,8.86,2.64,0.852,1,1,1,0
TXN109886,19.2,19,4.35,0.77,0.613,0,1,0,0
TXN100793,146.43,21,11.91,3.18,2.5,1,0,0,0
TXN114117,12.25,1,3.62,0.6,1.945,1,1,0,0
TXN113663,73.5,15,0.62,8.26,1.52,0,1,0,0
TXN106690,114.14,18,27.04,2.28,1.929,1,1,1,0
TXN113836,13.96,11,31.83,6.69,2.036,1,0,0,0
TXN112425,48.5,13,2.08,0.68,0.511,1,0,0,0
TXN111593,95.7,19,22.92,8.25,0.758,1,1,1,0
TXN106518,9.84,9,3.46,21.34,1.186,1,0,0,0
TXN112096,47.2,3,18.6,6.21,1.433,1,0,0,0
TXN112464,11.25,5,10.23,8.4,1.158,1,1,1,0
TXN113171,137.65,13,6.87,15.45,0.914,1,1,0,0
TXN103129,12.0,14,17.07,0.22,0.772,1,1,0,0
TXN101818,25.98,14,5.65,12.38,2.407,1,0,1,0
TXN109487,32.72,14,10.07,5.02,1.44,1,0,0,0
TXN106916,139.92,18,8.71,21.7,0.669,1,1,0,0
TXN100058,5.35,16,0.59,9.09,0.596,0,0,0,0
TXN105885,18.73,5,17.71,7.16,1.084,0,1,0,0
TXN109286,64.03,9,4.52,10.15,2.651,0,0,1,0
TXN102823,2.96,16,1.48,5.43,0.994,0,1,1,0
TXN114976,221.36,13,15.26,29.2,3.251,0,0,0,1
TXN107900,65.6,0,24.87,7.91,1.987,1,1,0,0
TXN101991,20.08,14,18.6,9.04,2.064,0,1,1,0
TXN111274,125.61,17,1.66,0.22,1.584,1,1,0,0
TXN108154,41.09,14,4.29,13.82,0.993,1,1,1,0
TXN101969,28.77,11,22.11,10.08,1.262,1,1,1,0
TXN104456,48.78,5,10.92,4.58,0.931,1,1,1,0
TXN111589,53.81,11,6.43,4.49,0.274,1,1,0,0
TXN108657,46.48,5,8.03,8.08,0.254,1,1,0,0
TXN109212,97.1,13,10.24,5.5,0.996,1,1,0,0
TXN103316,77.85,14,6.3,10.42,0.824,1,1,0,0
TXN109878,21.12,20,3.55,1.47,0.979,1,1,0,0
TXN110205,9.96,14,9.38,10.47,0.744,1,1,0,0
TXN104116,17.04,14,1.02,4.04,0.877,1,1,0,0
TXN107611,66.31,9,5.53,0.62,1.511,1,0,1,0
TXN106887,83.77,16,11.3,5.6,1.168,1,0,0,0
TXN113892,85.54,16,4.93,5.08,0.421,1,1,1,0
TXN102934,104.36,5,2.44,14.32,0.931,1,1,0,0
TXN111151,20.69,21,1.97,0.36,0.874,0,0,0,0
TXN112161,21.51,8,1.79,2.04,0.639,1,0,1,0
TXN104442,53.67,14,5.47,11.48,1.87,1,1,0,0
TXN101137,54.6,11,1.89,4.41,0.453,1,1,1,0
TXN109987,44.37,7,18.16,6.58,0.454,1,0,1,0
TXN100922,44.58,16,14.2,9.55,0.082,1,1,0,0
TXN103679,21.47,19,0.41,15.18,0.561,1,1,1,0
TXN114563,14.71,9,6.56,3.74,2.54,1,1,0,0
TXN107519,41.28,16,18.88,0.68,1.678,1,0,0,0
TXN114771,7.26,10,7.41,35.5,3.595,0,0,1,1
TXN100324,17.47,20,6.17,6.14,1.272,1,0,0,0
TXN113998,168.06,9,16.3,16.49,0.363,1,1,1,0
TXN112064,33.05,17,15.21,4.35,0.941,0,1,0,0
TXN105950,63.97,7,13.88,10.42,0.201,0,1,0,0
TXN108057,132.56,17,6.37,8.15,0.706,1,1,0,0
TXN101010,4.16,12,10.42,8.45,0.068,1,1,0,0
TXN102930,78.98,10,3.1,0.52,0.68,1,0,1,0
TXN112600,33.95,13,8.56,3.08,1.668,1,0,0,0
TXN103077,4.84,8,12.76,1.52,1.425,1,1,0,0
TXN107159,6.25,22,7.7,6.41,1.891,0,0,1,0
TXN108191,56.62,21,10.08,7.54,0.68,1,0,1,0
TXN100469,27.58,16,4.96,18.68,0.432,0,1,1,0
TXN102591,15.25,17,9.53,2.08,1.05,1,0,0,0
TXN109649,5.79,7,13.04,16.05,0.879,1,0,0,0
TXN102876,36.29,16,13.53,0.31,0.768,1,0,0,0
TXN100945,24.54,12,26.39,9.44,0.755,1,1,0,0
TXN110419,19.94,3,3.48,9.6,1.378,1,1,0,0
TXN104470,87.79,11,13.41,4.06,0.199,1,0,1,0
TXN111499,78.16,14,17.4,0.03,0.81,1,1,1,0
TXN107903,26.65,5,13.21,5.73,0.555,1,1,0,0
TXN108196,111.06,20,0.48,4.49,0.826,0,0,0,0
TXN110508,9.14,13,9.16,4.77,1.48,0,1,1,0
TXN102452,67.17,12,3.72,9.84,2.291,1,0,1,0
TXN103036,38.1,12,4.85,8.86,0.728,1,0,0,0
TXN109121,332.9,10,0.9,15.1,0.413,1,1,1,0
TXN104440,32.08,19,9.49,8.89,0.259,0,1,1,0
TXN111882,124.06,12,1.37,6.19,0.191,0,1,0,0
TXN111175,47.8,8,10.26,4.06,1.822,0,1,1,0
TXN100709,24.74,16,3.84,6.52,1.101,0,0,1,0
TXN105751,345.43,0,17.89,11.22,0.247,0,1,1,0
TXN109802,16.37,12,7.34,0.92,0.347,1,0,0,0
TXN102884,68.19,4,8.89,6.95,0.296,0,1,0,0
TXN105518,209.88,12,3.65,1.77,0.442,0,0,0,0
TXN100726,43.24,23,4.77,1.72,1.541,1,1,1,0
TXN105771,21.41,19,16.17,3.74,1.504,0,1,0,0
TXN109504,7.91,14,9.02,2.0,0.449,1,1,0,0
TXN112655,34.1,4,12.64,7.32,1.471,1,0,0,0
TXN110707,14.66,8,23.14,4.39,1.416,1,1,0,0
TXN108221,22.82,7,5.66,12.67,0.989,1,0,0,0
TXN109563,45.02,6,2.43,6.15,1.362,1,1,1,0
TXN105592,21.69,13,27.9,8.25,1.677,1,0,0,0
TXN109086,17.66,7,9.95,6.38,2.084,0,1,0,0
TXN107444,26.66,12,10.98,0.65,1.257,1,0,0,0
TXN108301,70.81,19,2.81,8.38,0.833,0,1,0,0
TXN114670,17.54,6,0.08,5.75,3.913,1,1,1,1
TXN102747,52.1,11,11.17,10.62,1.497,0,1,0,0
TXN114244,80.08,16,3.53,19.32,1.201,0,0,0,0
TXN112861,42.59,6,1.34,10.62,1.123,1,0,1,0
TXN113419,387.46,8,3.04,18.13,0.9,1,0,1,0
TXN106167,24.27,16,1.21,5.25,1.766,0,1,1,0
TXN110296,23.01,8,1.27,13.17,1.899,0,0,1,0
TXN110691,253.94,5,11.4,13.3,1.452,1,1,1,0
TXN100454,46.05,16,9.05,2.03,0.946,1,0,0,0
TXN102831,34.29,10,16.86,9.38,1.448,1,1,0,0
TXN112288,13.72,14,13.89,2.8,1.953,1,1,1,0
TXN105030,35.36,23,3.8,10.08,0.367,1,1,0,0
TXN104758,124.03,8,12.76,1.01,1.642,1,0,0,0
TXN105258,44.97,8,0.7,6.6,0.944,1,1,0,0
TXN100965,20.64,18,21.99,14.16,0.985,1,1,0,0
TXN104868,47.87,9,0.87,21.01,1.524,1,1,1,0
TXN108495,5.83,12,16.87,2.09,1.226,1,0,0,0
TXN110930,22.02,18,2.21,0.21,2.035,1,1,0,0
TXN108475,33.43,6,4.47,12.63,2.413,1,0,0,0
TXN110235,25.74,1,0.68,3.58,0.979,1,0,0,0
TXN112497,142.05,19,6.3,6.82,0.969,1,1,0,0
TXN101524,5.68,15,10.01,9.52,0.885,0,1,0,0
TXN114307,23.45,5,21.23,1.19,0.988,0,0,1,0
TXN101740,32.57,2,16.03,15.37,1.364,0,0,0,0
TXN103180,126.47,16,9.94,20.37,1.336,1,0,0,0
TXN113766,83.88,0,5.4,3.47,0.472,1,1,0,0
TXN112385,40.39,13,3.71,6.09,1.987,0,1,0,0
TXN102392,14.43,8,13.06,7.12,0.363,0,1,0,0
TXN100466,55.13,11,10.44,5.31,1.745,0,1,1,0
TXN101204,190.79,2,1.98,1.94,0.154,1,1,0,0
TXN101233,32.06,12,10.17,2.45,1.856,1,1,1,0
TXN107824,87.41,16,27.43,3.93,0.313,1,1,0,0
TXN108907,5.48,18,2.94,15.19,0.938,0,1,0,0
TXN113984,19.75,13,17.79,8.61,0.794,1,1,0,0
TXN114443,29.51,6,20.97,2.4,0.99,0,0,0,0
TXN111114,35.43,12,19.47,0.58,0.873,1,1,0,0
TXN113712,30.27,18,3.14,0.48,0.862,0,0,1,0
TXN105381,125.51,8,3.14,1.88,1.028,1,0,1,0
TXN105322,28.89,17,3.88,1.73,1.199,1,1,1,0
TXN109704,23.88,8,7.17,1.92,2.133,1,1,0,0
TXN109064,23.14,13,1.03,8.89,1.254,0,1,0,0
TXN109893,82.51,13,0.46,7.66,0.483,1,1,0,0
TXN102350,10.2,1,28.0,5.87,1.399,1,0,0,0
TXN114811,8.47,10,0.49,4.97,0.697,1,1,1,1
TXN100281,47.66,16,0.15,4.09,2.443,1,1,1,0
TXN110739,46.86,8,15.0,5.9,0.652,1,0,0,0
TXN107699,102.42,15,8.79,7.98,1.358,0,0,1,0
TXN112963,73.77,9,19.77,16.59,0.607,1,1,0,0
TXN110929,95.76,18,1.04,2.05,0.207,1,1,0,0
TXN101175,152.14,9,10.6,20.03,1.476,1,0,1,0
TXN108665,34.88,1,6.19,6.86,0.966,0,1,0,0
TXN114326,32.9,18,1.74,3.9,0.403,0,1,0,0
TXN112614,296.49,12,7.95,7.82,0.296,1,1,0,0
TXN106196,41.75,11,10.33,0.61,0.991,0,1,0,0
TXN106277,64.39,12,7.24,5.25,0.806,1,0,0,0
TXN104184,63.32,13,12.58,11.56,0.884,1,1,0,0
TXN102896,45.06,11,19.89,11.03,0.644,0,1,1,0
TXN111901,102.45,18,3.32,3.96,1.419,1,0,0,0
TXN103360,45.24,18,10.44,8.26,1.165,0,1,0,0
TXN100243,40.48,21,3.42,6.52,1.989,0,0,0,0
TXN101402,39.34,16,17.05,3.41,2.576,1,1,0,0
TXN109945,22.26,17,5.28,14.91,0.701,0,1,0,0
TXN107054,17.18,20,8.45,1.27,1.413,1,0,0,0
TXN107010,94.66,17,26.57,13.38,1.515,1,0,0,0
TXN111754,55.62,21,15.07,1.28,0.986,1,0,0,0
TXN110217,24.63,9,15.13,15.6,0.717,1,1,0,0
TXN109116,1.78,22,18.85,6.46,1.136,1,1,0,0
TXN112930,10.74,21,9.35,5.37,0.283,1,1,1,0
TXN101878,14.59,18,10.76,9.43,1.453,1,1,0,0
TXN102924,41.16,20,13.72,2.56,0.131,1,0,0,0
TXN109873,72.19,10,14.42,2.37,0.335,0,1,0,0
TXN114807,50.58,1,31.85,31.24,1.937,1,1,1,1
TXN101698,21.81,23,6.47,0.54,1.14,1,1,0,0
TXN112355,70.25,14,2.38,1.85,1.441,1,0,1,0
TXN101553,38.59,8,6.0,7.76,0.195,1,1,1,0
TXN107638,54.53,14,9.6,5.31,1.256,1,1,1,0
TXN104130,65.18,19,2.8,3.03,1.889,0,0,0,0
TXN101769,87.32,5,8.34,1.76,1.144,1,1,1,0
TXN109311,16.14,21,3.6,0.24,1.289,0,1,1,0
TXN111105,20.39,8,3.16,13.73,1.501,1,1,0,0
TXN113620,19.03,14,2.38,9.3,0.496,1,1,0,0
TXN113756,45.47,11,1.21,14.66,1.751,1,0,0,0
TXN108602,14.12,6,3.62,3.26,0.586,1,0,1,0
TXN105237,23.8,20,0.15,5.81,1.852,1,1,0,0
TXN104212,54.07,5,11.79,3.56,1.369,0,1,0,0
TXN113962,63.87,11,6.39,7.49,1.238,1,0,1,0
TXN104064,36.1,13,3.15,1.61,1.019,0,0,0,0
TXN101502,68.26,4,4.06,10.86,2.668,0,0,1,0
TXN112402,99.36,8,14.64,1.36,1.458,0,1,1,0
TXN106519,294.1,15,3.49,6.95,1.469,1,1,1,0
TXN103047,27.15,5,27.81,3.51,1.051,0,1,0,0
TXN108438,145.19,19,1.85,11.31,0.697,1,1,1,0
TXN109583,47.87,14,17.53,4.91,0.321,0,1,1,0
TXN111258,6.5,14,0.72,3.92,0.131,0,0,1,0
TXN112513,14.78,13,5.41,12.5,1.16,0,0,0,0
TXN100873,56.58,12,1.62,17.08,0.226,1,1,0,0
TXN101272,32.36,17,8.79,1.98,2.008,1,0,0,0
TXN114429,77.06,15,3.53,9.11,1.789,1,1,1,0
TXN103865,48.36,20,0.85,11.52,1.065,0,1,0,0
TXN104041,16.88,15,14.72,10.07,1.036,0,1,1,0
TXN100047,73.44,2,12.97,10.2,0.888,1,1,0,0
TXN102456,20.4,7,1.73,12.61,1.221,1,1,0,0
TXN100122,72.9,16,6.84,2.08,1.895,0,1,0,0
TXN100538,24.28,18,6.36,2.2,0.244,1,1,0,0
TXN108595,40.15,14,15.75,9.62,2.095,1,1,0,0
TXN101065,95.47,17,6.59,8.76,0.335,1,1,0,0
TXN102736,42.18,16,3.67,8.24,1.217,0,1,0,0
TXN105332,116.84,17,5.16,9.33,1.586,1,1,0,0
TXN113992,263.78,7,13.73,18.74,0.181,0,1,1,0
TXN111350,25.02,14,5.08,2.89,0.331,1,1,0,0
TXN112675,44.65,17,10.62,5.95,0.609,1,1,0,0
TXN100143,180.75,5,4.21,6.76,0.294,0,1,0,0
TXN104262,124.05,23,16.72,2.72,0.359,1,1,0,0
TXN109416,33.89,20,6.66,9.41,0.975,1,1,1,0
TXN111412,8.06,12,5.82,4.17,1.017,1,0,0,0
TXN105475,9.08,17,0.91,11.31,0.767,1,1,0,0
TXN114779,8.51,18,53.39,30.47,2.238,1,1,1,1
TXN106471,9.87,21,7.9,9.25,1.75,1,0,0,0
TXN104452,16.91,7,8.37,8.49,0.037,1,0,1,0
TXN101050,27.43,19,6.72,9.72,1.315,1,1,1,0
TXN111564,11.62,2,1.78,4.7,1.803,0,1,0,0
TXN102547,27.52,12,10.18,8.29,1.34,0,1,0,0
TXN113382,8.83,13,11.64,6.11,1.366,1,0,0,0
TXN109862,30.98,0,2.41,3.83,1.255,1,0,0,0
TXN113202,25.68,12,3.08,6.83,2.042,1,1,0,0
TXN111774,12.96,16,2.29,5.45,1.567,1,1,0,0
TXN100313,69.08,18,10.67,12.82,1.42,1,1,1,0
TXN107677,24.97,17,7.97,1.2,1.704,1,1,1,0
TXN110715,98.93,0,19.21,9.16,1.551,1,1,0,0
TXN107117,27.47,4,11.86,4.28,0.513,0,1,0,0
TXN107747,18.05,9,9.5,2.46,1.016,1,1,1,0
TXN107698,73.1,6,5.54,14.42,2.14,0,1,0,0
TXN105436,34.82,13,5.35,6.38,0.987,0,0,0,0
TXN106945,14.89,15,21.39,3.51,1.399,1,1,0,0
TXN113463,106.31,11,0.67,3.2,1.385,1,0,1,0
TXN103854,7.27,8,7.32,13.73,1.034,1,1,0,0
TXN110331,163.52,14,11.57,10.02,0.523,1,1,0,0
TXN101862,48.41,11,17.1,4.27,1.154,0,1,0,0
TXN113680,38.79,12,13.12,2.83,0.775,1,1,1,0
TXN104964,54.61,2,13.06,1.44,1.17,1,1,0,0
TXN101890,283.55,11,1.05,12.69,0.968,1,0,1,0
TXN110916,30.25,1,17.79,1.97,1.32,1,1,0,0
TXN102894,8.26,6,16.41,2.26,0.696,1,1,1,0
TXN112170,37.96,20,5.22,5.41,1.031,1,0,1,0
TXN103512,10.46,8,1.89,12.83,2.016,1,1,1,0
TXN108028,35.92,23,19.01,4.04,1.788,0,1,0,0
TXN101852,8.17,13,18.93,19.75,1.315,0,1,0,0
TXN111652,11.62,14,10.77,3.86,1.569,1,1,0,0
TXN105074,115.61,13,15.67,4.53,1.284,1,1,0,0
TXN104480,43.99,10,4.25,8.84,1.862,1,1,1,0
TXN113572,15.55,7,14.48,7.17,0.25,1,1,0,0
TXN104390,28.12,7,1.19,0.91,1.255,1,0,0,0
TXN107455,13.82,11,1.74,1.09,1.481,0,1,1,0
TXN113264,15.86,10,10.96,17.18,0.494,0,1,0,0
TXN105084,29.77,7,23.49,1.89,0.692,1,1,1,0
TXN112804,73.67,19,10.38,6.02,0.814,1,1,1,0
TXN113470,43.06,17,18.71,8.07,0.746,1,1,0,0
TXN102516,29.45,10,14.07,13.3,1.548,1,0,0,0
TXN110474,5.95,22,1.62,3.82,1.826,0,1,0,0
TXN112122,81.23,14,2.51,6.7,1.751,1,1,1,0
TXN108970,87.35,14,10.8,1.32,1.628,0,0,0,0
TXN103403,48.64,12,18.38,3.59,0.808,1,0,1,0
TXN109307,302.06,15,2.38,5.14,0.806,1,1,0,0
TXN106779,22.79,6,9.8,3.72,0.785,1,1,0,0
TXN100879,23.27,10,6.21,8.62,1.007,0,1,0,0
TXN111865,44.0,13,0.58,1.53,0.813,0,1,0,0
TXN111543,35.71,18,22.64,6.62,0.625,1,1,1,0
TXN101628,17.86,7,22.87,4.06,1.312,1,1,0,0
TXN111289,132.59,15,3.15,13.84,2.24,1,1,0,0
TXN102812,47.28,9,3.66,10.05,1.74,1,1,0,0
TXN114556,106.77,17,5.31,1.97,0.532,1,1,1,0
TXN109978,8.77,16,5.2,4.44,0.937,1,1,0,0
TXN110314,27.62,15,9.3,5.27,0.617,0,1,0,0
TXN107922,90.97,14,8.05,14.0,1.339,1,1,0,0
TXN100151,32.2,7,24.07,12.05,0.716,1,1,0,0
TXN108578,17.69,9,8.71,0.87,1.555,1,1,1,0
TXN108137,85.67,14,1.33,4.83,0.477,0,0,0,0
TXN107942,17.1,18,16.15,7.04,0.533,0,1,1,0
TXN111156,125.03,12,3.76,5.25,1.434,1,0,0,0
TXN109002,3.4,14,12.16,0.95,0.594,1,1,0,0
TXN104018,224.53,12,7.03,16.01,1.275,0,1,0,0
TXN114923,177.99,21,54.74,21.2,2.72,0,1,1,1
TXN109982,18.61,10,2.94,1.83,1.636,1,0,0,0
TXN101109,11.8,1,8.91,4.93,0.324,1,0,0,0
TXN113469,11.59,17,0.12,0.67,0.962,0,1,1,0
TXN105278,43.64,15,3.39,0.54,1.55,1,0,0,0
TXN113564,30.1,1,0.94,10.46,2.166,1,0,1,0
TXN110520,48.2,20,16.73,4.51,1.31,1,0,0,0
TXN112829,18.99,14,9.77,6.16,0.321,0,0,1,0
TXN106821,44.03,13,11.85,5.19,1.416,1,1,1,0
TXN109222,7.89,20,4.09,7.27,0.622,1,1,1,0
TXN102804,70.25,7,6.46,9.59,1.652,1,0,0,0
TXN109969,305.72,17,7.41,6.54,0.875,1,0,0,0
TXN107452,28.28,22,9.11,2.29,0.9,1,1,0,0
TXN108652,129.76,21,5.8,9.76,1.473,1,1,0,0
TXN109918,7.52,18,11.68,5.26,0.469,1,0,0,0
TXN108940,6.27,9,5.09,4.95,1.357,1,1,0,0
TXN103017,82.79,8,4.5,0.22,1.591,0,1,0,0
TXN112297,312.71,10,11.87,6.2,0.934,1,0,1,0
TXN108277,12.85,4,19.74,15.34,0.613,0,0,0,0
TXN105320,70.05,12,27.14,11.3,1.37,1,0,1,0
TXN105537,23.21,9,5.46,0.09,0.801,1,1,0,0
TXN111251,75.82,23,25.3,3.91,1.009,1,0,0,0
TXN106808,24.36,17,6.63,1.82,1.218,1,1,0,0
TXN110978,22.19,16,0.8,14.77,0.766,0,1,1,0
TXN109533,9.73,0,18.94,7.01,0.6,0,1,1,0
TXN106869,123.31,17,16.0,2.84,0.51,0,0,0,0
TXN107065,97.79,19,0.14,17.06,1.795,1,1,1,0
TXN108579,7.52,19,0.35,4.21,1.842,0,1,0,0
TXN103659,98.58,7,3.88,3.87,1.282,1,1,1,0
TXN113803,40.72,19,4.93,10.75,0.451,1,1,0,0
TXN107175,23.15,11,7.45,14.99,1.951,0,0,1,0
TXN100049,26.48,2,9.71,3.68,0.113,1,1,1,0
TXN113577,124.07,9,5.98,0.69,1.181,1,1,0,0
TXN101436,13.36,6,6.47,7.4,0.788,1,1,0,0
TXN109575,4.34,7,12.24,14.09,1.172,0,1,0,0
TXN112638,106.74,0,3.94,3.17,1.847,1,1,0,0
TXN107859,90.33,13,1.56,11.14,1.385,1,1,1,0
TXN110062,24.18,13,20.24,2.17,1.451,0,1,1,0
TXN107948,52.54,11,6.49,14.6,1.046,1,0,0,0
TXN104599,20.39,14,1.95,6.13,0.171,1,1,0,0
TXN104971,21.23,14,26.65,13.28,0.95,1,0,0,0
TXN110892,319.45,17,4.29,6.04,1.257,1,1,0,0
TXN102130,80.46,7,6.72,7.12,0.434,0,1,0,0
TXN102061,3.67,21,7.49,18.48,0.859,1,1,0,0
TXN102793,45.01,14,2.03,3.97,0.976,1,1,0,0
TXN107877,152.07,15,10.06,8.08,0.291,1,1,0,0
TXN111978,83.97,11,10.29,3.87,0.788,1,0,0,0
TXN104483,79.25,2,16.7,7.47,0.423,1,1,1,0
TXN105539,10.65,11,10.0,8.32,1.078,1,1,1,0
TXN108330,167.45,18,7.05,17.52,1.816,1,1,0,0
TXN111033,58.98,13,5.2,13.11,0.981,1,0,0,0
TXN106871,1.45,6,8.77,8.36,1.674,1,1,0,0
TXN114765,28.81,17,51.96,33.43,2.542,1,1,1,1
TXN110380,83.19,19,10.81,1.7,1.137,1,1,0,0
TXN102335,15.91,11,7.19,4.3,2.2,1,1,1,0
TXN101455,9.11,11,8.06,8.99,1.094,1,1,0,0
TXN113273,136.06,6,17.51,1.91,0.859,0,1,0,0
TXN101012,68.57,20,25.3,5.43,0.931,0,1,0,0
TXN100902,40.37,20,3.12,3.09,1.035,1,1,0,0
TXN110574,25.6,5,18.06,0.42,1.377,1,1,1,0
TXN104913,123.02,16,7.37,15.68,0.769,1,1,1,0
TXN100942,22.11,12,11.48,2.67,0.867,1,1,0,0
TXN109234,77.34,8,14.98,15.7,0.905,1,1,0,0
TXN100528,29.51,18,10.04,4.8,0.936,1,1,0,0
TXN108399,155.22,1,22.75,2.96,2.016,1,0,1,0
TXN106156,29.51,19,8.08,12.92,0.686,1,1,1,0
TXN108083,103.69,8,4.12,0.1,1.269,0,1,0,0
TXN105473,29.51,13,14.03,4.46,0.703,1,0,0,0
TXN111566,55.88,12,7.43,5.84,1.055,1,1,1,0
TXN102320,38.26,3,6.36,2.84,0.163,1,0,1,0
TXN110140,4.19,6,12.15,1.28,0.71,1,1,0,0
TXN100574,382.96,19,6.24,1.15,0.542,1,1,0,0
TXN101282,99.08,18,6.37,0.55,0.856,1,0,0,0
TXN106697,24.03,1,17.94,3.87,1.848,1,1,0,0
TXN111126,18.05,5,5.82,4.12,1.16,1,0,0,0
TXN104867,42.67,15,7.57,8.73,1.062,1,1,1,0
TXN104385,101.62,19,19.83,3.3,1.316,0,1,0,0
TXN105909,7.27,16,1.61,0.15,1.151,0,0,0,0
TXN107816,15.83,9,8.73,3.28,0.321,1,0,0,0
TXN110438,22.85,12,1.02,3.13,0.353,1,1,0,0
TXN109176,251.86,8,15.95,17.04,1.032,0,1,1,0
TXN109689,30.74,7,0.18,5.85,1.176,1,0,1,0
TXN104958,7.07,0,9.8,7.95,1.365,1,1,0,0
TXN107618,91.62,18,0.56,10.29,1.072,1,0,0,0
TXN109423,11.33,2,5.77,10.2,1.568,1,1,0,0
TXN106645,108.88,1,14.5,3.51,1.507,1,0,1,0
TXN113850,50.35,15,17.53,9.09,1.409,0,1,0,0
TXN103881,16.41,0,12.1,5.04,0.562,1,0,1,0
TXN100535,7.7,19,9.66,2.63,0.895,1,1,0,0
TXN100923,22.77,14,9.94,4.1,1.292,1,1,0,0
TXN114895,2191.96,14,29.19,4.37,1.0,0,0,0,1
TXN108187,145.24,18,17.71,9.01,0.475,1,1,0,0
TXN100297,54.83,14,10.67,12.43,1.037,1,1,0,0
TXN109136,34.61,16,0.92,6.64,0.95,1,1,0,0
TXN107064,269.3,14,6.43,9.6,0.924,1,0,0,0
TXN105904,32.22,8,3.71,6.35,1.787,0,0,0,0
TXN102405,61.21,14,8.65,6.85,1.409,1,0,0,0
TXN110274,22.14,18,4.04,2.22,0.906,0,0,0,0
TXN100931,130.01,21,7.98,2.69,1.385,1,1,1,0
TXN106259,169.97,4,27.68,21.05,1.199,0,0,1,0
TXN106310,290.19,4,11.16,9.57,1.32,0,1,1,0
TXN104345,35.06,11,2.8,6.24,1.998,1,1,0,0
TXN108800,21.63,12,15.28,4.84,0.359,0,1,0,0
TXN111070,53.78,15,9.49,2.61,2.26,0,1,0,0
TXN112618,321.2,0,0.85,4.45,0.535,0,1,0,0
TXN100359,15.28,5,20.26,4.89,1.144,1,1,0,0
TXN104281,202.91,17,17.67,15.67,0.216,1,0,1,0
TXN101914,53.0,6,18.4,5.78,1.226,1,1,0,0
TXN111459,57.49,5,6.64,6.18,1.654,1,1,1,0
TXN102136,862.15,15,2.63,11.81,0.77,1,0,0,0
TXN110040,109.75,15,17.85,5.71,1.07,0,1,0,0
TXN110953,19.1,19,12.77,4.22,1.896,1,1,0,0
TXN104322,5.23,19,18.93,9.03,0.718,0,0,0,0
TXN101013,12.9,0,3.63,4.98,0.375,1,0,1,0
TXN114005,70.73,21,4.21,0.81,2.003,0,1,0,0
TXN100265,187.47,15,24.42,1.05,0.984,0,1,0,0
TXN109567,42.25,12,9.26,9.3,0.039,1,1,0,0
TXN103370,97.26,16,3.7,15.63,1.156,1,0,0,0
TXN109777,62.48,16,0.66,3.52,0.759,0,0,1,0
TXN109230,9.43,16,14.44,5.1,1.487,1,0,0,0
TXN102157,14.68,4,8.27,6.78,0.904,1,0,0,0
TXN113124,181.43,17,16.55,14.69,0.79,1,1,1,0
TXN114816,206.24,20,54.35,4.54,2.444,0,0,1,1
TXN111470,41.48,8,0.82,12.52,0.864,1,0,1,0
TXN101972,58.99,20,1.31,3.86,0.593,0,1,0,0
TXN108922,27.43,14,8.96,0.77,1.047,0,1,0,0
TXN105329,47.33,6,9.91,12.87,1.564,1,1,0,0
TXN100999,45.85,9,2.89,4.66,0.136,0,1,0,0
TXN104400,10.1,16,16.43,4.2,2.834,1,1,0,0
TXN114790,17.31,9,43.12,30.32,1.933,0,0,0,1
TXN109602,15.54,8,12.94,2.15,1.636,1,0,1,0
TXN101665,26.72,18,11.3,4.55,1.157,0,1,0,0
TXN102518,73.2,15,24.72,2.4,0.631,1,1,0,0
TXN111748,110.83,10,13.5,0.49,1.698,1,1,0,0
TXN105503,103.21,16,13.35,6.58,1.359,1,1,0,0
TXN105219,135.25,12,9.51,8.31,1.854,1,1,0,0
TXN106282,71.25,7,17.88,0.42,0.908,1,0,0,0
TXN109989,267.61,16,7.01,4.87,0.334,1,1,0,0
TXN110890,12.76,9,16.61,10.86,0.464,1,0,1,0
TXN112345,114.22,18,2.64,1.04,1.669,1,1,1,0
TXN106900,54.47,3,0.03,15.51,0.42,1,1,0,0
TXN101717,79.23,11,19.89,16.72,1.997,1,1,0,0
TXN113032,78.36,16,13.15,4.86,0.561,1,1,0,0
TXN102123,46.59,18,9.88,2.58,1.262,1,1,1,0
TXN109884,90.4,0,11.99,8.69,1.064,0,0,0,0
TXN101184,36.35,19,9.29,8.74,1.501,1,1,0,0
TXN113911,38.09,17,3.85,20.89,1.675,1,1,0,0
TXN102771,54.19,2,9.26,9.84,0.017,1,1,0,0
TXN111301,14.2,0,2.53,0.39,0.628,0,1,1,0
TXN105552,9.66,15,7.01,22.83,1.109,1,0,0,0
TXN103852,16.65,10,9.33,1.53,0.536,1,0,0,0
TXN111626,5.37,4,1.65,4.24,0.672,1,1,1,0
TXN102496,32.97,12,6.81,10.19,0.315,1,1,1,0
TXN111276,199.5,4,7.93,16.72,1.458,1,1,0,0
TXN105086,192.17,13,20.65,7.75,1.152,0,1,0,0
TXN111203,18.42,23,6.32,5.71,0.819,1,1,1,0
TXN103404,28.5,14,9.49,7.96,2.094,1,1,0,0
TXN103936,40.54,10,5.25,6.33,1.156,1,0,0,0
TXN108629,46.18,6,13.57,0.96,0.859,1,1,0,0
TXN106280,6.05,10,3.86,0.31,0.501,1,1,1,0
TXN100834,102.13,0,6.99,6.44,0.691,1,1,0,0
TXN111864,15.32,18,6.08,3.5,0.183,0,0,0,0
TXN101542,24.28,5,5.48,4.24,0.458,1,0,0,0
TXN109601,14.57,19,9.7,4.17,0.892,1,0,0,0
TXN114688,30.24,1,8.22,27.85,1.069,0,1,1,1
TXN102395,48.62,13,17.38,4.15,0.272,1,1,0,0
TXN104787,159.89,17,11.8,7.62,0.754,1,0,1,0
TXN109279,19.44,7,7.73,3.11,1.615,1,1,0,0
TXN108236,89.51,6,11.58,7.59,1.398,1,1,1,0
TXN107263,23.29,18,6.64,10.34,0.908,0,0,0,0
TXN101162,76.82,15,1.03,5.92,1.091,1,0,0,0
TXN105310,16.64,20,6.68,5.76,1.435,1,0,1,0
TXN104766,97.62,23,2.24,17.75,1.257,0,1,0,0
TXN110851,11.49,20,8.81,10.14,1.961,1,0,1,0
TXN109917,5.79,15,6.54,3.21,0.82,1,1,1,0
TXN114866,105.67,0,57.5,39.53,0.262,1,0,1,1
TXN114619,32.69,18,11.63,9.57,1.078,1,1,0,0
TXN113709,51.43,0,16.25,7.41,0.218,1,1,0,0
TXN105342,6.82,18,3.11,3.78,1.68,1,0,1,0
TXN106605,118.72,21,5.24,16.28,0.971,1,0,0,0
TXN112142,5.98,14,15.8,1.69,1.39,1,0,0,0
TXN111012,6.06,12,13.69,3.99,2.033,0,1,0,0
TXN104544,448.43,23,11.65,2.76,0.892,1,0,1,0
TXN101210,11.31,15,1.69,2.3,0.808,1,0,0,0
TXN104220,13.74,16,12.22,4.32,1.547,1,1,1,0
TXN109818,76.17,14,0.01,3.1,0.782,0,0,1,0
TXN101959,7.96,12,7.66,8.86,0.659,1,1,0,0
TXN100842,58.19,12,4.04,4.93,0.051,1,1,0,0
TXN100749,79.48,13,8.2,4.99,1.983,0,1,1,0
TXN112696,37.41,7,19.16,9.37,0.739,0,1,0,0
TXN109569,32.38,7,9.29,10.95,0.741,1,1,0,0
TXN100115,21.01,22,22.94,9.76,1.099,1,1,0,0
TXN113513,231.48,10,1.03,6.97,1.35,1,1,1,0
TXN112431,22.64,1,12.37,8.49,1.262,1,1,0,0
TXN107832,33.73,19,21.84,6.91,1.542,1,1,0,0
TXN111425,52.11,6,2.18,5.67,1.158,1,1,0,0
TXN109046,20.08,21,5.39,4.62,2.477,1,0,0,0
TXN114230,66.54,16,19.93,2.99,1.063,0,1,0,0
TXN112925,3.64,18,5.41,6.17,0.619,1,0,1,0
TXN109004,9.14,0,12.47,6.09,0.754,1,1,0,0
TXN110111,40.29,15,6.03,0.9,0.897,1,1,0,0
TXN104369,15.72,16,7.85,4.79,1.744,1,1,0,0
TXN103916,13.43,11,4.9,0.45,1.661,1,1,0,0
TXN105424,20.81,18,10.83,10.94,1.338,1,1,1,0
TXN107281,159.55,5,22.0,5.96,1.686,0,0,1,0
TXN109974,110.63,20,7.33,5.77,1.301,1,0,0,0
TXN110004,21.67,8,0.43,5.7,1.632,0,0,0,0
TXN109578,5.43,6,15.24,6.47,1.195,1,0,0,0
TXN103162,67.33,6,24.74,6.66,2.258,1,1,1,0
TXN104404,73.25,10,15.9,9.06,1.486,1,1,1,0
TXN113905,26.28,13,2.63,2.02,2.02,1,1,0,0
TXN109467,38.97,12,5.57,2.71,0.071,1,1,0,0
TXN107268,64.72,10,6.54,8.13,1.505,1,0,0,0
TXN114337,40.2,0,15.04,0.71,1.457,1,1,0,0
TXN103508,112.99,3,15.12,3.44,0.559,0,0,1,0
TXN112130,33.56,12,15.1,5.32,0.859,1,1,0,0
TXN106809,6.66,13,12.03,8.82,1.661,1,1,1,0
TXN112756,16.89,11,3.11,4.01,0.129,1,0,0,0
TXN110121,17.05,17,4.84,2.53,1.298,1,0,1,0
TXN114929,147.77,18,51.36,27.25,2.106,0,0,1,1
TXN110846,73.43,23,9.02,8.68,0.346,0,1,1,0
TXN103560,38.99,18,2.17,8.5,1.026,1,1,1,0
TXN105334,4.5,7,3.4,1.67,1.568,1,1,0,0
TXN104987,41.86,10,0.52,2.16,0.659,1,0,0,0
TXN100523,30.36,14,1.49,14.2,0.716,1,0,0,0
TXN107767,39.9,17,11.37,6.78,1.217,0,0,0,0
TXN107222,52.75,13,3.28,15.11,1.55,1,1,0,0
TXN112165,16.9,11,8.34,0.78,1.188,1,1,1,0
TXN101097,8.53,8,9.33,13.87,2.165,1,0,0,0
TXN106753,69.99,1,13.88,4.43,0.026,0,0,0,0
TXN110006,65.06,14,1.82,0.73,0.854,0,1,0,0
TXN100492,40.32,19,0.7,2.26,0.638,0,1,0,0
TXN102510,37.56,7,10.17,0.7,1.321,1,0,1,0
TXN110648,62.55,20,12.33,10.61,1.683,0,1,0,0
TXN111021,12.44,5,2.54,0.14,1.162,1,0,1,0
TXN109425,66.66,4,21.91,1.77,1.52,0,0,1,0
TXN108486,41.64,5,2.51,9.36,0.742,1,1,0,0
TXN106223,59.39,17,4.4,0.63,1.061,1,1,1,0
TXN112778,149.38,13,5.7,12.19,2.006,1,1,0,0
TXN102106,11.69,13,16.0,10.22,1.387,1,1,1,0
TXN108796,20.04,16,9.58,8.68,1.014,1,0,0,0
TXN101031,70.99,16,0.43,21.3,2.266,0,0,0,0
TXN104844,59.51,15,8.56,15.43,1.283,1,0,0,0
TXN104539,478.82,10,12.91,7.29,1.166,0,1,1,0
TXN114257,72.96,17,8.28,6.9,1.185,1,0,0,0
TXN110074,85.3,4,12.61,7.47,1.524,1,1,1,0
TXN113876,62.4,12,17.7,9.32,1.325,1,1,0,0
TXN106747,5.2,23,25.23,6.59,1.446,1,1,0,0
TXN100146,19.64,10,22.47,7.43,0.659,1,0,1,0
TXN103839,126.72,5,12.92,9.75,0.489,1,1,1,0
TXN108327,34.39,11,15.19,6.17,1.748,1,1,0,0
TXN100041,159.39,13,14.42,6.33,1.641,0,1,1,0
TXN105073,38.28,0,8.99,12.17,1.478,1,1,0,0
TXN106038,31.36,15,3.25,1.17,1.867,1,0,0,0
TXN112276,38.49,14,8.48,18.51,0.837,1,1,0,0
TXN106768,103.97,10,5.92,4.68,1.756,1,1,0,0
TXN102298,135.79,19,12.23,13.09,3.3,1,1,0,0
TXN101041,18.06,20,14.83,3.5,0.912,1,1,0,0
TXN113531,113.75,23,5.5,6.74,1.196,1,1,0,0
TXN104227,62.21,9,0.06,6.11,1.09,1,1,1,0
TXN108447,16.99,15,2.7,3.71,0.648,1,1,0,0
TXN109771,3.67,9,9.07,5.68,2.02,0,1,0,0
TXN112997,77.96,16,3.4,5.2,0.583,0,1,1,0
TXN111761,54.24,20,10.6,0.55,1.297,1,1,0,0
TXN101020,30.79,10,11.85,3.6,1.121,1,0,1,0
TXN113887,52.81,23,17.7,1.11,0.895,1,1,0,0
TXN108834,11.19,7,4.89,4.34,0.695,0,1,0,0
TXN108683,148.94,6,1.06,3.99,0.57,1,0,1,0
TXN113318,79.65,13,13.96,3.5,1.179,1,1,0,0
TXN106246,56.6,23,1.35,13.86,0.112,1,1,0,0
TXN107769,36.72,13,16.22,4.47,0.864,1,1,0,0
TXN110215,168.23,4,9.1,1.97,0.388,1,0,0,0
TXN107247,43.14,16,16.42,14.14,0.798,0,1,0,0
TXN107759,24.17,5,2.74,1.47,1.937,1,0,1,0
TXN106548,57.65,10,24.71,0.22,1.528,1,1,0,0
TXN108006,19.0,17,1.35,2.91,2.606,0,1,0,0
TXN108383,100.21,17,3.51,3.07,1.316,1,1,0,0
TXN109770,53.88,14,5.36,16.46,2.17,1,1,0,0
TXN110814,39.39,2,3.12,3.13,1.707,1,1,0,0
TXN102262,100.29,19,12.86,6.57,1.319,0,1,0,0
TXN104692,40.47,13,20.93,6.39,0.62,1,0,0,0
TXN103972,121.92,13,0.03,3.78,1.582,1,1,0,0
TXN104946,127.82,16,11.74,0.7,0.353,1,0,0,0
TXN103654,11.1,18,7.16,7.49,0.698,0,0,0,0
TXN111109,79.14,13,8.95,4.7,1.919,1,0,0,0
TXN104931,46.5,10,1.48,12.31,1.216,1,0,0,0
TXN100221,7.79,21,12.34,28.14,1.882,0,0,0,0
TXN113180,33.77,17,5.45,3.32,0.936,1,1,1,0
TXN103051,15.65,10,4.91,7.15,1.55,0,1,1,0
TXN111690,44.42,17,15.15,8.32,1.779,0,0,0,0
TXN111801,28.54,12,16.72,20.63,1.168,1,1,0,0
TXN103853,42.85,8,20.25,10.82,0.925,1,1,0,0
TXN101057,32.37,11,2.56,1.42,1.193,0,0,1,0
TXN101016,33.57,23,11.83,0.76,0.704,1,1,1,0
TXN100375,4.89,17,15.08,4.4,1.672,1,0,0,0
TXN103368,17.99,14,16.15,2.71,2.312,1,1,1,0
TXN113879,6.64,17,0.04,12.04,1.297,1,1,0,0
TXN104271,7.76,8,24.09,0.76,0.116,1,0,0,0
TXN101626,19.46,17,1.04,6.06,1.022,0,0,1,0
TXN101177,58.89,12,8.76,15.5,0.792,1,1,0,0
TXN108437,19.97,10,5.0,0.3,0.394,1,1,0,0
TXN112552,27.81,13,9.77,6.34,2.307,1,0,0,0
TXN108742,27.07,23,0.41,4.95,0.994,1,1,0,0
TXN100092,38.97,17,5.07,0.25,1.096,0,0,0,0
TXN107153,20.77,8,0.48,12.5,1.321,1,1,0,0
TXN103848,29.84,5,3.9,1.48,1.171,0,0,0,0
TXN103896,18.0,5,14.24,2.44,1.107,0,1,0,0
TXN106737,13.61,12,4.27,1.92,0.364,1,1,0,0
TXN102998,17.9,18,9.62,1.8,0.379,0,0,0,0
TXN106359,66.2,6,2.2,6.67,1.093,0,1,0,0
TXN102024,5.68,0,6.55,23.59,1.583,1,0,0,0
TXN108731,26.48,19,17.36,6.21,1.237,0,0,0,0
TXN108606,7.7,8,25.99,18.67,0.087,0,1,1,0
TXN108094,14.08,13,5.55,15.88,1.545,1,1,0,0
TXN106735,65.88,20,21.14,9.73,1.26,0,1,0,0
TXN110855,304.94,13,8.51,9.13,1.606,1,1,1,0
TXN103150,9.5,12,4.64,2.14,0.611,0,1,0,0
TXN111718,99.11,11,17.46,6.67,1.651,1,0,1,0
TXN107763,14.67,10,22.49,10.88,1.905,1,1,1,0
TXN112726,22.28,17,7.46,8.09,2.13,1,1,0,0
TXN109581,86.76,21,8.31,10.48,0.747,0,0,1,0
TXN101349,6.39,19,14.41,0.19,1.808,1,0,1,0
TXN105967,70.26,16,17.11,1.43,0.807,1,1,1,0
TXN103686,9.99,5,7.59,0.01,0.666,1,0,1,0
TXN104417,11.74,17,9.39,4.71,1.581,0,0,0,0
TXN104405,21.84,8,3.66,3.55,0.993,1,0,1,0
TXN109228,9.11,6,12.99,17.34,0.584,0,1,1,0
TXN106370,33.94,6,14.07,3.58,0.983,1,1,0,0
TXN105216,17.19,17,23.33,2.7,1.255,0,1,1,0
TXN107613,75.44,15,0.46,0.38,1.541,1,1,0,0
TXN104122,15.12,17,0.14,2.48,0.306,1,1,0,0
TXN102391,73.12,8,18.05,5.91,1.143,0,0,0,0
TXN103371,119.08,6,8.93,1.82,2.075,0,1,1,0
TXN113839,435.84,16,16.52,4.69,1.771,1,0,1,0
TXN113868,34.77,13,4.93,9.44,0.667,1,0,0,0
TXN112448,38.41,21,13.43,9.07,1.476,0,1,1,0
TXN103570,43.17,17,9.13,12.98,1.569,1,1,1,0
TXN106308,79.63,10,23.58,7.61,0.496,1,1,0,0
TXN104135,200.3,17,1.98,0.49,1.225,0,1,1,0
TXN107294,34.26,9,9.31,8.26,2.003,1,1,0,0
TXN107543,58.88,3,14.44,11.81,0.581,1,1,0,0
TXN102608,12.15,12,8.76,14.19,0.818,1,1,1,0
TXN106121,56.03,12,23.5,0.17,1.347,1,1,0,0
TXN112175,28.51,18,28.31,5.2,0.098,1,1,1,0
TXN112007,80.47,11,11.04,10.14,1.198,1,1,1,0
TXN105137,187.29,7,23.8,10.02,0.25,1,1,0,0
TXN101155,17.02,17,13.81,1.18,0.458,1,1,1,0
TXN110825,85.63,16,4.84,1.09,1.622,1,1,0,0
TXN103363,67.47,7,3.87,7.51,1.076,1,0,1,0
TXN104477,26.0,6,6.48,1.2,1.756,1,0,0,0
TXN111508,102.62,13,12.1,2.25,0.304,1,0,1,0
TXN109977,8.91,19,13.74,1.55,1.192,1,0,0,0
TXN111939,116.71,16,12.85,3.2,0.2,1,1,0,0
TXN114513,976.5,4,26.71,1.97,0.612,1,0,0,0
TXN101487,71.73,12,9.64,16.82,1.58,1,0,0,0
TXN109867,33.27,13,17.22,1.98,1.395,1,0,0,0
TXN109932,273.11,7,2.56,9.0,1.089,1,0,0,0
TXN104784,12.7,2,30.83,3.78,0.494,1,1,0,0
TXN103376,13.99,15,3.83,3.61,0.427,1,1,0,0
TXN101990,19.41,12,12.64,5.04,1.067,0,1,0,0
TXN104552,17.62,1,5.7,20.91,1.296,0,0,1,0
TXN107258,31.38,0,3.94,16.34,0.897,1,0,1,0
TXN101215,4.04,8,19.04,1.05,0.839,1,1,1,0
TXN112174,12.83,21,20.67,4.66,1.311,1,1,0,0
TXN109612,6.59,15,0.26,0.45,2.138,1,0,1,0
TXN113173,11.62,20,1.36,0.83,1.478,0,0,0,0
TXN107576,45.54,12,4.32,10.82,0.4,1,1,0,0
TXN111036,45.88,16,6.73,2.56,2.035,1,0,0,0
TXN100933,43.3,4,19.79,10.57,1.494,0,0,0,0
TXN111827,61.43,5,5.88,6.32,2.192,1,1,1,0
TXN113982,4.96,18,13.55,12.89,0.377,1,0,1,0
TXN112515,25.13,20,6.92,5.94,1.962,1,1,0,0
TXN102162,193.27,17,6.89,2.25,1.684,1,1,0,0
TXN105359,8.69,23,7.72,7.79,2.079,0,1,0,0
TXN105293,26.64,20,1.47,7.06,0.903,1,0,0,0
TXN111789,125.54,3,20.4,4.36,1.461,0,0,0,0
TXN106996,41.93,15,3.98,2.13,1.219,1,0,1,0
TXN105464,24.87,20,22.83,1.89,0.045,0,1,1,0
TXN106662,40.24,5,8.08,3.64,1.354,1,0,0,0
TXN112045,41.38,15,3.88,13.68,1.335,1,1,1,0
TXN106427,73.25,5,2.28,15.2,0.698,0,1,0,0
TXN114466,25.21,0,0.18,2.13,0.113,1,1,0,0
TXN105300,10.79,17,11.51,1.91,1.364,1,1,0,0
TXN103946,35.83,8,7.08,5.2,0.382,1,1,0,0
TXN104447,48.85,8,5.43,7.17,1.062,1,1,1,0
TXN111217,46.37,23,3.74,3.46,0.348,1,1,1,0
TXN111868,20.91,11,0.14,3.73,0.506,1,0,0,0
TXN108015,48.28,12,23.16,9.51,1.21,1,0,0,0
TXN104361,60.41,10,8.84,0.63,0.479,1,0,0,0
TXN105988,10.36,10,11.33,6.02,0.436,1,1,0,0
TXN111138,23.16,15,8.87,1.72,0.104,0,1,1,0
TXN111268,23.47,4,7.43,20.65,0.849,1,0,0,0
TXN106962,17.52,14,13.66,2.76,0.647,1,1,0,0
TXN114974,147.67,22,32.24,2.58,2.476,0,0,1,1
TXN113153,10.53,12,17.83,12.23,0.054,1,1,0,0
TXN112609,100.98,21,1.6,12.87,1.324,1,1,0,0
TXN103433,120.69,4,3.5,2.1,1.039,1,1,0,0
TXN107745,36.02,12,7.48,4.4,0.069,1,0,1,0
TXN104467,4.19,9,20.08,3.28,1.036,0,0,0,0
TXN107290,12.4,9,7.14,10.58,0.527,1,1,0,0
TXN114390,26.99,18,11.86,1.63,0.739,1,0,0,0
TXN101452,14.06,18,18.03,7.25,1.931,1,1,0,0
TXN114842,32.17,8,59.52,57.41,4.204,1,0,0,1
TXN112713,34.3,5,17.74,7.79,1.555,1,1,1,0
TXN102361,117.08,14,0.64,1.11,1.366,1,1,0,0
TXN103729,83.11,17,9.44,7.56,1.262,1,0,1,0
TXN106931,117.98,11,10.03,5.41,1.004,0,1,0,0
TXN105944,21.13,22,6.7,1.05,1.639,1,1,0,0
TXN101172,93.87,15,5.03,9.01,1.947,1,1,0,0
TXN112229,86.49,7,3.66,3.8,2.443,0,1,1,0
TXN102836,6.61,21,9.95,1.1,0.137,1,1,0,0
TXN106040,5.91,16,23.1,6.25,0.554,1,0,0,0
TXN103151,14.99,9,1.26,0.87,0.932,1,1,0,0
TXN111759,31.63,2,4.44,2.99,1.735,1,1,0,0
TXN114078,56.42,15,12.75,12.35,0.469,0,0,0,0
TXN108350,20.26,21,4.19,5.42,1.836,0,1,0,0
TXN112062,23.38,12,6.82,10.52,0.925,1,0,0,0
TXN102256,28.2,8,9.7,8.83,1.314,0,1,0,0
TXN109272,24.64,6,5.95,8.58,0.607,1,0,0,0
TXN103922,33.34,4,12.0,1.61,0.718,1,0,0,0
TXN107636,83.18,19,10.42,9.82,1.569,1,1,1,0
TXN106245,152.43,18,6.44,2.68,0.636,1,0,0,0
TXN111504,207.98,17,6.66,9.95,0.818,0,0,0,0
TXN100062,167.39,19,6.54,8.53,1.98,1,0,1,0
TXN104201,33.54,22,4.65,2.37,2.379,1,1,0,0
TXN114177,98.07,18,10.29,2.66,1.075,1,1,0,0
TXN104472,20.51,10,11.76,7.74,0.851,1,1,0,0
TXN105832,15.33,17,5.97,16.34,1.868,1,0,1,0
TXN112653,47.21,3,13.66,4.38,0.076,0,1,1,0
TXN104915,32.16,10,7.92,6.97,0.612,1,0,1,0
TXN106205,89.71,14,6.69,4.9,0.665,0,1,0,0
TXN114421,50.02,17,16.2,2.34,1.147,1,1,1,0
TXN110601,25.8,16,2.78,0.63,1.85,0,1,0,0
TXN110109,12.59,8,6.38,4.01,1.079,1,0,0,0
TXN112562,14.96,10,5.74,7.54,1.425,1,1,1,0
TXN111478,126.29,9,9.63,11.19,1.796,0,0,0,0
TXN113866,5.87,20,17.09,0.53,1.305,1,0,0,0
TXN113609,76.62,7,3.54,7.37,1.072,1,0,0,0
TXN103815,237.47,9,5.98,6.74,1.584,0,1,1,0
TXN106449,18.22,15,20.58,10.28,0.469,1,0,0,0
TXN104351,8.27,23,7.32,11.93,0.512,0,0,0,0
TXN103010,20.31,13,5.62,4.71,0.795,1,1,0,0
TXN106526,10.34,8,11.19,16.46,0.004,1,1,0,0
TXN114836,302.38,17,42.18,24.76,1.552,0,0,1,1
TXN101619,39.84,15,14.85,5.16,1.667,1,1,0,0
TXN106197,18.92,11,13.96,11.39,1.267,0,0,1,0
TXN103422,11.07,16,19.55,4.9,1.076,1,0,0,0
TXN108567,78.62,10,8.6,4.19,0.835,0,0,0,0
TXN110644,82.78,17,18.87,4.36,1.506,1,0,0,0
TXN104333,130.45,14,8.0,5.35,1.351,1,0,0,0
TXN110655,38.21,23,10.31,9.23,1.309,1,0,1,0
TXN106299,29.73,16,20.93,9.99,0.836,1,1,1,0
TXN100536,162.62,15,13.51,5.36,1.192,1,0,0,0
TXN104655,80.37,11,10.26,8.97,1.01,0,0,1,0
TXN109242,84.57,2,0.38,14.22,1.443,1,0,1,0
TXN110706,26.46,3,21.03,1.66,0.32,0,1,0,0
TXN110295,30.83,16,4.84,7.19,1.881,0,1,0,0
TXN105814,22.02,6,0.95,4.83,1.814,0,0,0,0
TXN102564,246.36,22,10.35,7.03,0.087,1,0,0,0
TXN113421,27.73,9,16.22,6.99,0.984,1,0,0,0
TXN104424,68.77,4,0.54,4.75,1.581,0,1,0,0
TXN101241,64.51,2,16.02,1.64,0.488,0,1,0,0
TXN101054,116.45,16,19.5,0.47,1.872,0,1,1,0
TXN111536,20.07,14,12.06,10.09,1.195,1,1,1,0
TXN102324,20.46,10,2.31,20.4,0.671,1,1,0,0
TXN109125,194.09,6,32.42,7.84,1.538,0,1,0,0
TXN107072,37.19,11,11.73,9.88,1.074,1,1,0,0
TXN100991,19.27,15,16.18,3.71,0.888,1,1,0,0
TXN107121,54.61,16,26.57,7.33,0.359,0,1,0,0
TXN105227,33.15,21,17.67,19.94,0.492,0,0,0,0
TXN106410,10.27,23,1.9,12.74,1.591,1,1,0,0
TXN112093,91.68,13,4.62,15.08,0.362,1,0,0,0
TXN102828,26.31,13,28.6,2.57,0.754,0,1,0,0
TXN111717,47.95,13,6.33,19.09,1.05,0,1,0,0
TXN113968,76.23,20,11.56,9.8,1.185,1,1,0,0
TXN107343,14.28,10,2.8,22.88,2.738,1,0,1,0
TXN113024,121.8,6,2.96,9.49,0.725,0,0,1,0
TXN108736,64.61,15,7.51,7.7,0.81,1,1,1,0
TXN114503,22.16,23,15.28,3.62,1.363,1,0,0,0
TXN105199,14.64,6,6.52,6.67,1.448,1,1,0,0
TXN109143,11.52,12,10.81,6.44,0.722,0,0,1,0
TXN111595,38.88,19,13.0,5.33,0.49,1,0,1,0
TXN102961,92.87,17,16.9,3.53,1.679,1,1,1,0
TXN111521,117.23,20,2.62,5.22,0.464,1,1,0,0
TXN112055,21.25,6,0.3,0.56,1.78,1,0,1,0
TXN107505,12.67,18,12.06,0.21,1.052,1,0,0,0
TXN105131,16.86,20,6.75,5.26,1.613,0,1,0,0
TXN114121,68.25,11,7.08,1.75,1.384,1,1,0,0
TXN109266,32.23,18,18.59,3.29,0.94,1,1,0,0
TXN114067,30.19,7,7.15,10.51,0.89,1,0,1,0
TXN102042,205.02,4,23.0,1.0,1.428,1,1,1,0
TXN113143,299.44,9,16.2,11.16,1.993,0,1,0,0
TXN112283,88.74,14,13.05,8.89,0.907,0,1,0,0
TXN108228,8.57,3,1.1,20.85,0.083,1,0,1,0
TXN105884,31.25,12,5.35,10.46,1.6,1,1,0,0
TXN113785,196.5,14,17.85,5.28,1.251,0,1,1,0
TXN111924,156.89,14,3.82,7.43,0.177,1,0,1,0
TXN106341,67.95,15,6.18,2.82,0.867,1,1,1,0
TXN114573,13.03,7,10.06,2.85,1.021,1,1,0,0
TXN102379,42.16,6,4.91,10.52,0.955,1,1,0,0
TXN113969,83.71,10,4.64,3.34,1.162,1,1,0,0
TXN105373,4.64,15,18.36,4.4,0.286,1,1,1,0
TXN104595,26.08,14,12.5,1.28,0.554,1,0,0,0
TXN105160,39.44,14,4.58,7.04,1.648,0,0,0,0
TXN100773,59.93,13,4.3,3.52,1.828,1,0,1,0
TXN105324,61.04,3,1.93,2.26,1.343,1,1,0,0
TXN111731,21.9,14,5.87,3.59,0.166,1,0,0,0
TXN112230,49.55,15,12.0,4.99,1.012,1,1,0,0
TXN113105,41.74,17,4.23,6.89,1.748,1,1,0,0
TXN113858,54.41,11,2.89,2.41,0.747,1,0,1,0
TXN110413,42.31,5,1.83,12.86,1.501,1,1,0,0
TXN100163,7.11,8,30.04,3.21,1.792,0,1,1,0
TXN100894,56.17,4,8.54,3.43,1.336,1,1,0,0
TXN100266,15.06,13,2.6,4.62,1.763,0,0,0,0
TXN111074,33.58,13,15.6,5.62,0.827,1,0,1,0
TXN111487,34.75,2,15.67,10.18,1.303,0,1,1,0
TXN106543,83.25,13,8.63,1.32,0.595,1,1,0,0
TXN106499,35.01,23,3.88,1.9,0.627,0,0,0,0
TXN110748,12.73,18,26.36,6.51,0.953,1,1,0,0
TXN100760,86.34,11,13.08,3.19,1.307,1,1,1,0
TXN102337,30.07,10,0.8,2.28,0.896,0,0,0,0
TXN109109,20.99,0,7.58,5.0,0.371,1,0,0,0
TXN114910,63.05,5,74.01,19.45,5.914,0,0,0,1
TXN107978,36.13,5,10.41,1.12,0.191,1,0,0,0
TXN114504,38.64,16,14.07,12.14,0.164,0,1,0,0
TXN111474,27.42,4,2.22,4.69,0.742,0,1,1,0
TXN113387,17.36,18,11.23,6.19,1.447,1,1,0,0
TXN107439,34.43,15,1.11,1.59,1.906,0,1,1,0
TXN108973,13.8,12,3.32,0.23,0.393,1,0,0,0
TXN105003,70.86,22,13.12,9.69,0.986,1,0,1,0
TXN104331,10.07,16,0.83,12.21,1.489,0,1,1,0
TXN113493,73.81,19,5.35,8.39,1.105,1,1,1,0
TXN107100,3.84,16,16.15,3.64,0.459,1,0,0,0
TXN111188,29.42,14,9.18,9.21,0.989,1,1,1,0
TXN101453,25.98,12,1.72,3.41,0.375,1,0,0,0
TXN111532,13.31,0,17.43,2.21,0.309,1,1,1,0
TXN114609,55.27,7,3.92,12.39,1.167,0,0,0,0
TXN112912,11.01,9,8.31,8.57,1.459,1,0,0,0
TXN112487,73.82,17,6.97,7.93,1.139,0,1,1,0
TXN111218,39.13,23,1.33,2.61,1.103,1,1,1,0
TXN113189,39.11,6,0.59,13.31,2.077,0,0,0,0
TXN104356,29.9,19,4.42,4.5,1.091,1,1,0,0
TXN111967,16.29,22,9.1,7.84,1.362,0,0,0,0
TXN101854,80.38,10,16.6,4.71,0.601,1,1,0,0
TXN111343,25.99,18,2.63,6.76,0.229,1,0,0,0
TXN114734,46.86,3,14.0,32.17,1.621,0,1,1,1
TXN105828,111.46,18,8.73,4.3,0.655,0,0,1,0
TXN114542,26.36,17,4.76,15.0,2.049,1,1,0,0
TXN113496,20.16,9,5.8,5.05,0.377,1,1,0,0
TXN102091,27.07,12,7.93,9.56,0.725,1,0,0,0
TXN102131,214.13,6,2.18,14.77,0.326,0,1,0,0
TXN103170,23.3,14,1.36,4.49,0.726,1,0,0,0
TXN104911,21.95,21,7.04,3.09,0.542,1,1,0,0
TXN103389,16.38,14,4.06,10.95,0.223,1,1,1,0
TXN104432,13.69,15,0.65,4.56,0.203,0,1,1,0
TXN101072,28.66,8,9.79,0.57,1.146,1,1,1,0
TXN112976,15.24,13,2.66,11.59,1.472,1,1,0,0
TXN104846,21.9,12,0.13,5.22,0.299,1,0,1,0
TXN111472,36.91,9,0.38,2.87,1.474,1,0,0,0
TXN102781,33.42,11,17.17,2.91,1.452,1,1,0,0
TXN100988,59.06,11,2.93,7.65,1.193,0,0,1,0
TXN102911,45.36,3,8.66,0.58,0.827,0,0,0,0
TXN105748,9.59,16,10.44,6.36,2.268,1,0,0,0
TXN100531,11.3,21,6.3,12.89,0.358,0,0,0,0
TXN101371,20.39,15,1.97,5.91,1.059,1,0,1,0
TXN113833,47.62,11,1.39,5.98,0.215,0,1,1,0
TXN107480,51.26,10,1.72,2.09,0.856,1,0,1,0
TXN105453,37.92,15,13.84,0.15,2.277,0,0,0,0
TXN107675,117.91,10,3.33,2.27,0.566,0,1,0,0
TXN106674,54.02,1,3.98,9.98,0.853,1,0,0,0
TXN100848,19.08,20,6.11,8.31,0.721,1,0,0,0
TXN106115,125.56,15,9.95,1.51,0.956,0,1,1,0
TXN108026,21.74,4,21.82,1.97,1.81,0,1,1,0
TXN106122,186.98,19,10.12,2.03,1.146,1,0,1,0
TXN104546,18.63,19,8.48,4.23,1.627,1,0,0,0
TXN101756,18.29,17,7.06,4.62,0.318,1,0,0,0
TXN113576,27.66,13,1.7,7.42,2.431,1,1,0,0
TXN114446,2.99,14,5.23,12.64,1.623,1,0,1,0
TXN108290,29.13,19,19.83,8.69,1.476,0,1,1,0
TXN104942,42.38,14,1.88,5.7,2.121,1,1,0,0
TXN114748,32.53,21,31.27,19.13,0.712,0,0,1,1
TXN107382,20.35,15,14.22,2.85,1.148,0,1,0,0
TXN106731,9.01,8,4.33,9.03,0.535,1,1,0,0
TXN103740,6.09,12,14.45,5.06,0.777,1,0,1,0
TXN111388,51.88,14,12.92,5.42,1.956,1,0,0,0
TXN107002,64.48,15,5.49,9.24,0.574,1,1,0,0
TXN109549,39.61,12,5.56,6.44,1.023,1,0,1,0
TXN107620,43.8,6,0.06,1.34,0.683,1,1,0,0
TXN105639,39.04,11,2.82,3.21,1.166,1,1,0,0
TXN110349,153.42,10,0.95,14.78,1.638,1,1,0,0
TXN114680,7.04,4,5.34,44.84,2.304,1,0,0,1
TXN113717,5.87,11,24.64,6.05,1.034,0,0,0,0
TXN112486,48.14,7,2.0,13.58,0.421,1,1,1,0
TXN114381,72.36,17,8.1,8.6,1.783,1,1,1,0
TXN109760,26.02,11,9.4,5.52,1.701,0,0,0,0
TXN111418,44.6,19,0.89,7.09,1.653,1,0,0,0
TXN104887,3.93,23,8.41,13.32,0.573,1,0,0,0
TXN105054,18.73,18,15.29,4.18,1.175,1,1,0,0
TXN112730,6.13,11,5.76,0.84,1.006,1,0,0,0
TXN113849,76.96,20,11.88,4.76,1.107,1,0,0,0
TXN114169,139.15,6,1.72,6.01,0.714,0,1,0,0
TXN109150,4.31,13,17.75,16.68,1.7,1,0,0,0
TXN106270,29.18,10,8.9,0.48,0.197,0,1,1,0
TXN101127,11.45,2,15.66,14.5,1.072,1,1,0,0
TXN102842,164.18,1,5.43,7.72,1.218,1,1,1,0
TXN109374,58.66,14,11.95,11.26,1.874,1,1,1,0
TXN111654,36.9,17,6.39,11.72,0.636,0,1,1,0
TXN109999,58.56,12,14.67,3.63,1.746,1,1,1,0
TXN112517,39.37,22,3.37,4.66,1.564,1,1,1,0
TXN106019,93.39,7,19.27,7.45,1.633,0,1,0,0
TXN112246,9.76,11,14.68,2.09,1.677,1,0,1,0
TXN105789,315.55,13,7.89,6.65,0.645,1,0,0,0
TXN109935,40.04,16,8.09,14.72,2.405,1,0,1,0
TXN114606,29.02,17,13.57,9.3,1.143,0,1,0,0
TXN106998,43.51,19,7.06,13.27,0.618,1,1,0,0
TXN101747,27.18,21,0.42,13.81,0.64,1,1,1,0
TXN103626,42.87,8,14.8,21.66,2.092,1,1,0,0
TXN103592,6.17,20,13.68,4.13,1.15,1,0,1,0
TXN103623,69.34,9,7.51,1.92,1.845,0,1,0,0
TXN105496,16.79,13,2.83,7.2,0.535,1,0,0,0
TXN108405,77.07,19,6.77,18.55,0.789,0,1,1,0
TXN102382,18.15,16,7.4,3.99,1.322,1,1,1,0
TXN102118,10.28,8,13.27,8.42,1.128,1,1,1,0
TXN105987,299.99,8,15.02,12.14,1.157,0,1,0,0
TXN111337,533.93,10,8.8,0.17,1.579,1,1,0,0
TXN102176,28.95,21,21.54,13.77,1.37,1,1,0,0
TXN107585,8.27,19,9.62,1.61,1.266,0,1,1,0
TXN107964,36.14,9,11.15,10.53,1.152,1,1,1,0
TXN112763,43.66,9,5.65,13.06,2.381,1,1,1,0
TXN112483,67.91,15,5.82,7.52,0.826,0,1,1,0
TXN114499,16.03,9,5.27,16.64,0.237,1,1,1,0
TXN101245,75.42,2,17.63,7.29,1.126,1,0,0,0
TXN112987,129.01,18,10.74,1.64,1.623,1,0,1,0
TXN112022,224.61,17,11.93,8.06,1.558,1,1,0,0
TXN106366,154.65,18,11.69,11.0,1.743,1,1,0,0
TXN108402,49.58,8,9.98,6.43,1.154,1,0,0,0
TXN103166,6.66,18,7.19,12.99,0.724,1,1,0,0
TXN104293,68.13,13,16.21,19.94,2.063,0,1,0,0
TXN106025,24.45,14,25.95,1.75,0.734,1,1,0,0
TXN105793,33.68,6,4.22,11.0,0.216,1,1,0,0
TXN105092,92.36,6,3.2,13.61,2.575,1,0,1,0
TXN110020,24.37,14,25.08,12.69,0.437,1,1,0,0
TXN106166,75.45,8,12.3,11.76,1.071,0,1,0,0
TXN113798,116.8,21,7.58,7.8,1.903,0,1,0,0
TXN103374,30.97,18,12.21,1.47,0.254,1,0,1,0
TXN105297,19.56,18,5.23,4.04,2.044,0,1,1,0
TXN112437,7.91,0,7.74,6.68,0.905,1,1,0,0
TXN101093,119.91,3,6.89,3.02,0.545,1,1,0,0
TXN105241,67.4,10,7.49,6.4,1.534,0,0,1,0
TXN101509,76.65,5,12.14,0.44,0.815,1,0,0,0
TXN106387,18.9,8,7.78,5.2,0.945,1,1,0,0
TXN112645,81.41,17,3.93,9.87,0.279,1,1,0,0
TXN104107,26.75,16,10.57,0.32,0.234,1,1,0,0
TXN114243,8.12,10,4.23,8.88,1.756,1,1,0,0
TXN104387,43.79,13,2.34,0.99,1.076,0,1,0,0
TXN109588,42.02,19,1.78,3.24,0.973,1,1,1,0
TXN100440,33.3,10,21.62,6.76,0.879,0,1,0,0
TXN106287,34.4,17,22.66,4.0,0.637,1,1,1,0
TXN100711,177.42,14,6.83,2.13,1.597,1,0,1,0
TXN111389,25.09,16,3.38,1.08,1.891,1,1,1,0
TXN113445,42.72,11,1.89,5.6,0.968,1,0,0,0
TXN103148,62.47,11,6.14,3.78,1.455,1,1,0,0
TXN102098,58.32,22,21.56,7.31,0.603,1,1,0,0
TXN101519,29.28,7,2.74,0.96,0.618,0,1,0,0
TXN106967,111.94,18,12.26,1.94,0.672,1,1,0,0
TXN101378,79.38,3,17.91,0.44,1.807,0,1,0,0
TXN109159,66.9,8,3.26,7.36,1.138,0,1,0,0
TXN103562,53.56,23,5.79,5.5,1.146,1,0,1,0
TXN103140,14.3,16,2.12,3.6,2.013,1,1,1,0
TXN104654,73.59,18,6.21,12.3,0.68,1,0,0,0
TXN110608,52.62,11,1.58,5.98,1.299,1,0,1,0
TXN108082,240.19,14,8.22,4.6,1.04,1,0,1,0
TXN106141,9.87,12,1.19,16.45,1.084,0,1,0,0
TXN109700,21.53,2,17.69,5.6,0.426,0,1,1,0
TXN104961,178.84,20,37.39,19.56,0.254,0,0,0,0
TXN107961,11.77,13,17.84,2.51,0.522,1,1,1,0
TXN100607,7.51,4,5.98,9.9,2.479,1,0,0,0
TXN114225,7.95,19,4.79,14.78,1.019,1,0,1,0
TXN114046,15.67,9,1.54,11.77,1.748,1,1,0,0
TXN103813,8.97,20,5.25,0.9,0.166,1,0,0,0
TXN109739,11.81,13,4.26,7.5,1.932,1,1,1,0
TXN111410,9.81,11,8.53,9.99,1.459,1,1,0,0
TXN105340,14.73,8,7.86,8.72,1.27,1,1,0,0
TXN111014,55.79,0,6.17,1.43,0.775,1,1,0,0
TXN102117,5.84,11,20.89,1.83,0.676,1,0,1,0
TXN103767,8.78,19,0.38,0.64,0.652,1,1,0,0
TXN101118,126.04,12,9.59,5.28,0.241,1,1,0,0
TXN114428,29.44,6,2.91,10.96,1.686,0,1,0,0
TXN106600,28.94,6,4.5,0.61,2.316,1,0,0,0
TXN102307,5.21,11,0.83,5.05,1.113,0,1,0,0
TXN110292,69.84,9,17.8,1.44,0.339,1,1,0,0
TXN100236,42.35,9,0.08,6.12,1.098,0,1,0,0
TXN112410,44.54,2,13.58,1.12,0.048,1,1,1,0
TXN113770,74.91,5,2.98,4.74,1.305,1,0,0,0
TXN109475,22.28,10,4.97,3.61,0.652,1,1,0,0
TXN106175,17.99,9,1.65,0.31,1.181,1,0,1,0
TXN110741,15.42,11,10.72,17.39,1.859,1,1,0,0
TXN114631,134.98,2,57.43,54.0,1.388,0,1,1,1
TXN100803,53.13,8,9.27,7.78,0.593,0,1,1,0
TXN114824,190.85,12,6.94,8.56,1.361,0,1,0,1
TXN112006,20.49,1,4.08,3.62,0.531,1,1,1,0
TXN101928,65.1,12,17.83,10.68,0.264,0,1,0,0
TXN113379,9.27,6,0.72,5.01,1.659,0,1,1,0
TXN102531,131.65,14,3.84,7.79,2.062,1,0,0,0
TXN100792,30.4,13,20.71,6.19,0.466,1,1,0,0
TXN106975,51.09,21,0.03,2.26,1.476,1,1,0,0
TXN114615,27.79,15,6.14,9.14,0.968,0,1,0,0
TXN107696,41.52,15,9.12,7.23,2.095,0,1,0,0
TXN110515,17.5,11,7.61,8.61,1.342,1,1,0,0
TXN111913,14.62,19,7.51,12.03,0.984,1,1,0,0
TXN104796,29.95,8,11.27,2.8,1.153,1,1,0,0
TXN104540,101.76,23,18.45,13.41,1.433,1,0,0,0
TXN107008,19.32,9,10.95,9.77,1.391,1,1,0,0
TXN106505,110.61,11,12.03,8.66,0.421,1,1,1,0
TXN114757,108.73,7,12.67,20.36,2.738,0,1,1,1
TXN101927,10.48,18,3.16,7.92,1.9,1,1,1,0
TXN114705,677.19,3,22.11,53.09,2.955,0,0,0,1
TXN113629,69.33,15,13.12,6.97,2.139,1,1,1,0
TXN111028,12.14,20,6.09,1.44,1.821,0,1,0,0
TXN103461,40.8,7,13.48,8.35,1.158,1,1,1,0
TXN110641,57.34,1,3.05,2.01,1.311,1,1,1,0
TXN112680,13.33,13,1.52,4.84,0.193,1,1,0,0
TXN114916,167.28,14,36.81,58.43,2.009,0,0,0,1
TXN103689,79.41,20,1.09,9.6,1.047,1,1,1,0
TXN101030,9.95,1,19.73,2.99,1.125,0,0,0,0
TXN109671,37.73,16,17.69,11.2,1.706,0,1,0,0
TXN107329,68.92,19,12.57,1.01,2.319,0,0,1,0
TXN103340,17.98,11,14.49,0.71,2.317,1,1,0,0
TXN104096,19.72,4,2.6,8.43,1.214,0,1,0,0
TXN112960,76.04,21,10.85,6.45,1.605,1,1,1,0
TXN112209,38.46,16,26.45,8.96,0.57,1,1,1,0
TXN106522,9.05,3,1.59,5.48,1.913,1,1,0,0
TXN101577,91.36,7,6.8,10.56,1.004,0,1,0,0
TXN114216,17.58,15,8.68,9.7,1.28,1,0,0,0
TXN107326,338.94,13,9.01,1.23,1.778,1,1,0,0
TXN112258,33.23,0,7.28,6.0,1.036,1,1,0,0
TXN103325,214.42,14,0.0,5.48,0.751,1,1,0,0
TXN108935,18.01,8,4.68,16.18,0.886,1,0,1,0
TXN106613,20.43,0,9.87,0.35,0.965,1,0,0,0
TXN107217,43.74,8,7.09,0.76,1.363,1,0,0,0
TXN111256,25.5,23,9.37,0.18,0.294,1,0,0,0
TXN105166,14.95,18,15.29,8.58,0.096,1,1,1,0
TXN110172,45.6,9,12.75,4.83,1.9,0,0,1,0
TXN103732,48.92,7,2.45,6.26,1.086,0,0,1,0
TXN112371,33.76,21,7.69,5.89,1.557,1,1,1,0
TXN110911,39.65,20,0.01,1.33,0.904,1,0,0,0
TXN105048,47.97,2,4.84,4.78,1.142,1,0,0,0
TXN110193,37.2,17,11.37,2.66,1.687,1,0,1,0
TXN100542,99.83,10,8.18,2.42,2.165,0,1,0,0
TXN109358,61.6,12,2.92,6.71,0.898,1,1,0,0
TXN111367,17.33,22,13.91,2.11,1.14,0,1,0,0
TXN112156,22.84,10,3.03,8.97,2.229,1,1,1,0
TXN106601,48.83,8,5.93,4.81,1.931,1,0,1,0
TXN101307,158.95,15,6.85,0.48,1.022,1,0,1,0
TXN110317,20.91,12,1.99,0.29,0.758,1,1,1,0
TXN107269,10.1,16,10.73,0.42,1.199,1,1,1,0
TXN107833,4.89,12,12.11,8.81,1.178,1,1,0,0
TXN110123,28.02,8,5.9,4.12,1.081,1,0,0,0
TXN108857,407.0,17,11.42,8.0,1.296,1,1,0,0
TXN102874,77.23,12,0.12,2.38,2.001,1,1,1,0
TXN105292,38.25,5,10.08,10.62,1.648,1,1,1,0
TXN111127,22.97,10,5.25,0.29,1.247,1,1,0,0
TXN108454,58.36,11,9.07,5.46,1.022,1,0,0,0
TXN106647,102.87,14,20.39,0.35,0.77,1,1,1,0
TXN114669,39.37,3,11.79,5.1,1.754,0,0,0,1
TXN113443,145.12,18,3.14,4.02,0.443,1,1,0,0
TXN109382,18.61,13,14.85,8.28,1.337,0,1,1,0
TXN107912,60.78,10,2.32,2.73,1.378,1,0,0,0
TXN101636,9.14,18,10.33,0.02,1.765,1,0,0,0
TXN108488,18.62,8,15.73,8.21,0.971,1,0,1,0
TXN104373,75.84,3,16.33,10.38,1.227,0,1,1,0
TXN103005,26.77,14,13.12,3.33,0.833,1,1,0,0
TXN109879,83.35,4,7.74,9.14,1.249,1,0,0,0
TXN108441,155.93,15,9.68,1.54,0.535,1,1,0,0
TXN109903,33.41,19,11.53,6.51,0.601,1,1,1,0
TXN106897,22.93,8,5.2,4.41,1.644,0,1,1,0
TXN109647,64.35,14,4.56,4.11,1.204,1,1,1,0
TXN105154,6.31,15,16.46,3.9,0.291,1,1,1,0
TXN114300,22.73,20,8.9,15.08,1.594,0,1,0,0
TXN111398,46.63,4,12.76,1.52,1.901,1,1,1,0
TXN113651,34.28,13,18.82,14.97,0.749,1,1,0,0
TXN103563,10.4,15,4.96,4.8,0.536,1,1,0,0
TXN103191,120.55,20,12.92,4.96,1.494,1,1,0,0
TXN111873,9.33,11,17.3,14.23,1.347,1,0,1,0
TXN114176,22.76,8,27.06,4.17,0.713,1,1,0,0
TXN107104,113.03,12,11.3,0.29,1.457,0,1,1,0
TXN108765,31.27,12,10.86,5.86,1.045,1,0,1,0
TXN102415,18.66,19,8.63,4.52,0.675,0,1,1,0
TXN112067,22.39,11,10.33,4.08,1.787,1,1,1,0
TXN109500,65.55,12,28.33,8.84,0.437,1,0,0,0
TXN100482,163.21,9,15.58,1.11,1.088,1,1,0,0
TXN103439,220.43,9,9.38,2.9,1.304,1,0,0,0
TXN104702,118.81,16,1.36,8.19,1.718,1,1,1,0
TXN106158,14.47,10,21.23,8.26,0.237,0,0,0,0
TXN109923,54.47,19,7.55,4.95,1.046,1,1,0,0
TXN114766,101.78,12,6.82,5.06,1.825,0,1,0,1
TXN109952,16.18,5,0.78,3.38,1.63,0,0,0,0
TXN108902,56.81,12,5.64,12.97,0.915,1,0,0,0
TXN111458,73.87,21,12.45,8.16,1.274,1,0,0,0
TXN105393,46.27,12,2.6,13.31,0.121,0,0,0,0
TXN102902,115.35,4,9.94,7.22,1.468,1,0,1,0
TXN106798,8.57,12,8.68,19.65,0.99,1,1,1,0
TXN109205,55.57,14,23.06,2.08,0.773,0,1,0,0
TXN103436,124.59,4,6.68,2.88,1.639,1,0,0,0
TXN110461,22.86,8,15.34,1.66,0.933,1,1,1,0
TXN112092,9.54,22,10.89,5.38,0.735,0,1,1,0
TXN105680,152.37,18,3.55,14.07,0.562,1,0,0,0
TXN110080,64.01,15,11.45,4.59,2.037,1,0,0,0
TXN106222,27.06,12,18.86,1.52,1.879,0,1,0,0
TXN101425,48.94,11,9.51,8.02,1.413,0,1,0,0
TXN112703,99.35,8,6.67,0.73,2.012,1,1,1,0
TXN103594,22.63,2,2.79,10.91,1.517,1,1,1,0
TXN112864,94.32,21,8.07,4.58,0.546,0,1,1,0
TXN103413,147.51,8,16.62,0.39,1.737,1,1,1,0
TXN109516,48.34,7,4.94,12.88,1.787,1,1,0,0
TXN112321,73.24,20,8.49,7.83,1.812,1,1,1,0
TXN100755,9.17,10,9.94,0.14,2.116,1,1,1,0
TXN110344,36.21,16,4.69,3.14,3.117,1,1,0,0
TXN109001,65.04,22,2.69,20.4,0.079,1,0,0,0
TXN104813,45.76,11,26.52,4.19,0.429,0,1,0,0
TXN114623,23.58,4,8.17,2.16,1.428,1,1,0,0
TXN110083,73.47,5,10.77,0.86,1.01,1,1,0,0
TXN101165,47.07,0,0.61,6.11,1.239,1,0,1,0
TXN108298,50.11,22,20.59,2.58,0.9,1,1,0,0
TXN100175,63.13,15,12.49,18.86,0.752,1,1,0,0
TXN111095,19.0,3,6.72,4.62,1.205,1,0,0,0
TXN101627,39.48,21,10.66,1.34,1.66,1,0,0,0
TXN113050,96.42,12,18.13,11.81,0.736,1,0,0,0
TXN106408,151.66,13,7.26,9.01,0.361,0,1,1,0
TXN110969,157.75,19,29.99,6.74,1.508,1,1,0,0
TXN112664,30.22,18,17.36,14.4,0.786,1,1,0,0
TXN103182,59.99,15,3.84,2.59,1.244,1,1,0,0
TXN101588,70.07,3,6.81,0.03,0.695,1,1,1,0
TXN109420,84.95,18,3.8,7.37,2.676,1,1,0,0
TXN102596,77.03,7,26.71,2.03,1.685,1,1,1,0
TXN106298,36.65,1,5.59,0.42,1.403,1,1,0,0
TXN114962,78.98,23,14.87,16.0,1.512,0,1,0,1
TXN113128,13.86,17,4.67,2.84,0.739,0,1,0,0
TXN113307,266.95,14,9.15,3.8,1.639,1,1,0,0
TXN112445,56.26,20,17.15,2.15,2.008,0,0,0,0
TXN100812,333.16,12,10.32,11.56,0.242,0,1,1,0
TXN108077,19.23,3,7.63,2.44,0.477,1,1,0,0
TXN109135,55.95,0,2.02,3.22,0.813,0,1,0,0
TXN104619,31.38,16,7.33,0.62,1.249,1,0,0,0
TXN110704,6.22,17,4.8,6.32,0.199,1,1,1,0
TXN111494,39.5,23,9.49,0.75,0.998,0,1,0,0
TXN111135,239.66,12,6.53,0.06,2.738,0,1,1,0
TXN112227,42.52,10,6.24,5.19,1.158,0,1,0,0
TXN102612,16.18,13,4.09,10.1,0.73,1,1,1,0
TXN113013,292.57,17,8.2,8.6,0.131,1,1,1,0
TXN102937,20.78,12,4.14,2.68,1.075,1,0,0,0
TXN109875,11.92,19,3.42,4.01,0.885,1,1,0,0
TXN104550,60.43,20,16.35,1.6,0.575,1,1,1,0
TXN114039,9.09,19,16.11,1.07,1.289,1,0,1,0
TXN114529,72.37,14,28.3,1.53,1.869,0,0,1,0
TXN100624,15.43,11,10.07,7.64,0.24,0,1,0,0
TXN100075,13.94,10,11.52,0.03,1.837,1,1,1,0
TXN106457,16.15,12,6.61,0.26,1.511,0,0,0,0
TXN113268,34.5,9,16.71,4.55,0.019,1,0,1,0
TXN104735,20.51,7,12.82,6.32,1.657,0,0,0,0
TXN101655,134.23,5,6.32,1.36,0.988,1,1,1,0
TXN110478,23.57,9,7.16,0.2,0.388,1,1,1,0
TXN100157,4.09,16,16.51,1.78,1.451,1,1,0,0
TXN114967,89.71,12,35.41,18.42,5.243,0,1,1,1
TXN107700,84.64,19,6.11,10.56,1.233,1,1,1,0
TXN100989,150.05,6,2.34,3.46,1.372,1,1,0,0
TXN101902,41.29,23,3.29,3.26,2.004,1,0,0,0
TXN107793,47.63,17,7.15,5.26,1.968,1,1,0,0
TXN103673,7.45,19,10.96,5.12,1.459,1,0,1,0
TXN100800,49.82,18,5.95,6.67,1.446,0,0,0,0
TXN109470,42.05,21,1.96,4.07,0.934,0,1,0,0
TXN108047,6.48,13,8.38,7.93,0.797,1,1,0,0
TXN113937,50.62,0,11.58,1.65,1.8,0,1,0,0
TXN111326,7.23,7,2.7,3.58,0.542,1,1,0,0
TXN104408,9.6,17,17.56,13.02,1.147,1,0,0,0
TXN112043,43.25,0,4.62,3.38,1.452,1,1,0,0
TXN107911,6.02,3,11.71,3.97,0.877,1,0,0,0
TXN101500,30.04,21,11.03,7.1,0.522,1,1,1,0
TXN114165,17.13,9,11.38,9.59,2.054,0,0,0,0
TXN102533,9.48,6,6.73,8.17,2.13,1,1,0,0
TXN113363,293.3,8,9.93,8.28,1.186,1,1,0,0
TXN101052,12.03,3,5.42,1.09,0.35,0,1,0,0
TXN113494,9.5,13,20.14,8.38,1.007,1,0,0,0
TXN112097,60.88,4,17.18,11.8,1.08,1,0,0,0
TXN110364,32.01,9,28.62,11.18,1.556,1,1,1,0
TXN107688,43.79,5,27.64,6.04,1.938,1,1,1,0
TXN110466,24.63,19,8.51,12.93,0.121,1,1,1,0
TXN112607,23.19,8,7.91,8.66,1.632,0,1,0,0
TXN102670,87.59,17,1.03,3.23,1.174,1,1,1,0
TXN113953,40.94,20,2.24,3.9,0.268,1,1,0,0
TXN108989,7.15,3,7.41,3.49,0.591,1,0,0,0
TXN109851,9.6,18,21.16,11.63,1.701,1,0,0,0
TXN100176,73.59,12,3.42,6.56,1.361,1,1,0,0
TXN114727,194.83,16,40.81,4.34,0.148,0,1,0,1
TXN101674,46.46,11,14.96,0.84,1.415,1,1,0,0
TXN102570,26.39,3,7.22,5.09,0.697,1,1,0,0
TXN110222,59.62,5,9.79,8.57,1.658,1,0,1,0
TXN100241,28.58,9,0.66,2.01,1.391,1,1,0,0
TXN102295,37.82,17,15.54,2.41,1.378,1,1,1,0
TXN107191,45.67,23,16.91,7.62,0.177,1,0,0,0
TXN109246,46.52,15,16.58,1.53,0.748,1,0,1,0
TXN109217,45.33,17,2.7,5.2,0.217,1,0,0,0
TXN107518,9.8,19,17.57,6.89,1.098,0,1,1,0
TXN114723,5.99,0,72.89,8.97,3.129,0,1,0,1
TXN109896,19.49,10,1.63,6.3,0.117,1,0,0,0
TXN110728,25.11,0,11.65,2.77,0.083,1,1,1,0
TXN108065,4.65,17,5.4,8.25,0.443,0,1,0,0
TXN104172,163.44,20,16.14,13.65,0.775,1,1,1,0
TXN114528,25.39,4,6.58,4.09,1.489,1,1,0,0
TXN114399,7.57,15,1.98,3.49,1.496,1,1,1,0
TXN105942,67.1,16,19.46,5.38,1.347,1,0,0,0
TXN104785,57.38,15,35.64,6.93,1.363,0,0,0,0
TXN107280,12.7,18,0.46,4.3,1.271,0,1,0,0
TXN105983,105.9,18,11.8,4.92,0.788,1,0,1,0
TXN102688,100.96,2,5.39,1.39,0.688,1,1,0,0
TXN102878,48.3,14,2.16,9.75,0.935,1,1,0,0
TXN113484,18.56,20,1.1,5.19,0.962,1,1,1,0
TXN113738,75.39,8,0.5,1.52,0.596,1,1,1,0
TXN104304,83.18,20,3.14,0.5,1.791,0,1,1,0
TXN100357,44.74,6,11.72,10.72,1.44,1,0,1,0
TXN100246,14.51,9,13.63,8.86,0.425,1,0,1,0
TXN108703,49.07,15,17.35,15.87,1.296,1,0,0,0
TXN114240,95.61,14,1.16,0.97,1.284,1,1,0,0
TXN101649,32.36,13,1.77,22.01,1.404,0,0,0,0
TXN112000,45.23,16,4.9,0.41,1.407,1,1,1,0
TXN111562,30.97,3,2.53,12.05,1.555,1,0,1,0
TXN102003,250.21,15,4.49,3.06,0.579,0,0,0,0
TXN100738,7.89,12,4.67,3.71,1.118,1,0,0,0
TXN111394,65.61,1,3.56,1.3,1.336,1,0,0,0
TXN102853,48.93,13,18.33,1.89,0.968,1,0,0,0
TXN100578,98.58,11,21.46,5.49,1.288,0,1,0,0
TXN105139,34.43,6,8.96,5.04,0.48,0,0,1,0
TXN101826,13.7,10,9.2,5.34,1.662,0,1,0,0
TXN111235,29.3,13,5.87,4.11,0.952,0,1,0,0
TXN110667,119.89,3,11.14,5.76,1.039,1,0,1,0
TXN103571,25.39,12,2.85,6.5,2.373,0,1,0,0
TXN110588,10.96,15,3.58,14.31,1.589,0,0,1,0
TXN109491,15.25,13,1.25,9.24,1.84,1,1,0,0
TXN114380,66.32,4,18.39,6.66,1.263,1,1,0,0
TXN101222,110.03,20,2.87,3.71,0.295,1,0,1,0
TXN103748,72.38,10,14.32,3.85,0.724,0,0,0,0
TXN110906,17.65,15,18.93,5.12,2.227,1,1,1,0
TXN107303,38.93,15,0.14,2.29,1.272,1,1,1,0
TXN102587,46.1,18,5.57,4.75,1.03,1,0,0,0
TXN100679,166.25,11,3.08,5.22,1.564,0,0,0,0
TXN101267,10.53,11,1.49,7.32,1.164,1,1,1,0
TXN104994,12.3,2,4.95,9.1,0.935,1,1,1,0
TXN105025,38.85,3,13.83,5.46,2.541,1,1,1,0
TXN112377,220.02,9,11.57,6.44,1.475,1,0,1,0
TXN101604,78.38,18,14.16,0.15,0.481,1,0,0,0
TXN109389,61.23,5,14.32,12.81,0.694,0,1,1,0
TXN110921,16.04,14,0.7,9.1,0.765,1,1,0,0
TXN111614,13.24,15,4.16,3.95,0.932,1,1,1,0
TXN105863,17.69,23,13.66,9.43,1.219,1,1,1,0
TXN105236,29.1,9,4.33,3.44,1.396,0,0,1,0
TXN102245,36.21,3,2.87,6.83,1.148,1,1,0,0
TXN114602,7.88,17,34.04,7.92,0.735,1,0,0,0
TXN111701,139.34,15,19.09,13.19,0.669,0,1,0,0
TXN112766,35.32,12,3.77,11.49,0.499,0,1,0,0
TXN112871,41.34,8,1.96,12.73,1.443,1,1,1,0
TXN112294,60.26,8,13.43,19.25,1.094,1,1,0,0
TXN107716,6.41,13,3.15,18.89,1.499,1,1,1,0
TXN110200,90.61,0,18.71,2.26,1.736,0,0,0,0
TXN109484,187.93,0,20.87,4.19,0.042,1,0,1,0
TXN112579,13.2,3,15.19,2.92,1.717,1,1,0,0
TXN101446,43.35,2,0.05,3.84,0.75,1,0,1,0
TXN114617,164.51,16,5.99,8.71,0.381,0,0,0,0
TXN112798,9.46,1,10.56,5.63,0.703,1,1,0,0
TXN112536,44.03,15,12.45,11.48,1.06,1,1,1,0
TXN101503,21.72,20,12.52,7.53,2.063,1,0,0,0
TXN101987,60.45,8,8.71,4.75,1.359,1,1,0,0
TXN111359,15.52,9,0.76,0.69,1.355,1,1,0,0
TXN101736,71.89,14,1.56,0.25,0.849,1,1,0,0
TXN103357,26.0,8,0.84,10.23,0.441,1,0,1,0
TXN107950,225.21,7,23.22,2.59,0.976,1,1,1,0
TXN107113,37.28,13,16.0,0.95,1.513,1,1,0,0
TXN105279,14.84,8,15.55,4.03,0.379,1,0,1,0
TXN114514,15.67,17,4.13,13.44,0.673,1,1,1,0
TXN102777,20.45,19,0.37,1.54,0.819,1,1,1,0
TXN111879,44.58,17,5.43,1.01,0.722,0,1,1,0
TXN107762,6.73,13,16.23,1.9,0.599,1,0,0,0
TXN114987,8.18,8,12.48,46.4,1.594,0,1,1,1
TXN106128,27.37,14,7.94,0.56,1.468,1,0,0,0
TXN107937,265.72,14,16.52,9.4,0.313,1,1,1,0
TXN103726,12.48,15,14.06,3.65,1.904,1,0,1,0
TXN110184,32.75,4,10.11,4.16,1.521,1,1,1,0
TXN107607,73.46,21,4.21,17.27,2.485,0,1,0,0
TXN111209,18.63,3,12.45,19.09,1.42,1,0,1,0
TXN110288,9.82,18,2.25,1.94,0.751,0,1,0,0
TXN112981,59.08,19,11.26,3.48,0.293,1,0,0,0
TXN114153,50.67,11,3.31,3.05,0.739,1,1,0,0
TXN106034,105.04,12,1.92,7.58,1.25,1,1,0,0
TXN101433,47.41,11,18.31,7.79,0.994,1,1,0,0
TXN111952,1125.29,17,16.69,12.56,1.496,1,1,0,0
TXN101941,15.17,14,0.19,21.75,0.416,1,0,0,0
TXN105144,19.83,0,12.31,1.74,1.19,1,0,1,0
TXN102079,32.01,14,17.86,0.62,1.429,1,1,0,0
TXN103025,42.09,4,0.44,13.97,0.888,1,1,0,0
TXN106781,21.72,13,17.27,0.56,1.38,1,1,0,0
TXN109028,49.44,13,12.35,5.51,0.396,0,1,0,0
TXN106673,10.47,9,15.78,16.97,0.966,1,1,0,0
TXN105455,26.21,2,19.54,10.73,1.473,1,0,0,0
TXN109390,15.89,10,8.34,8.6,1.301,1,1,1,0
TXN113623,7.35,6,11.44,18.77,0.346,1,1,0,0
TXN112666,19.15,18,0.22,1.91,1.204,0,0,0,0
TXN112836,41.88,18,1.54,5.17,0.952,1,1,0,0
TXN105177,95.7,21,3.88,4.73,0.068,1,1,1,0
TXN107567,232.08,17,6.92,7.99,0.799,1,0,0,0
TXN105545,133.64,20,5.6,4.39,1.149,1,1,0,0
TXN108709,4.28,12,7.58,3.03,1.046,1,1,0,0
TXN101098,23.32,12,0.7,17.01,0.666,1,1,0,0
TXN113529,263.41,14,2.32,5.77,1.008,1,0,0,0
TXN104475,30.59,15,4.86,12.64,0.061,1,1,0,0
TXN100465,90.79,8,8.09,0.54,0.131,1,0,0,0
TXN100448,108.6,7,9.84,0.23,1.805,1,1,0,0
TXN112635,71.79,11,1.75,6.16,0.255,1,1,0,0
TXN108601,37.7,6,11.04,24.46,1.246,1,0,1,0
TXN100194,36.12,10,18.41,0.13,1.057,1,0,1,0
TXN107692,3.41,21,17.18,16.35,0.544,1,1,0,0
TXN106694,15.24,19,25.62,0.74,1.572,1,0,0,0
TXN108318,29.84,17,21.39,2.39,0.901,1,1,1,0
TXN100870,66.32,22,12.85,4.61,0.447,0,0,0,0
TXN101581,5.77,7,9.72,8.57,0.648,1,0,0,0
TXN104419,25.39,12,1.14,3.14,1.01,1,1,0,0
TXN100217,48.16,16,6.13,2.97,0.004,0,1,1,0
TXN102476,38.98,20,0.73,5.55,0.072,1,1,0,0
TXN101321,211.58,13,3.44,10.5,1.442,0,1,0,0
TXN113343,64.34,14,23.53,0.98,1.736,1,1,0,0
TXN109412,333.94,22,12.47,7.99,0.649,0,0,0,0
TXN108936,7.08,16,4.52,0.36,0.744,1,1,0,0
TXN108780,139.54,11,15.38,1.23,1.136,0,1,0,0
TXN106928,159.49,8,15.46,3.13,0.776,1,0,0,0
TXN100037,84.73,9,9.33,15.03,0.592,1,1,1,0
TXN102308,68.94,8,11.43,5.47,0.581,0,0,0,0
TXN108684,16.95,21,0.34,8.59,0.601,0,1,1,0
TXN114001,91.9,21,1.4,12.55,0.051,0,1,1,0
TXN108634,180.15,13,16.89,10.67,0.762,1,0,0,0
TXN109692,7.42,15,30.16,3.48,0.346,0,1,1,0
TXN112561,6.48,22,2.2,4.44,0.909,1,1,1,0
TXN102606,66.82,17,27.65,8.23,0.253,1,1,0,0
TXN105029,15.67,16,25.75,7.46,1.551,0,1,0,0
TXN103206,17.76,6,6.04,0.37,1.039,1,0,0,0
TXN108157,74.15,21,25.47,1.56,1.249,1,0,0,0
TXN101156,40.33,18,2.32,13.23,0.678,1,1,0,0
TXN103084,181.79,15,6.56,4.44,0.406,1,1,0,0
TXN106852,15.25,9,6.43,0.21,2.001,1,0,1,0
TXN103167,10.49,18,21.5,3.6,0.784,1,0,0,0
TXN106728,75.8,15,0.66,3.09,0.85,1,0,0,0
TXN105457,25.7,20,5.2,7.01,1.751,0,1,0,0
TXN101139,49.96,9,9.68,0.77,1.602,1,1,0,0
TXN111378,11.23,2,6.31,4.98,2.48,0,0,0,0
TXN105836,40.93,11,6.79,2.69,1.323,1,1,0,0
TXN109427,11.27,16,4.44,1.08,1.71,0,1,0,0
TXN107830,10.29,18,14.04,1.74,0.223,1,1,0,0
TXN109410,53.01,20,9.58,6.28,2.328,0,0,0,0
TXN100021,25.73,19,11.89,1.23,1.361,1,1,0,0
TXN110664,17.24,5,3.82,2.31,1.015,1,1,0,0
TXN108397,21.48,21,4.38,9.73,1.121,1,1,0,0
TXN108210,26.3,0,14.93,1.55,1.931,1,1,0,0
TXN103798,280.91,16,4.72,5.15,0.205,1,0,0,0
TXN107827,4.25,17,2.63,13.92,0.502,1,1,1,0
TXN112190,18.08,20,12.36,14.58,2.143,0,1,0,0
TXN104017,7.92,9,0.9,13.11,1.427,0,1,0,0
TXN103296,20.64,0,17.83,4.59,0.266,0,1,0,0
TXN111916,15.2,18,14.42,17.5,1.186,1,1,0,0
TXN109900,41.37,14,5.61,17.87,0.896,1,1,0,0
TXN110525,40.6,0,7.18,10.25,1.572,0,1,0,0
TXN101411,16.17,15,12.45,3.41,0.658,1,1,1,0
TXN109119,17.32,0,2.84,22.7,1.123,1,1,0,0
TXN103042,69.34,19,1.0,7.6,1.13,1,0,0,0
TXN100387,12.57,12,14.58,4.16,0.75,1,1,1,0
TXN105400,11.63,1,1.87,4.68,1.175,1,1,0,0
TXN103254,38.07,22,11.75,3.33,0.955,1,1,1,0
TXN108408,325.99,11,10.76,6.49,0.466,1,0,1,0
TXN102782,191.01,18,0.3,6.25,0.713,0,0,0,0
TXN110152,64.93,16,8.02,1.51,1.705,1,0,1,0
TXN102200,55.24,12,12.52,5.44,1.019,0,1,0,0
TXN102807,151.95,0,3.46,3.04,0.808,1,1,0,0
TXN111586,15.7,12,1.51,3.7,0.43,0,0,1,0
TXN105289,227.5,14,13.66,0.74,1.981,1,0,0,0
TXN114277,69.73,15,13.85,9.11,0.861,1,1,0,0
TXN102487,82.5,18,5.36,10.98,1.624,1,1,1,0
TXN111963,97.85,1,10.31,0.14,1.042,1,1,1,0
TXN100425,11.23,12,8.29,1.87,0.045,1,1,1,0
TXN114394,18.79,6,4.46,7.98,0.368,1,0,1,0
TXN109618,62.33,12,9.67,2.25,1.096,1,0,0,0
TXN110502,28.92,11,4.83,12.72,1.332,1,0,0,0
TXN112158,18.24,15,9.2,4.99,0.815,1,0,0,0
TXN112002,27.29,15,0.31,5.72,1.135,0,0,0,0
TXN112988,39.94,10,24.58,6.22,0.783,1,1,0,0
TXN108288,130.36,16,7.92,13.79,1.049,0,1,1,0
TXN105981,13.11,15,3.52,15.28,1.79,0,1,1,0
TXN105533,17.01,21,8.51,2.87,1.117,1,1,0,0
TXN100622,21.36,18,21.79,14.78,0.493,0,1,1,0
TXN105390,4.65,7,16.33,2.22,0.604,0,0,0,0
TXN111068,76.59,3,1.59,11.59,1.547,0,1,0,0
TXN105614,6.6,16,5.3,0.97,2.503,1,0,1,0
TXN108297,22.77,10,11.95,2.07,0.887,1,0,0,0
TXN110476,21.68,19,24.14,2.56,0.48,1,1,0,0
TXN114228,12.53,20,21.81,10.02,0.684,1,1,0,0
TXN100983,178.66,20,4.85,5.24,2.156,1,1,0,0
TXN107208,10.2,11,3.87,3.09,1.35,1,1,1,0
TXN110341,207.67,13,0.4,0.25,1.958,0,1,0,0
TXN106833,65.58,16,23.89,6.1,1.467,0,1,0,0
TXN100955,122.77,7,7.35,0.92,1.466,0,1,0,0
TXN113201,33.27,18,13.21,0.93,0.331,1,0,1,0
TXN110281,209.23,12,4.21,8.43,0.495,1,1,1,0
TXN109041,26.26,9,5.39,3.75,1.745,0,1,1,0
TXN106797,138.32,17,6.33,1.74,0.878,0,0,0,0
TXN100182,41.63,8,1.97,10.06,1.482,0,0,0,0
TXN109479,20.05,17,11.55,6.19,1.504,0,1,1,0
TXN114440,30.73,23,19.34,3.86,0.351,1,0,0,0
TXN111212,14.11,8,26.03,10.82,1.069,1,0,1,0
TXN103629,23.32,8,17.74,4.38,1.694,1,0,0,0
TXN110979,60.79,17,8.0,4.91,1.541,0,0,1,0
TXN105837,222.29,18,5.96,3.21,0.886,1,1,1,0
TXN107521,19.41,13,11.6,1.3,0.611,0,0,0,0
TXN102286,24.55,23,7.5,7.03,1.159,1,1,0,0
TXN102787,42.07,12,13.29,6.93,0.014,1,0,0,0
TXN108395,31.91,10,20.76,1.25,0.869,1,0,0,0
TXN110987,11.49,23,3.72,1.92,1.653,1,1,0,0
TXN110607,72.08,2,10.27,8.69,1.659,1,0,1,0
TXN113334,55.45,6,12.05,3.03,0.438,1,1,0,0
TXN100453,68.48,15,9.27,2.16,1.295,0,1,0,0
TXN107938,65.85,11,11.41,4.08,1.947,1,0,0,0
TXN105014,25.74,9,0.74,3.04,1.643,1,0,0,0
TXN112866,46.15,14,12.18,8.26,0.988,1,1,0,0
TXN102040,26.94,4,12.69,6.73,1.308,0,1,0,0
TXN104445,37.04,4,9.99,5.89,2.136,1,0,1,0
TXN109303,40.67,21,6.58,5.65,1.857,1,0,1,0
TXN106214,496.92,16,0.16,8.95,2.205,0,1,1,0
TXN107203,23.96,12,12.62,3.63,1.178,1,1,0,0
TXN106777,110.68,8,19.26,0.44,1.109,1,1,1,0
TXN101406,57.37,3,11.32,0.44,0.845,1,0,0,0
TXN110702,16.06,0,20.61,7.7,1.15,1,1,0,0
TXN112979,17.01,15,7.69,4.03,1.56,0,1,0,0
TXN108479,103.24,15,0.25,6.22,0.858,0,0,0,0
TXN113054,13.17,12,0.01,8.99,2.019,0,0,0,0
TXN105528,92.88,3,14.41,3.13,1.017,1,0,1,0
TXN100232,111.89,14,12.24,6.29,2.1,1,1,0,0
TXN101194,356.37,14,9.15,9.05,0.655,0,1,1,0
TXN102788,20.56,9,21.27,8.79,2.0,1,1,1,0
TXN108280,66.4,13,11.96,4.12,0.899,1,0,0,0
TXN111364,9.79,16,10.92,4.28,2.742,0,1,0,0
TXN104673,6.21,13,6.14,2.05,0.575,1,1,0,0
TXN101053,29.0,14,1.91,16.34,0.436,1,0,0,0
TXN106483,14.67,20,4.13,3.8,1.55,1,0,0,0
TXN104760,13.22,17,11.28,6.68,1.81,1,1,1,0
TXN103937,13.82,5,3.16,2.56,0.538,1,0,0,0
TXN114448,12.15,9,9.77,9.71,1.499,0,1,1,0
TXN110499,116.74,15,3.93,6.61,1.564,1,0,0,0
TXN107461,39.01,23,15.57,14.5,2.015,1,1,0,0
TXN112266,279.29,7,9.05,2.51,1.073,0,1,1,0
TXN107896,21.73,5,10.34,3.23,0.924,0,1,1,0
TXN105026,44.43,11,5.33,20.1,0.523,0,1,0,0
TXN105253,34.18,12,5.03,3.35,0.386,0,1,1,0
TXN114077,316.52,21,19.55,0.59,0.941,0,0,1,0
TXN107685,31.24,10,0.6,12.3,0.945,1,0,0,0
TXN112646,30.39,12,6.11,3.11,1.494,1,1,0,0
TXN105986,129.95,9,0.65,8.55,2.032,1,1,0,0
TXN102020,29.59,22,6.92,1.88,1.363,1,1,1,0
TXN108988,18.88,0,0.82,2.42,1.207,1,1,0,0
TXN113285,256.79,0,8.31,7.23,0.244,1,0,0,0
TXN100771,51.44,17,3.9,2.58,0.291,1,1,0,0
TXN109813,46.41,21,23.23,0.06,2.285,1,1,1,0
TXN114385,127.55,5,16.86,6.1,3.168,1,1,0,0
TXN103578,44.31,5,5.14,9.43,2.035,1,0,1,0
TXN110417,27.84,11,4.06,16.63,0.06,1,0,0,0
TXN106977,39.34,15,14.41,16.73,1.94,0,0,0,0
TXN111733,165.6,3,12.6,11.49,0.924,1,1,0,0
TXN114928,5.0,19,54.63,4.16,2.685,1,0,0,1
TXN103091,101.31,18,5.41,7.07,0.742,1,1,1,0
TXN110467,86.65,8,1.57,10.65,1.266,1,0,1,0
TXN101399,118.02,16,3.95,0.72,0.88,1,0,1,0
TXN102195,65.89,19,4.53,2.87,1.523,1,1,1,0
TXN113946,44.56,9,10.27,3.98,0.679,1,0,0,0
TXN106013,36.98,13,5.1,5.01,2.426,1,0,0,0
TXN101315,20.85,19,1.41,7.25,1.311,1,1,0,0
TXN112793,80.14,8,5.69,17.75,1.247,1,1,0,0
TXN103294,32.65,16,5.21,13.92,2.273,0,1,0,0
TXN101351,34.58,15,1.21,2.82,1.635,0,1,0,0
TXN105234,15.5,20,4.1,1.32,0.89,1,1,1,0
TXN107096,20.29,16,3.8,0.29,0.984,1,1,1,0
TXN105327,67.97,0,28.15,0.99,1.757,1,1,1,0
TXN100798,121.27,14,1.07,5.59,0.725,1,1,1,0
TXN105097,58.35,16,19.13,2.89,1.843,0,1,1,0
TXN105735,8.9,14,2.68,5.92,1.303,0,0,1,0
TXN101672,14.0,7,5.73,0.66,1.952,1,1,0,0
TXN110836,23.33,8,7.47,2.32,0.742,1,1,1,0
TXN106487,22.36,11,6.25,18.97,1.707,0,1,0,0
TXN104660,322.44,3,11.0,2.9,1.597,1,1,0,0
TXN112941,55.66,9,0.47,1.86,1.44,1,1,0,0
TXN106502,23.23,18,2.59,3.26,1.514,1,0,1,0
TXN112195,28.23,15,14.43,17.36,1.099,0,1,1,0
TXN114415,111.82,11,13.56,6.8,0.205,1,0,0,0
TXN107955,27.3,9,15.31,6.96,0.243,1,0,1,0
TXN105397,83.42,14,6.0,4.37,1.134,0,1,1,0
TXN110849,23.68,13,27.19,2.37,0.176,1,1,0,0
TXN103814,77.73,10,2.41,0.25,1.151,0,1,0,0
TXN108986,17.09,15,12.75,0.22,1.451,1,0,1,0
TXN108064,112.44,4,3.83,1.53,0.397,1,1,0,0
TXN103277,28.67,6,5.5,4.08,0.746,1,1,0,0
TXN104501,4.13,18,1.58,10.88,1.413,0,1,0,0
TXN106346,253.68,10,9.12,4.39,1.093,0,1,1,0
TXN114074,6.63,1,1.79,4.5,1.724,1,0,0,0
TXN114274,26.8,8,5.74,8.95,0.81,1,1,0,0
TXN105975,121.65,7,18.18,5.46,1.096,0,1,1,0
TXN110481,19.59,9,14.16,10.05,0.418,1,1,0,0
TXN112310,2.53,1,6.54,6.45,0.285,1,1,0,0
TXN108705,12.52,15,26.54,24.38,1.322,1,1,1,0
TXN107369,81.24,18,6.69,3.34,1.25,1,1,0,0
TXN104280,40.18,14,16.44,3.77,1.423,0,0,1,0
TXN113297,46.64,12,8.78,18.21,0.44,0,0,0,0
TXN112603,18.7,8,12.55,0.15,0.964,1,1,0,0
TXN101135,122.35,16,1.74,7.05,1.524,1,1,1,0
TXN110610,58.63,3,3.69,1.27,1.489,1,1,0,0
TXN107397,15.47,2,5.97,8.13,1.01,1,1,0,0
TXN110530,15.71,0,5.22,9.79,1.252,1,1,0,0
TXN114555,94.64,8,7.77,13.37,1.058,0,1,1,0
TXN114931,45.58,12,28.13,34.5,2.384,1,0,1,1
TXN101384,3.76,13,5.92,4.91,0.17,0,0,1,0
TXN103451,48.52,7,18.29,2.62,1.145,1,1,0,0
TXN110058,17.01,13,13.11,10.32,1.132,0,1,1,0
TXN103262,196.38,11,14.19,10.26,0.75,0,0,0,0
TXN114983,81.06,12,9.97,0.6,0.121,0,0,1,1
TXN110148,203.29,19,14.12,9.61,1.156,1,1,0,0
TXN100628,54.67,18,0.72,3.22,1.116,1,1,0,0
TXN101491,17.82,12,10.29,9.33,0.466,1,1,0,0
TXN105544,17.44,19,7.71,9.58,1.554,0,1,0,0
TXN112171,1.43,7,7.63,8.92,1.363,1,1,0,0
TXN111649,213.3,9,7.86,11.61,0.199,0,1,0,0
TXN101362,80.0,17,2.76,1.22,0.827,0,1,0,0
TXN103934,139.23,9,1.54,2.92,0.94,1,1,1,0
TXN104749,57.02,12,11.63,1.17,1.565,1,1,0,0
TXN104983,35.05,19,1.89,19.16,1.677,1,1,0,0
TXN104786,221.41,13,12.43,13.07,1.091,0,1,0,0
TXN109463,187.3,7,0.15,8.24,1.258,1,1,1,0
TXN103725,53.84,19,1.65,0.42,1.273,0,1,1,0
TXN110781,69.56,5,2.06,15.34,1.181,1,0,1,0
TXN102986,5.22,10,16.69,4.56,1.57,0,1,0,0
TXN107027,28.47,17,7.43,7.35,0.69,0,0,0,0
TXN112274,57.68,6,2.15,6.46,0.615,0,1,1,0
TXN100966,62.91,13,19.21,11.52,0.419,1,1,0,0
TXN100089,56.11,2,1.04,7.38,0.604,1,1,1,0
TXN114783,44.23,0,16.38,24.09,1.789,0,1,1,1
TXN104508,112.38,8,16.03,1.27,1.237,1,1,0,0
TXN112584,218.25,12,5.49,19.91,0.551,1,1,0,0
TXN112265,135.4,10,6.6,4.9,1.792,1,0,1,0
TXN107499,36.67,8,4.93,16.62,1.246,1,1,1,0
TXN110790,61.96,20,10.24,2.98,0.334,1,1,0,0
TXN112985,73.66,11,18.92,2.21,0.54,1,0,0,0
TXN103416,31.4,15,15.58,6.18,0.694,1,1,1,0
TXN112458,14.28,17,28.85,12.62,1.149,1,1,1,0
TXN105870,225.64,19,13.3,12.04,0.714,1,1,1,0
TXN112857,28.75,10,23.15,17.68,1.301,0,0,0,0
TXN102759,259.1,14,4.3,7.18,1.481,1,0,0,0
TXN114966,807.18,15,22.8,19.11,1.746,0,0,0,1
TXN103251,67.9,12,4.8,1.89,2.14,1,0,0,0
TXN112854,223.67,13,10.57,0.04,0.689,1,1,0,0
TXN114481,33.15,16,5.11,0.97,0.492,0,0,0,0
TXN112583,32.47,10,3.11,7.31,0.517,0,0,1,0
TXN114328,41.45,20,19.33,3.46,0.914,1,1,1,0
TXN108455,15.11,15,3.52,8.14,1.192,1,1,0,0
TXN112120,55.98,8,7.44,10.12,0.49,0,1,1,0
TXN113599,59.09,13,9.1,4.3,0.949,1,1,1,0
TXN104288,38.72,6,4.68,5.05,1.17,1,1,0,0
TXN107612,63.52,17,10.01,2.83,1.801,1,0,0,0
TXN101328,12.88,14,14.21,8.12,0.141,0,1,0,0
TXN113711,112.74,13,5.12,0.48,1.886,0,1,0,0
TXN109422,40.72,6,16.02,11.09,2.258,1,1,0,0
TXN102834,30.66,14,11.08,11.82,0.764,1,1,0,0
TXN113601,265.26,19,0.73,6.3,0.622,0,0,0,0
TXN109435,82.21,17,3.26,2.52,0.534,0,1,0,0
TXN100742,286.67,9,19.26,8.12,1.152,1,1,0,0
TXN109655,81.37,6,1.09,7.56,1.1,1,0,1,0
TXN113395,38.6,17,14.32,0.27,0.429,1,1,0,0
TXN106230,48.61,14,21.02,0.52,0.369,0,1,1,0
TXN104179,15.66,23,5.83,16.17,1.233,1,1,1,0
TXN104119,8.2,10,7.93,1.45,0.824,1,0,0,0
TXN109556,34.42,19,2.11,12.77,0.943,1,1,1,0
TXN104865,41.24,22,3.8,2.45,0.298,0,0,0,0
TXN112627,56.94,11,11.15,19.69,2.526,1,0,1,0
TXN104421,4.58,20,16.76,3.87,0.882,0,0,1,0
TXN111292,8.77,21,10.2,0.78,1.317,0,0,1,0
TXN109343,16.33,7,10.1,1.86,0.148,1,1,0,0
TXN102535,130.18,7,3.4,7.26,1.017,1,1,0,0
TXN108071,17.4,12,5.34,9.06,0.838,1,1,0,0
TXN104336,55.11,17,0.23,5.51,1.324,0,1,0,0
TXN107432,10.45,23,6.9,4.01,0.3,1,0,1,0
TXN100660,8.55,9,2.95,11.71,1.367,1,0,1,0
TXN102650,52.26,8,10.54,14.58,1.84,1,1,0,0
TXN107545,90.18,10,5.44,0.59,1.184,1,1,0,0
TXN112554,57.77,14,11.14,1.25,0.911,0,1,0,0
TXN110019,1.81,9,14.77,9.97,0.784,0,0,0,0
TXN110000,6.49,11,6.04,9.14,2.142,1,0,0,0
TXN111684,18.97,17,2.81,4.47,2.031,1,1,0,0
TXN111038,28.24,17,4.31,4.94,1.061,1,0,0,0
TXN100398,17.03,20,16.11,8.37,0.458,0,1,1,0
TXN101086,29.84,7,0.7,2.31,0.545,0,1,1,0
TXN101211,14.79,15,11.25,11.55,0.793,1,1,1,0
TXN112632,40.15,16,1.76,14.61,1.719,0,0,1,0
TXN100564,67.8,8,12.1,14.92,1.257,0,0,1,0
TXN106554,57.47,7,11.11,6.06,1.119,0,1,0,0
TXN102963,10.39,22,15.98,8.16,2.291,0,1,0,0
TXN104525,17.04,2,0.6,2.25,0.626,1,1,0,0
TXN101435,23.01,19,9.13,10.3,0.05,1,1,0,0
TXN114560,86.53,18,0.25,12.97,0.313,1,1,1,0
TXN100204,44.03,9,3.17,6.93,0.9,1,1,1,0
TXN105096,56.41,21,10.81,0.64,0.797,1,1,0,0
TXN108549,79.05,18,21.14,9.15,1.479,0,1,0,0
TXN107695,65.08,13,9.56,21.2,1.22,1,0,0,0
TXN102563,29.32,2,2.15,5.68,0.431,1,1,1,0
TXN111441,412.07,5,13.55,8.35,1.987,0,1,1,0
TXN108702,147.98,11,22.0,2.26,0.356,0,0,0,0
TXN105430,63.71,15,5.66,7.71,0.94,0,1,1,0
TXN101364,98.61,5,5.27,2.54,2.439,1,1,0,0
TXN101461,140.5,11,3.04,4.36,1.428,1,1,0,0
TXN102109,71.34,6,9.01,5.1,0.288,1,1,0,0
TXN109872,125.83,19,16.41,9.03,2.341,0,1,0,0
TXN102960,30.83,19,12.28,12.04,1.991,0,0,0,0
TXN114013,100.84,8,3.86,8.72,0.142,1,1,1,0
TXN100087,167.2,19,0.47,20.35,1.653,1,1,0,0
TXN105318,34.55,6,2.72,1.2,0.883,1,1,1,0
TXN108406,30.65,23,4.24,4.52,0.553,0,1,1,0
TXN103056,141.17,12,3.15,4.27,2.032,1,1,1,0
TXN102630,18.26,17,7.56,1.27,0.945,1,1,0,0
TXN110774,14.04,6,9.92,1.79,0.903,0,1,1,0
TXN110694,69.61,14,31.48,8.79,2.104,0,1,0,0
TXN106311,94.77,11,22.35,2.66,0.296,1,1,0,0
TXN108158,6.93,8,10.63,0.87,0.367,1,0,0,0
TXN109186,16.36,12,8.0,11.01,1.937,0,1,1,0
TXN103471,16.47,16,18.57,4.34,0.947,0,1,0,0
TXN111844,67.7,4,7.65,0.92,1.092,0,0,1,0
TXN100602,51.33,2,1.76,7.17,1.116,1,0,1,0
TXN103479,13.43,11,4.92,9.34,1.531,0,0,1,0
TXN114102,44.71,12,4.06,5.01,0.419,0,0,1,0
TXN105472,40.27,14,5.48,8.62,1.083,0,0,1,0
TXN100477,186.38,20,1.25,12.79,1.323,1,1,0,0
TXN111911,57.25,14,10.71,5.7,0.909,1,1,0,0
TXN112313,17.02,9,1.56,9.2,1.761,0,0,1,0
TXN107624,111.21,13,2.54,8.81,1.403,1,0,0,0
TXN101079,7.97,22,2.92,2.81,0.689,1,1,0,0
TXN114776,77.49,6,68.6,10.77,1.797,0,0,0,1
TXN113145,327.03,7,6.61,12.83,0.977,0,1,1,0
TXN103469,84.98,23,6.47,1.07,0.87,1,1,0,0
TXN108720,98.62,17,18.27,2.35,0.309,0,0,0,0
TXN113456,134.42,20,11.95,14.94,1.279,1,1,0,0
TXN102375,16.29,11,2.58,5.52,0.652,1,1,0,0
TXN102297,160.24,6,26.35,4.88,1.392,0,1,0,0
TXN107164,4.56,4,17.32,1.71,0.446,1,0,1,0
TXN107283,7.17,10,22.04,12.91,1.554,0,1,1,0
TXN110669,18.31,9,2.98,4.88,1.012,1,0,0,0
TXN100455,15.69,8,6.72,8.07,1.522,0,1,0,0
TXN108554,76.0,12,10.64,9.99,1.741,0,0,0,0
TXN109294,17.92,8,10.94,12.2,0.458,1,0,0,0
TXN114423,63.82,10,8.36,0.65,1.058,1,1,0,0
TXN108722,50.72,7,10.14,2.69,0.66,1,0,1,0
TXN112050,22.49,0,19.96,15.5,2.249,1,0,0,0
TXN106908,7.12,16,2.64,6.56,0.563,1,0,1,0
TXN108858,99.92,17,25.1,9.03,0.855,1,0,0,0
TXN110800,47.42,14,0.83,3.93,1.652,0,0,0,0
TXN106935,12.81,8,1.5,0.88,0.01,0,1,0,0
TXN110876,35.28,12,3.45,7.31,2.219,1,1,0,0
TXN111729,13.69,9,16.01,4.39,1.42,0,1,0,0
TXN104706,4.9,8,7.42,12.69,0.882,1,0,0,0
TXN105926,20.71,19,11.76,0.12,1.335,1,1,0,0
TXN113608,62.18,20,9.67,5.94,1.829,1,0,1,0
TXN100630,4.83,12,7.33,9.54,1.669,1,1,0,0
TXN101008,10.14,18,5.2,0.37,0.388,1,1,0,0
TXN102005,109.53,0,8.8,9.97,0.253,1,0,0,0
TXN105951,42.99,2,13.6,1.83,2.195,1,1,1,0
TXN110538,87.31,15,12.9,5.31,1.557,0,0,0,0
TXN103428,83.87,16,3.09,7.41,1.591,1,1,0,0
TXN111125,23.48,18,2.19,4.84,0.758,1,0,0,0
TXN108359,14.46,16,5.04,11.79,1.291,1,1,1,0
TXN101920,76.71,21,0.02,1.48,0.442,0,1,0,0
TXN101817,15.43,21,14.23,7.09,1.071,1,0,0,0
TXN110785,25.4,13,8.87,1.71,1.212,0,0,0,0
TXN114103,184.19,12,4.25,6.88,0.918,1,1,1,0
TXN111773,16.67,13,1.08,21.06,1.087,1,0,1,0
TXN110878,63.09,10,5.9,2.74,1.802,1,0,0,0
TXN106882,145.38,13,17.29,3.23,0.191,1,1,0,0
TXN108215,508.51,4,17.58,3.68,1.494,0,1,0,0
TXN102363,58.26,16,2.63,5.69,0.882,1,0,0,0
TXN107681,52.53,18,4.43,11.54,0.708,1,1,0,0
TXN111796,71.82,11,3.56,4.5,1.253,1,0,0,0
TXN114202,32.85,19,7.28,3.44,0.759,1,0,1,0
TXN109327,21.58,13,1.88,10.76,1.561,1,1,0,0
TXN108727,17.34,10,16.55,8.62,0.378,1,1,0,0
TXN110146,115.22,15,5.31,1.65,0.596,1,1,0,0
TXN109988,8.03,5,9.23,7.39,0.491,1,1,1,0
TXN114106,10.49,13,6.05,10.88,1.629,1,0,0,0
TXN104448,14.62,15,9.48,1.85,1.224,1,0,1,0
TXN109436,92.48,0,2.61,4.02,1.216,0,0,0,0
TXN108526,60.8,20,4.14,1.03,0.325,1,1,0,0
TXN108040,49.1,20,0.25,3.26,1.633,1,1,0,0
TXN102952,1042.29,16,2.34,8.74,1.672,0,1,0,0
TXN108904,99.18,8,17.56,15.49,1.275,1,1,1,0
TXN113386,104.63,9,8.82,1.91,0.062,1,1,0,0
TXN111632,63.66,22,6.04,1.34,1.431,1,1,1,0
TXN101945,79.35,13,4.6,13.64,0.085,0,0,0,0
TXN105287,51.87,9,16.82,11.32,1.068,1,0,0,0
TXN114196,13.76,13,15.56,5.41,1.255,1,0,1,0
TXN114086,95.08,15,4.01,0.82,1.556,1,1,0,0
TXN113170,20.87,15,7.85,5.22,1.087,1,1,0,0
TXN106649,13.36,14,3.43,12.64,0.947,1,0,0,0
TXN113080,2.44,11,1.37,6.17,0.905,1,1,0,0
TXN101159,104.81,8,3.29,2.97,1.792,1,0,0,0
TXN110446,7.39,3,24.08,5.27,1.606,1,1,0,0
TXN113932,43.22,10,13.72,10.87,0.517,1,1,0,0
TXN100050,37.01,12,3.98,0.84,1.601,0,0,1,0
TXN101545,49.6,16,9.59,12.55,1.959,1,1,1,0
TXN113474,25.72,19,11.44,11.04,0.234,1,0,1,0
TXN110506,43.34,17,20.01,10.15,0.872,1,1,1,0
TXN103156,27.51,11,14.83,0.84,0.882,1,0,1,0
TXN103227,130.39,7,3.97,2.01,1.451,1,1,0,0
TXN105587,2.69,5,9.89,12.49,1.448,1,0,0,0
TXN113883,16.9,8,7.02,1.61,1.791,1,1,0,0
TXN110372,191.84,10,17.8,7.24,1.072,1,0,0,0
TXN108592,24.43,10,8.89,6.98,0.164,1,1,0,0
TXN112869,14.19,6,11.91,2.19,1.752,1,1,0,0
TXN110555,72.44,15,7.76,9.59,0.512,1,0,1,0
TXN102348,51.39,6,10.48,6.49,0.798,1,1,0,0
TXN100203,114.38,13,15.37,11.26,0.399,1,1,1,0
TXN108553,23.39,18,25.0,6.0,0.857,1,1,1,0
TXN102565,112.33,3,16.48,6.99,1.065,0,1,0,0
TXN110827,88.4,2,7.85,3.3,0.324,1,0,0,0
TXN109784,38.42,5,1.55,13.91,1.575,1,1,1,0
TXN104565,53.92,11,10.37,7.33,2.299,1,1,0,0
TXN102281,12.17,12,2.66,4.04,0.43,1,1,1,0
TXN107456,42.29,7,16.16,1.6,1.159,1,1,0,0
TXN105468,11.43,5,11.02,12.59,0.628,1,1,0,0
TXN108563,110.89,15,3.72,5.65,0.662,0,0,0,0
TXN110552,36.65,12,13.32,6.53,0.67,1,1,1,0
TXN111845,22.2,15,3.18,13.52,0.956,1,1,0,0
TXN104058,141.14,16,6.14,1.21,1.379,0,1,0,0
TXN102403,30.46,13,5.95,2.48,0.235,1,1,0,0
TXN111449,30.53,9,13.27,1.95,0.845,1,1,0,0
TXN114777,182.21,21,22.85,1.44,5.485,0,0,1,1
TXN103859,98.4,14,3.91,0.36,1.043,0,0,1,0
TXN102775,47.03,17,1.62,2.16,0.496,1,1,0,0
TXN103069,24.86,9,1.29,10.53,0.981,1,1,0,0
TXN109106,190.48,8,19.19,4.83,1.227,0,1,0,0
TXN102712,10.94,1,0.9,1.38,1.185,1,1,1,0
TXN102150,99.57,14,9.72,3.63,1.668,1,1,1,0
TXN114742,121.59,11,9.47,8.01,4.33,0,0,0,1
TXN112599,50.07,19,15.44,3.28,0.533,0,1,0,0
TXN112744,8.38,17,7.92,7.31,1.525,0,0,0,0
TXN101803,12.09,0,7.07,2.55,1.949,1,1,0,0
TXN102632,19.62,13,8.46,1.87,0.917,0,1,1,0
TXN102036,87.28,17,18.87,4.69,0.699,1,1,0,0
TXN105140,89.82,17,1.17,15.43,0.589,0,1,1,0
TXN108808,49.38,16,1.72,12.75,0.974,1,1,0,0
TXN103231,43.75,22,1.09,12.17,1.596,1,1,0,0
TXN113222,6.66,11,4.2,11.88,1.961,1,0,1,0
TXN101976,5.24,21,2.75,1.03,0.066,0,1,1,0
TXN112166,9.86,3,9.57,11.52,0.699,1,1,1,0
TXN113205,21.39,9,8.04,7.12,0.809,1,0,0,0
TXN102891,11.21,15,0.77,16.54,0.518,1,0,1,0
TXN108391,102.02,6,17.2,2.94,0.619,0,0,0,0
TXN114900,18.49,18,60.13,13.32,6.342,0,0,1,1
TXN113326,10.93,11,7.01,5.37,1.26,1,0,0,0
TXN107092,27.95,8,1.7,0.71,0.93,1,0,0,0
TXN111709,50.33,0,31.08,0.33,1.383,1,1,0,0
TXN106741,6.66,10,11.62,8.89,1.351,1,1,1,0
TXN111073,18.85,5,8.56,3.97,0.749,1,1,0,0
TXN111229,20.72,19,10.72,4.65,0.858,0,0,0,0
TXN110568,61.0,20,9.77,3.49,0.746,1,0,1,0
TXN109021,99.87,0,5.85,6.03,1.631,1,0,0,0
TXN112197,25.59,15,10.82,11.55,1.395,1,1,0,0
TXN109295,89.1,15,1.97,11.9,1.551,1,1,1,0
TXN109276,31.77,12,25.37,4.44,1.162,1,1,0,0
TXN113884,20.2,13,2.53,3.09,1.849,0,1,0,0
TXN105883,82.01,1,2.38,17.62,1.182,1,1,0,0
TXN102258,34.19,15,21.68,2.72,0.37,1,1,0,0
TXN100533,49.85,14,19.82,4.45,0.851,1,0,0,0
TXN108493,82.07,10,16.49,12.05,1.004,0,1,1,0
TXN101840,17.21,11,0.88,8.97,2.73,1,0,1,0
TXN100948,9.25,17,11.98,0.93,1.907,1,0,0,0
TXN109676,34.64,15,11.79,5.25,1.784,1,1,0,0
TXN103857,85.38,17,6.99,9.16,1.796,1,1,0,0
TXN102546,11.64,12,9.88,3.67,1.234,0,1,1,0
TXN109536,107.95,11,1.75,4.98,0.584,0,0,1,0
TXN107324,41.6,6,10.91,11.21,0.481,1,1,1,0
TXN108461,3.57,10,15.5,15.31,0.789,1,0,1,0
TXN112850,57.52,17,0.64,6.73,0.608,0,1,0,0
TXN105272,11.43,11,8.28,1.53,0.151,1,0,0,0
TXN106885,8.93,15,1.49,2.03,1.374,1,0,0,0
TXN103950,127.48,13,37.11,0.97,0.847,1,1,1,0
TXN104892,131.37,7,20.38,6.38,0.97,1,1,1,0
TXN113925,70.06,9,13.53,4.11,1.132,0,0,1,0
TXN103657,149.9,6,6.81,17.13,1.118,0,1,1,0
TXN104482,111.98,10,7.64,8.66,1.594,1,1,1,0
TXN114451,43.06,14,4.69,11.47,1.507,1,1,0,0
TXN112152,43.16,16,4.5,3.13,1.138,1,0,0,0
TXN102634,58.36,9,10.13,5.8,0.973,1,1,0,0
TXN107068,6.94,16,3.41,14.11,0.28,0,1,0,0
TXN103710,201.99,22,9.45,10.84,1.708,1,1,0,0
TXN102945,26.64,18,1.27,0.96,2.264,1,0,1,0
TXN103426,22.97,11,5.94,6.73,0.304,0,0,1,0
TXN109400,13.22,4,0.8,1.9,1.413,1,1,0,0
TXN101625,40.64,19,18.75,4.58,0.754,1,0,1,0
TXN101462,100.18,20,19.14,7.05,1.901,0,1,0,0
TXN109379,78.78,23,6.84,7.79,0.096,0,0,0,0
TXN106087,22.84,2,5.61,19.61,1.226,1,0,0,0
TXN108690,21.21,7,8.05,10.91,0.166,0,1,1,0
TXN111590,146.22,18,6.37,6.77,0.073,1,1,0,0
TXN105148,32.53,0,5.4,17.67,1.634,1,1,1,0
TXN107782,7.1,20,10.18,4.57,0.906,1,0,0,0
TXN105183,165.99,9,1.63,3.19,1.604,0,0,0,0
TXN114655,91.77,9,28.02,11.35,4.07,1,0,1,1
TXN100330,25.53,5,13.38,0.67,0.965,1,1,1,0
TXN107733,83.71,7,5.85,12.26,1.555,1,1,0,0
TXN111959,140.31,14,6.37,2.64,0.566,0,1,0,0
TXN102147,233.39,9,6.89,7.09,1.496,1,0,1,0
TXN101377,20.1,19,2.96,3.32,0.691,1,1,1,0
TXN101081,91.7,13,25.69,0.45,0.838,1,1,0,0
TXN112042,75.0,9,13.31,14.28,0.208,1,1,0,0
TXN103406,27.46,0,13.3,0.52,1.173,1,1,0,0
TXN103113,43.11,11,3.03,11.68,0.424,1,1,0,0
TXN105284,21.9,13,0.57,20.76,0.153,0,1,0,0
TXN113381,165.88,8,9.06,7.3,0.156,0,1,1,0
TXN109640,118.96,10,9.4,2.47,0.476,1,0,0,0
TXN104737,18.97,7,8.18,4.61,1.397,0,0,1,0
TXN106248,156.5,16,4.86,2.08,1.381,0,0,1,0
TXN104406,224.4,3,6.22,0.39,1.188,1,1,1,0
TXN100688,14.86,9,1.48,4.51,0.2,1,0,0,0
TXN113823,134.08,11,13.26,8.74,1.788,0,1,0,0
TXN111461,161.99,12,6.67,1.54,0.034,1,1,0,0
TXN105726,152.17,7,1.83,2.86,1.062,0,1,0,0
TXN112721,25.88,14,5.67,0.23,1.509,1,0,0,0
TXN112012,31.22,1,8.28,9.09,0.865,0,0,0,0
TXN104617,59.01,10,0.25,11.68,0.733,1,0,1,0
TXN102482,15.73,6,8.98,9.4,1.237,1,1,1,0
TXN110994,61.07,3,14.81,11.59,1.121,0,1,0,0
TXN106930,101.86,20,23.43,11.74,1.384,1,1,1,0
TXN110957,8.25,11,3.1,8.18,0.613,1,1,1,0
TXN104669,133.06,11,0.45,2.4,0.426,0,1,0,0
TXN100187,15.03,4,13.35,12.05,1.015,0,0,0,0
TXN114877,5.0,18,43.67,27.49,3.025,0,1,0,1
TXN110952,59.94,16,10.14,3.03,0.148,1,1,0,0
TXN106147,101.89,20,4.9,4.9,1.263,1,0,0,0
TXN108307,257.44,21,6.66,9.04,0.999,1,0,0,0
TXN113376,9.44,12,16.31,7.11,1.214,1,1,1,0
TXN100702,2.52,18,13.56,12.79,2.127,1,1,0,0
TXN110991,23.12,3,15.65,3.23,0.797,1,1,1,0
TXN102895,16.69,4,0.01,11.23,0.155,1,1,0,0
TXN109582,26.02,19,1.32,3.42,1.423,0,1,0,0
TXN103501,207.74,18,3.01,3.16,1.44,0,1,1,0
TXN104761,45.56,12,1.49,13.2,1.05,0,1,0,0
TXN100552,19.07,17,12.31,3.39,1.039,1,1,1,0
TXN105301,66.49,8,8.16,1.98,1.726,1,0,1,0
TXN114029,86.64,18,8.92,7.18,1.387,1,1,0,0
TXN107992,43.45,8,22.95,7.97,0.859,1,1,1,0
TXN107405,31.34,10,17.76,9.44,0.113,1,0,1,0
TXN100205,85.71,20,0.99,2.88,1.515,1,1,1,0
TXN109535,81.19,0,6.22,0.67,1.4,1,1,0,0
TXN113741,22.9,14,11.14,7.49,1.389,0,1,1,0
TXN108386,7.46,14,5.86,1.98,1.185,0,1,0,0
TXN103598,21.83,17,7.0,6.95,1.843,1,1,0,0
TXN113551,8.97,9,23.47,17.26,1.548,1,1,1,0
TXN105567,57.87,21,5.15,1.56,1.397,0,1,0,0
TXN111386,64.46,9,6.28,14.09,1.182,0,1,0,0
TXN102479,102.81,15,9.51,6.51,1.11,1,0,0,0
TXN110893,4.72,7,3.53,4.12,1.091,0,1,0,0
TXN101563,64.65,14,14.91,7.97,1.882,0,0,0,0
TXN111284,40.29,11,5.7,1.01,1.181,0,0,1,0
TXN112141,95.48,17,10.01,5.89,1.613,1,0,0,0
TXN109445,339.23,13,2.48,22.35,0.535,1,0,0,0
TXN100905,74.29,16,14.37,2.45,1.721,0,1,0,0
TXN105721,15.53,14,7.74,0.38,2.208,0,0,1,0
TXN105834,40.73,9,23.37,1.91,0.271,1,1,0,0
TXN107377,178.47,12,4.21,9.0,0.393,1,1,1,0
TXN111840,25.27,1,24.72,8.1,1.509,1,0,0,0
TXN113087,6.03,10,7.88,14.76,0.586,1,1,0,0
TXN109158,106.4,14,12.03,8.93,0.939,1,0,0,0
TXN103093,32.66,1,6.97,4.23,1.162,0,1,1,0
TXN104012,34.14,0,16.23,7.55,0.245,1,1,1,0
TXN110732,41.14,18,10.27,1.38,1.247,1,1,0,0
TXN111788,8.88,22,2.44,1.61,1.815,0,1,1,0
TXN109866,22.08,15,9.9,13.49,2.252,1,1,0,0
TXN101506,99.94,4,12.67,3.69,0.438,1,1,0,0
TXN101992,45.29,10,12.06,12.86,1.864,0,1,0,0
TXN104278,11.79,10,10.35,11.92,0.998,1,1,0,0
TXN104937,18.24,19,14.4,14.48,0.788,1,1,0,0
TXN114622,117.19,19,18.91,1.33,1.565,0,1,1,0
TXN109913,25.01,19,9.8,5.08,1.469,0,0,0,0
TXN100830,20.38,12,8.61,0.37,1.377,1,1,0,0
TXN114892,46.6,17,29.59,7.86,3.041,0,0,1,1
TXN101749,30.57,0,5.97,3.68,0.07,1,0,0,0
TXN103712,43.41,5,4.11,10.38,0.904,0,0,0,0
TXN107527,188.17,9,19.35,3.84,1.486,1,1,1,0
TXN105375,44.25,19,11.85,17.12,1.385,1,1,0,0
TXN106927,22.15,9,16.75,12.73,1.881,1,1,0,0
TXN114577,14.18,12,14.04,0.03,1.38,1,0,0,0
TXN102826,29.09,22,0.05,10.07,1.945,1,0,0,0
TXN109170,45.43,19,22.75,8.95,1.159,0,1,1,0
TXN114736,5.0,15,15.3,14.92,2.112,0,0,1,1
TXN104810,152.26,16,1.41,14.77,0.181,1,1,0,0
TXN109685,45.37,14,4.93,0.06,1.189,1,0,0,0
TXN103029,85.42,18,8.38,6.94,0.034,1,1,1,0
TXN109970,22.76,18,2.3,5.15,2.601,0,1,1,0
TXN107821,12.97,4,17.58,10.07,1.23,1,1,0,0
TXN109174,15.41,15,2.55,0.52,2.041,0,0,1,0
TXN102538,124.36,19,7.9,13.67,1.659,1,1,1,0
TXN109598,103.21,15,17.11,14.1,0.735,1,1,0,0
TXN106814,65.74,14,14.11,8.47,2.172,0,1,1,0
TXN110026,15.02,9,21.31,0.75,1.708,0,0,1,0
TXN112613,25.1,13,7.05,0.23,0.035,0,1,1,0
TXN107592,32.81,13,3.22,6.54,1.112,1,0,0,0
TXN106733,18.69,0,7.07,9.46,1.204,0,1,1,0
TXN102499,14.55,16,3.33,6.76,1.37,1,0,0,0
TXN102868,23.82,12,2.84,9.32,0.531,1,1,0,0
TXN108336,19.71,21,2.33,8.06,0.531,0,1,0,0
TXN106818,11.89,8,22.54,3.69,0.806,1,1,1,0
TXN109219,37.64,16,12.76,3.46,0.861,1,0,0,0
TXN101764,128.77,11,0.59,7.61,1.103,1,0,1,0
TXN101633,37.44,7,17.71,1.37,1.565,1,0,1,0
TXN113873,7.08,14,10.82,6.16,1.304,1,0,1,0
TXN114846,391.85,6,10.19,32.48,0.878,0,0,1,1
TXN111894,38.08,19,7.52,11.18,1.243,1,1,1,0
TXN104941,32.61,13,3.9,0.92,0.966,1,0,1,0
TXN105265,22.76,9,5.7,5.82,1.84,1,1,0,0
TXN112717,15.2,12,21.81,0.44,0.905,0,1,0,0
TXN113627,28.02,18,0.34,8.7,1.001,1,1,1,0
TXN111149,28.7,12,12.41,8.69,1.788,1,1,0,0
TXN114936,44.8,4,20.14,2.49,2.33,1,1,1,1
TXN107052,12.94,19,3.34,5.71,0.767,0,0,1,0
TXN110594,10.35,7,11.84,2.44,2.29,0,0,0,0
TXN106328,29.95,16,8.11,3.54,2.216,1,1,0,0
TXN102428,90.49,12,7.07,2.18,0.281,1,0,1,0
TXN104681,42.55,9,5.54,0.78,1.326,1,0,0,0
TXN111124,34.22,19,4.76,1.86,0.656,0,1,1,0
TXN108894,53.98,15,0.87,10.07,0.08,0,0,0,0
TXN113826,45.4,9,20.69,7.91,1.547,1,1,0,0
TXN101463,79.12,16,1.42,12.3,0.613,1,1,0,0
TXN101994,68.57,13,4.59,14.43,0.449,1,0,1,0
TXN114682,18.29,2,14.0,3.62,0.062,1,0,0,1
TXN103071,19.06,12,2.67,5.61,1.063,0,1,0,0
TXN104114,84.18,21,17.28,5.98,0.212,0,1,1,0
TXN105180,18.48,15,14.86,5.06,1.261,1,0,0,0
TXN110934,18.17,18,18.32,3.57,1.082,1,0,0,0
TXN114667,42.23,13,13.4,25.95,2.299,0,0,1,1
TXN113433,51.4,17,22.2,1.01,0.548,1,1,1,0
TXN106263,63.67,17,14.61,8.58,0.416,1,0,1,0
TXN101087,91.4,19,2.84,9.12,0.682,1,1,1,0
TXN101743,57.58,18,5.2,6.95,1.455,1,0,0,0
TXN109016,8.75,5,1.17,0.76,0.642,1,1,1,0
TXN111011,75.09,14,0.23,7.82,1.14,1,0,1,0
TXN110297,64.03,17,1.23,5.34,0.919,1,0,0,0
TXN109344,57.42,12,3.41,10.26,0.216,0,0,0,0
TXN106537,3.28,0,7.56,13.23,1.256,1,1,0,0
TXN102936,16.03,7,11.01,18.53,1.219,0,0,1,0
TXN105012,12.73,2,11.34,8.82,0.117,1,0,0,0
TXN105841,42.14,13,5.59,7.24,0.342,1,1,0,0
TXN103945,12.49,1,3.3,0.65,0.198,1,1,0,0
TXN100291,37.78,17,20.25,10.94,0.625,1,0,0,0
TXN103111,30.32,9,22.19,1.67,1.344,1,1,1,0
TXN104687,11.5,20,4.48,7.28,1.146,1,1,0,0
TXN109137,40.94,17,17.25,10.67,1.436,0,1,1,0
TXN107131,48.97,10,20.11,9.82,1.023,1,1,0,0
TXN108719,24.46,17,14.87,4.21,0.856,1,1,0,0
TXN105388,29.38,8,4.41,1.73,1.647,0,1,0,0
TXN103856,109.43,7,8.46,13.17,0.979,1,1,1,0
TXN113046,28.91,10,0.28,7.08,2.016,0,1,0,0
TXN114695,117.08,19,56.54,18.4,3.727,1,0,1,1
TXN114855,43.45,2,8.67,37.74,2.315,1,0,0,1
TXN110204,35.79,14,28.26,10.55,1.612,1,0,1,0
TXN112234,252.72,16,0.16,15.23,1.2,1,1,1,0
TXN111512,15.05,18,1.16,4.65,1.677,0,0,1,0
TXN105560,109.54,19,2.29,10.53,0.79,0,1,0,0
TXN102480,15.89,22,0.82,10.68,1.232,0,0,0,0
TXN111790,6.95,19,0.51,3.87,1.183,0,1,0,0
TXN107951,26.84,15,3.44,1.57,2.93,1,1,0,0
TXN101675,10.62,18,8.24,2.39,1.488,1,1,0,0
TXN110448,41.95,8,2.55,6.32,1.206,1,1,0,0
TXN110406,12.98,9,14.94,2.64,1.156,1,0,1,0
TXN105831,115.31,8,17.17,9.42,0.544,1,0,1,0
TXN106825,15.67,14,3.84,7.34,0.008,1,0,1,0
TXN111023,5.72,13,2.9,6.97,1.285,1,1,0,0
TXN107617,16.35,13,8.65,3.3,0.891,1,1,1,0
TXN107886,52.5,19,18.72,2.31,1.609,1,1,1,0
TXN108841,7.3,20,6.95,6.49,0.359,1,1,0,0
TXN113030,9.33,14,1.03,14.76,1.367,1,1,1,0
TXN100000,39.75,21,23.27,9.06,1.326,1,1,0,0
TXN100038,78.92,14,16.45,2.31,0.718,1,0,0,0
TXN110256,40.6,7,1.35,4.23,1.221,1,1,0,0
TXN114062,123.56,14,7.99,4.41,1.88,0,0,0,0
TXN103709,7.18,12,13.54,20.93,1.541,1,1,0,0
TXN102815,24.87,0,8.09,3.44,0.862,0,1,1,0
TXN100517,5.66,17,21.88,9.71,0.708,1,1,1,0
TXN105439,34.72,10,9.65,10.44,1.124,0,1,0,0
TXN105878,20.25,2,4.68,7.35,1.689,1,1,0,0
TXN100569,73.58,14,6.36,12.03,1.192,1,0,0,0
TXN111001,33.6,10,17.56,8.8,0.144,1,1,0,0
TXN101160,18.96,18,12.04,4.33,1.006,1,1,1,0
TXN103733,40.06,11,18.41,5.91,1.527,1,1,1,0
TXN111515,204.14,18,6.99,13.71,0.411,1,0,1,0
TXN113336,11.28,3,7.14,6.79,1.786,0,1,0,0
TXN114953,31.25,14,50.24,6.4,3.809,0,0,1,1
TXN100849,10.8,7,16.49,8.34,0.956,1,1,0,0
TXN107470,102.47,19,1.93,10.6,0.329,1,0,0,0
TXN105049,45.89,16,1.11,2.82,1.478,0,0,0,0
TXN107462,149.75,11,4.45,16.32,1.663,0,1,1,0
TXN100456,166.8,21,18.43,14.08,0.907,0,1,0,0
TXN114093,22.01,19,3.0,7.57,1.605,1,0,1,0
TXN113740,11.52,1,14.03,1.65,1.407,1,1,1,0
TXN102926,39.3,13,13.86,3.1,1.231,1,1,0,0
TXN107801,64.0,18,6.83,10.59,1.807,1,0,0,0
TXN112602,26.18,12,0.73,7.85,1.054,1,1,0,0
TXN105408,31.82,14,13.37,2.09,1.054,0,1,1,0
TXN111732,38.38,7,16.98,0.65,1.026,1,1,1,0
TXN107702,274.55,6,4.6,16.37,0.496,0,1,0,0
TXN112593,96.01,3,5.9,7.71,0.64,1,0,0,0
TXN114370,23.97,16,1.01,10.44,0.348,1,1,0,0
TXN114830,3497.73,0,26.05,12.86,2.033,0,0,1,1
TXN106823,115.84,13,7.17,5.72,0.568,0,1,0,0
TXN111622,59.51,13,9.34,3.87,1.143,1,1,0,0
TXN113871,154.92,9,8.53,8.87,0.777,1,1,0,0
TXN113742,40.3,21,6.56,10.66,1.763,1,1,1,0
TXN102832,92.18,0,21.85,6.15,0.952,1,0,0,0
TXN113323,75.73,1,15.1,6.12,1.719,1,1,1,0
TXN107848,45.62,3,2.32,2.76,1.451,1,1,1,0
TXN107615,11.68,9,5.52,6.63,1.6,1,0,0,0
TXN112767,57.67,16,13.23,5.68,0.013,1,0,0,0
TXN106396,120.16,15,13.47,1.14,0.644,0,0,0,0
TXN104151,207.16,23,20.76,2.64,1.228,0,1,0,0
TXN106886,474.71,0,11.61,10.09,0.558,1,1,1,0
TXN106955,81.33,22,6.26,9.05,1.413,1,0,0,0
TXN104258,21.83,12,0.13,1.5,0.713,1,0,0,0
TXN109178,188.47,13,4.2,7.06,1.319,1,1,0,0
TXN113342,48.71,17,20.44,5.59,1.487,1,1,0,0
TXN114483,19.64,5,12.49,4.65,0.224,1,1,0,0
TXN109778,7.05,0,4.65,10.55,0.464,1,0,1,0
TXN101110,54.01,3,1.42,4.7,0.579,1,1,0,0
TXN108425,63.57,17,5.07,3.03,0.729,0,1,1,0
TXN113096,92.51,20,3.13,11.75,0.169,0,1,1,0
TXN112821,147.1,17,15.23,9.76,2.954,1,1,0,0
TXN110840,122.51,11,1.35,5.43,2.269,1,0,0,0
TXN107515,100.04,11,0.73,0.43,1.09,1,1,1,0
TXN113051,53.52,3,4.6,6.1,0.76,0,1,1,0
TXN110937,17.41,17,13.72,5.17,0.928,1,1,0,0
TXN108349,71.83,12,9.39,5.36,1.015,1,1,1,0
TXN109507,21.58,18,6.38,6.36,0.965,1,0,1,0
TXN113234,336.01,12,11.26,5.11,0.894,0,0,1,0
TXN107968,12.63,10,4.47,3.63,0.865,1,1,0,0
TXN114134,8.49,16,1.76,5.24,0.863,1,1,1,0
TXN111726,43.98,4,19.79,9.06,1.073,1,1,1,0
TXN105077,21.54,6,2.17,3.93,1.022,0,1,1,0
TXN109305,272.73,22,3.13,4.28,1.301,1,0,0,0
TXN114007,54.5,16,11.76,9.97,0.158,0,0,0,0
TXN102404,4.22,18,7.73,16.14,1.089,1,0,1,0
TXN101103,107.09,11,3.53,3.55,0.552,1,1,0,0
TXN102400,83.67,8,0.06,2.75,1.382,1,1,1,0
TXN107965,13.69,10,5.65,14.99,0.677,1,1,0,0
TXN107143,8.1,12,5.32,2.09,0.608,0,1,0,0
TXN104945,8.03,7,5.04,8.03,0.384,1,0,1,0
TXN114437,32.46,8,3.04,2.91,1.464,0,1,1,0
TXN106730,68.36,18,2.49,1.18,1.042,0,1,1,0
TXN102237,46.6,13,6.36,7.02,1.373,0,0,0,0
TXN104306,50.79,12,18.49,4.52,1.251,0,0,0,0
TXN112870,169.37,22,23.91,19.8,1.834,0,0,0,0
TXN101170,73.39,23,7.04,16.84,1.209,1,1,1,0
TXN114685,165.34,6,23.71,48.14,0.01,0,1,0,1
TXN100273,27.24,17,3.3,0.05,0.808,0,1,1,0
TXN103434,10.22,17,2.01,6.37,1.338,1,1,0,0
TXN107855,53.51,18,19.97,10.5,2.257,1,1,0,0
TXN111972,63.15,1,11.43,5.96,1.086,1,1,0,0
TXN112637,9.73,4,1.49,2.14,0.78,1,1,1,0
TXN103755,187.52,14,5.91,5.73,2.063,1,1,0,0
TXN106192,287.65,11,10.4,2.05,0.556,0,0,0,0
TXN106627,60.61,13,29.65,3.66,0.939,1,0,1,0
TXN111189,78.03,7,18.43,13.14,0.558,1,1,1,0
TXN114323,13.66,3,22.51,4.75,1.281,0,1,0,0
TXN102802,98.13,15,0.1,10.67,1.077,0,1,0,0
TXN105005,3.83,21,1.39,2.66,1.061,1,1,0,0
TXN108031,42.99,19,2.42,9.04,2.091,0,1,0,0
TXN103526,74.92,10,21.85,6.79,1.369,0,1,0,0
TXN103510,33.77,15,11.47,8.63,0.247,0,1,0,0
TXN103225,95.08,15,4.67,3.85,2.07,0,0,0,0
TXN104713,41.3,9,5.87,4.3,0.735,0,1,0,0
TXN102156,29.68,5,17.88,13.18,2.078,1,1,0,0
TXN110107,3.76,18,3.38,5.95,1.085,1,1,0,0
TXN105908,97.29,2,15.78,1.9,1.003,0,1,1,0
TXN104722,14.56,14,3.39,2.11,1.008,1,1,1,0
TXN107789,37.29,23,9.35,4.73,1.279,1,0,1,0
TXN114520,31.95,11,2.4,2.08,0.894,1,0,1,0
TXN106066,24.27,9,2.29,7.83,1.084,1,0,1,0
TXN105208,18.54,19,5.26,5.33,0.449,1,1,0,0
TXN112098,121.69,10,8.91,5.71,1.6,0,1,0,0
TXN102113,312.34,4,15.53,2.62,1.517,0,1,0,0
TXN103968,21.75,17,0.96,7.57,2.732,0,1,1,0
TXN106709,66.05,17,23.29,3.42,1.716,1,1,0,0
TXN103319,7.31,10,7.94,13.75,1.606,0,0,0,0
TXN102165,32.08,14,6.92,6.9,1.914,1,0,1,0
TXN114921,65.74,23,25.23,12.72,3.369,0,0,1,1
TXN104689,33.49,13,13.37,9.43,1.128,1,1,1,0
TXN114549,50.4,22,15.05,6.53,0.979,1,1,0,0
TXN114287,23.43,4,7.84,3.19,1.141,1,0,0,0
TXN108160,31.19,18,21.76,0.31,1.553,1,1,0,0
TXN109803,25.1,15,24.28,3.99,0.448,1,0,1,0
TXN106517,21.15,6,11.22,4.92,1.402,1,1,0,0
TXN105273,55.04,12,12.34,10.35,0.371,1,1,0,0
TXN114984,261.96,14,53.06,13.56,1.933,0,1,1,1
TXN106161,10.03,10,11.28,8.15,1.803,1,1,1,0
TXN104805,67.0,10,8.61,7.18,0.305,1,1,0,0
TXN108693,114.08,0,18.01,10.25,1.521,0,1,0,0
TXN111454,11.18,12,4.1,12.96,0.32,1,1,0,0
TXN103932,77.62,22,6.49,12.49,0.664,1,1,0,0
TXN104439,15.47,15,11.41,10.89,0.891,1,1,0,0
TXN108861,12.16,14,2.27,7.32,1.606,1,1,1,0
TXN110627,53.36,3,5.55,5.08,1.174,0,0,0,0
TXN108246,51.1,22,3.76,15.59,1.482,1,1,0,0
TXN114939,33.35,9,34.09,2.71,0.492,1,0,0,1
TXN113181,58.5,10,4.5,3.72,0.574,1,1,0,0
TXN110859,17.66,14,12.68,4.49,1.303,1,1,0,0
TXN111597,11.05,10,18.38,4.72,0.181,1,0,1,0
TXN101173,56.47,16,3.29,3.17,0.67,1,1,1,0
TXN113507,72.31,9,2.33,7.27,1.148,0,1,1,0
TXN113176,13.25,23,17.89,3.21,0.828,1,1,0,0
TXN100520,16.64,1,8.27,6.68,1.112,0,0,0,0
TXN101240,26.29,14,16.85,16.24,0.645,1,1,0,0
TXN104144,37.34,19,3.01,7.12,0.263,1,1,0,0
TXN114662,273.73,9,43.19,34.47,1.812,0,0,0,1
TXN109596,40.68,0,15.05,6.53,0.913,1,0,0,0
TXN105429,49.5,14,3.69,11.66,0.241,0,1,1,0
TXN109761,39.44,11,4.35,5.75,0.84,1,1,0,0
TXN101564,15.71,15,11.53,3.07,0.991,1,1,1,0
TXN100380,27.63,0,6.97,9.48,0.442,1,1,0,0
TXN109944,70.46,12,9.11,12.68,2.38,1,1,0,0
TXN107973,32.89,12,6.11,13.19,2.08,1,1,0,0
TXN104734,9.99,17,0.4,9.68,1.61,1,1,0,0
TXN113737,67.92,11,28.47,2.31,1.365,0,1,0,0
TXN104560,56.68,12,2.6,16.4,1.036,1,0,0,0
TXN106048,57.3,12,12.61,6.66,0.124,0,0,0,0
TXN105377,129.33,9,15.59,4.13,0.852,1,0,1,0
TXN104252,21.37,4,3.89,2.09,1.16,1,0,0,0
TXN102096,51.26,14,15.35,5.94,1.064,1,0,0,0
TXN102724,142.21,22,12.82,15.09,1.279,1,0,1,0
TXN103878,204.89,14,9.24,4.97,0.947,0,1,0,0
TXN114840,129.16,7,3.03,11.93,1.948,1,0,1,1
TXN105523,5.13,7,3.48,1.93,1.161,0,0,0,0
TXN107780,17.34,22,18.18,1.57,0.492,1,0,0,0
TXN111179,79.0,22,11.77,7.51,1.331,1,0,1,0
TXN112147,33.43,19,7.4,1.92,2.149,0,0,0,0
TXN102620,94.49,18,3.48,11.97,1.748,1,1,0,0
TXN103346,12.54,13,13.93,15.25,0.64,1,1,0,0
TXN111542,46.59,2,16.01,3.26,0.461,0,1,0,0
TXN105314,23.45,16,8.4,3.56,1.164,0,1,0,0
TXN109566,13.1,18,14.19,3.49,1.839,1,0,0,0
TXN112876,57.81,18,7.82,1.58,0.739,1,1,0,0
TXN110760,82.44,10,4.88,1.61,0.808,1,1,0,0
TXN107549,38.36,14,2.07,2.82,1.996,0,1,0,0
TXN102154,67.92,17,1.73,3.45,0.254,1,1,0,0
TXN102686,26.27,20,4.37,14.37,0.91,1,1,0,0
TXN104311,218.68,18,12.4,7.79,1.802,1,0,0,0
TXN109691,53.2,10,18.26,4.99,1.915,1,0,1,0
TXN110965,280.82,2,6.02,0.46,1.976,1,1,0,0
TXN107338,47.21,23,9.36,2.21,1.749,0,0,0,0
TXN100195,17.87,20,3.77,4.06,0.606,1,0,1,0
TXN104269,56.24,0,13.94,2.85,1.143,0,0,0,0
TXN101833,50.53,9,4.2,12.31,0.519,1,0,0,0
TXN109391,40.07,17,0.12,4.35,0.589,1,0,0,0
TXN100916,69.13,5,17.09,8.24,0.879,1,1,0,0
TXN109837,19.64,12,11.03,5.86,0.782,1,1,1,0
TXN102055,18.56,17,1.05,3.34,2.395,1,1,1,0
TXN108903,80.41,20,16.78,10.27,0.428,1,1,0,0
TXN101735,7.95,15,6.78,8.3,1.242,1,1,1,0
TXN106770,12.61,7,16.58,5.92,1.651,1,1,0,0
TXN107536,46.15,17,0.94,7.37,1.339,0,1,0,0
TXN100808,5.7,10,5.45,6.67,0.763,0,0,0,0
TXN104841,21.75,21,1.44,0.36,1.738,1,0,0,0
TXN100783,7.64,13,2.87,5.87,1.678,1,0,0,0
TXN107633,46.27,2,2.12,3.37,1.402,0,0,0,0
TXN100097,35.96,7,0.43,0.72,1.209,0,0,0,0
TXN102408,57.28,6,3.23,7.41,0.174,1,1,1,0
TXN106878,19.71,11,2.78,17.17,0.408,1,1,0,0
TXN114149,75.53,22,8.81,1.73,2.003,1,0,1,0
TXN106475,77.81,0,18.29,5.61,0.155,0,1,1,0
TXN101857,36.05,17,1.03,2.73,0.779,1,1,0,0
TXN107122,247.85,10,3.56,9.13,0.586,1,1,0,0
TXN109734,36.3,16,10.61,8.83,0.864,0,0,0,0
TXN109189,12.1,5,18.92,0.75,0.606,1,1,0,0
TXN112102,7.22,15,19.56,6.98,0.056,1,0,1,0
TXN102223,144.16,5,12.09,8.17,1.679,1,1,0,0
TXN101448,23.31,11,6.94,10.9,1.66,0,1,0,0
TXN100968,253.27,11,8.42,12.85,0.849,1,0,1,0
TXN112508,30.07,18,4.83,13.44,0.785,0,0,0,0
TXN110862,19.03,10,19.33,0.46,1.183,0,0,1,0
TXN100298,67.08,14,23.46,0.19,0.949,0,0,0,0
TXN103924,59.46,10,5.99,1.81,0.174,0,1,1,0
TXN108390,14.81,8,7.4,11.16,1.441,0,1,0,0
TXN111089,8.17,19,3.06,10.98,1.241,1,1,1,0
TXN102202,139.69,12,5.73,9.21,0.698,1,1,0,0
TXN114603,287.94,8,9.02,1.09,2.329,0,0,1,0
TXN107947,52.26,5,4.25,1.8,0.968,0,0,0,0
TXN108867,65.95,13,29.31,1.76,0.087,0,0,0,0
TXN113959,47.4,15,7.79,0.83,1.823,1,1,0,0
TXN100413,30.73,14,11.14,6.46,0.401,1,0,0,0
TXN102273,44.48,20,17.82,1.75,0.568,1,0,0,0
TXN103385,75.25,18,22.81,8.61,1.777,1,1,1,0
TXN109953,7.07,11,22.15,1.5,0.783,1,1,1,0
TXN106112,24.72,8,14.44,9.22,1.52,0,0,1,0
TXN108562,18.73,15,10.2,7.5,0.189,0,1,1,0
TXN108643,41.38,18,11.69,2.64,0.127,0,1,1,0
TXN100892,16.75,15,16.79,14.67,0.479,1,0,1,0
TXN114991,30.18,13,51.42,0.34,2.053,0,0,1,1
TXN103828,212.6,10,12.24,8.4,1.243,0,1,1,0
TXN100880,83.73,9,4.24,3.73,1.788,1,1,1,0
TXN110271,21.0,6,8.68,12.29,0.096,1,1,0,0
TXN110616,12.18,9,0.74,12.44,0.967,0,1,1,0
TXN105165,5.79,9,7.0,2.16,0.813,1,1,0,0
TXN106738,46.47,17,1.33,4.61,1.29,1,1,0,0
TXN112408,39.1,14,15.03,3.91,0.868,0,1,0,0
TXN108219,34.67,17,7.35,0.4,1.017,1,0,0,0
TXN111042,20.65,21,6.6,2.0,0.424,0,0,1,0
TXN100136,207.1,16,1.99,3.55,1.618,1,1,0,0
TXN100498,155.46,13,12.33,4.55,0.395,0,1,0,0
TXN103027,23.62,10,6.23,3.47,1.048,1,0,0,0
TXN109793,301.96,9,12.6,7.19,0.725,0,1,1,0
TXN107889,29.25,14,4.96,9.92,0.225,1,1,0,0
TXN110010,93.05,10,6.22,6.34,1.164,1,1,0,0
TXN104368,34.43,6,7.61,16.3,0.61,1,1,0,0
TXN112527,23.45,8,4.0,7.84,2.11,1,0,1,0
TXN102886,88.15,5,11.29,2.61,0.829,0,0,0,0
TXN108209,89.37,14,9.8,3.72,0.263,0,1,0,0
TXN107237,34.95,12,1.97,0.58,1.529,1,1,1,0
TXN106373,23.39,7,7.5,10.25,0.664,1,0,0,0
TXN109593,17.34,19,14.97,10.37,0.171,1,1,0,0
TXN111623,116.63,6,3.42,0.43,2.045,0,1,0,0
TXN100295,9.06,20,0.46,3.01,1.858,0,1,0,0
TXN102134,126.97,15,22.31,1.15,0.752,1,1,1,0
TXN111691,35.98,11,1.29,10.31,0.091,1,0,1,0
TXN109831,53.16,11,19.29,2.22,1.71,0,0,0,0
TXN105483,43.54,14,6.3,2.04,1.312,0,1,0,0
TXN110602,272.4,15,12.85,2.25,0.418,0,1,0,0
TXN109746,3.37,9,13.58,7.06,0.828,1,0,0,0
TXN113552,74.1,18,10.62,6.4,0.873,1,0,1,0
TXN113714,20.47,15,17.18,2.64,1.196,1,1,1,0
TXN113967,12.99,11,10.93,1.75,0.274,1,0,0,0
TXN103619,18.81,10,8.63,4.01,1.144,0,1,1,0
TXN105467,60.64,17,5.66,15.35,0.837,1,1,1,0
TXN100382,39.46,11,12.2,9.71,1.862,1,1,0,0
TXN112108,115.45,14,2.81,4.76,0.711,1,1,0,0
TXN101009,139.05,13,3.47,3.4,1.266,1,0,1,0
TXN103567,68.61,9,6.18,20.04,0.407,1,0,0,0
TXN109063,17.52,5,6.66,0.49,0.969,0,1,0,0
TXN100125,19.73,10,9.4,5.26,1.767,1,1,1,0
TXN106273,82.65,20,15.78,3.15,0.527,1,0,0,0
TXN114837,176.4,9,21.05,60.22,1.119,0,0,0,1
TXN100199,5.21,11,4.63,1.22,2.099,1,0,0,0
TXN111381,22.41,14,3.74,1.43,0.745,0,1,0,0
TXN108509,28.99,13,21.12,4.85,1.786,1,0,0,0
TXN104211,8.78,8,9.18,10.96,1.362,1,1,0,0
TXN113133,11.89,9,5.21,12.1,1.054,1,1,0,0
TXN101390,13.71,12,11.52,12.87,1.466,1,1,0,0
TXN110036,48.72,11,13.82,14.17,1.924,1,1,1,0
TXN111554,121.99,11,4.35,8.81,1.029,1,1,0,0
TXN109049,466.13,9,10.43,15.06,0.009,1,1,1,0
TXN106572,19.7,20,9.44,4.26,0.246,0,0,1,0
TXN111544,5.11,10,8.82,1.9,0.732,1,1,0,0
TXN105708,51.24,22,3.66,4.53,0.632,1,1,0,0
TXN107220,8.87,19,6.11,2.17,0.714,1,0,1,0
TXN108964,46.55,6,5.18,4.5,0.077,1,1,1,0
TXN101668,33.94,17,19.54,6.12,0.636,1,0,0,0
TXN114596,30.39,15,12.33,2.18,0.644,0,1,0,0
TXN101606,43.49,9,3.81,6.0,0.294,0,0,0,0
TXN110207,35.61,15,0.92,2.63,1.177,1,0,0,0
TXN114920,29.05,5,27.34,18.08,3.946,1,0,1,1
TXN112532,10.15,14,12.14,2.57,2.157,0,0,1,0
TXN110551,18.34,12,3.3,2.96,1.218,1,1,1,0
TXN107826,68.92,22,0.84,0.38,0.233,1,0,0,0
TXN106384,23.42,7,9.13,14.2,1.683,1,1,0,0
TXN112493,31.63,14,2.04,5.19,1.193,1,1,0,0
TXN103498,3.08,16,17.83,7.64,1.475,1,1,1,0
TXN106670,56.3,15,0.58,22.15,1.387,1,1,0,0
TXN103645,40.38,18,11.61,3.99,1.017,0,1,0,0
TXN103711,61.38,10,4.45,18.61,1.2,1,1,0,0
TXN110683,182.63,19,4.45,11.57,1.775,1,0,1,0
TXN114568,47.36,21,10.56,8.93,0.951,0,1,0,0
TXN107798,59.12,11,5.24,3.19,1.639,1,1,0,0
TXN108100,37.22,22,3.82,1.2,1.031,1,1,0,0
TXN107231,41.5,4,16.14,0.27,1.019,1,1,0,0
TXN112882,21.32,14,7.98,0.55,1.04,1,1,0,0
TXN113872,88.48,9,10.4,3.09,2.27,0,1,0,0
TXN108048,36.82,12,0.13,3.09,1.019,0,0,0,0
TXN111283,40.32,15,8.73,11.84,0.679,1,0,0,0
TXN105628,33.53,20,0.44,7.18,2.15,1,0,0,0
TXN101794,61.6,23,14.89,4.19,1.65,0,0,1,0
TXN113991,31.22,19,16.91,1.96,1.21,1,0,0,0
TXN114791,33.98,12,63.07,7.5,2.962,0,1,0,1
TXN112360,33.8,16,2.16,21.23,1.434,0,0,1,0
TXN105573,20.47,12,10.57,16.22,0.896,0,1,1,0
TXN102525,3.24,20,11.82,0.85,0.553,1,1,0,0
TXN105692,117.38,11,14.92,2.62,0.856,1,1,1,0
TXN103194,47.49,13,11.0,2.11,1.466,1,0,1,0
TXN102332,13.38,9,5.68,3.3,1.871,0,0,1,0
TXN101750,257.93,14,6.33,3.35,1.863,1,1,1,0
TXN104975,74.54,16,4.73,9.13,1.951,1,0,0,0
TXN101044,21.91,16,1.65,2.39,1.785,1,1,0,0
TXN112461,44.21,13,3.08,3.24,2.02,1,1,0,0
TXN107683,52.72,13,26.7,3.9,0.679,1,0,0,0
TXN106705,29.13,11,4.66,13.36,0.18,1,0,0,0
TXN113018,27.79,18,4.33,8.86,1.736,1,1,1,0
TXN100963,22.03,15,23.62,0.75,1.137,1,0,0,0
TXN103031,18.18,3,9.49,6.13,1.126,0,1,0,0
TXN100183,9.64,14,5.02,10.74,1.906,0,0,0,0
TXN108871,462.84,7,1.6,14.56,0.796,0,0,1,0
TXN104484,59.38,14,5.56,0.81,0.687,1,0,1,0
TXN114321,73.93,16,7.48,11.13,0.955,1,1,0,0
TXN110589,53.25,12,2.89,10.01,0.709,1,0,0,0
TXN109794,19.62,15,31.39,2.77,1.615,1,1,1,0
TXN111792,35.24,18,0.26,3.69,0.327,1,1,0,0
TXN103445,154.57,19,9.37,0.06,0.92,1,0,0,0
TXN101409,48.55,12,0.57,0.53,0.878,0,1,0,0
TXN112801,143.09,21,4.38,1.6,0.766,1,1,1,0
TXN102397,144.21,16,1.93,1.85,1.503,1,0,0,0
TXN104270,110.26,20,1.53,18.88,0.483,1,1,1,0
TXN106133,50.76,0,4.56,14.12,1.151,1,1,0,0
TXN108585,149.82,10,5.38,5.41,1.253,0,0,0,0
TXN108010,9.87,9,12.42,3.08,1.392,1,1,0,0
TXN114904,9.4,11,37.23,32.46,1.628,0,0,1,1
TXN110128,9.15,22,10.5,3.67,1.667,1,1,1,0
TXN107396,31.16,5,0.67,11.9,0.561,1,1,0,0
TXN113862,32.98,19,10.52,10.2,0.662,1,1,1,0
TXN111656,29.26,12,7.82,10.59,0.975,1,1,0,0
TXN101419,55.02,16,6.37,9.59,1.185,0,0,0,0
TXN102948,112.48,14,0.85,4.23,0.556,1,1,1,0
TXN109097,45.55,4,24.32,0.33,0.779,1,1,1,0
TXN104620,11.48,17,9.85,12.31,0.212,1,1,1,0
TXN107905,69.45,7,0.66,8.73,1.865,1,1,1,0
TXN101880,9.38,17,17.31,8.27,0.699,1,0,0,0
TXN110052,128.19,12,24.09,12.51,0.733,1,0,0,0
TXN105796,48.97,1,11.21,1.7,0.169,0,0,0,0
TXN105461,29.2,3,10.24,1.62,1.668,0,1,0,0
TXN114611,25.64,11,13.18,4.43,2.566,1,1,0,0
TXN103381,19.01,9,1.93,0.37,1.785,1,1,1,0
TXN105914,46.11,11,11.55,9.42,0.765,1,1,0,0
TXN110996,94.21,2,4.1,1.35,0.199,1,1,1,0
TXN105764,9.18,12,27.21,2.85,1.354,1,0,0,0
TXN104860,45.06,13,22.76,1.51,1.7,0,0,1,0
TXN100096,39.65,11,25.63,5.59,1.542,1,0,0,0
TXN114251,17.57,3,12.95,2.2,0.273,1,0,0,0
TXN106842,16.86,21,18.85,5.14,1.381,1,0,0,0
TXN107786,48.76,8,20.98,2.59,0.692,0,1,0,0
TXN111236,61.79,21,10.95,3.7,1.084,0,0,0,0
TXN114213,54.17,1,2.99,5.5,2.173,1,1,1,0
TXN100673,50.87,7,5.78,5.67,0.783,1,1,0,0
TXN112629,61.32,21,2.52,6.72,1.666,1,0,0,0
TXN105766,51.6,21,11.54,2.52,0.946,1,1,0,0
TXN114179,81.22,14,3.02,7.77,1.664,0,0,0,0
TXN101049,17.86,7,4.58,3.77,0.665,0,1,0,0
TXN102909,218.12,15,1.62,1.62,0.821,0,1,0,0
TXN107956,40.33,18,7.22,5.09,1.406,1,0,0,0
TXN100663,28.72,7,22.7,7.29,0.644,1,1,0,0
TXN106786,14.07,1,15.27,14.16,0.878,1,1,1,0
TXN103100,32.63,16,11.58,2.58,2.285,1,1,1,0
TXN107224,58.14,15,18.26,4.62,0.959,1,1,0,0
TXN112973,94.46,15,12.75,2.07,0.984,1,0,0,0
TXN101575,96.32,15,37.81,2.59,1.168,0,0,0,0
TXN100716,34.48,15,9.28,1.76,1.411,1,0,0,0
TXN103130,462.13,11,24.22,13.63,0.805,0,0,0,0
TXN111421,15.61,15,19.86,2.76,1.716,0,1,1,0
TXN105522,28.98,9,7.48,1.6,2.321,1,1,1,0
TXN111551,56.04,22,4.83,7.12,1.607,1,0,0,0
TXN112085,38.87,14,5.61,0.86,0.773,1,1,1,0
TXN107109,109.77,19,10.94,20.59,0.559,0,1,0,0
TXN108179,23.92,11,5.32,7.89,0.326,1,1,0,0
TXN105658,53.43,17,8.39,11.41,0.733,1,1,0,0
TXN112105,124.49,9,6.41,3.12,1.379,0,1,0,0
TXN106758,23.73,20,0.6,3.04,2.76,1,1,1,0
TXN100714,297.44,0,5.96,4.6,0.428,0,0,1,0
TXN104837,32.42,8,3.34,3.29,0.744,0,1,0,0
TXN112267,230.29,8,6.78,9.8,1.754,1,1,0,0
TXN102770,52.54,18,4.75,10.61,1.283,0,1,0,0
TXN102818,68.75,22,5.45,3.15,0.836,0,1,1,0
TXN105268,51.15,13,5.77,4.06,1.488,1,1,1,0
TXN111720,165.85,19,7.83,11.58,1.265,1,1,0,0
TXN102526,26.18,16,8.54,10.55,1.503,1,1,0,0
TXN102607,9.09,16,0.69,5.66,1.095,1,1,1,0
TXN111094,43.5,13,27.22,4.11,0.954,0,1,0,0
TXN100486,60.64,23,14.3,4.47,1.242,0,1,0,0
TXN105098,169.97,6,0.06,18.01,0.468,1,0,1,0
TXN105090,38.66,10,10.05,4.05,0.798,1,1,0,0
TXN106402,16.57,17,4.1,2.69,0.781,0,1,0,0
TXN112010,10.24,19,4.07,2.53,2.052,1,1,0,0
TXN102635,50.44,12,17.54,4.14,1.751,1,1,0,0
TXN107285,24.23,17,20.14,5.59,1.325,1,0,1,0
TXN100247,35.35,1,22.02,8.13,1.6,0,1,0,0
TXN109441,45.87,0,19.38,4.02,1.225,1,0,0,0
TXN105549,11.49,15,3.69,0.49,1.424,1,1,1,0
TXN107899,2.32,10,8.32,12.63,1.536,1,0,1,0
TXN110752,15.53,3,23.16,9.44,1.35,1,0,0,0
TXN101983,134.99,15,2.35,6.86,2.284,0,1,0,0
TXN103872,105.3,11,12.14,3.61,0.313,0,1,1,0
TXN110309,37.21,22,0.52,1.62,2.37,1,1,1,0
TXN106949,17.6,5,15.11,7.06,0.844,1,1,1,0
TXN114737,56.08,5,44.22,7.63,0.687,0,1,0,1
TXN107774,32.61,23,15.3,4.85,1.214,0,0,1,0
TXN108066,183.69,11,5.2,15.17,1.159,1,0,0,0
TXN114178,20.39,22,1.44,6.83,0.915,1,0,1,0
TXN109632,62.83,8,10.26,6.69,0.766,1,0,0,0
TXN103830,21.59,13,0.19,13.93,0.04,1,1,0,0
TXN103315,38.13,14,17.37,2.33,1.031,1,1,0,0
TXN111877,24.75,13,24.85,4.71,1.194,1,0,1,0
TXN109694,21.05,6,8.29,2.26,1.263,1,1,0,0
TXN112086,103.14,16,1.18,6.09,1.534,1,1,0,0
TXN111550,17.64,11,25.3,4.45,0.189,1,1,0,0
TXN113192,76.29,17,14.93,6.76,0.943,0,1,0,0
TXN112073,4.91,16,22.49,14.7,0.775,1,1,0,0
TXN108058,214.39,9,26.24,6.61,0.898,0,1,0,0
TXN101207,12.64,7,7.7,8.29,1.855,1,0,0,0
TXN103050,264.03,23,1.33,5.06,1.385,1,0,0,0
TXN113659,17.09,13,3.38,22.95,1.061,0,1,1,0
TXN106434,7.25,12,14.63,5.33,1.748,1,0,1,0
TXN101432,149.11,20,32.18,0.45,1.251,1,1,0,0
TXN113693,45.93,18,8.92,13.32,1.601,0,0,0,0
TXN107284,9.98,23,13.01,9.94,0.712,0,1,0,0
TXN111279,10.34,18,2.78,5.2,1.019,1,1,0,0
TXN101886,30.57,10,23.78,3.01,1.529,1,1,0,0
TXN114155,72.22,4,4.2,1.32,1.277,1,1,0,0
TXN110490,26.08,8,5.26,5.06,1.321,1,1,1,0
TXN102349,2.76,13,11.43,4.91,1.212,1,1,0,0
TXN100367,58.61,15,5.55,6.82,1.476,1,0,0,0
TXN113584,26.33,10,10.88,2.83,1.145,1,0,0,0
TXN110835,10.99,21,9.57,0.62,1.545,1,0,0,0
TXN109040,212.75,8,0.95,9.29,0.804,1,1,0,0
TXN113195,3.96,13,13.08,12.23,0.911,1,1,0,0
TXN105018,103.31,6,8.11,8.81,0.378,1,1,0,0
TXN106864,62.87,19,20.35,13.65,0.844,1,0,0,0
TXN108079,73.66,20,13.11,7.86,0.984,1,0,0,0
TXN110865,62.03,10,7.61,4.97,1.559,0,1,1,0
TXN113662,14.4,23,8.49,15.82,1.523,1,0,0,0
TXN111119,43.72,12,1.22,6.83,0.269,1,0,0,0
TXN106071,41.95,9,7.3,16.99,0.038,0,1,0,0
TXN112339,1.6,8,14.15,12.63,0.838,0,1,0,0
TXN106642,109.85,13,12.36,0.19,2.315,1,1,0,0
TXN106076,17.45,12,2.78,13.14,1.574,1,0,0,0
TXN105535,58.39,16,4.72,5.5,1.818,1,0,0,0
TXN105643,78.2,17,0.24,2.03,0.496,0,1,0,0
TXN105673,112.21,5,7.88,15.53,1.093,0,0,1,0
TXN108418,32.57,11,1.66,5.5,0.21,1,1,0,0
TXN104158,36.61,7,1.83,2.02,1.307,0,0,0,0
TXN102798,8.19,6,9.05,5.3,1.567,0,1,0,0
TXN103211,109.2,2,12.42,8.49,0.52,1,1,0,0
TXN109473,128.64,9,1.91,0.26,0.573,0,0,0,0
TXN102512,48.08,6,8.22,7.79,0.681,0,0,1,0
TXN113255,40.67,15,8.12,1.05,1.397,1,1,1,0
TXN101583,59.15,1,8.37,12.15,0.332,1,0,0,0
TXN102004,21.7,13,10.06,7.81,2.813,0,1,0,0
TXN112143,97.44,13,16.7,1.95,0.998,0,1,0,0
TXN108355,127.44,12,21.2,11.98,1.017,1,1,0,0
TXN113600,115.08,10,15.49,1.47,1.023,1,1,1,0
TXN103838,61.97,9,8.66,5.44,0.712,1,1,0,0
TXN100779,52.32,9,13.26,1.75,1.54,0,1,0,0
TXN111838,170.46,17,16.79,2.28,0.412,0,1,0,0
TXN105624,36.32,12,8.41,8.34,1.429,0,1,0,0
TXN108848,57.62,7,4.03,2.87,1.644,0,1,0,0
TXN114820,10.7,8,47.89,21.37,0.199,1,0,0,1
TXN109815,38.87,5,14.66,1.3,2.014,1,0,0,0
TXN113896,22.18,17,3.16,11.09,1.931,0,1,0,0
TXN102616,41.79,22,15.26,4.22,1.35,1,1,1,0
TXN104802,43.93,16,7.17,4.13,0.437,0,1,1,0
TXN111231,21.18,18,4.18,0.77,2.718,1,1,0,0
TXN112494,21.44,10,7.84,1.59,1.095,0,1,0,0
TXN112338,55.53,1,2.48,8.43,1.648,1,1,0,0
TXN102463,14.66,14,2.06,9.55,1.398,1,1,0,0
TXN107879,73.8,15,11.93,9.75,0.818,1,0,0,0
TXN104699,21.66,14,13.87,10.24,1.533,1,1,0,0
TXN106103,18.51,13,0.06,9.54,0.608,1,0,0,0
TXN113154,17.8,17,0.66,3.14,1.252,1,1,1,0
TXN104305,151.06,9,11.51,6.41,0.869,1,1,0,0
TXN102018,11.83,16,14.54,2.53,1.46,1,0,1,0
TXN113281,6.7,22,7.38,7.62,1.526,0,0,0,0
TXN101379,37.3,9,22.18,9.87,0.469,0,0,0,0
TXN113226,20.1,20,13.55,1.69,1.648,1,1,0,0
TXN111770,96.27,16,3.8,8.22,0.459,1,0,0,0
TXN113773,17.34,16,8.87,2.78,1.151,1,1,0,0
TXN111640,33.48,9,6.21,13.66,2.311,0,1,1,0
TXN110089,8.17,17,0.66,4.99,1.096,0,1,0,0
TXN114750,265.39,13,64.57,23.64,2.222,0,1,1,1
TXN112644,60.4,10,26.22,0.61,1.459,0,0,0,0
TXN105580,27.82,23,7.48,6.53,0.595,1,0,1,0
TXN111745,25.89,14,6.46,7.19,1.52,1,1,0,0
TXN110015,16.68,4,4.15,5.59,1.191,1,1,0,0
TXN106352,48.72,19,9.04,4.43,0.845,0,1,1,0
TXN107403,53.49,13,5.13,14.01,1.528,1,1,0,0
TXN101980,25.26,10,8.84,1.55,0.056,1,1,1,0
TXN109171,27.89,16,17.01,9.86,1.126,0,1,1,0
TXN109366,5.07,13,13.66,2.81,1.202,1,0,1,0
TXN110313,20.64,17,6.79,0.84,1.372,1,1,1,0
TXN112191,145.18,11,6.5,0.07,1.688,1,0,0,0
TXN102229,7.07,20,18.53,6.76,1.105,1,0,0,0
TXN107507,93.38,7,15.46,16.12,0.414,0,1,1,0
TXN110076,82.46,5,20.2,1.16,0.851,1,1,1,0
TXN106165,130.43,13,9.91,3.83,0.059,1,1,1,0
TXN101820,51.04,17,18.7,15.59,0.984,1,0,0,0
TXN100015,93.25,12,5.76,0.91,1.191,1,1,0,0
TXN106168,11.55,18,4.07,9.88,1.531,1,1,0,0
TXN102326,91.11,5,1.86,0.79,1.767,0,0,1,0
TXN108161,64.41,16,13.48,4.39,1.555,0,1,1,0
TXN105231,83.94,9,1.15,12.64,2.182,1,1,0,0
TXN102172,95.7,21,14.97,8.86,1.463,0,1,0,0
TXN103058,18.42,16,14.4,7.67,0.216,1,0,0,0
TXN114525,12.05,11,17.45,11.22,1.193,1,0,0,0
TXN104817,247.0,12,7.49,2.07,1.645,1,1,1,0
TXN108943,130.0,8,7.79,0.46,1.046,1,0,1,0
TXN112942,14.9,19,5.81,1.46,1.051,1,0,0,0
TXN107523,56.38,23,4.29,2.97,1.568,1,1,1,0
TXN106742,43.35,12,2.44,6.54,1.102,1,1,1,0
TXN111252,7.66,12,16.6,6.02,0.892,0,1,0,0
TXN108519,64.56,7,9.62,5.51,0.29,1,1,0,0
TXN102674,43.22,18,21.82,6.56,0.294,0,1,0,0
TXN104324,152.01,21,12.18,11.24,0.479,1,1,1,0
TXN100606,22.42,10,1.47,9.14,0.998,1,0,0,0
TXN111703,279.37,11,1.17,10.86,0.312,1,1,1,0
TXN105979,48.15,12,6.78,6.71,0.414,1,1,1,0
TXN102301,9.45,13,20.36,8.58,0.493,1,0,0,0
TXN103790,48.35,14,19.43,2.83,0.673,1,1,0,0
TXN107352,44.79,12,9.6,19.32,0.273,0,1,0,0
TXN106691,32.41,3,3.49,0.59,0.107,0,1,0,0
TXN103362,15.87,15,14.28,12.23,1.063,1,1,0,0
TXN108584,15.42,14,10.01,3.6,0.273,1,1,1,0
TXN101897,29.42,17,9.57,1.46,0.309,0,1,0,0
TXN101907,9.25,4,6.9,0.15,1.517,1,0,1,0
TXN107401,8.58,10,6.01,0.13,0.492,1,1,0,0
TXN104885,22.32,22,6.89,0.69,1.757,1,1,0,0
TXN112343,23.61,13,8.49,5.99,1.939,0,0,1,0
TXN108308,12.59,11,7.76,0.52,0.298,1,0,1,0
TXN103045,131.98,21,0.16,1.62,0.193,1,0,1,0
TXN106061,27.22,10,8.21,0.5,0.551,1,1,0,0
TXN110336,8.91,14,17.71,0.6,1.847,0,1,0,0
TXN100685,13.08,12,18.3,1.57,0.416,0,1,0,0
TXN101517,26.89,16,25.17,7.94,0.378,1,1,0,0
TXN102656,7.82,8,3.57,13.05,1.453,0,0,0,0
TXN110434,30.36,11,13.63,10.27,1.546,0,0,0,0
TXN105167,26.93,22,1.01,12.56,0.381,0,0,0,0
TXN102121,71.08,11,0.88,5.43,1.359,0,0,0,0
TXN107603,150.11,13,5.87,12.76,1.198,0,0,0,0
TXN103799,6.34,23,12.4,4.0,0.574,1,1,1,0
TXN108099,55.09,12,7.69,11.15,0.832,1,1,0,0
TXN104244,36.54,15,4.24,0.43,0.009,0,1,0,0
TXN113095,33.03,17,9.07,2.27,2.997,1,1,0,0
TXN104736,65.38,16,9.39,5.57,0.717,0,1,1,0
TXN112894,27.17,1,2.89,3.71,0.345,1,1,0,0
TXN107434,12.98,11,7.48,7.6,0.804,1,1,0,0
TXN109224,7.14,2,11.98,7.54,1.416,1,1,0,0
TXN109415,50.34,14,8.3,1.68,0.443,1,0,1,0
TXN113430,11.07,17,1.45,8.16,1.233,1,0,0,0
TXN105031,84.54,13,17.28,16.85,1.148,1,0,0,0
TXN107360,11.0,9,1.7,11.84,1.212,1,0,0,0
TXN112913,627.3,15,2.79,5.96,1.386,1,0,0,0
TXN113667,41.76,10,0.27,2.2,1.3,1,1,0,0
TXN105078,25.6,10,1.87,1.24,1.258,1,1,0,0
TXN103591,176.85,18,13.22,10.77,1.248,0,1,1,0
TXN104468,32.2,9,12.9,9.13,0.783,1,0,0,0
TXN101802,157.58,17,14.66,0.45,0.102,1,0,1,0
TXN107897,26.99,14,12.11,13.33,1.612,1,1,0,0
TXN104028,51.7,15,7.59,8.95,0.091,1,0,1,0
TXN111605,378.16,16,11.67,6.68,1.192,0,1,0,0
TXN107573,23.64,7,23.13,8.82,0.712,1,0,0,0
TXN111088,63.39,13,26.29,3.77,1.473,1,1,0,0
TXN112194,20.48,7,9.82,1.17,1.2,1,1,0,0
TXN101270,13.19,8,10.06,6.42,0.927,1,1,1,0
TXN109660,85.16,10,25.3,6.93,0.487,1,1,0,0
TXN100310,100.76,16,16.33,5.22,0.512,1,0,1,0
TXN111321,23.38,21,8.97,11.6,0.064,0,1,0,0
TXN102666,26.7,13,5.72,10.56,0.569,1,0,1,0
TXN104682,64.47,23,5.84,5.85,1.317,0,1,1,0
TXN108685,66.17,15,2.34,5.36,0.226,1,1,0,0
TXN114204,19.48,0,2.77,0.81,1.779,1,1,1,0
TXN107489,65.66,2,14.13,7.51,1.497,1,0,1,0
TXN104070,118.84,9,2.64,14.08,1.024,0,1,0,0
TXN109754,214.65,11,18.7,12.0,1.171,0,0,0,0
TXN108004,23.02,12,6.76,3.42,0.019,1,1,0,0
TXN102471,34.35,18,2.89,0.18,1.83,1,0,0,0
TXN102278,26.32,19,0.28,7.34,0.51,1,1,0,0
TXN111030,97.2,11,3.56,1.2,0.911,1,0,0,0
TXN107001,3.4,22,4.4,16.35,1.887,0,0,0,0
TXN109068,22.87,2,16.9,6.36,0.8,1,1,1,0
TXN100158,500.88,18,5.24,5.54,0.221,0,1,1,0
TXN100675,19.7,13,1.71,2.43,0.781,1,1,1,0
TXN103292,14.96,3,5.27,4.12,1.699,1,1,0,0
TXN107383,131.24,12,28.69,5.54,1.833,1,1,1,0
TXN105036,86.82,17,10.04,10.14,1.465,1,0,1,0
TXN107869,43.37,11,5.5,13.33,0.361,1,0,1,0
TXN103000,47.58,15,22.5,8.49,0.779,1,0,0,0
TXN108165,42.36,17,0.49,0.86,1.111,1,1,0,0
TXN100231,31.17,13,1.18,3.12,1.862,1,1,1,0
TXN103336,45.53,1,19.99,4.19,1.315,0,1,0,0
TXN100346,16.9,15,12.32,7.63,0.958,1,0,1,0
TXN107829,279.34,7,1.55,0.38,1.568,1,1,0,0
TXN109653,30.53,21,12.89,7.92,1.056,0,1,1,0
TXN102605,163.21,7,3.81,0.73,1.057,1,0,1,0
TXN105991,7.5,16,4.81,0.79,0.582,0,1,0,0
TXN113957,73.34,16,9.03,7.42,0.253,0,0,1,0
TXN111206,39.71,13,14.22,1.61,1.362,1,1,1,0
TXN106752,16.3,21,9.03,2.11,1.226,0,1,1,0
TXN101143,57.02,15,12.92,7.88,1.8,1,0,1,0
TXN102668,17.13,7,7.27,2.55,2.176,1,1,0,0
TXN101497,17.24,13,13.78,5.34,0.937,1,1,0,0
TXN101361,65.99,19,21.07,6.74,1.037,0,0,0,0
TXN100270,1.57,18,7.37,6.83,0.049,0,1,0,0
TXN113037,16.82,12,3.24,9.17,1.71,1,1,0,0
TXN103749,81.26,4,11.61,1.85,0.246,0,0,1,0
TXN112119,70.35,17,1.14,13.71,1.38,1,0,0,0
TXN101064,4.22,3,2.52,2.68,0.937,0,1,0,0
TXN113465,36.24,7,7.95,3.23,0.745,1,0,1,0
TXN114226,3.48,18,10.48,1.78,1.659,0,1,0,0
TXN108367,35.46,14,4.07,10.62,2.234,1,1,0,0
TXN114432,77.84,4,8.89,7.41,2.349,1,0,0,0
TXN101772,47.06,9,9.13,14.09,0.907,1,1,0,0
TXN110422,8.56,0,4.12,2.11,1.004,0,1,0,0
TXN113995,12.34,17,2.69,5.8,1.668,0,0,0,0
TXN105968,45.64,20,24.89,2.14,0.933,1,1,0,0
TXN112391,16.04,13,14.49,8.99,1.356,1,1,0,0
TXN100940,246.35,4,4.95,8.55,0.978,1,1,1,0
TXN101195,107.91,7,13.27,4.2,0.633,0,1,0,0
TXN110199,7.82,7,10.58,8.9,0.353,1,1,0,0
TXN106385,7.08,16,16.09,9.13,1.403,0,1,0,0
TXN105622,42.12,8,9.17,8.08,1.713,0,0,1,0
TXN103197,45.22,22,9.4,6.11,1.053,1,1,0,0
TXN106826,30.16,16,4.0,5.79,0.741,1,0,1,0
TXN109298,14.91,18,14.9,6.0,1.178,1,0,0,0
TXN106740,39.02,11,4.06,2.38,1.721,0,0,1,0
TXN114658,49.29,5,11.74,50.64,3.578,1,1,0,1
TXN108931,72.74,0,9.96,8.44,1.528,0,0,1,0
TXN110804,41.01,20,11.71,0.29,1.373,1,1,1,0
TXN112144,43.69,17,6.26,5.8,1.372,1,1,0,0
TXN114879,79.04,17,34.42,15.21,1.925,0,0,1,1
TXN111143,21.47,18,12.44,3.78,1.315,1,0,0,0
TXN111310,11.19,12,16.15,4.05,1.419,1,1,0,0
TXN110959,94.83,8,5.05,3.84,1.276,0,1,0,0
TXN103517,186.95,23,28.4,6.27,0.067,0,1,0,0
TXN107764,61.47,9,8.81,4.24,1.551,1,1,0,0
TXN102085,154.14,9,2.42,6.72,1.13,0,1,0,0
TXN107663,21.1,10,10.74,17.18,1.579,1,0,0,0
TXN112663,27.68,19,8.94,8.41,1.603,0,0,0,0
TXN105676,52.28,11,24.42,5.88,0.339,1,1,0,0
TXN111227,65.59,15,6.59,6.04,0.627,0,1,1,0
TXN112526,7.45,9,4.41,0.74,1.031,1,1,1,0
TXN114627,37.35,21,25.93,9.31,0.331,0,0,0,1
TXN100962,11.67,8,9.8,7.73,1.295,1,1,0,0
TXN111985,3.27,13,19.7,1.25,0.614,1,1,0,0
TXN105476,30.32,12,15.92,3.75,0.432,1,0,0,0
TXN111976,18.88,22,7.59,0.12,0.743,1,1,1,0
TXN113358,2.73,16,18.57,14.0,1.637,0,0,0,0
TXN112824,15.28,18,0.8,0.48,1.196,0,0,1,0
TXN106337,54.63,10,6.32,9.49,0.812,1,1,1,0
TXN109466,43.87,19,22.65,12.88,1.009,1,1,0,0
TXN105185,78.13,7,1.1,3.23,1.19,1,1,0,0
TXN109712,32.8,19,25.79,5.67,1.398,1,1,1,0
TXN103490,154.29,22,15.09,4.37,0.794,1,0,0,0
TXN107822,34.67,12,14.46,17.38,1.543,1,1,0,0
TXN101061,28.01,17,3.05,1.56,1.177,0,0,0,0
TXN110163,43.81,7,4.83,6.4,0.078,1,1,0,0
TXN104594,14.76,13,6.88,2.85,2.143,1,1,0,0
TXN102416,67.75,6,6.06,3.63,0.19,1,1,0,0
TXN109326,87.83,14,9.59,18.57,0.691,0,1,0,0
TXN113260,154.72,14,4.89,2.92,1.275,1,0,0,0
TXN104976,23.48,1,12.8,4.48,1.254,0,1,0,0
TXN109440,23.92,0,9.84,12.16,1.707,0,0,0,0
TXN103919,47.72,7,0.25,8.14,0.698,1,1,0,0
TXN105396,36.06,9,10.38,3.03,2.417,1,1,1,0
TXN111676,394.08,5,12.47,4.06,1.123,1,1,0,0
TXN104423,200.62,14,7.84,0.11,1.509,1,1,0,0
TXN111820,48.07,18,6.99,15.97,0.977,1,1,0,0
TXN104290,15.64,15,19.95,3.06,1.241,0,1,1,0
TXN109698,28.28,9,7.08,5.24,0.526,1,1,0,0
TXN102049,63.96,0,8.78,5.95,1.483,0,0,1,0
TXN107116,119.24,15,11.1,6.55,1.168,0,0,1,0
TXN107857,19.43,5,2.54,3.33,1.671,1,1,0,0
TXN113247,12.08,14,4.39,11.0,1.038,1,1,0,0
TXN105524,101.0,16,2.75,3.72,0.063,1,0,0,0
TXN104001,47.03,14,11.16,6.23,1.056,1,0,0,0
TXN100042,17.32,16,9.2,0.91,1.688,1,1,0,0
TXN113856,95.74,21,9.14,4.16,1.672,1,0,0,0
TXN101979,17.86,14,14.3,5.92,1.38,1,1,0,0
TXN101343,390.9,0,18.99,2.67,1.249,1,1,1,0
TXN110584,35.07,17,5.62,8.66,0.051,1,0,1,0
TXN113026,19.42,10,6.27,1.43,1.889,1,1,1,0
TXN105824,42.04,8,9.63,6.67,0.912,1,1,0,0
TXN101676,261.7,12,13.63,6.41,1.689,1,0,0,0
TXN114405,39.54,15,12.01,17.64,1.111,1,0,1,0
TXN100017,34.96,5,8.06,0.74,1.42,1,1,1,0
TXN103636,111.51,21,22.47,7.84,0.58,1,1,0,0
TXN112268,67.56,21,15.23,4.24,0.891,1,1,1,0
TXN112456,32.47,3,14.05,2.59,1.174,1,0,0,0
TXN101536,12.01,15,19.94,2.65,0.488,1,1,0,0
TXN106488,39.92,9,7.24,2.9,0.733,1,1,1,0
TXN113825,6.73,12,3.56,18.0,0.585,1,1,0,0
TXN111017,66.5,14,3.14,12.3,0.128,1,1,0,0
TXN102661,15.93,12,3.68,5.53,0.868,1,1,1,0
TXN110883,15.05,16,25.32,12.73,1.864,1,1,1,0
TXN102748,207.21,7,4.61,1.33,0.658,1,1,1,0
TXN101821,41.89,5,4.67,5.07,0.63,0,1,0,0
TXN106050,24.3,8,11.53,6.56,1.881,1,0,0,0
TXN102254,27.15,10,2.54,11.41,1.362,1,1,0,0
TXN101744,47.41,12,9.67,11.52,0.86,1,0,1,0
TXN112878,8.4,9,20.4,3.61,1.023,0,1,0,0
TXN114689,23.71,0,29.9,9.6,3.016,1,0,0,1
TXN104131,13.46,16,2.02,8.72,1.193,1,0,1,0
TXN106794,16.22,9,13.12,16.67,2.211,1,1,0,0
TXN108807,39.38,18,18.0,2.6,1.019,1,1,0,0
TXN107241,18.91,16,9.1,2.82,0.343,1,1,0,0
TXN111799,24.64,9,9.51,8.54,0.697,0,1,0,0
TXN101773,7.86,21,8.69,0.06,0.652,1,1,0,0
TXN104725,164.39,12,1.02,8.39,0.679,0,1,1,0
TXN110449,76.32,15,0.75,5.35,1.184,1,1,0,0
TXN113893,1665.01,18,19.47,4.58,0.577,1,0,0,0
TXN108086,16.8,3,11.47,4.73,0.6,0,1,1,0
TXN114265,276.66,5,3.52,0.59,2.009,0,1,1,0
TXN105323,161.65,5,10.85,5.05,1.209,0,0,1,0
TXN109529,16.26,16,7.56,0.96,0.441,1,1,1,0
TXN101715,100.43,15,16.17,7.45,0.436,1,1,1,0
TXN105469,9.78,3,14.84,3.47,1.902,1,1,1,0
TXN102311,119.63,21,3.03,1.09,1.527,1,0,0,0
TXN101661,11.56,1,8.76,9.89,1.09,0,0,0,0
TXN103446,27.48,15,10.0,16.46,1.171,1,1,1,0
TXN100153,190.39,9,11.92,1.57,0.223,1,1,0,0
TXN109031,19.77,5,8.09,7.18,1.384,0,1,0,0
TXN114465,7.07,20,12.84,1.3,1.682,1,1,0,0
TXN100590,95.44,8,9.85,6.8,1.069,1,1,1,0
TXN105080,23.19,5,4.38,13.87,1.185,1,1,0,0
TXN104862,63.77,11,4.64,0.11,1.36,1,1,0,0
TXN110168,52.63,10,11.76,1.92,1.341,0,0,1,0
TXN111040,2.76,5,1.77,12.39,0.205,1,1,0,0
TXN110067,62.04,15,10.17,16.08,1.268,0,1,0,0
TXN109336,160.38,13,6.58,2.24,0.527,1,0,0,0
TXN100269,27.14,0,25.19,1.52,0.742,1,1,0,0
TXN109633,45.0,10,2.33,6.58,0.24,0,1,0,0
TXN100551,33.91,17,3.73,4.66,0.367,1,1,0,0
TXN104091,32.27,22,5.81,3.43,0.636,0,0,1,0
TXN110339,3.77,8,11.68,11.7,1.024,1,1,0,0
TXN103160,18.73,20,10.27,8.56,0.623,0,1,1,0
TXN102217,74.6,21,1.59,4.75,0.966,1,0,0,0
TXN109894,68.17,12,9.15,0.01,1.364,0,1,0,0
TXN107711,15.42,21,14.15,9.49,0.875,1,1,1,0
TXN102285,89.35,8,0.47,13.42,1.018,1,1,0,0
TXN110945,144.31,15,3.84,2.34,1.485,0,1,0,0
TXN104856,74.49,14,3.38,5.25,0.73,0,1,0,0
TXN100009,92.92,15,15.65,12.13,0.223,1,1,1,0
TXN112203,34.09,11,18.56,1.38,0.807,1,1,0,0
TXN105825,120.49,19,24.89,9.88,0.649,1,1,1,0
TXN106105,47.66,20,8.14,4.13,0.222,1,1,0,0
TXN112394,29.88,23,1.43,3.66,0.9,1,1,1,0
TXN114977,214.62,6,10.08,10.79,3.92,0,0,0,1
TXN111183,50.99,11,0.45,6.43,0.557,1,0,0,0
TXN105142,59.07,11,4.01,6.89,1.027,1,0,0,0
TXN103388,134.4,2,23.1,1.29,2.422,1,1,0,0
TXN105922,69.6,15,9.04,9.62,1.095,0,0,0,0
TXN113927,164.81,13,17.37,5.31,1.533,1,1,0,0
TXN100768,14.95,4,13.99,2.04,0.962,1,1,1,0
TXN100836,10.75,0,0.58,3.17,0.232,0,0,1,0
TXN102276,38.03,3,5.55,11.72,0.53,1,0,0,0
TXN105489,23.04,15,9.19,11.6,0.796,1,0,0,0
TXN104050,38.37,7,16.77,2.19,1.552,1,1,0,0
TXN113471,33.68,8,7.26,21.42,0.873,0,0,1,0
TXN114625,209.82,22,11.8,29.01,2.388,1,0,0,1
TXN105498,9.38,13,2.0,3.23,0.792,1,1,1,0
TXN114532,24.25,17,18.76,11.05,0.614,1,1,0,0
TXN103620,21.8,20,8.77,5.14,1.125,1,1,0,0
TXN102740,4.49,10,6.11,8.57,2.296,1,0,1,0
TXN104338,30.78,18,7.03,0.9,1.695,0,1,0,0
TXN111369,11.81,19,25.24,21.34,0.279,0,0,1,0
TXN109334,69.04,18,0.31,2.7,0.553,1,1,1,0
TXN110280,38.93,6,9.56,5.63,1.494,1,0,0,0
TXN109774,73.1,2,11.65,5.14,0.707,1,1,1,0
TXN102904,10.61,3,15.22,5.28,1.266,1,1,0,0
TXN103583,20.09,17,10.14,8.23,1.459,1,1,0,0
TXN113817,19.48,9,2.49,5.56,0.589,0,0,0,0
TXN105511,5.92,16,3.08,3.55,0.571,0,1,0,0
TXN107181,19.6,6,23.75,0.08,1.872,0,0,1,0
TXN111620,23.04,14,11.96,0.81,0.195,1,0,1,0
TXN100658,135.21,17,9.38,2.18,1.023,1,1,0,0
TXN113642,67.53,14,9.96,7.27,1.313,1,1,0,0
TXN111968,58.74,21,12.74,2.4,1.727,1,1,0,0
TXN107207,27.37,17,3.64,17.04,0.964,1,1,0,0
TXN111329,25.19,17,15.33,8.55,1.784,1,0,0,0
TXN103811,68.48,17,0.45,3.47,1.141,1,1,1,0
TXN106837,29.74,18,9.08,1.92,1.001,0,1,1,0
TXN112841,25.65,18,13.12,11.83,0.163,1,1,1,0
TXN103188,19.93,16,1.28,7.44,1.394,0,0,1,0
TXN102928,40.43,18,0.8,0.42,0.642,1,1,1,0
TXN108994,11.08,9,7.33,7.4,1.39,1,1,0,0
TXN114908,46.38,17,35.72,13.93,1.992,0,0,1,1
TXN104852,19.55,5,2.16,1.9,1.833,1,0,0,0
TXN111328,21.7,13,1.34,11.4,2.672,0,1,0,0
TXN103276,20.92,11,22.94,2.66,1.501,1,1,0,0
TXN101663,23.63,13,15.99,3.2,0.893,1,1,1,0
TXN110068,302.25,9,0.85,21.69,1.096,1,0,0,0
TXN103518,26.46,15,11.64,13.27,1.026,0,1,0,0
TXN109282,52.72,13,1.54,5.12,1.572,1,1,1,0
TXN101045,47.32,17,14.25,4.61,1.372,1,1,0,0
TXN100713,69.64,10,17.79,8.04,1.871,1,0,1,0
TXN112733,95.53,18,3.6,3.06,1.435,1,0,0,0
TXN104543,34.09,11,15.71,0.39,0.92,1,0,1,0
TXN112669,86.75,11,19.48,11.77,0.662,0,0,1,0
TXN105283,15.35,6,5.84,3.4,0.014,1,1,0,0
TXN104973,51.86,4,16.63,0.89,2.175,1,0,1,0
TXN109273,15.3,8,12.87,5.96,1.96,0,1,0,0
TXN114162,13.32,1,12.1,0.48,1.396,1,0,0,0
TXN110057,63.68,18,4.17,9.23,1.382,1,1,0,0
TXN102829,14.96,22,9.6,3.09,1.698,1,1,0,0
TXN102667,78.12,11,9.12,1.53,0.047,1,1,0,0
TXN114693,964.09,15,17.66,23.75,2.24,1,1,1,1
TXN109947,34.06,2,2.56,4.12,1.524,1,0,0,0
TXN114004,13.19,8,16.13,17.24,2.28,1,1,0,0
TXN100801,75.25,0,15.86,10.61,1.517,0,1,0,0
TXN100509,34.38,9,25.32,16.15,1.513,1,1,0,0
TXN103514,161.95,15,5.57,16.71,1.722,1,0,1,0
TXN113929,189.71,10,10.89,3.68,1.937,0,0,0,0
TXN107474,33.06,17,7.51,9.86,0.006,1,1,0,0
TXN109539,98.34,10,2.33,7.58,0.565,0,1,1,0
TXN105259,14.35,5,3.11,14.55,1.367,1,1,1,0
TXN113512,144.34,21,9.17,5.99,0.338,1,0,1,0
TXN106960,225.49,17,4.77,7.69,1.605,1,0,0,0
TXN108755,20.3,22,31.11,5.58,1.269,0,1,0,0
TXN114634,453.85,6,39.64,33.63,4.774,0,0,0,1
TXN106067,82.95,2,22.34,2.31,2.117,1,1,0,0
TXN111644,2.2,8,18.9,3.65,0.086,0,0,0,0
TXN104077,7.05,9,2.31,2.51,0.886,0,1,0,0
TXN100259,93.34,2,11.61,8.36,0.65,1,1,0,0
TXN110214,34.89,14,17.69,4.88,1.817,1,0,0,0
TXN110810,10.32,15,22.05,9.32,0.532,0,1,1,0
TXN104276,58.74,16,1.87,4.59,1.69,1,0,0,0
TXN103918,12.57,23,7.87,4.46,1.665,1,1,0,0
TXN100326,159.0,16,5.19,13.06,1.122,0,0,0,0
TXN100632,104.3,4,11.22,7.57,1.052,1,1,0,0
TXN105907,60.09,6,5.18,1.64,1.225,1,1,1,0
TXN106514,133.67,16,15.08,0.66,0.96,1,0,1,0
TXN107038,15.7,14,2.52,7.2,0.907,1,1,1,0
TXN114805,31.82,6,17.35,30.67,0.462,0,0,1,1
TXN114607,227.07,0,5.41,3.76,1.714,0,0,0,0
TXN105298,42.39,14,17.03,13.81,0.76,1,0,0,0
TXN107750,69.61,20,16.91,0.03,2.271,0,0,0,0
TXN105733,191.79,2,22.36,9.17,0.82,0,0,0,0
TXN101811,250.73,14,11.52,9.58,1.316,1,0,1,0
TXN111466,21.75,9,0.14,3.22,1.808,0,1,1,0
TXN109368,172.95,11,7.77,2.24,1.893,1,1,1,0
TXN113958,20.8,17,9.25,0.65,0.022,0,1,1,0
TXN111677,39.04,16,10.87,6.47,1.183,0,0,0,0
TXN104112,105.53,10,9.24,5.86,1.2,0,1,0,0
TXN107546,16.68,10,6.73,1.34,1.067,0,1,0,0
TXN106094,11.71,12,0.59,0.45,0.961,1,0,0,0
TXN100138,156.74,5,8.08,9.68,1.528,0,0,0,0
TXN112510,121.44,13,4.81,0.0,0.061,1,1,0,0
TXN114411,48.4,17,11.45,5.78,0.391,1,1,0,0
TXN113147,76.73,5,1.87,2.56,0.987,0,0,1,0
TXN110381,12.81,12,1.92,1.58,1.364,1,0,0,0
TXN102330,25.26,8,6.23,0.8,0.962,1,0,0,0
TXN112395,378.43,11,12.33,3.14,1.227,1,0,0,0
TXN105732,16.39,23,14.42,9.36,1.074,1,1,1,0
TXN101873,11.15,14,0.64,8.28,1.043,1,1,0,0
TXN100222,527.07,7,7.95,1.5,0.774,1,0,0,0
TXN113534,10.25,13,19.69,2.17,2.132,1,0,0,0
TXN112626,91.91,17,13.09,7.0,1.839,1,0,0,0
TXN106017,18.56,14,4.79,10.82,1.711,1,0,0,0
TXN113545,69.0,9,1.51,14.43,0.154,1,1,0,0
TXN101831,203.92,4,11.55,6.04,1.753,1,1,0,0
TXN114231,95.43,20,12.01,4.8,1.694,0,0,0,0
TXN100101,142.49,10,13.26,11.12,1.055,1,0,1,0
TXN113057,4.86,11,13.79,6.54,0.786,1,1,0,0
TXN109557,38.67,15,3.67,4.42,1.136,1,0,0,0
TXN106653,117.14,15,10.57,15.48,0.442,0,1,0,0
TXN106024,51.36,13,0.63,1.52,0.088,1,1,0,0
TXN114235,53.45,12,10.24,6.05,0.961,1,0,0,0
TXN109113,101.66,13,7.44,12.55,1.157,1,0,1,0
TXN102336,96.38,12,8.7,7.89,0.68,1,1,1,0
TXN107755,37.76,17,6.99,3.54,1.307,1,1,1,0
TXN103533,24.09,10,4.26,4.12,0.61,1,0,0,0
TXN113409,57.98,11,1.14,1.5,0.534,0,0,0,0
TXN100600,17.67,16,0.82,8.11,0.942,1,0,0,0
TXN103037,13.4,9,4.19,3.4,2.392,1,1,0,0
TXN106171,160.61,17,22.33,0.84,0.566,1,1,0,0
TXN113141,33.12,10,6.66,3.28,2.801,1,1,1,0
TXN107256,96.49,17,4.28,13.07,0.791,0,1,0,0
TXN113048,81.09,0,17.75,3.64,0.485,0,1,0,0
TXN109480,18.64,10,1.51,8.42,1.909,1,1,0,0
TXN111075,116.48,19,19.05,8.89,0.718,1,1,1,0
TXN107542,70.46,15,5.73,11.74,1.816,1,1,1,0
TXN109065,21.27,9,6.62,4.02,1.55,0,1,1,0
TXN106278,35.2,6,3.24,2.93,2.027,1,0,0,0
TXN101235,76.65,11,0.69,6.65,0.658,1,0,0,0
TXN112685,24.31,13,11.88,8.98,0.335,0,0,0,0
TXN112970,23.91,18,17.1,8.73,1.368,0,0,0,0
TXN100868,42.98,13,0.98,13.77,1.094,1,1,0,0
TXN107420,66.97,12,9.19,4.4,0.559,1,1,0,0
TXN104515,7.97,4,25.97,4.83,0.566,0,0,0,0
TXN108870,341.71,19,7.87,10.86,1.999,0,1,1,0
TXN114674,241.24,11,18.43,44.25,1.428,0,0,1,1
TXN112378,191.22,17,5.21,2.9,1.075,1,0,0,0
TXN114924,15.14,6,27.49,17.24,0.65,0,1,0,1
TXN102795,36.28,15,8.36,0.23,0.743,1,1,0,0
TXN113918,7.51,14,0.41,11.48,2.003,0,1,0,0
TXN107804,320.24,19,5.07,5.39,1.885,0,1,0,0
TXN109042,100.24,9,9.67,5.68,0.121,1,0,1,0
TXN105608,26.8,10,8.46,8.26,0.612,1,1,1,0
TXN100274,18.48,14,16.97,16.48,1.114,1,1,1,0
TXN102105,45.63,16,14.18,9.1,1.254,0,1,0,0
TXN103334,25.31,14,11.46,6.1,1.752,0,1,0,0
TXN103270,64.15,22,2.35,8.59,1.434,0,0,0,0
TXN112776,21.9,2,7.77,4.0,1.949,1,0,1,0
TXN104342,54.83,12,4.28,3.79,0.728,0,1,1,0
TXN111336,16.78,19,6.79,1.18,1.172,1,1,0,0
TXN103301,58.34,19,7.44,9.66,0.538,0,1,0,0
TXN111581,19.21,8,4.33,4.55,1.175,1,0,0,0
TXN111048,24.12,13,1.85,0.55,1.282,1,1,0,0
TXN113865,30.05,13,13.85,2.57,2.069,1,0,0,0
TXN102124,145.35,0,0.01,13.52,1.264,1,0,0,0
TXN102625,37.77,18,7.55,4.71,1.45,1,1,1,0
TXN104828,581.67,7,13.26,10.93,0.558,1,1,1,0
TXN109786,5.61,13,19.35,0.34,0.719,1,0,1,0
TXN101458,91.4,20,5.44,13.01,0.878,1,1,1,0
TXN112892,16.09,15,16.93,4.61,2.361,1,1,0,0
TXN102445,25.24,8,2.01,5.31,1.51,0,0,0,0
TXN107491,24.87,16,12.68,0.08,0.632,0,1,0,0
TXN103102,103.79,19,5.2,12.59,1.253,1,1,0,0
TXN107448,40.19,21,5.33,6.56,0.067,1,1,1,0
TXN108754,471.56,20,0.34,3.39,1.846,0,1,0,0
TXN103762,135.74,9,14.89,3.63,2.248,1,1,0,0
TXN103344,5.62,8,15.18,17.07,0.934,1,1,0,0
TXN106424,41.89,4,4.56,2.2,1.348,1,0,0,0
TXN111294,29.6,18,8.02,0.83,0.891,1,0,0,0
TXN113895,99.83,0,0.03,5.03,1.538,1,0,1,0
TXN104285,11.21,12,7.44,6.6,0.499,1,1,1,0
TXN102325,29.97,17,11.18,2.46,1.096,0,0,0,0
TXN108656,49.95,0,8.05,3.37,0.662,1,1,0,0
TXN111453,67.53,16,6.92,0.78,1.614,1,1,0,0
TXN102906,5.38,8,2.07,0.92,1.485,1,1,0,0
TXN104249,17.42,14,11.75,3.34,1.254,0,0,0,0
TXN100961,74.9,3,5.3,0.84,1.71,0,0,0,0
TXN108356,17.34,5,20.98,1.64,0.209,1,0,0,0
TXN100615,70.89,11,14.32,0.0,1.79,1,1,1,0
TXN114189,92.25,16,5.69,2.58,1.711,1,0,0,0
TXN112623,29.19,6,4.18,1.71,1.644,0,1,1,0
TXN100068,15.36,14,7.01,0.05,1.325,0,1,0,0
TXN111433,58.61,19,10.12,4.64,0.991,1,1,1,0
TXN107055,112.39,17,9.87,1.02,1.835,1,0,0,0
TXN105512,234.03,21,14.78,6.19,1.342,0,1,0,0
TXN111128,8.59,20,10.49,5.6,0.677,0,1,0,0
TXN102727,105.68,4,2.72,2.56,1.258,1,1,0,0
TXN102410,82.5,0,28.46,4.39,0.985,1,0,1,0
TXN113668,15.35,14,5.01,4.05,2.554,0,0,0,0
TXN105787,9.79,0,9.48,2.75,1.039,1,0,1,0
TXN106974,11.91,16,4.68,11.76,1.327,1,1,0,0
TXN112648,98.73,13,12.33,1.64,0.657,0,0,1,0
TXN102805,86.91,7,5.26,4.92,0.946,0,0,0,0
TXN100293,22.5,11,9.68,4.77,1.461,1,1,0,0
TXN104026,11.94,15,27.08,7.36,0.656,1,1,1,0
TXN103038,16.75,18,4.66,2.69,1.693,0,1,1,0
TXN111535,32.38,1,3.09,0.17,1.632,1,1,0,0
TXN113525,51.1,17,18.0,14.64,2.12,1,1,0,0
TXN109971,18.92,16,5.39,5.88,1.549,1,0,0,0
TXN102270,450.77,18,0.3,11.91,0.16,1,1,0,0
TXN101957,6.54,10,12.85,3.96,0.624,1,0,1,0
TXN102261,46.08,19,6.37,3.74,1.151,1,1,0,0
TXN102155,195.83,22,5.87,13.51,1.525,1,1,0,0
TXN113321,78.71,9,9.89,6.02,0.841,1,1,0,0
TXN106970,33.61,10,10.27,21.19,0.836,1,0,1,0
TXN110157,14.65,15,12.42,0.39,2.539,1,0,1,0
TXN102437,43.45,23,1.17,6.64,1.618,1,1,0,0
TXN112111,193.45,11,1.96,10.22,0.643,0,1,0,0
TXN103286,84.19,16,6.72,1.69,1.132,0,0,0,0
TXN106919,68.99,11,2.29,5.74,1.631,0,0,1,0
TXN110165,113.45,6,6.83,9.1,0.847,1,0,0,0
TXN103665,89.15,12,6.71,1.39,0.82,1,0,0,0
TXN108343,21.58,19,12.72,6.58,1.788,1,0,1,0
TXN111830,62.18,22,8.73,6.58,1.007,1,0,1,0
TXN111655,74.24,7,3.17,2.89,1.44,0,1,1,0
TXN102021,8.55,19,11.25,2.96,0.67,1,1,1,0
TXN103785,40.86,9,1.09,4.73,0.648,1,0,1,0
TXN109861,431.36,6,23.1,1.29,0.936,0,0,1,0
TXN100934,12.75,20,8.2,5.65,0.855,1,1,0,0
TXN106290,45.94,2,14.59,3.72,1.802,1,1,0,0
TXN113304,54.54,17,3.97,0.21,0.321,1,1,1,0
TXN114476,27.98,13,4.82,3.33,0.074,1,0,0,0
TXN103258,36.31,5,10.97,14.76,1.661,0,0,1,0
TXN114128,55.57,12,6.05,2.44,1.305,1,0,0,0
TXN113672,61.27,12,17.52,5.39,0.759,0,0,0,0
TXN100692,23.61,7,3.06,14.27,1.463,1,0,0,0
TXN106326,512.88,1,3.32,0.06,1.095,1,1,0,0
TXN101150,53.88,10,18.82,0.6,1.636,0,1,0,0
TXN104597,305.7,16,13.89,4.14,1.42,1,1,0,0
TXN112162,41.14,4,13.0,5.22,1.164,1,1,0,0
TXN109024,67.99,5,13.35,4.39,0.351,1,0,0,0
TXN101320,39.67,13,4.72,11.89,2.032,0,0,1,0
TXN109094,11.88,12,2.26,10.16,0.412,0,1,0,0
TXN109686,34.84,18,0.72,14.02,0.599,1,0,0,0
TXN104652,10.11,21,8.26,12.09,1.426,1,0,0,0
TXN106920,73.71,17,3.86,7.34,1.5,0,1,1,0
TXN111736,34.66,15,5.45,9.03,0.129,1,1,0,0
TXN112400,41.28,7,11.26,17.24,0.955,1,0,0,0
TXN111588,11.37,8,13.54,6.83,1.034,1,1,0,0
TXN109848,56.75,13,10.47,1.5,1.235,0,1,0,0
TXN104466,19.85,22,19.75,9.49,0.221,0,0,0,0
TXN111909,44.62,3,15.13,7.38,1.235,1,1,0,0
TXN114171,115.84,6,11.16,1.24,1.329,1,0,1,0
TXN107195,9.18,23,0.13,8.99,2.252,1,1,0,0
TXN109147,37.78,0,5.06,20.86,1.648,1,1,1,0
TXN105221,58.86,18,10.93,1.58,0.533,1,0,0,0
TXN111242,42.06,10,12.69,4.88,1.553,1,1,1,0
TXN114740,1090.87,1,43.49,4.07,0.148,1,0,1,1
TXN111528,54.82,13,10.76,12.36,0.898,1,0,1,0
TXN111465,178.74,1,18.31,0.75,1.15,1,1,0,0
TXN111926,18.23,9,1.84,6.08,1.248,0,1,1,0
TXN105406,77.45,14,1.93,8.39,0.382,1,1,1,0
TXN104679,357.95,15,9.86,25.23,1.444,1,1,0,0
TXN102357,16.34,11,9.76,3.18,1.62,1,1,0,0
TXN111725,164.52,9,0.35,20.97,1.098,0,1,0,0
TXN108726,76.04,12,12.04,8.15,1.605,0,0,0,0
TXN104943,20.49,21,11.5,10.78,1.002,1,0,0,0
TXN111919,124.48,5,13.02,9.44,1.403,1,0,1,0
TXN113448,9.84,8,4.45,5.26,0.756,1,1,1,0
TXN108448,5.24,22,11.16,0.46,0.417,0,1,0,0
TXN105738,41.72,20,6.34,15.53,2.19,1,1,0,0
TXN111196,19.14,19,7.85,0.82,1.596,1,1,0,0
TXN100701,26.6,2,5.18,2.32,1.745,0,1,0,0
TXN104073,88.86,21,9.51,2.95,2.218,1,0,1,0
TXN106803,23.92,8,2.79,6.07,0.922,0,1,1,0
TXN109829,23.29,21,11.89,5.63,2.304,1,1,0,0
TXN101490,38.36,20,19.81,0.05,1.667,1,0,0,0
TXN110842,20.34,1,1.13,14.97,1.124,1,1,1,0
TXN111991,94.52,0,18.98,3.93,1.509,1,0,1,0
TXN108651,17.36,16,15.26,0.06,0.65,0,0,0,0
TXN113227,24.01,20,3.47,5.03,0.544,0,0,0,0
TXN100558,3.38,8,25.83,3.11,1.22,1,1,0,0
TXN100438,13.18,17,1.61,3.14,1.436,0,0,1,0
TXN113283,192.29,19,10.38,12.49,1.145,1,0,1,0
TXN104646,22.96,6,3.06,6.21,1.7,1,1,0,0
TXN106119,20.56,18,14.0,10.3,0.29,1,1,0,0
TXN103773,14.11,13,23.95,9.69,1.481,0,1,1,0
TXN107393,14.99,8,10.53,11.08,0.767,1,0,1,0
TXN101309,42.47,8,8.81,0.51,0.577,1,1,1,0
TXN113801,32.32,20,17.8,10.92,1.713,0,1,0,0
TXN100640,111.49,16,12.62,0.95,1.802,0,0,1,0
TXN112785,13.66,15,25.5,6.1,1.904,1,1,0,0
TXN108458,3.51,16,8.94,9.44,1.576,1,0,0,0
TXN106125,9.57,20,11.3,16.8,1.04,1,0,0,0
TXN100959,65.98,20,8.34,11.22,1.747,1,0,0,0
TXN104695,36.5,20,2.12,3.93,1.712,0,1,1,0
TXN104916,16.03,14,21.3,2.05,1.73,1,1,0,0
TXN102916,128.38,11,12.92,0.29,0.892,0,0,0,0
TXN110919,73.35,5,21.48,7.38,1.545,1,1,0,0
TXN110096,21.95,16,16.55,2.24,0.456,1,1,0,0
TXN109928,25.99,2,16.16,10.0,1.802,1,1,1,0
TXN103476,28.92,13,8.97,6.46,0.187,1,1,0,0
TXN111612,17.89,0,7.07,7.09,1.285,0,0,0,0
TXN100898,13.34,13,19.63,1.93,1.203,1,1,1,0
TXN102429,27.4,7,4.42,4.6,2.079,1,0,0,0
TXN101839,31.43,2,5.93,1.61,1.666,0,1,1,0
TXN109586,4.61,15,0.04,1.69,0.536,0,0,0,0
TXN110169,29.61,13,5.74,8.79,0.835,0,0,0,0
TXN109888,96.17,1,19.7,15.78,2.028,1,1,1,0
TXN109620,299.3,20,13.64,1.76,1.332,1,1,0,0
TXN110045,19.16,19,7.43,10.57,1.674,1,1,1,0
TXN100441,35.86,9,3.06,5.42,1.354,1,1,0,0
TXN108884,22.15,22,14.1,4.17,1.219,1,1,0,0
TXN114340,8.87,12,3.28,4.93,2.338,0,1,1,0
TXN108003,9.04,12,11.57,11.11,0.513,1,0,0,0
TXN107226,19.36,9,7.78,5.97,0.653,1,1,0,0
TXN101966,23.63,2,20.65,6.59,1.55,1,0,0,0
TXN110853,18.38,17,0.22,3.67,1.484,1,1,0,0
TXN109055,41.04,16,8.21,7.04,0.806,1,0,0,0
TXN113774,249.02,16,9.37,4.38,0.985,0,1,0,0
TXN102672,103.25,22,6.98,1.1,2.127,1,1,0,0
TXN102316,22.63,5,4.58,3.54,1.225,1,1,0,0
TXN111592,34.36,10,2.2,3.83,0.239,0,0,0,0
TXN103975,38.68,10,8.66,3.76,1.425,1,1,1,0
TXN105039,55.88,9,16.07,9.67,1.196,1,1,0,0
TXN114126,83.27,8,7.68,9.96,2.214,1,1,1,0
TXN102718,53.66,17,10.64,17.52,1.558,1,0,0,0
TXN101726,47.2,16,19.82,0.33,0.737,1,1,0,0
TXN114868,138.09,8,32.06,18.57,0.148,0,0,0,1
TXN112544,41.5,22,10.16,3.15,1.123,0,1,0,0
TXN110379,44.23,20,23.09,3.01,1.392,1,0,0,0
TXN108761,238.25,13,12.59,9.33,1.926,1,1,0,0
TXN107400,84.02,20,15.84,6.82,1.462,1,1,0,0
TXN108583,30.56,15,16.33,5.9,1.1,1,0,1,0
TXN112418,100.48,16,30.01,2.96,0.93,1,1,1,0
TXN106555,138.47,9,22.79,5.23,1.04,1,1,0,0
TXN107172,109.52,11,0.37,9.58,0.554,1,0,0,0
TXN113894,125.8,12,13.14,1.93,0.337,1,0,1,0
TXN105336,4.69,21,13.18,1.16,0.407,1,1,1,0
TXN101416,126.46,8,20.39,7.36,0.398,1,1,0,0
TXN111022,39.2,11,9.75,0.14,0.727,0,1,0,0
TXN110696,48.65,11,4.3,6.76,1.298,1,0,0,0
TXN111955,119.17,5,15.58,10.34,0.802,1,1,0,0
TXN107493,34.07,11,8.04,8.43,0.824,1,1,1,0
TXN114898,141.43,18,30.06,27.76,1.657,0,1,0,1
TXN109670,32.89,14,2.35,4.57,1.305,1,0,0,0
TXN103515,17.62,10,14.99,3.72,2.082,1,1,0,0
TXN100255,134.58,14,5.06,11.3,1.604,1,1,0,0
TXN103219,244.66,3,8.21,14.95,0.578,1,1,0,0
TXN108332,55.87,15,13.46,19.77,0.34,1,0,0,0
TXN103332,19.01,0,10.11,12.65,0.506,1,0,0,0
TXN104248,21.66,8,15.66,0.69,2.87,0,1,0,0
TXN112239,103.57,9,3.94,13.63,0.737,1,1,1,0
TXN112467,4.19,15,11.82,14.09,0.546,1,0,1,0
TXN113315,68.59,17,11.59,0.46,1.098,1,0,0,0
TXN111320,48.71,13,0.41,10.68,0.749,1,0,0,0
TXN103905,22.08,10,11.92,9.08,0.353,0,1,0,0
TXN113398,15.03,11,5.85,14.48,0.786,1,0,0,0
TXN103449,50.09,14,3.37,1.74,1.911,0,0,1,0
TXN110875,140.02,23,10.91,3.86,2.267,0,1,0,0
TXN103158,18.89,9,22.45,1.38,1.029,1,1,1,0
TXN106441,6.89,5,8.42,3.58,0.756,1,1,0,0
TXN105371,96.35,8,12.81,1.03,0.481,1,1,0,0
TXN102186,44.01,0,17.9,8.19,0.689,1,1,0,0
TXN107503,39.39,17,6.75,12.59,0.807,1,1,1,0
TXN105574,15.8,3,23.86,1.4,1.698,1,1,0,0
TXN109785,65.48,7,11.95,1.89,1.538,1,1,0,0
TXN112052,137.16,22,14.79,0.94,2.122,0,0,0,0
TXN111641,68.89,14,6.77,7.84,0.64,1,0,0,0
TXN111517,8.02,12,1.18,16.55,1.038,1,1,0,0
TXN102824,71.48,12,4.82,9.35,1.625,1,0,1,0
TXN106635,45.72,20,13.85,4.76,1.371,1,0,1,0
TXN106766,80.75,19,11.9,5.85,1.759,1,1,0,0
TXN110559,40.41,11,11.98,11.5,0.755,1,0,1,0
TXN111377,15.53,20,13.87,10.09,0.466,1,0,0,0
TXN111058,21.09,11,31.35,0.1,1.778,1,1,0,0
TXN110267,102.53,15,18.84,19.03,0.949,1,0,0,0
TXN103487,19.85,20,5.29,1.49,0.157,1,1,0,0
TXN112948,27.83,14,9.16,12.66,0.976,0,1,0,0
TXN112922,61.07,8,13.84,4.97,1.989,1,1,0,0
TXN112399,11.66,4,13.87,6.54,0.799,1,1,0,0
TXN110352,30.92,11,22.84,0.7,0.617,1,1,1,0
TXN101600,65.08,10,9.97,8.58,1.126,1,1,0,0
TXN101535,117.62,18,28.0,1.43,0.779,0,1,1,0
TXN110138,85.92,17,15.26,5.89,1.285,1,1,1,0
TXN110808,18.05,16,13.99,0.41,0.821,1,0,1,0
TXN109146,128.49,12,14.67,12.42,0.359,0,0,0,0
TXN114572,132.07,10,10.74,23.1,0.559,1,0,0,0
TXN104548,21.77,10,1.88,1.25,0.875,1,1,0,0
TXN110600,33.79,11,7.69,1.17,0.638,0,0,1,0
TXN102964,3.78,9,1.28,9.05,1.707,1,0,1,0
TXN104261,40.71,15,12.07,11.26,0.481,0,1,0,0
TXN103054,34.82,12,1.64,1.3,0.479,1,1,0,0
TXN112185,82.39,12,16.07,3.35,1.292,1,1,1,0
TXN107018,60.07,9,9.87,3.57,0.654,1,0,1,0
TXN102264,119.3,18,4.75,2.35,1.192,1,1,0,0
TXN101075,69.47,7,11.42,3.79,2.301,1,0,1,0
TXN103846,49.08,3,0.85,3.89,1.49,1,1,0,0
TXN100828,328.32,15,8.16,18.82,0.982,1,1,0,0
TXN112016,55.05,15,2.37,14.48,0.752,1,1,0,0
TXN104181,13.87,19,16.98,8.54,0.087,0,1,0,0
TXN112409,245.53,20,33.98,2.05,1.17,1,1,0,0
TXN111523,7.91,11,1.53,1.42,0.079,1,1,0,0
TXN106562,36.07,12,22.66,7.21,1.259,1,0,0,0
TXN112830,2.21,22,7.79,4.69,2.241,1,1,0,0
TXN100178,12.12,15,1.39,1.87,1.219,0,1,0,0
TXN109764,146.08,6,3.14,11.45,0.597,1,0,1,0
TXN106202,23.43,5,16.13,8.04,1.371,0,1,0,0
TXN101835,139.0,15,20.12,3.68,2.019,1,1,0,0
TXN103641,22.39,19,7.02,0.33,0.365,1,1,0,0
TXN101121,21.99,16,0.95,3.56,1.098,1,1,0,0
TXN109543,35.34,3,5.55,11.79,0.716,1,1,0,0
TXN105739,16.21,12,10.9,0.94,1.071,1,1,0,0
TXN102478,30.47,15,10.54,13.12,1.277,0,0,0,0
TXN111163,85.05,9,0.41,5.49,0.131,0,0,1,0
TXN109182,31.94,16,7.95,5.22,0.522,1,1,0,0
TXN112208,116.74,21,10.25,1.08,1.271,0,1,1,0
TXN114040,9.26,12,2.73,0.6,1.168,0,1,0,0
TXN100641,13.94,1,0.63,3.86,1.243,0,1,0,0
TXN107768,190.69,20,16.34,8.16,1.751,1,1,1,0
TXN111041,114.13,11,25.75,6.65,1.126,0,0,1,0
TXN107022,37.5,17,1.66,9.08,0.357,1,1,0,0
TXN111450,29.29,11,10.67,1.35,0.142,0,0,0,0
TXN112649,29.38,15,3.17,6.52,1.877,1,1,0,0
TXN106596,25.12,6,9.53,14.8,1.005,0,1,1,0
TXN112403,16.33,17,20.87,2.16,1.022,1,1,1,0
TXN113093,44.97,10,2.09,0.62,1.484,0,1,0,0
TXN102975,55.06,12,8.07,3.78,1.017,0,1,0,0
TXN110631,10.47,14,0.11,2.93,0.245,1,1,0,0
TXN104297,9.02,16,8.72,17.89,1.957,1,0,1,0
TXN114540,63.41,2,5.74,1.35,2.036,1,1,0,0
TXN112661,55.51,5,7.21,9.74,0.17,1,1,1,0
TXN100588,11.82,11,2.42,5.98,0.807,1,1,0,0
TXN110557,20.78,10,18.52,9.8,0.971,0,1,1,0
TXN103169,88.47,1,9.83,8.84,0.953,1,0,0,0
TXN108051,4.72,16,16.94,6.82,0.777,0,1,1,0
TXN105889,121.54,17,14.27,10.36,2.018,0,0,0,0
TXN113221,21.54,13,11.67,5.58,0.778,1,0,0,0
TXN103322,11.49,9,6.42,9.6,1.304,1,0,1,0
TXN101225,58.43,12,0.43,4.48,1.075,0,1,0,0
TXN105067,110.19,10,3.72,2.56,0.678,1,1,1,0
TXN114363,331.36,12,1.18,5.43,1.496,1,1,0,0
TXN105740,297.27,21,0.64,21.84,1.831,1,1,0,0
TXN111540,72.82,18,7.05,1.67,1.112,1,0,0,0
TXN111565,30.24,5,3.67,4.94,1.669,1,0,0,0
TXN107446,166.39,16,6.19,1.71,1.778,1,1,1,0
TXN101132,15.01,13,4.01,9.09,0.309,1,0,1,0
TXN104789,20.49,17,17.61,20.22,1.07,1,1,0,0
TXN105509,166.94,7,2.21,19.39,0.772,0,1,1,0
TXN105955,48.88,7,14.97,1.55,0.942,0,0,1,0
TXN104176,13.06,8,8.07,8.55,0.827,1,1,0,0
TXN100897,30.63,15,0.25,11.34,0.843,1,0,0,0
TXN113976,102.25,16,14.8,11.64,0.756,1,0,0,0
TXN106660,29.72,22,1.78,8.46,0.649,1,1,1,0
TXN113091,11.31,7,0.45,21.32,0.502,0,0,1,0
TXN101513,79.71,10,15.36,12.07,0.327,1,0,0,0
TXN105683,42.17,5,14.77,2.43,0.759,1,1,0,0
TXN111167,89.29,22,0.3,14.99,1.633,1,1,1,0
TXN100164,22.03,17,14.4,3.24,0.541,0,1,1,0
TXN110999,37.14,15,20.98,5.04,0.835,1,1,0,0
TXN114365,499.38,0,17.49,1.19,1.224,1,1,0,0
TXN109115,44.12,17,0.53,6.76,0.553,1,1,0,0
TXN112485,13.85,11,1.32,4.14,0.418,1,1,0,0
TXN107799,4.76,8,17.23,2.25,1.074,1,1,1,0
TXN100521,27.07,10,9.95,0.38,1.581,1,1,0,0
TXN104499,31.46,13,3.44,17.47,0.736,1,1,1,0
TXN109968,13.11,15,1.89,1.24,0.515,0,1,0,0
TXN114192,12.29,14,33.33,4.32,0.946,1,1,1,0
TXN102897,11.86,18,8.98,3.25,1.074,1,1,0,0
TXN109363,14.39,10,12.34,0.51,1.68,1,0,0,0
TXN113591,7.6,16,1.43,13.34,0.447,1,0,1,0
TXN108822,302.81,21,9.36,9.6,0.992,1,1,0,0
TXN113784,51.4,12,4.23,7.68,2.863,0,0,1,0
TXN107242,8.97,10,23.73,10.37,1.505,0,1,1,0
TXN108749,3.79,5,10.11,11.32,0.787,1,1,0,0
TXN106856,43.13,12,3.7,1.31,1.809,0,1,0,0
TXN108548,125.04,16,6.55,11.93,0.157,0,0,1,0
TXN105156,57.43,22,1.79,6.42,1.028,1,1,0,0
TXN107602,19.79,12,18.39,5.08,1.078,1,1,0,0
TXN114194,39.28,12,10.38,6.43,0.774,0,0,1,0
TXN104459,5.68,6,5.13,11.32,0.585,0,1,1,0
TXN106409,39.55,2,7.5,3.72,0.648,1,1,0,0
TXN111035,31.38,11,18.79,6.66,2.312,1,1,0,0
TXN108008,90.74,5,5.44,10.06,1.932,1,0,1,0
TXN104168,10.77,10,14.52,7.02,0.141,0,0,1,0
TXN101710,149.45,13,9.36,11.7,1.561,1,1,0,0
TXN114835,209.49,5,1.31,32.41,0.153,1,1,1,1
TXN110061,34.59,10,4.56,1.22,0.822,1,1,1,0
TXN109233,44.23,1,10.8,9.76,1.508,1,1,0,0
TXN110753,185.08,6,15.71,10.77,0.395,1,1,1,0
TXN112530,99.91,6,27.35,5.69,1.042,1,1,1,0
TXN106744,39.13,10,9.78,9.71,1.652,1,1,0,0
TXN114732,77.33,2,13.0,32.55,0.57,0,1,1,1
TXN114702,32.32,10,61.93,7.28,1.598,1,1,1,1
TXN106767,12.6,18,3.06,7.62,0.152,1,1,1,0
TXN109571,7.12,11,13.16,8.98,1.164,0,0,0,0
TXN106174,232.54,20,2.09,9.17,0.777,1,0,1,0
TXN111281,45.68,13,4.08,0.57,1.721,1,0,1,0
TXN112025,247.48,15,21.88,5.23,1.055,1,0,1,0
TXN103063,113.65,22,3.78,5.62,2.149,1,1,0,0
TXN111786,150.6,16,9.65,9.61,1.091,0,1,0,0
TXN102519,42.13,20,0.82,3.53,1.626,1,1,1,0
TXN110914,69.62,13,1.94,8.03,2.002,1,0,0,0
TXN114535,93.89,14,1.34,7.48,1.287,1,1,0,0
TXN110154,76.95,9,8.98,8.67,2.018,0,1,1,0
TXN106358,134.96,20,8.06,1.3,0.358,1,1,0,0
TXN104222,100.21,9,26.2,3.96,0.606,1,1,0,0
TXN114258,246.11,11,0.41,9.36,0.295,1,0,0,0
TXN105516,69.07,12,11.53,11.61,0.49,1,0,1,0
TXN113710,30.44,10,5.25,9.0,0.739,1,0,0,0
TXN103345,63.33,8,2.04,14.35,1.497,1,1,1,0
TXN111524,55.21,10,3.0,1.81,0.809,1,1,0,0
TXN101385,10.09,14,3.28,26.61,0.964,0,1,0,0
TXN101742,63.93,15,0.04,2.73,1.96,0,1,0,0
TXN113502,116.97,17,7.05,8.49,0.922,0,1,0,0
TXN109901,79.74,8,1.65,0.67,0.932,1,1,0,0
TXN111008,52.53,17,18.16,12.99,1.326,0,0,1,0
TXN102396,73.21,18,0.19,15.87,0.541,1,1,0,0
TXN104861,51.69,7,5.09,13.39,1.022,1,0,0,0
TXN105989,74.45,10,11.6,13.14,1.066,1,1,0,0
TXN103033,52.75,4,8.39,13.38,2.324,1,0,0,0
TXN109664,92.68,9,6.69,4.13,1.55,0,1,0,0
TXN106858,38.94,20,14.44,4.26,1.295,0,1,0,0
TXN111712,140.71,4,5.93,14.89,1.551,1,0,0,0
TXN100753,122.17,1,4.06,15.32,1.104,1,1,1,0
TXN106030,23.26,21,7.12,1.16,1.252,0,1,0,0
TXN101763,9.68,14,12.32,2.21,1.264,1,1,1,0
TXN103658,45.41,9,10.96,7.04,0.929,1,1,1,0
TXN104088,96.31,9,17.9,8.99,1.34,1,1,1,0
TXN105500,33.98,4,4.46,7.91,1.92,0,0,0,0
TXN108233,21.5,8,1.27,18.08,1.107,1,1,0,0
TXN106553,33.12,7,1.91,1.22,1.869,0,1,0,0
TXN104843,5.14,20,4.66,5.97,1.436,1,1,0,0
TXN113799,13.95,6,12.26,3.57,1.607,1,1,0,0
TXN101331,136.86,11,6.5,7.27,0.853,0,0,0,0
TXN109589,73.4,19,3.33,1.78,1.311,1,0,1,0
TXN113565,44.06,8,13.23,0.91,1.684,1,1,0,0
TXN114090,53.65,16,8.81,9.5,2.351,1,1,1,0
TXN100833,59.83,2,10.22,4.07,0.481,0,0,0,0
TXN112401,115.3,10,11.21,2.65,1.032,1,1,0,0
TXN102840,35.01,21,1.37,6.09,1.783,1,1,1,0
TXN101352,34.89,9,10.21,6.63,0.403,0,1,0,0
TXN106428,78.91,7,2.97,13.29,1.415,1,1,0,0
TXN101357,32.93,12,4.91,9.52,2.19,1,0,0,0
TXN104066,16.21,20,27.34,1.64,0.273,0,1,1,0
TXN114491,22.53,18,20.36,2.71,2.083,1,1,0,0
TXN112586,42.06,15,3.09,2.41,2.484,1,1,1,0
TXN104939,28.29,19,4.41,1.05,1.269,0,1,1,0
TXN110524,94.53,12,11.07,3.4,1.824,1,0,1,0
TXN114303,21.45,17,13.73,14.14,1.137,1,1,1,0
TXN110001,162.08,15,11.32,21.49,1.485,0,1,0,0
TXN107703,90.69,10,3.6,7.24,1.054,1,0,0,0
TXN102174,15.26,14,5.86,3.45,1.311,0,0,0,0
TXN102296,52.53,17,18.2,0.46,1.82,1,1,1,0
TXN110686,11.78,19,16.67,6.54,0.359,1,1,1,0
TXN103352,60.79,17,12.61,1.59,2.066,0,0,0,0
TXN111087,47.78,4,8.88,0.5,1.562,1,1,0,0
TXN111267,206.47,5,2.86,15.76,0.411,1,1,0,0
TXN111442,35.22,6,9.29,7.58,2.086,0,0,1,0
TXN111475,30.24,11,4.06,16.82,1.735,0,1,0,0
TXN108109,235.07,20,0.64,0.46,1.014,0,1,0,0
TXN101770,10.62,21,0.71,13.48,1.182,1,1,1,0
TXN113464,103.88,15,13.76,3.57,1.052,0,1,0,0
TXN100503,21.34,22,5.2,5.26,2.557,0,1,0,0
TXN106307,45.09,8,17.25,2.66,0.306,0,0,0,0
TXN104065,52.11,12,8.7,2.42,0.954,1,1,0,0
TXN109855,33.96,12,2.28,1.93,1.379,1,0,1,0
TXN111129,67.41,18,0.4,5.91,0.742,0,1,0,0
TXN103123,21.72,16,30.73,2.54,2.27,0,0,0,0
TXN109819,3.9,14,0.08,0.12,1.984,1,1,0,0
TXN106414,43.4,15,5.06,14.85,1.004,1,1,1,0
TXN108758,19.06,10,9.44,1.23,1.81,1,1,0,0
TXN109534,34.62,16,5.92,2.04,0.593,0,0,0,0
TXN106804,66.79,12,7.02,0.66,1.77,1,0,0,0
TXN107725,16.86,19,10.72,3.15,0.888,1,1,0,0
TXN110902,14.2,19,21.54,10.28,0.661,0,0,1,0
TXN102497,165.47,9,7.11,5.85,0.679,0,1,1,0
TXN112835,52.78,20,0.72,3.22,0.684,1,1,1,0
TXN109733,122.94,14,1.59,11.7,1.489,1,1,1,0
TXN110628,13.88,6,8.6,2.0,0.539,1,1,1,0
TXN106085,140.84,21,4.24,13.06,2.211,0,0,0,0
TXN114033,35.23,18,1.02,7.51,1.184,1,1,1,0
TXN111144,219.81,18,5.57,16.38,1.148,1,1,0,0
TXN107004,11.8,14,11.98,7.13,1.203,0,1,1,0
TXN114810,142.52,8,9.44,5.03,2.612,1,0,0,1
TXN111020,10.24,19,14.98,0.43,1.131,1,0,1,0
TXN100309,59.6,15,8.48,13.59,0.913,1,1,0,0
TXN112992,49.96,13,8.71,6.87,0.278,1,1,0,0
TXN113436,44.89,16,7.7,4.25,1.441,1,1,0,0
TXN103412,79.18,15,20.69,11.35,2.139,1,1,0,0
TXN106251,24.42,1,7.89,8.52,1.07,1,1,0,0
TXN101313,21.9,12,10.02,0.65,1.254,1,0,0,0
TXN108580,12.91,9,11.77,5.8,0.148,1,1,0,0
TXN106461,110.62,13,2.74,0.38,0.517,1,0,1,0
TXN110312,137.7,16,20.67,1.58,0.072,1,1,0,0
TXN107320,9.32,14,23.19,5.34,0.554,1,0,0,0
TXN112890,21.5,8,15.42,8.11,0.05,0,1,0,0
TXN104778,24.75,14,8.85,0.68,0.55,1,1,0,0
TXN110270,111.1,11,4.4,0.65,1.475,0,1,0,0
TXN106520,39.38,9,3.93,6.67,0.648,1,1,1,0
TXN101187,48.1,20,0.78,8.15,1.986,1,1,1,0
TXN108542,42.24,7,7.18,8.14,0.897,1,1,0,0
TXN110967,33.2,14,7.65,9.68,0.933,1,0,1,0
TXN104109,23.28,6,6.44,0.31,1.838,1,1,0,0
TXN102942,306.66,15,4.82,1.89,0.075,0,1,0,0
TXN111625,226.87,8,19.05,9.87,1.257,1,1,1,0
TXN102279,272.23,13,10.54,1.63,1.552,1,1,0,0
TXN106108,44.93,15,9.47,6.15,1.247,1,1,0,0
TXN104804,234.31,17,8.15,5.88,0.56,1,1,0,0
TXN100285,92.87,17,24.87,3.35,1.067,0,0,0,0
TXN104478,27.25,10,19.12,0.05,0.806,0,0,1,0
TXN102918,80.36,10,4.49,4.73,1.368,1,1,1,0
TXN114076,27.0,16,18.15,5.5,0.85,0,1,0,0
TXN107425,32.74,23,24.01,8.3,0.678,0,0,0,0
TXN113341,43.58,13,5.01,10.23,1.111,1,1,1,0
TXN104268,162.5,12,18.3,3.34,0.782,1,1,0,0
TXN110549,140.42,10,13.2,6.44,0.534,1,1,1,0
TXN109961,38.89,19,2.58,5.39,3.11,1,0,0,0
TXN107475,16.58,6,5.06,3.82,0.473,1,1,0,0
TXN104381,17.39,20,14.32,0.1,2.16,1,1,0,0
TXN111849,13.49,19,5.96,12.97,0.26,1,1,0,0
TXN102292,18.28,17,11.74,0.57,1.222,1,0,1,0
TXN109657,177.77,15,5.82,0.62,1.236,0,0,0,0
TXN100585,18.51,0,15.14,3.59,0.293,0,1,0,0
TXN103995,81.51,14,4.48,3.02,1.803,0,0,1,0
TXN112167,13.16,4,12.19,0.42,1.724,0,0,1,0
TXN114859,15.54,13,2.83,19.44,0.209,1,0,1,1
TXN114002,47.03,8,19.84,1.26,2.05,1,0,0,0
TXN107867,18.54,9,26.38,5.42,1.32,0,1,1,0
TXN101999,59.37,13,6.21,0.57,0.259,1,1,0,0
TXN106850,23.55,2,20.68,6.65,0.684,0,1,1,0
TXN111082,9.84,12,14.22,9.06,1.106,1,1,0,0
TXN102875,31.29,0,11.1,10.06,1.455,0,0,0,0
TXN106473,20.37,12,0.55,0.37,0.51,1,1,1,0
TXN108230,4.91,18,4.61,7.8,2.563,0,1,0,0
TXN110470,190.1,18,1.32,7.21,1.994,0,1,0,0
TXN107295,9.76,9,8.32,3.21,0.942,1,1,0,0
TXN105328,30.45,14,0.64,15.82,1.727,1,0,0,0
TXN110708,87.27,3,13.46,11.83,1.722,0,0,1,0
TXN109421,66.93,20,2.22,4.48,1.685,1,1,0,0
TXN104513,41.22,13,3.85,4.12,1.493,1,1,1,0
TXN114537,103.48,11,12.25,8.01,0.582,0,0,0,0
TXN113735,25.62,14,9.34,4.82,0.385,1,0,1,0
TXN111295,51.73,6,8.96,7.79,1.539,0,0,0,0
TXN105654,82.24,20,8.71,5.97,0.007,1,0,1,0
TXN104397,3.68,5,1.56,2.98,1.562,1,1,1,0
TXN111776,30.2,20,9.71,10.33,0.809,0,0,1,0
TXN110198,209.37,17,6.93,4.3,2.127,1,0,0,0
TXN114057,14.53,19,6.98,8.85,0.907,1,0,0,0
TXN102601,84.79,3,28.84,14.44,1.239,1,1,0,0
TXN104298,5.46,5,16.88,8.15,0.51,1,1,0,0
TXN114496,7.93,21,4.07,0.39,0.614,1,1,0,0
TXN110546,18.52,15,4.36,9.02,1.266,1,1,0,0
TXN114772,24.83,5,43.12,10.39,5.105,0,0,0,1
TXN114069,41.02,4,1.55,7.49,0.294,1,1,1,0
TXN106036,37.77,11,3.21,8.01,1.326,1,0,0,0
TXN100368,411.71,10,0.98,7.14,1.171,1,1,0,0
TXN105361,40.85,4,2.09,3.88,0.875,1,1,1,0
TXN109081,47.5,8,10.15,8.43,1.114,0,0,0,0
TXN102664,15.66,19,0.55,4.45,0.715,1,1,0,0
TXN105794,8.97,8,13.59,2.36,1.031,0,1,0,0
TXN105281,9.17,1,5.34,1.44,1.331,0,1,1,0
TXN106237,36.68,4,2.99,3.97,1.16,1,1,0,0
TXN112521,259.42,11,31.6,2.49,1.286,1,0,0,0
TXN113208,20.9,10,6.97,16.38,1.492,0,1,0,0
TXN108186,93.76,13,4.74,6.39,0.567,1,1,1,0
TXN100725,64.43,6,3.29,17.57,1.086,1,1,0,0
TXN105501,11.27,8,13.42,2.24,1.484,1,1,0,0
TXN109787,151.68,10,1.83,10.08,1.892,1,0,1,0
TXN100832,70.43,9,0.59,13.53,1.156,1,1,0,0
TXN108600,21.37,15,4.16,4.14,1.465,1,0,1,0
TXN100392,40.02,20,10.11,7.82,1.262,1,1,0,0
TXN110688,44.56,23,6.1,5.09,1.166,1,1,0,0
TXN113705,12.91,12,11.45,5.07,1.501,0,1,0,0
TXN104360,32.27,12,10.7,7.86,2.068,1,0,0,0
TXN107332,161.87,15,29.2,6.43,1.803,1,1,1,0
TXN102047,87.76,3,4.48,12.33,1.73,1,0,1,0
TXN100865,68.17,2,12.13,0.07,1.853,1,1,1,0
TXN114724,58.37,2,32.36,7.97,6.109,0,0,0,1
TXN109315,21.81,15,2.37,4.92,1.925,1,1,0,0
TXN114618,24.1,21,1.81,5.72,1.194,1,0,0,0
TXN106707,155.83,9,7.58,5.82,0.571,1,0,0,0
TXN111173,325.74,13,19.56,6.76,1.079,0,1,1,0
TXN108852,45.64,23,4.23,2.91,0.745,1,1,1,0
TXN102534,141.56,8,1.24,9.55,0.919,1,1,0,0
TXN100123,51.04,22,4.36,6.84,2.095,0,1,1,0
TXN109239,83.13,7,18.49,9.04,1.197,1,1,0,0
TXN114925,39.65,16,12.77,39.1,1.514,1,0,0,1
TXN101501,18.56,15,15.68,4.31,1.057,1,1,0,0
TXN104328,169.23,10,2.35,8.12,0.582,0,1,0,0
TXN112009,46.38,14,13.01,2.4,2.045,1,1,0,0
TXN106921,41.07,14,0.27,22.27,1.047,1,0,0,0
TXN109856,13.4,19,1.7,0.65,1.833,1,1,1,0
TXN107232,54.06,14,0.39,17.24,1.309,1,1,0,0
TXN112884,26.54,18,10.94,5.27,1.71,1,0,0,0
TXN105248,11.21,19,22.91,10.0,0.608,1,1,0,0
TXN100024,58.12,2,1.04,4.98,1.743,1,1,1,0
TXN111346,276.22,4,5.41,18.21,0.478,1,0,1,0
TXN113804,17.33,20,21.61,17.6,0.915,1,1,0,0
TXN108024,147.36,2,18.42,7.23,0.863,1,1,0,0
TXN110041,64.9,16,13.91,9.32,1.561,1,0,1,0
TXN110201,56.03,13,15.35,4.96,1.928,1,1,1,0
TXN109318,13.95,9,2.33,8.83,0.975,1,0,0,0
TXN104545,9.81,15,12.17,19.87,0.571,1,1,0,0
TXN103577,36.48,18,20.34,0.39,1.078,1,1,1,0
TXN113126,132.98,16,1.54,11.96,2.167,1,1,0,0
TXN108626,29.67,21,4.12,6.76,0.039,1,1,0,0
TXN103941,36.14,8,10.17,7.05,1.415,1,1,0,0
TXN114559,85.38,0,7.35,0.44,0.465,0,1,1,0
TXN108802,26.06,6,3.14,2.02,0.752,0,1,1,0
TXN102419,49.74,15,1.51,8.19,1.639,1,0,1,0
TXN113979,28.76,6,11.43,12.28,2.274,1,0,0,0
TXN112683,6.44,13,1.87,6.69,1.503,1,0,1,0
TXN100113,23.73,11,7.56,2.29,0.112,0,1,0,0
TXN111793,61.04,11,16.81,3.26,1.936,0,1,0,0
TXN109912,69.56,18,0.09,10.95,0.663,1,0,1,0
TXN105482,56.86,11,13.3,2.2,0.502,1,0,0,0
TXN101570,30.89,13,13.29,13.72,1.118,1,1,1,0
TXN114516,47.27,6,14.72,1.39,1.006,1,1,0,0
TXN110798,65.51,17,2.29,4.38,0.574,1,1,0,0
TXN109141,59.21,23,13.22,3.18,1.311,1,0,1,0
TXN113855,45.41,12,3.72,3.82,1.364,0,1,1,0
TXN101295,49.81,3,5.62,6.04,0.033,1,1,1,0
TXN101167,91.93,19,6.89,1.04,0.118,0,0,0,0
TXN100796,10.48,10,5.25,1.21,1.192,0,0,0,0
TXN107011,14.15,19,0.76,10.42,1.686,1,1,1,0
TXN106082,36.26,7,8.99,1.11,1.205,1,0,0,0
TXN102435,269.96,17,7.96,3.96,0.805,1,0,0,0
TXN101829,63.19,7,18.16,14.13,1.219,1,0,0,0
TXN105590,90.02,15,29.38,2.66,1.278,1,1,0,0
TXN109134,26.73,6,2.0,7.91,0.141,1,1,0,0
TXN113568,43.49,8,16.77,8.17,2.11,1,1,0,0
TXN106349,8.97,18,2.43,7.98,0.675,1,0,1,0
TXN107266,90.22,10,4.39,1.95,1.278,0,0,1,0
TXN113811,25.09,4,0.94,0.01,2.294,1,1,0,0
TXN106667,70.97,10,6.63,5.79,1.314,1,1,0,0
TXN105017,34.33,13,10.77,4.73,0.217,0,0,0,0
TXN100843,8.45,17,1.66,4.82,1.307,1,1,1,0
TXN102939,32.32,21,10.12,7.2,0.254,1,1,1,0
TXN107316,28.96,11,13.29,2.4,1.007,1,0,0,0
TXN110441,26.46,13,24.58,6.93,1.341,1,1,1,0
TXN103788,94.9,16,5.17,16.29,0.333,0,1,1,0
TXN110401,5.27,14,7.37,7.69,1.347,1,0,1,0
TXN104087,156.9,4,6.29,15.53,1.272,1,1,0,0
TXN103616,4.13,19,0.65,11.19,0.488,1,1,1,0
TXN101940,28.82,7,27.48,2.0,0.398,1,1,0,0
TXN104286,15.49,12,9.98,8.54,1.854,1,0,0,0
TXN113355,75.33,11,0.66,12.17,2.143,0,1,1,0
TXN105602,117.72,13,0.26,1.43,1.415,0,1,1,0
TXN114706,42.08,16,19.31,25.68,1.64,0,0,1,1
TXN107435,18.32,11,17.93,11.56,1.252,0,1,1,0
TXN109090,51.97,3,8.69,0.26,1.647,0,0,0,0
TXN113558,32.19,1,2.41,6.13,0.625,1,0,0,0
TXN110523,58.01,22,16.97,2.26,1.54,0,1,0,0
TXN102786,38.54,2,9.87,16.32,1.038,0,1,0,0
TXN113045,51.94,17,20.25,0.73,2.321,1,1,0,0
TXN108569,4.97,15,22.83,10.9,1.009,1,0,0,0
TXN104743,187.13,8,12.73,9.69,0.557,1,1,1,0
TXN110233,3.3,3,1.09,9.35,0.547,1,0,1,0
TXN101968,29.09,17,4.34,9.24,1.294,0,1,1,0
TXN101358,14.72,11,3.92,4.34,0.891,0,1,1,0
TXN107422,62.51,16,0.55,5.87,1.755,0,0,0,0
TXN108439,85.06,13,2.87,11.18,1.399,1,1,1,0
TXN100020,75.31,11,20.28,12.67,1.359,1,1,0,0
TXN102957,19.63,11,2.1,6.15,1.193,0,0,1,0
TXN108798,34.32,20,5.84,7.95,2.03,1,0,0,0
TXN103096,30.92,23,1.09,1.87,0.686,1,1,0,0
TXN109937,35.78,11,8.23,20.09,0.936,0,1,1,0
TXN114435,30.44,6,1.8,6.85,0.866,1,1,1,0
TXN102947,61.06,22,9.38,12.12,0.377,1,1,1,0
TXN104832,5.7,21,10.26,1.9,1.876,0,0,0,0
TXN108982,66.28,7,16.27,13.02,0.639,1,0,0,0
TXN111477,32.31,13,6.74,12.25,1.265,1,1,0,0
TXN114849,32.28,20,2.66,22.09,3.524,0,1,0,1
TXN102958,19.42,16,19.88,8.89,1.276,0,1,0,0
TXN106357,20.56,18,13.17,4.43,0.965,1,1,1,0
TXN103165,11.64,0,5.46,4.37,1.463,0,1,1,0
TXN103409,84.7,2,20.11,6.13,0.392,1,0,0,0
TXN103947,13.11,19,1.75,2.83,2.094,1,0,1,0
TXN112107,32.27,8,13.35,3.58,0.8,1,1,0,0
TXN104563,63.58,5,7.33,2.54,1.227,1,1,0,0
TXN109429,92.61,18,14.55,0.83,2.008,1,0,1,0
TXN113678,91.29,23,13.76,11.84,0.193,1,0,0,0
TXN105681,3.88,12,0.28,18.48,1.656,1,1,1,0
TXN103772,27.0,9,8.02,14.47,1.724,1,0,0,0
TXN100078,23.4,8,3.09,7.15,1.576,1,0,1,0
TXN101685,49.8,5,3.5,11.89,1.187,0,1,0,0
TXN107966,62.54,21,2.14,18.14,0.637,0,0,0,0
TXN111272,19.5,21,16.73,10.78,2.037,1,1,0,0
TXN104912,40.84,14,11.82,8.93,0.35,0,0,0,0
TXN110912,2.06,20,10.04,1.66,0.928,1,1,0,0
TXN102115,17.69,14,15.7,2.03,0.028,1,1,1,0
TXN112689,27.04,12,6.41,3.82,2.129,1,1,0,0
TXN102225,9.84,14,13.99,6.89,1.312,1,0,0,0
TXN107007,84.76,14,18.05,3.66,1.315,0,1,1,0
TXN113289,6.91,18,2.33,13.79,1.969,1,1,0,0
TXN101111,13.74,15,15.57,0.12,1.083,1,1,1,0
TXN111081,59.04,17,0.33,2.64,0.245,1,1,0,0
TXN108647,32.26,23,12.85,9.42,0.718,1,1,0,0
TXN104797,27.87,20,8.54,0.85,0.717,1,1,0,0
TXN113374,50.37,3,8.61,6.35,1.85,1,0,1,0
TXN101544,73.51,9,9.6,8.73,1.83,1,0,0,0
TXN105223,6.77,16,14.54,3.13,0.925,1,1,1,0
TXN106761,34.56,5,8.16,12.3,0.587,1,1,0,0
TXN104427,19.77,13,11.15,9.22,2.418,0,1,0,0
TXN111015,90.46,19,13.78,1.91,0.583,1,1,1,0
TXN106521,73.55,15,2.98,12.64,0.591,1,0,1,0
TXN109332,32.37,23,2.54,4.42,2.709,1,0,0,0
TXN103902,15.65,3,2.92,5.74,1.797,1,1,1,0
TXN100460,157.3,13,0.46,9.37,0.889,1,1,0,0
TXN105563,56.4,14,30.12,8.37,0.212,1,0,0,0
TXN100696,24.07,4,18.12,9.6,0.201,1,1,0,0
TXN111505,20.85,23,10.16,4.25,0.994,0,0,1,0
TXN103083,30.41,9,0.62,4.41,1.412,1,1,1,0
TXN111706,73.63,9,6.94,1.9,1.207,1,1,0,0
TXN105939,20.28,11,4.14,2.45,0.159,1,0,1,0
TXN110857,65.55,13,11.61,8.65,0.873,1,0,0,0
TXN108784,73.95,20,4.28,7.0,0.324,1,1,0,0
TXN114133,17.57,10,16.17,4.0,0.961,0,1,0,0
TXN111024,156.5,21,0.05,5.2,1.805,1,1,1,0
TXN100944,89.14,8,21.92,0.09,1.965,0,0,0,0
TXN104491,36.29,12,0.17,1.37,1.277,0,1,1,0
TXN103018,114.5,10,5.75,2.59,0.993,0,1,1,0
TXN113560,77.99,19,16.01,4.36,1.758,0,0,1,0
TXN113182,34.42,3,15.25,4.39,0.746,1,1,1,0
TXN100025,8.02,13,8.32,7.89,1.399,1,1,1,0
TXN111429,3.83,12,21.89,4.19,2.154,0,0,0,0
TXN107330,6.21,5,15.55,2.28,1.178,0,1,0,0
TXN101048,36.28,13,4.12,0.88,0.645,1,0,0,0
TXN111287,34.09,20,11.09,8.48,1.456,1,1,0,0
TXN102792,16.46,16,10.63,13.68,0.833,0,1,0,0
TXN114187,17.4,19,8.57,2.52,1.059,1,1,0,0
TXN108433,708.76,7,9.9,2.29,0.881,1,0,0,0
TXN102438,62.93,9,6.91,4.11,0.264,0,1,0,0
TXN113121,53.61,2,0.79,8.07,1.05,1,1,0,0
TXN108375,60.54,0,8.08,8.2,1.662,1,0,1,0
TXN105083,7.58,9,8.02,5.73,0.851,1,0,0,0
TXN102653,59.94,17,11.19,3.4,2.196,1,1,1,0
TXN104559,48.64,20,21.27,3.02,1.688,1,1,0,0
TXN111923,88.87,21,3.22,3.42,0.564,1,1,0,0
TXN103933,90.63,20,23.42,9.46,0.712,1,0,0,0
TXN107574,12.82,21,5.96,4.91,1.388,1,1,0,0
TXN112024,79.36,12,1.24,0.91,1.341,1,0,0,0
TXN113616,40.95,22,9.89,3.89,0.815,0,1,0,0
TXN106943,10.09,17,6.24,1.99,0.056,0,0,0,0
TXN102675,442.32,15,5.06,10.43,2.141,1,0,1,0
TXN107761,48.82,12,1.29,2.68,1.482,1,1,1,0
TXN105454,164.87,3,10.45,6.28,1.217,0,1,0,0
TXN105648,36.64,14,18.97,10.3,1.558,1,1,0,0
TXN103609,91.53,7,8.67,0.22,1.036,1,1,0,0
TXN104399,19.08,10,11.88,3.07,2.327,0,0,1,0
TXN100238,8.72,12,0.09,6.3,2.963,1,1,0,0
TXN109874,62.02,14,7.72,2.87,1.433,1,1,0,0
TXN104918,152.81,0,1.24,2.37,1.805,0,1,0,0
TXN109921,101.22,22,12.78,9.79,1.283,1,1,0,0
TXN106221,194.16,12,14.87,6.73,0.734,0,0,1,0
TXN106875,48.46,16,28.94,0.24,0.124,1,0,1,0
TXN113055,2.09,16,1.18,4.39,0.788,1,1,0,0
TXN111363,57.77,11,2.95,4.78,1.311,0,0,1,0
TXN100339,52.29,3,13.27,1.45,0.736,0,1,1,0
TXN104579,63.5,7,3.39,1.02,1.155,1,1,0,0
TXN109328,61.13,6,6.4,10.16,1.304,1,0,1,0
TXN106616,13.15,15,8.71,10.91,0.454,1,0,1,0
TXN111233,37.32,15,9.01,4.83,1.407,1,1,0,0
TXN110562,21.45,14,4.8,0.82,1.378,1,0,1,0
TXN105451,25.08,15,0.42,0.34,2.212,0,1,0,0
TXN112397,153.89,13,1.73,17.76,1.909,1,0,0,0
TXN103861,22.78,9,8.34,5.83,1.376,1,1,0,0
TXN106544,51.93,20,6.96,8.15,1.17,1,0,1,0
TXN100946,43.94,14,12.53,1.68,2.419,1,1,0,0
TXN101924,114.5,14,13.95,8.71,1.175,0,1,1,0
TXN108113,72.01,16,16.86,20.99,1.44,1,1,0,0
TXN107214,13.13,16,0.9,16.47,0.33,1,1,0,0
TXN113451,8.94,13,19.86,0.99,2.269,0,1,0,0
TXN106866,388.34,18,10.77,0.17,1.468,0,0,0,0
TXN110393,89.92,19,10.93,1.65,1.398,1,0,0,0
TXN100057,21.73,11,4.87,7.38,0.511,1,1,1,0
TXN107957,47.9,16,6.66,1.2,0.601,1,1,0,0
TXN105465,27.04,22,0.47,0.6,0.314,1,1,0,0
TXN109112,48.47,17,14.62,5.26,1.163,1,1,1,0
TXN107301,7.0,12,3.9,2.4,0.508,1,1,1,0
TXN109532,36.01,7,12.72,7.38,0.124,1,1,0,0
TXN102013,17.01,14,0.18,5.42,0.693,1,0,0,0
TXN104121,93.59,4,1.21,11.76,0.741,0,0,0,0
TXN104529,12.17,19,6.53,28.6,1.191,0,0,0,0
TXN114778,199.85,6,19.15,14.37,1.841,0,0,1,1
TXN106652,82.42,17,5.46,0.06,0.916,1,1,0,0
TXN102008,45.67,1,12.1,0.09,2.079,1,1,1,0
TXN110488,22.59,16,2.3,3.2,0.615,0,0,1,0
TXN103066,21.22,12,12.52,7.86,1.072,0,0,0,0
TXN113722,22.93,5,2.49,7.12,1.525,1,0,0,0
TXN113079,27.83,14,0.46,4.76,1.178,1,1,1,0
TXN110866,49.24,17,8.65,4.62,1.353,1,0,1,0
TXN102870,109.28,4,6.08,7.81,0.412,1,1,0,0
TXN107597,44.97,13,7.19,0.02,1.259,1,0,1,0
TXN107307,20.8,14,23.46,5.01,1.269,1,1,1,0
TXN111815,135.21,23,6.57,7.11,0.226,1,0,0,0
TXN102181,18.4,20,1.05,2.1,1.11,0,0,1,0
TXN106060,24.84,11,1.02,13.66,0.756,1,0,1,0
TXN108710,23.99,0,15.09,9.77,0.33,1,1,0,0
TXN111862,20.74,11,7.74,11.36,2.975,1,0,0,0
TXN112551,28.05,6,29.17,0.81,0.17,1,1,1,0
TXN103427,45.36,20,11.48,2.4,1.489,1,1,0,0
TXN104881,4.33,10,20.29,0.49,1.789,1,0,0,0
TXN105757,148.71,12,14.98,13.62,0.944,0,0,0,0
TXN111804,53.75,11,6.63,2.99,0.317,1,1,1,0
TXN105392,40.94,15,8.08,7.0,1.136,0,1,0,0
TXN106615,32.51,13,12.6,13.64,1.798,1,1,0,0
TXN109267,43.19,9,3.19,4.56,1.626,1,0,1,0
TXN101168,27.76,9,9.8,0.73,1.253,1,1,1,0
TXN101810,8.51,16,12.02,6.93,1.32,1,0,0,0
TXN101131,57.69,14,10.58,13.64,0.387,1,0,1,0
TXN100022,71.72,17,2.92,10.31,0.038,0,1,0,0
TXN108426,57.39,7,13.41,1.02,0.091,1,0,1,0
TXN102631,526.89,10,5.71,7.08,1.902,1,1,1,0
TXN101915,26.13,11,9.5,6.19,0.84,1,0,1,0
TXN108648,7.71,4,9.57,0.15,0.743,1,1,0,0
TXN106834,69.26,10,1.06,3.35,1.64,1,1,0,0
TXN113237,17.89,14,0.03,4.81,1.542,1,1,0,0
TXN104997,48.61,9,4.92,5.06,1.12,1,0,1,0
TXN105976,29.74,17,27.49,6.29,1.618,1,1,0,0
TXN102446,15.56,14,23.94,14.2,1.563,1,0,1,0
TXN106624,47.46,17,4.96,4.16,1.348,0,1,1,0
TXN101340,36.08,8,6.46,7.72,1.779,1,1,1,0
TXN107669,22.06,1,18.54,8.3,1.422,1,0,0,0
TXN109388,26.34,2,11.02,10.66,1.122,1,1,0,0
TXN108097,24.59,15,7.07,3.09,1.948,0,1,1,0
TXN109736,11.35,18,7.76,8.82,0.571,1,1,0,0
TXN100234,66.09,2,1.19,3.3,1.416,1,1,1,0
TXN109817,24.39,8,3.77,0.9,1.241,1,0,0,0
TXN101094,27.73,22,22.33,10.83,1.093,1,0,0,0
TXN108824,50.3,6,10.08,2.37,1.401,1,1,0,0
TXN102230,12.43,10,14.56,6.43,0.198,0,0,1,0
TXN108545,33.4,8,19.71,3.11,0.757,1,0,0,0
TXN101875,87.37,15,6.87,0.15,1.099,1,0,1,0
TXN112109,60.07,13,10.83,6.37,1.907,1,1,0,0
TXN105228,30.0,10,32.28,0.01,1.219,1,1,1,0
TXN112690,75.55,9,20.37,15.99,1.187,1,1,0,0
TXN105261,17.71,14,1.86,4.16,1.757,1,0,1,0
TXN113952,44.45,8,2.66,2.89,1.339,1,1,1,0
TXN103202,22.66,19,9.53,14.46,0.465,0,1,0,0
TXN109213,200.45,2,9.86,5.04,1.798,1,0,1,0
TXN103829,71.01,13,11.75,0.8,1.533,0,1,0,0
TXN106126,42.73,6,24.94,5.98,1.575,0,1,0,0
TXN104398,22.13,12,17.53,5.01,1.574,1,1,0,0
TXN113047,64.13,7,3.82,3.04,1.393,1,1,1,0
TXN105578,10.38,7,10.54,4.11,1.607,1,0,0,0
TXN114368,31.26,16,16.06,0.78,0.808,1,1,0,0
TXN111303,78.59,12,9.63,7.11,0.791,0,1,1,0
TXN113338,59.74,10,1.94,15.12,0.571,1,1,0,0
TXN103463,10.64,22,17.42,5.14,0.902,0,0,0,0
TXN103557,86.4,11,8.17,15.2,1.912,1,1,0,0
TXN100035,73.02,17,24.61,8.02,1.38,0,1,0,0
TXN112724,492.38,16,11.57,1.59,1.617,0,1,0,0
TXN106901,32.04,15,4.88,2.87,1.064,0,0,1,0
TXN103850,15.22,4,20.92,8.73,1.219,1,1,0,0
TXN109353,11.88,7,1.27,3.62,1.147,0,1,0,0
TXN103356,10.12,13,3.3,15.51,0.56,1,0,1,0
TXN114800,17.83,1,49.3,25.53,2.518,0,1,1,1
TXN106947,14.4,11,8.41,8.23,0.935,0,0,0,0
TXN105846,50.43,22,6.8,4.24,1.557,1,1,1,0
TXN114332,11.65,21,4.37,12.13,1.047,1,1,0,0
TXN113495,72.72,19,9.8,11.63,0.128,0,1,1,0
TXN105056,85.86,13,24.76,5.83,0.384,1,1,0,0
TXN102639,402.39,12,10.78,6.44,1.73,1,1,0,0
TXN104820,15.18,11,5.85,7.74,1.138,1,1,0,0
TXN108217,16.67,13,4.23,3.15,1.739,1,1,0,0
TXN104299,38.34,9,4.36,3.28,0.639,0,1,0,0
TXN101754,7.26,17,24.32,0.26,1.262,1,1,0,0
TXN102557,54.78,15,7.68,2.48,1.66,1,1,0,0
TXN103800,203.76,16,0.53,0.89,1.276,1,0,0,0
TXN111596,215.04,18,7.73,2.5,0.679,0,0,1,0
TXN108413,26.28,3,9.26,5.89,1.586,1,1,0,0
TXN108926,58.15,6,28.51,4.06,1.654,1,1,1,0
TXN111942,41.07,8,12.47,7.74,0.986,1,0,0,0
TXN108971,37.09,14,11.45,2.07,1.842,1,0,1,0
TXN114640,86.53,9,20.44,27.72,2.866,0,0,0,1
TXN109447,28.78,9,2.33,2.41,1.132,0,1,1,0
TXN108952,46.6,12,1.56,4.51,0.868,1,1,0,0
TXN114081,56.36,16,12.6,7.45,2.906,1,1,0,0
TXN109214,75.44,19,2.65,8.05,0.284,1,0,0,0
TXN108093,39.77,10,5.78,1.82,0.397,1,1,0,0
TXN108387,120.21,22,10.93,8.82,2.089,1,0,0,0
TXN103695,22.15,7,11.0,3.93,0.42,1,0,0,0
TXN105015,11.73,8,4.4,7.67,0.915,1,1,0,0
TXN114073,48.1,17,4.66,1.2,0.548,1,1,1,0
TXN105305,10.1,12,0.59,2.61,0.368,0,0,1,0
TXN105630,137.48,14,18.54,2.09,1.099,0,1,0,0
TXN113405,40.34,16,1.99,11.52,1.39,0,1,0,0
TXN100304,35.02,20,2.69,10.31,1.415,1,1,0,0
TXN102033,93.7,0,4.37,16.07,1.367,1,0,0,0
TXN111851,233.27,23,4.44,12.69,1.123,1,1,0,0
TXN111569,24.1,15,8.09,0.34,0.813,1,1,0,0
TXN112319,165.14,8,9.96,8.0,0.627,1,1,0,0
TXN102127,53.28,17,7.77,13.34,1.326,1,0,0,0
TXN110077,116.96,0,0.77,10.41,0.349,1,0,0,0
TXN112324,192.72,9,34.76,13.1,1.55,1,1,1,0
TXN102873,31.06,7,14.49,5.53,1.51,1,0,0,0
TXN111509,79.51,14,3.55,7.87,1.46,1,0,1,0
TXN110742,234.39,17,4.04,12.89,2.178,1,0,1,0
TXN110106,20.1,10,13.43,0.48,1.342,1,1,0,0
TXN106406,14.61,17,7.52,3.62,1.12,1,1,1,0
TXN110453,92.14,16,10.12,12.32,0.938,1,1,1,0
TXN110023,36.11,0,3.98,4.51,1.045,0,1,0,0
TXN100515,20.24,4,1.08,0.3,0.441,0,1,1,0
TXN107962,38.07,9,15.79,11.16,0.376,0,1,0,0
TXN105601,10.03,14,0.41,13.51,1.231,1,1,1,0
TXN108846,91.4,12,10.0,5.7,0.647,1,1,0,0
TXN105607,7.35,14,8.66,6.3,0.513,1,1,1,0
TXN106748,47.54,15,11.81,5.52,0.778,1,1,1,0
TXN100405,62.05,12,8.04,5.26,1.537,1,0,0,0
TXN100891,52.65,21,12.55,0.07,0.905,1,1,1,0
TXN114957,40.42,11,74.25,4.38,5.067,1,1,1,1
TXN108879,54.7,15,20.01,14.77,1.235,1,1,0,0
TXN100904,29.45,10,10.99,9.05,0.632,1,0,0,0
TXN108266,37.89,2,8.3,0.51,1.814,0,0,1,0
TXN101386,11.44,13,8.9,10.86,0.222,1,1,0,0
TXN102549,43.34,23,1.76,1.1,0.366,1,0,1,0
TXN103520,17.59,15,8.91,0.57,1.48,1,0,0,0
TXN101594,12.78,15,12.88,0.06,2.164,1,1,0,0
TXN108664,68.27,19,7.92,10.2,0.574,1,1,1,0
TXN110803,39.64,7,7.59,2.02,0.403,0,1,0,0
TXN104446,68.16,10,16.95,1.15,0.623,1,1,0,0
TXN106172,128.21,15,16.05,16.64,0.805,1,1,0,0
TXN113090,40.95,11,8.13,11.13,1.301,1,0,0,0
TXN112290,26.56,17,4.05,4.16,2.034,1,1,1,0
TXN105706,13.51,16,6.52,6.79,1.284,1,1,0,0
TXN105894,51.12,15,8.55,2.29,1.028,0,1,1,0
TXN108588,25.74,15,2.29,11.02,1.417,1,1,1,0
TXN110043,56.19,19,24.37,0.88,0.968,0,1,0,0
TXN108377,23.76,5,12.96,1.62,0.762,1,1,0,0
TXN101777,41.71,22,10.13,1.83,1.186,1,0,1,0
TXN103152,10.11,18,16.39,0.63,1.946,0,1,0,0
TXN104633,54.82,17,20.63,0.38,1.06,1,0,1,0
TXN109220,69.88,7,16.3,4.84,1.002,1,1,1,0
TXN109743,9.55,17,7.31,3.18,1.613,1,1,0,0
TXN104376,53.97,15,14.16,6.62,1.651,1,1,1,0
TXN113162,11.13,18,19.97,5.34,0.949,1,1,0,0
TXN104127,17.52,19,12.82,6.25,1.411,1,1,0,0
TXN109168,118.04,11,8.63,3.88,2.643,1,1,1,0
TXN103421,104.73,1,14.72,10.91,1.138,1,1,1,0
TXN102495,266.08,8,2.91,5.69,1.118,1,1,0,0
TXN105376,59.98,15,8.95,2.73,2.149,1,1,0,0
TXN102730,6.12,19,4.99,8.6,0.134,1,0,0,0
TXN113618,52.92,3,6.78,11.22,0.879,1,1,0,0
TXN105316,26.38,10,13.17,13.47,0.448,1,1,0,0
TXN111463,58.98,19,10.16,2.51,0.464,0,1,1,0
TXN110443,32.27,15,35.01,8.6,0.666,1,1,0,0
TXN104320,54.31,3,0.62,1.34,1.526,1,1,1,0
TXN113193,28.6,13,6.91,4.93,0.329,1,0,0,0
TXN110783,39.67,13,14.46,11.54,1.339,1,1,0,0
TXN111419,178.41,12,1.88,2.97,1.091,1,0,1,0
TXN103207,23.33,7,5.61,5.57,1.364,0,1,0,0
TXN109103,17.29,18,0.93,20.75,0.658,1,1,0,0
TXN109553,29.86,11,12.17,5.25,1.43,0,0,0,0
TXN103986,120.15,15,2.8,7.87,1.482,1,1,0,0
TXN114873,81.84,1,17.16,5.63,0.032,0,0,1,1
TXN109268,117.14,17,3.02,3.38,1.207,1,0,0,0
TXN113867,19.85,16,18.0,12.57,0.76,1,0,0,0
TXN105076,92.63,9,10.77,8.3,1.105,1,0,1,0
TXN109838,81.58,10,9.19,7.82,0.915,1,0,0,0
TXN100899,53.22,21,5.01,7.33,0.495,0,0,0,0
TXN108735,17.86,18,8.74,13.74,0.568,1,0,0,0
TXN105440,29.22,14,7.74,21.02,0.875,0,1,0,0
TXN112318,31.37,16,3.56,15.2,0.277,1,1,1,0
TXN105416,13.22,18,14.18,6.07,0.948,0,0,1,0
TXN102877,15.64,17,16.15,9.05,0.08,0,0,0,0
TXN111573,41.83,15,2.43,4.24,0.057,1,1,0,0
TXN108250,19.38,5,11.7,9.69,0.931,1,1,0,0
TXN113960,39.07,15,5.9,5.32,0.728,1,0,1,0
TXN112520,24.25,12,12.94,16.44,1.796,1,1,1,0
TXN108214,11.16,20,13.83,1.87,2.601,1,1,0,0
TXN112232,89.68,21,0.39,1.8,1.281,1,1,0,0
TXN108278,117.26,16,4.4,9.02,1.516,0,1,0,0
TXN106796,71.65,21,8.48,7.86,0.195,1,0,1,0
TXN114087,49.16,17,6.44,14.26,0.779,1,0,1,0
TXN111915,28.57,19,31.92,15.69,2.026,1,1,0,0
TXN106111,50.41,18,0.3,13.1,0.3,1,0,0,0
TXN101612,33.66,16,2.25,6.91,1.51,1,0,1,0
TXN107376,138.83,14,3.34,0.9,0.932,1,0,0,0
TXN101277,5.68,15,11.8,6.3,0.872,1,0,1,0
TXN113527,29.02,8,5.09,9.74,1.492,1,1,0,0
TXN100254,16.91,15,12.5,0.82,1.004,1,0,1,0
TXN104020,36.69,6,8.18,4.54,0.886,1,1,0,0
TXN110162,14.42,12,7.02,6.4,0.703,1,1,0,0
TXN101690,17.28,11,13.8,2.71,1.763,0,1,0,0
TXN100059,11.31,14,3.64,0.97,1.492,0,0,0,0
TXN102457,162.11,7,4.91,5.43,0.664,0,0,0,0
TXN109404,29.72,23,7.79,0.38,0.845,0,0,0,0
TXN106783,251.51,6,3.09,9.84,1.356,0,1,0,0
TXN110900,62.62,10,2.92,1.3,1.322,1,1,0,0
TXN112223,63.12,11,13.02,5.97,1.661,1,1,0,0
TXN113514,5.8,14,11.39,5.27,0.511,0,1,0,0
TXN101403,52.16,20,14.18,10.95,0.203,1,0,0,0
TXN103892,106.29,9,12.04,8.09,1.234,0,1,1,0
TXN113498,32.12,15,17.19,15.73,0.584,1,0,0,0
TXN105678,247.52,9,22.51,3.42,1.263,1,0,1,0
TXN113639,40.98,7,1.47,2.73,0.505,1,0,0,0
TXN114360,41.88,17,6.36,3.54,0.4,1,1,1,0
TXN108014,25.07,14,6.27,1.76,1.111,0,0,0,0
TXN110710,65.63,16,15.8,5.86,0.362,1,1,1,0
TXN113889,25.07,13,8.88,9.88,1.217,1,1,0,0
TXN112480,11.01,14,0.53,10.8,1.045,1,1,1,0
TXN104097,17.77,11,3.39,10.12,0.832,1,1,1,0
TXN103910,34.81,1,17.3,12.23,0.82,1,0,0,0
TXN113940,33.58,17,7.3,0.43,0.444,0,0,0,0
TXN101456,35.68,13,0.53,2.58,1.01,1,0,0,0
TXN108794,166.88,23,6.55,8.22,1.215,0,1,1,0
TXN101142,151.93,15,4.98,7.96,1.131,1,0,0,0
TXN114578,13.54,6,18.48,18.71,1.143,1,1,0,0
TXN108565,25.77,7,1.25,10.53,1.191,1,0,0,0
TXN113150,10.22,12,0.26,3.47,0.433,0,1,0,0
TXN102422,54.92,13,15.62,5.05,0.887,1,0,0,0
TXN104260,15.8,13,3.26,4.04,0.83,0,1,1,0
TXN111734,80.75,22,8.16,1.38,1.401,0,0,0,0
TXN106774,49.48,14,10.26,2.81,1.953,1,0,1,0
TXN106905,29.91,14,4.81,4.88,1.298,1,1,1,0
TXN101029,76.24,6,9.04,6.34,0.188,0,1,0,0
TXN112855,36.65,13,25.23,1.42,0.541,1,1,0,0
TXN101459,13.12,9,6.51,4.61,0.914,0,1,1,0
TXN100067,38.41,20,7.56,11.17,0.748,1,0,0,0
TXN112335,233.76,13,15.88,15.22,1.127,1,0,1,0
TXN110094,37.25,10,1.77,16.42,1.46,1,0,1,0
TXN101153,27.49,3,12.24,1.18,2.566,1,1,1,0
TXN101540,78.07,11,11.81,18.35,0.41,0,1,0,0
TXN110497,4.12,18,0.6,10.51,1.167,0,1,1,0
TXN113907,42.5,11,4.1,1.87,1.777,1,0,1,0
TXN106637,74.5,19,10.23,1.73,2.914,0,1,0,0
TXN104339,32.61,13,8.34,0.89,0.223,1,0,0,0
TXN107534,19.15,6,14.68,5.49,0.602,1,1,0,0
TXN113437,5.47,11,7.94,12.45,1.627,1,0,0,0
TXN101071,71.36,16,2.51,6.88,1.909,1,0,1,0
TXN108999,55.05,0,16.18,3.38,0.995,1,0,0,0
TXN102715,704.63,7,18.41,1.42,1.206,1,0,0,0
TXN110949,65.02,9,0.09,1.7,0.32,1,0,0,0
TXN113915,39.44,18,0.39,21.67,1.919,0,1,1,0
TXN109592,5.97,7,1.04,6.57,2.39,1,1,0,0
TXN107209,18.49,21,7.97,1.1,1.398,0,0,1,0
TXN107679,171.43,13,3.69,1.38,1.725,0,1,0,0
TXN102626,153.69,11,5.73,2.4,1.353,1,1,0,0
TXN104277,10.86,22,1.09,4.31,0.623,0,1,0,0
TXN100211,12.38,8,21.96,11.08,0.893,0,1,1,0
TXN102764,30.78,10,16.54,3.62,1.446,0,1,0,0
TXN101755,107.04,9,16.73,4.1,1.564,0,1,1,0
TXN110654,150.44,14,1.89,2.2,1.344,0,0,0,0
TXN100550,17.49,7,11.54,0.77,1.849,0,1,0,0
TXN113920,49.5,9,0.93,13.91,1.564,0,1,1,0
TXN107791,27.9,7,13.5,4.22,0.796,0,1,0,0
TXN101993,19.84,12,13.58,6.06,0.832,1,0,0,0
TXN110813,31.48,21,12.46,4.67,0.598,1,1,0,0
TXN104866,10.89,6,7.3,4.24,1.006,1,0,1,0
TXN114099,45.01,15,0.53,3.26,0.995,0,1,1,0
TXN101796,28.97,22,4.21,5.9,0.487,1,0,0,0
TXN110338,56.57,7,7.78,4.74,0.713,1,1,1,0
TXN113875,8.78,13,0.06,5.2,1.165,1,1,0,0
TXN101734,6.32,14,7.91,17.16,1.79,1,0,1,0
TXN112512,10.33,11,2.51,0.73,1.343,0,1,0,0
TXN100777,31.13,8,23.78,9.85,0.756,1,0,1,0
TXN112885,19.89,13,12.71,0.38,1.676,1,0,0,0
TXN111502,11.28,6,12.32,2.62,0.432,1,1,1,0
TXN102253,34.24,21,12.87,15.84,1.164,0,1,1,0
TXN104675,25.55,17,13.61,0.36,0.908,1,1,0,0
TXN104966,59.44,9,11.53,5.76,1.218,1,1,0,0
TXN113501,82.03,9,0.8,6.27,2.33,0,1,0,0
TXN114431,9.31,22,4.3,7.0,0.487,1,1,1,0
TXN102461,15.06,17,8.63,0.73,1.376,0,0,0,0
TXN111373,51.26,4,8.64,7.53,0.448,0,0,1,0
TXN109673,26.09,7,0.51,9.43,1.182,1,1,1,0
TXN104169,11.28,6,0.45,5.35,1.257,1,1,0,0
TXN101212,15.24,12,8.2,1.41,1.117,0,0,0,0
TXN107364,175.29,12,3.5,1.65,0.148,0,1,0,0
TXN110678,34.33,12,13.38,9.49,1.416,0,1,1,0
TXN110351,69.4,10,4.78,14.73,1.319,1,0,0,0
TXN110581,46.63,15,16.26,17.54,1.83,1,0,1,0
TXN114453,15.38,15,13.36,7.72,0.972,1,1,1,0
TXN104838,139.11,9,11.49,4.79,1.03,0,1,1,0
TXN114588,37.2,9,3.77,6.71,0.717,0,1,1,0
TXN108763,32.61,19,2.17,13.7,2.011,0,1,0,0
TXN113787,28.03,17,9.0,0.59,0.811,1,1,1,0
TXN107861,22.55,15,20.0,5.84,0.057,1,1,0,0
TXN107486,1.15,20,3.83,4.95,1.707,1,0,1,0
TXN106007,238.45,18,6.7,1.03,0.084,1,1,1,0
TXN102882,51.72,7,5.17,2.16,1.189,0,1,0,0
TXN101918,82.59,13,8.87,4.31,0.455,0,1,0,0
TXN101440,85.64,15,2.46,8.91,1.472,1,1,0,0
TXN101102,27.6,3,18.95,6.12,1.441,1,1,0,0
TXN106829,84.86,12,2.66,3.23,1.299,1,1,0,0
TXN105570,39.47,18,14.44,6.82,1.45,0,1,0,0
TXN105849,42.92,11,15.87,1.2,0.558,0,1,1,0
TXN100821,117.8,10,11.95,7.3,1.632,0,0,0,0
TXN104538,42.97,6,18.13,5.44,0.926,0,1,1,0
TXN114969,7.15,11,17.82,29.78,2.008,0,0,1,1
TXN113444,74.78,18,9.01,10.1,1.48,1,0,0,0
TXN109587,85.48,12,7.14,16.11,1.871,1,0,1,0
TXN113721,60.1,5,2.76,4.19,0.875,1,1,0,0
TXN104282,25.68,16,3.23,1.39,1.515,1,1,0,0
TXN105806,13.57,17,22.93,0.72,1.27,1,1,1,0
TXN107372,8.46,11,4.85,11.02,1.201,0,1,1,0
TXN108743,7.77,10,26.65,3.16,1.274,0,0,0,0
TXN100055,51.72,23,10.18,6.57,2.246,0,1,0,0
TXN103253,71.63,20,24.45,1.01,0.097,0,0,0,0
TXN104596,125.73,13,3.32,8.06,0.109,1,1,1,0
TXN103236,27.4,22,12.57,3.86,0.936,1,1,0,0
TXN108887,85.98,11,5.79,8.32,0.726,0,1,0,0
TXN100617,341.43,18,8.58,2.18,0.922,1,1,1,0
TXN106317,22.52,20,19.51,1.25,0.514,1,0,0,0
TXN104893,13.78,19,12.84,7.06,1.673,1,1,0,0
TXN114413,6.55,20,18.05,1.39,1.975,1,1,1,0
TXN107251,13.71,15,9.26,9.5,1.011,1,1,1,0
TXN106620,57.96,14,12.88,2.12,0.818,1,1,1,0
TXN111934,82.23,5,0.28,0.52,1.517,1,1,0,0
TXN101689,164.17,6,2.61,18.56,1.304,1,1,0,0
TXN101729,63.66,6,0.86,3.65,0.506,0,0,0,0
TXN110018,107.3,20,0.4,15.0,2.069,1,1,1,0
TXN105959,49.56,9,8.01,2.22,0.141,1,1,0,0
TXN100361,12.18,16,2.62,0.17,0.798,1,0,1,0
TXN102345,123.63,16,2.12,12.68,2.05,1,1,0,0
TXN105079,83.21,9,1.67,3.64,1.069,0,0,0,0
TXN104570,30.38,12,5.81,10.2,0.349,1,1,0,0
TXN112983,13.38,7,4.97,8.07,2.094,1,1,0,0
TXN111618,51.91,7,7.5,5.2,0.647,1,1,0,0
TXN104556,128.31,4,6.08,1.28,1.296,1,1,0,0
TXN109722,132.95,6,12.63,8.76,0.318,1,1,0,0
TXN108725,17.13,13,2.1,2.94,1.669,1,1,1,0
TXN100494,35.47,14,20.12,7.19,0.726,0,1,0,0
TXN114979,61.48,9,14.23,8.13,2.019,0,0,1,1
TXN106718,40.91,3,17.19,3.99,1.366,1,0,1,0
TXN113704,10.92,14,3.38,1.44,0.298,1,1,0,0
TXN108596,48.27,8,17.09,11.54,1.929,1,1,0,0
TXN102814,28.4,7,6.53,8.96,1.315,1,1,0,0
TXN105769,63.37,10,12.41,7.76,1.316,0,0,0,0
TXN104612,253.93,4,2.99,3.89,1.349,0,1,1,0
TXN103318,20.4,7,0.28,15.49,0.108,0,1,0,0
TXN112179,65.1,15,14.43,2.8,0.294,0,1,0,0
TXN101958,89.19,21,4.77,13.21,0.979,1,0,0,0
TXN101638,6.48,6,10.46,6.43,2.007,1,1,0,0
TXN105425,28.85,11,0.13,8.38,0.711,0,1,1,0
TXN111637,22.97,6,14.3,13.5,0.739,0,1,1,0
TXN101921,23.11,10,14.77,11.71,0.452,1,0,0,0
TXN104239,20.76,12,10.77,13.64,1.021,0,1,0,0
TXN111940,142.6,14,4.59,8.38,0.997,1,1,0,0
TXN110112,70.56,14,4.99,9.63,1.113,1,0,0,0
TXN114143,33.32,10,3.32,7.46,1.839,1,0,1,0
TXN100450,28.35,23,2.2,0.26,0.586,1,0,1,0
TXN107653,39.27,12,3.31,18.15,1.159,1,1,0,0
TXN113383,44.42,8,12.39,3.74,0.97,0,0,0,0
TXN110104,45.85,10,25.11,3.14,0.015,1,1,0,0
TXN110512,73.87,10,9.42,1.49,1.749,1,0,0,0
TXN108226,73.09,7,17.03,5.15,0.068,0,1,0,0
TXN114802,21.57,9,44.59,14.57,2.64,0,0,1,1
TXN106703,57.23,17,7.25,6.76,1.204,1,1,0,0
TXN108052,22.51,16,8.21,10.65,2.026,1,1,0,0
TXN110491,41.16,2,10.83,3.01,1.76,0,0,0,0
TXN104528,14.71,22,21.04,3.68,0.283,1,1,0,0
TXN106200,63.0,17,6.52,1.09,0.78,1,0,1,0
TXN100895,62.31,20,10.55,3.67,0.251,1,0,0,0
TXN110485,37.22,4,10.14,1.75,0.06,1,0,0,0
TXN101650,42.39,3,2.93,7.28,1.531,1,0,1,0
TXN102041,41.01,15,17.15,4.09,1.004,1,0,0,0
TXN100286,125.96,6,22.06,8.95,1.779,1,0,0,0
TXN111304,19.26,15,2.04,4.27,0.928,1,0,0,0
TXN106922,34.73,23,0.62,1.93,0.808,0,0,0,0
TXN108939,19.21,18,15.2,4.95,1.187,1,1,0,0
TXN107913,14.39,4,14.26,6.55,1.532,1,0,1,0
TXN110159,25.58,15,19.1,5.68,1.252,1,0,0,0
TXN102066,125.67,10,9.64,5.71,1.272,1,0,1,0
TXN105772,65.33,16,4.6,4.11,2.042,1,0,1,0
TXN111896,36.35,11,8.02,12.69,0.349,1,1,0,0
TXN109319,346.38,0,4.5,2.79,1.205,1,1,1,0
TXN106042,74.13,12,10.12,5.75,0.657,1,0,1,0
TXN106566,37.01,18,6.64,10.0,1.824,1,1,0,0
TXN102426,138.35,21,15.43,8.12,0.919,1,0,1,0
TXN107160,6.96,18,20.69,10.12,0.791,1,0,0,0
TXN110569,21.83,14,19.87,7.43,1.301,0,0,1,0
TXN105903,157.99,20,12.95,8.17,0.883,1,0,0,0
TXN113901,27.42,23,0.33,3.3,1.366,0,1,1,0
TXN114585,88.28,8,14.87,3.11,0.684,0,1,1,0
TXN108171,83.71,13,3.25,2.51,1.504,1,0,0,0
TXN104790,4.36,19,2.14,7.22,2.089,0,1,1,0
TXN102315,15.75,16,9.23,14.05,1.445,1,1,1,0
TXN108681,13.09,16,14.24,5.6,1.518,1,1,1,0
TXN114521,15.84,9,14.73,1.2,0.496,0,1,0,0
TXN113561,15.89,2,0.57,6.91,0.352,0,0,1,0
TXN114449,163.89,15,6.17,2.79,0.156,1,1,0,0
TXN111396,109.41,2,11.55,0.4,0.155,1,1,0,0
TXN113488,69.62,9,1.35,6.52,0.408,1,1,0,0
TXN111510,13.19,22,11.03,7.48,1.463,1,0,0,0
TXN111558,11.91,13,9.34,8.48,1.324,0,1,1,0
TXN109271,81.01,13,10.72,1.9,1.304,1,1,0,0
TXN104120,15.33,17,9.25,14.63,2.492,0,1,1,0
TXN110251,28.01,12,6.34,10.97,0.224,0,1,1,0
TXN105633,43.54,11,10.6,11.72,2.874,1,1,0,0
TXN107079,16.37,7,6.71,5.47,2.118,0,0,0,0
TXN107314,336.77,18,19.32,12.11,0.482,1,1,1,0
TXN112114,140.58,21,10.98,5.64,0.372,1,1,1,0
TXN100437,78.04,22,15.66,2.0,1.913,0,1,1,0
TXN111530,12.49,15,8.91,2.64,1.652,0,1,1,0
TXN107778,8.91,19,20.28,14.14,1.375,1,1,0,0
TXN112608,14.79,6,13.15,14.02,0.691,1,1,0,0
TXN109173,18.81,17,11.99,18.82,0.378,1,1,0,0
TXN106881,31.41,8,19.71,13.19,1.506,1,0,0,0
TXN108833,34.09,5,19.33,9.37,0.665,1,0,0,0
TXN107795,14.22,21,5.9,16.15,0.038,1,1,0,0
TXN110713,15.86,19,14.56,16.23,2.431,1,1,0,0
TXN100835,71.77,7,16.11,8.55,0.812,1,1,0,0
TXN111045,61.43,13,14.43,4.65,0.574,1,1,0,0
TXN111567,44.06,8,12.57,0.23,1.121,1,1,0,0
TXN109284,20.71,18,1.17,1.29,1.22,1,1,0,0
TXN104640,109.61,16,1.46,9.21,0.567,0,0,0,0
TXN108809,34.03,3,3.97,7.54,0.654,1,1,0,0
TXN101913,306.24,0,3.19,0.15,1.104,0,1,0,0
TXN103537,13.93,22,6.05,8.66,1.038,1,1,0,0
TXN107034,56.11,13,0.18,1.4,0.78,1,1,0,0
TXN101291,136.21,6,21.44,8.83,0.416,1,1,0,0
TXN103074,63.23,19,0.63,2.37,1.286,0,1,1,0
TXN102866,63.65,20,16.32,1.37,0.929,0,0,1,0
TXN101253,36.97,2,2.46,0.82,0.763,1,1,0,0
TXN105747,13.39,14,14.58,0.71,1.89,1,1,0,0
TXN114995,150.4,7,21.8,22.63,0.271,0,0,0,1
TXN114477,74.37,19,18.18,21.78,0.605,0,0,1,0
TXN102303,31.9,5,6.77,3.74,0.636,0,1,0,0
TXN100706,7.68,13,4.17,9.34,0.08,1,0,0,0
TXN113052,19.36,7,8.54,9.89,0.219,1,1,1,0
TXN105423,126.99,8,17.96,3.12,1.228,0,1,1,0
TXN107731,34.08,20,8.37,8.32,1.152,1,1,0,0
TXN106899,143.79,7,2.86,3.06,1.696,1,1,1,0
TXN114863,25.76,10,19.38,33.93,2.195,0,1,0,1
TXN110293,147.85,11,1.5,1.87,0.61,1,0,1,0
TXN110099,15.29,4,13.47,4.94,1.321,1,1,0,0
TXN105105,50.73,7,21.1,2.85,0.83,0,1,0,0
TXN108085,16.7,16,6.94,6.32,0.786,0,1,0,0
TXN103120,195.47,16,11.56,14.71,0.93,1,1,0,0
TXN105562,76.14,11,7.7,9.35,1.282,1,1,0,0
TXN103502,6.81,18,20.8,5.02,1.244,0,1,1,0
TXN103917,86.76,15,3.31,3.07,2.029,0,1,0,0
TXN103745,63.66,14,1.78,3.52,0.724,1,0,0,0
TXN106873,45.58,22,9.04,1.88,0.832,1,1,0,0
TXN114017,10.66,0,14.54,2.1,1.508,0,1,0,0
TXN103089,10.81,6,9.32,4.49,1.115,1,1,0,0
TXN100347,25.24,22,8.31,4.27,1.076,1,1,1,0
TXN109842,16.39,15,9.4,0.8,1.6,0,1,1,0
TXN100202,138.33,8,23.53,0.43,0.55,1,1,0,0
TXN100697,5.27,13,12.99,9.44,1.096,1,1,0,0
TXN103719,157.31,15,2.97,20.46,0.754,0,1,0,0
TXN111552,148.6,9,8.29,1.83,1.045,1,1,0,0
TXN103868,22.0,1,4.82,14.67,1.402,1,1,1,0
TXN107273,129.68,9,19.44,6.8,0.936,0,0,0,0
TXN113695,47.73,8,16.81,0.27,1.382,0,1,0,0
TXN100568,25.1,10,11.14,14.67,2.393,1,0,0,0
TXN112817,38.99,19,15.7,5.82,1.515,1,1,0,0
TXN111063,74.0,4,4.3,5.75,0.433,1,1,0,0
TXN112524,55.87,2,1.74,8.61,2.005,1,0,0,0
TXN105344,33.76,0,22.41,1.18,2.051,1,0,0,0
TXN110843,31.18,18,12.08,3.15,1.759,0,1,1,0
TXN105470,54.23,22,13.06,4.31,1.904,1,1,1,0
TXN110986,37.67,11,16.63,15.92,0.26,1,0,0,0
TXN113137,39.68,5,6.33,4.14,1.501,1,1,0,0
TXN111990,14.97,12,9.65,20.93,1.816,0,1,0,0
TXN105218,239.06,12,19.79,6.69,0.401,0,1,0,0
TXN100423,60.08,6,7.05,9.17,1.025,1,0,0,0
TXN100308,203.87,20,9.86,7.51,1.07,1,1,0,0
TXN100001,23.0,10,19.51,6.21,1.028,0,1,1,0
TXN112943,25.46,9,6.95,14.58,0.848,0,1,1,0
TXN107927,69.37,23,4.58,7.35,1.402,1,1,0,0
TXN101609,44.9,20,5.24,10.16,1.659,0,1,0,0
TXN106983,21.74,4,12.16,3.83,1.131,0,0,0,0
TXN103444,16.91,16,3.37,0.89,1.338,1,0,0,0
TXN104225,29.24,19,8.89,2.54,1.468,1,0,0,0
TXN111675,196.83,11,10.24,6.68,1.339,1,0,1,0
TXN100657,18.97,12,9.15,8.22,2.087,0,1,1,0
TXN109444,504.44,16,17.38,0.72,0.827,0,0,0,0
TXN111616,20.0,11,0.33,1.44,1.198,1,0,1,0
TXN114989,205.09,14,13.58,36.36,4.469,1,1,1,1
TXN111424,41.01,21,17.16,4.88,1.073,1,0,0,0
TXN100577,39.01,2,5.97,3.73,0.895,1,0,0,0
TXN113325,47.96,9,2.46,20.51,1.12,0,1,0,0
TXN103661,11.13,13,5.08,8.77,0.411,1,1,1,0
TXN106173,23.49,10,3.71,6.21,0.772,1,1,1,0
TXN113720,35.64,14,4.53,8.64,1.797,1,0,0,0
TXN108484,20.31,8,4.06,14.85,0.588,0,1,0,0
TXN107296,10.54,19,12.33,1.77,1.349,0,1,0,0
TXN112212,159.94,11,11.5,7.04,1.082,1,1,0,0
TXN108002,56.38,6,8.77,4.6,2.526,1,0,1,0
TXN112182,8.8,14,7.54,4.26,0.126,1,1,1,0
TXN110789,22.67,22,5.21,7.57,1.326,0,1,1,0
TXN109324,14.14,11,5.57,10.04,1.488,0,0,1,0
TXN108888,82.04,13,8.91,9.11,1.257,1,0,0,0
TXN110432,31.12,14,14.14,1.11,1.575,1,1,0,0
TXN100807,14.45,13,3.08,2.68,0.469,1,1,0,0
TXN114808,39.47,7,51.33,53.96,0.684,1,0,1,1
TXN111408,8.85,16,22.21,9.95,1.209,1,1,0,0
TXN105123,124.27,11,24.32,0.59,0.82,0,1,1,0
TXN109495,26.83,21,19.15,4.55,0.253,1,1,1,0
TXN104547,137.22,17,12.37,2.38,1.468,0,1,0,0
TXN105611,47.75,16,0.5,18.31,1.421,1,1,0,0
TXN107101,14.58,7,3.27,0.3,0.331,1,1,0,0
TXN111448,32.85,13,15.94,14.85,0.307,0,0,1,0
TXN100611,55.94,15,0.16,2.73,1.38,1,0,1,0
TXN105685,217.7,10,0.99,12.45,0.773,0,1,0,0
TXN113275,4.11,13,12.27,10.13,1.712,1,1,0,0
TXN104188,36.61,13,8.63,10.24,1.273,1,0,1,0
TXN102227,34.7,10,5.72,2.67,1.207,1,1,1,0
TXN100373,10.77,8,8.72,12.37,1.892,1,1,1,0
TXN100192,8.3,13,16.91,14.48,0.766,1,1,0,0
TXN107963,17.95,19,1.1,9.55,0.73,1,0,0,0
TXN103136,63.67,9,10.43,1.35,1.69,0,0,0,0
TXN102287,5.19,17,1.16,13.88,0.568,1,0,0,0
TXN110436,133.63,7,8.57,6.74,0.812,0,1,0,0
TXN106113,48.43,2,24.96,8.86,0.716,1,1,0,0
TXN104712,15.42,7,14.76,3.55,2.212,1,1,0,0
TXN112678,11.86,13,12.15,0.83,1.983,1,0,0,0
TXN114218,104.44,5,2.81,8.68,0.649,0,1,0,0
TXN103801,131.31,11,15.81,9.07,1.297,1,1,0,0
TXN113196,82.43,20,8.98,6.42,0.863,1,0,0,0
TXN104582,50.68,16,0.87,8.64,1.252,1,1,0,0
TXN104332,208.36,14,2.83,6.39,2.274,1,0,1,0
TXN103883,135.2,14,9.25,2.81,0.882,1,0,1,0
TXN110221,7.81,3,0.87,1.38,2.007,1,0,0,0
TXN103970,42.31,8,23.03,6.15,0.48,1,0,1,0
TXN114637,105.79,18,14.64,18.39,1.666,1,1,0,1
TXN111895,63.44,17,0.85,1.31,0.663,1,0,0,0
TXN114751,13.86,0,25.72,3.74,2.298,0,0,0,1
TXN106811,23.73,14,6.69,1.8,0.808,0,1,0,0
TXN108983,4.76,15,16.33,2.51,1.398,0,1,0,0
TXN104303,28.45,17,1.64,10.74,1.891,1,0,1,0
TXN112769,92.18,7,13.72,16.48,1.446,0,0,0,0
TXN114536,22.0,11,17.07,4.88,1.201,0,1,0,0
TXN112157,7.6,9,9.94,8.34,1.883,1,0,0,0
TXN106678,100.72,16,10.8,7.95,1.324,1,0,0,0
TXN111891,13.45,15,11.02,4.69,0.677,0,1,0,0
TXN106304,2.27,13,6.44,0.47,1.57,1,1,0,0
TXN112670,30.99,0,14.47,3.3,1.177,1,0,1,0
TXN106528,29.44,14,7.26,5.78,0.835,0,0,1,0
TXN104075,46.65,3,14.83,7.92,1.231,0,0,1,0
TXN107732,40.38,19,24.53,6.8,1.978,0,0,0,0
TXN109152,15.13,15,4.09,3.13,1.724,0,1,1,0
TXN101842,136.2,7,6.32,5.07,1.406,1,0,0,0
TXN109889,32.65,16,11.91,1.38,1.697,1,1,0,0
TXN107580,9.61,10,10.42,13.19,0.769,0,0,0,0
TXN105286,66.32,2,7.37,6.27,0.598,1,1,0,0
TXN109460,147.38,6,28.49,14.21,0.199,0,1,0,0
TXN103899,7.08,19,2.21,15.16,0.523,0,1,0,0
TXN103438,17.65,15,20.66,6.0,0.495,1,1,1,0
TXN114417,84.82,10,9.01,8.47,0.805,0,1,0,0
TXN114507,9.68,11,3.94,1.9,1.636,1,1,0,0
TXN113632,74.48,2,4.9,6.76,1.316,1,1,1,0
TXN103298,29.87,19,2.88,0.14,0.163,1,0,0,0
TXN109775,174.43,10,14.51,4.81,0.957,0,1,0,0
TXN104847,32.68,12,8.89,6.47,0.437,1,0,1,0
TXN106500,21.93,18,0.91,0.26,2.359,0,1,0,0
TXN111031,174.2,13,4.87,3.86,1.179,1,1,0,0
TXN104877,25.41,18,0.75,13.92,1.9,0,0,0,0
TXN110505,603.39,18,23.88,7.44,0.933,1,1,0,0
TXN114355,15.43,11,8.63,2.75,0.435,1,1,1,0
TXN110409,16.54,14,6.84,6.86,0.483,1,1,0,0
TXN105225,154.68,5,4.48,5.15,1.171,1,1,0,0
TXN111704,102.26,11,9.82,5.35,1.191,1,0,0,0
TXN104014,9.17,12,12.98,11.02,0.549,1,1,1,0
TXN114579,59.42,9,4.66,11.8,0.086,1,1,1,0
TXN103525,51.03,7,3.64,5.57,1.544,1,1,0,0
TXN110604,39.62,12,16.99,5.07,1.144,1,1,0,0
TXN104409,27.69,13,7.43,12.41,0.885,1,1,0,0
TXN106880,93.63,20,2.97,4.34,0.798,0,1,1,0
TXN104754,5.61,18,4.39,5.98,1.664,1,0,1,0
TXN105285,37.59,19,14.67,3.8,1.23,1,0,0,0
TXN100584,38.72,12,9.1,3.92,1.599,1,1,1,0
TXN102139,20.51,3,5.36,5.61,1.482,0,1,0,0
TXN104632,8.0,9,8.05,4.33,0.15,1,1,0,0
TXN113462,172.38,6,14.38,1.9,1.547,1,1,0,0
TXN106176,9.04,13,8.38,12.55,1.043,1,1,0,0
TXN102660,20.71,9,7.32,4.06,1.413,0,1,0,0
TXN106754,31.0,20,11.05,7.46,1.612,1,0,1,0
TXN107487,12.9,13,7.09,3.93,0.069,1,1,0,0
TXN104806,9.92,12,0.66,6.39,1.698,1,0,0,0
TXN102579,35.34,20,6.65,0.06,1.699,1,0,0,0
TXN103714,23.25,11,4.37,2.0,0.904,0,0,1,0
TXN102643,18.9,9,1.05,1.85,0.564,0,1,0,0
TXN106199,38.53,17,8.24,8.08,0.938,1,1,0,0
TXN114015,121.39,0,16.28,6.64,1.553,0,1,1,0
TXN113200,23.41,11,4.95,3.54,0.74,0,1,0,0
TXN103876,57.23,15,2.3,8.7,2.082,0,0,0,0
TXN113622,104.41,6,5.7,5.88,0.531,1,0,1,0
TXN106018,5.35,16,12.77,2.39,1.224,1,0,1,0
TXN113159,96.81,4,11.8,13.48,1.703,1,0,0,0
TXN108319,40.17,1,17.45,0.47,1.1,1,1,0,0
TXN107722,12.85,8,3.4,0.59,1.332,1,0,0,0
TXN110318,44.86,9,1.72,3.36,1.07,1,1,0,0
TXN102694,195.56,19,12.93,3.05,2.342,0,0,1,0
TXN108552,116.47,14,19.05,0.26,1.265,0,0,0,0
TXN113354,51.83,10,6.66,14.3,0.879,1,0,1,0
TXN112386,15.43,16,20.08,7.71,1.644,1,1,0,0
TXN106915,9.99,18,7.81,7.01,2.337,0,0,1,0
TXN105271,22.42,8,1.81,3.6,1.325,1,1,0,0
TXN107616,127.21,14,21.16,0.72,1.321,1,1,1,0
TXN102125,5.36,23,6.55,4.71,1.326,1,1,1,0
TXN108767,25.99,9,0.52,4.69,1.381,1,1,0,0
TXN101392,21.58,13,18.07,5.01,0.139,0,0,0,0
TXN101567,16.78,11,21.7,21.14,1.219,1,1,1,0
TXN104967,2.52,15,14.38,3.6,0.677,1,1,1,0
TXN111415,14.02,18,9.43,9.08,0.777,1,0,0,0
TXN100378,60.04,18,6.79,9.96,1.139,1,0,0,0
TXN106275,95.05,1,12.28,0.0,1.571,1,1,0,0
TXN111823,18.7,18,11.05,9.16,0.839,0,0,0,0
TXN107997,12.54,23,4.86,1.01,1.697,1,0,0,0
TXN111674,43.09,17,1.08,8.72,1.713,0,0,1,0
TXN100537,23.61,14,7.8,3.56,2.455,0,1,1,0
TXN109405,42.6,11,9.45,2.8,1.928,1,1,1,0
TXN105935,50.99,6,7.38,4.17,1.64,1,1,0,0
TXN101745,32.86,6,5.28,9.75,1.419,1,1,0,0
TXN106109,19.76,10,3.44,3.86,1.169,1,1,0,0
TXN106551,21.28,13,0.29,8.41,0.608,1,1,1,0
TXN113605,15.54,10,6.88,9.26,0.46,1,1,1,0
TXN105731,26.32,0,27.04,7.35,1.191,0,1,0,0
TXN103002,22.19,7,7.19,8.39,0.591,1,1,0,0
TXN106907,74.16,18,3.04,0.62,0.941,1,1,0,0
TXN102827,61.66,11,6.45,8.43,0.593,1,0,1,0
TXN114545,19.4,17,7.7,0.41,0.867,1,1,1,0
TXN109296,8.13,12,13.58,0.16,1.554,1,1,1,0
TXN104371,198.61,12,2.13,12.89,0.527,0,1,0,0
TXN104653,36.62,6,17.68,7.56,1.068,1,1,1,0
TXN110940,51.68,7,14.76,3.07,0.543,1,0,0,0
TXN107342,10.23,18,7.72,5.12,1.453,1,1,1,0
TXN109010,27.52,17,10.69,8.68,0.666,0,1,1,0
TXN110060,51.75,15,5.99,0.24,1.777,0,1,1,0
TXN102854,273.92,20,0.59,6.94,1.071,0,0,0,0
TXN107248,26.03,14,4.52,9.97,1.606,1,0,0,0
TXN110038,46.58,3,15.63,6.27,0.308,1,1,0,0
TXN103647,86.75,13,1.47,2.29,1.855,1,0,0,0
TXN105515,11.51,17,2.56,1.35,0.982,1,1,1,0
TXN101911,40.67,18,11.02,2.25,1.902,0,1,1,0
TXN100340,4.0,12,3.99,7.23,0.317,0,1,0,0
TXN105313,48.1,16,20.58,10.75,0.396,1,1,0,0
TXN114070,5.71,16,3.91,14.25,0.899,1,1,0,0
TXN107975,62.72,0,2.73,9.22,1.484,1,0,1,0
TXN101429,33.01,12,0.56,11.44,1.249,1,1,0,0
TXN107836,24.02,12,13.7,9.69,0.491,1,0,0,0
TXN106918,7.27,0,10.92,2.48,1.783,1,1,1,0
TXN104627,145.11,4,12.01,8.89,0.485,1,0,1,0
TXN108779,44.18,23,12.22,1.93,1.054,0,1,1,0
TXN114018,48.64,1,5.15,0.83,1.241,1,1,1,0
TXN114211,39.43,19,5.01,10.52,2.069,1,0,1,0
TXN109253,4.52,14,5.91,5.42,0.868,1,1,1,0
TXN114624,57.69,14,15.45,4.09,2.044,0,1,0,0
TXN112503,22.45,13,12.07,8.25,0.508,1,1,0,0
TXN107310,91.93,7,23.58,9.15,0.987,1,1,0,0
TXN103794,74.55,6,16.81,9.35,1.064,0,1,1,0
TXN105421,13.98,7,2.67,8.78,0.898,0,1,0,0
TXN108372,34.3,13,5.62,6.52,1.798,1,0,0,0
TXN105159,144.53,7,12.83,1.94,2.181,1,0,1,0
TXN103959,9.12,14,6.96,2.49,1.568,1,1,0,0
TXN107850,16.34,0,20.58,7.48,0.312,1,1,1,0
TXN104242,43.74,9,0.14,7.12,0.694,1,0,0,0
TXN112566,52.37,18,1.19,4.2,0.987,1,0,0,0
TXN102173,115.42,17,7.43,6.67,1.419,1,1,0,0
TXN114687,43.61,0,17.62,0.03,3.68,1,0,0,1
TXN109183,145.69,17,2.3,6.77,1.726,1,1,1,0
TXN103440,83.14,11,10.07,3.54,2.01,1,1,0,0
TXN102423,50.67,12,7.98,11.55,0.284,1,1,0,0
TXN105555,55.26,21,7.22,2.0,0.19,0,0,1,0
TXN103099,64.1,16,0.98,1.26,0.656,1,1,1,0
TXN107463,19.65,13,7.1,10.46,1.538,1,0,0,0
TXN113590,6.78,9,20.63,10.27,2.711,1,1,0,0
TXN101998,8.72,19,13.46,6.37,0.697,0,1,1,0
TXN102100,31.3,2,3.55,12.56,1.931,1,0,0,0
TXN109083,37.38,23,17.85,7.97,1.556,1,0,1,0
TXN111260,43.17,13,3.4,3.37,0.176,1,1,0,0
TXN114544,26.75,21,22.21,6.31,1.11,1,1,1,0
TXN108944,33.78,8,11.8,11.17,0.357,0,0,1,0
TXN100850,32.67,12,12.72,14.41,0.226,1,1,0,0
TXN106629,11.92,16,17.6,0.14,0.16,1,1,0,0
TXN102537,7.7,0,12.95,7.33,0.786,1,1,1,0
TXN110784,28.77,8,16.57,7.23,1.119,1,1,1,0
TXN112537,50.04,14,5.12,15.41,1.66,1,0,1,0
TXN114137,27.5,15,5.86,12.1,1.419,1,1,1,0
TXN106117,359.01,11,13.95,3.57,1.657,0,1,1,0
TXN110420,40.58,3,3.25,2.89,2.06,1,1,0,0
TXN112254,101.32,18,1.98,4.61,1.186,1,0,1,0
TXN103807,32.19,14,10.12,4.37,1.172,0,1,0,0
TXN101007,22.48,18,37.7,8.94,1.109,0,1,1,0
TXN106874,59.62,8,5.12,4.42,0.578,1,0,0,0
TXN114172,16.87,22,1.56,5.59,1.643,1,1,1,0
TXN103599,29.45,7,0.17,3.71,1.415,1,1,0,0
TXN114755,28.29,4,18.43,23.96,3.0,1,0,0,1
TXN105687,1.34,18,4.07,5.46,0.981,1,1,1,0
TXN105209,13.17,16,8.21,4.07,0.392,1,1,0,0
TXN102571,7.61,11,16.98,1.99,0.568,1,0,0,0
TXN113541,22.01,15,38.05,6.9,1.743,1,1,0,0
TXN104138,56.92,8,16.93,9.26,1.684,0,0,0,0
TXN100819,59.17,17,0.92,4.21,1.554,1,0,0,0
TXN102797,7.05,11,1.17,7.51,1.857,1,1,0,0
TXN106549,34.89,7,29.07,0.77,0.95,1,1,0,0
TXN104986,59.42,0,27.84,4.38,0.908,1,1,0,0
TXN103218,70.65,15,8.03,2.07,1.304,1,0,0,0
TXN100903,60.13,6,11.51,9.55,1.678,1,1,0,0
TXN106956,25.48,5,9.78,7.55,2.29,1,0,0,0
TXN102544,16.99,4,13.33,2.63,0.069,0,0,0,0
TXN112740,23.56,11,7.09,6.57,0.508,0,0,1,0
TXN111271,77.16,9,1.26,0.42,1.441,1,1,0,0
TXN100213,23.79,13,26.29,5.32,0.958,1,1,1,0
TXN100967,7.12,14,13.39,7.95,0.529,1,1,0,0
TXN109823,9.34,7,0.29,3.24,1.712,0,1,0,0
TXN101077,65.06,13,2.0,5.59,0.914,0,1,0,0
TXN102367,67.24,18,4.59,4.67,0.923,0,0,1,0
TXN103601,51.88,17,1.91,13.39,1.389,0,1,1,0
TXN103690,8.94,8,28.9,2.44,0.099,1,1,0,0
TXN101671,4.52,20,2.98,19.96,1.194,1,1,0,0
TXN108733,19.81,22,19.1,5.38,0.813,0,0,1,0
TXN101592,6.33,19,1.18,0.95,1.744,1,0,1,0
TXN102075,9.73,15,14.67,0.39,1.278,1,1,0,0
TXN110361,141.83,17,16.11,0.4,0.656,0,1,0,0
TXN100635,39.07,19,0.68,5.89,0.153,0,0,1,0
TXN114949,36.66,0,9.59,10.82,2.026,0,0,0,1
TXN103913,18.67,14,12.86,3.01,1.151,1,1,0,0
TXN106431,44.67,16,1.68,19.62,1.563,1,1,1,0
TXN107999,76.11,3,9.36,0.24,1.36,0,1,1,0
TXN110966,23.65,11,4.77,4.99,1.234,1,1,0,0
TXN113532,626.53,5,16.69,10.19,1.384,1,1,0,0
TXN100193,70.39,8,7.09,3.67,1.307,1,1,0,0
TXN112856,4.37,13,11.42,3.65,0.535,1,0,1,0
TXN110423,71.34,3,14.61,11.84,0.596,0,1,0,0
TXN107604,39.41,20,21.4,0.36,1.457,1,1,1,0
TXN112350,60.5,8,0.9,0.72,1.244,0,1,1,0
TXN103717,50.04,14,28.04,1.4,0.732,1,0,1,0
TXN108168,90.82,11,5.59,1.17,0.458,1,1,1,0
TXN111514,86.02,3,7.87,1.8,0.446,1,0,0,0
TXN112201,81.1,19,17.09,6.81,0.733,1,0,0,0
TXN111651,5.35,11,29.58,3.81,0.02,0,1,1,0
TXN102407,10.18,11,4.26,3.14,0.513,1,0,0,0
TXN111155,175.29,15,2.18,7.37,0.217,0,1,1,0
TXN101388,129.94,17,3.95,4.19,0.905,1,1,0,0
TXN100319,298.97,4,10.9,5.46,1.24,1,1,1,0
TXN109840,12.45,11,15.18,5.79,1.161,0,1,1,0
TXN103168,15.12,23,21.7,5.68,1.448,1,1,1,0
TXN101473,12.18,14,2.21,8.71,0.338,1,0,1,0
TXN112306,54.45,10,1.47,3.0,1.371,1,1,0,0
TXN114027,54.83,14,4.76,1.74,1.531,1,1,1,0
TXN109211,13.1,3,9.4,8.45,0.829,1,0,0,0
TXN112920,28.88,14,10.15,1.86,0.834,0,0,0,0
TXN111631,238.17,7,3.64,1.23,0.914,1,1,0,0
TXN110273,190.48,20,2.28,3.5,0.783,1,1,0,0
TXN106508,10.76,17,5.76,4.92,1.724,1,0,0,0
TXN104294,17.28,19,15.27,7.47,1.093,1,0,0,0
TXN102459,24.72,15,1.46,9.25,2.027,1,1,0,0
TXN112263,12.72,18,9.13,4.76,0.884,1,1,0,0
TXN100631,10.52,0,12.66,10.03,1.224,1,1,1,0
TXN113245,49.36,9,14.66,28.18,1.964,0,1,1,0
TXN111493,44.49,8,22.68,5.74,2.173,0,1,1,0
TXN100837,24.29,14,2.57,6.02,0.859,1,1,0,0
TXN106198,6.01,21,22.61,3.98,0.27,0,1,0,0
TXN110367,57.49,13,15.19,11.13,0.339,1,0,1,0
TXN113700,11.44,8,7.51,2.61,1.244,1,1,0,0
TXN113692,38.62,2,4.61,5.67,0.821,1,1,0,0
TXN103602,11.3,16,12.22,6.8,1.073,1,1,0,0
TXN111724,25.36,17,0.58,5.13,1.936,0,0,1,0
TXN108559,64.82,19,4.32,10.19,1.66,0,1,1,0
TXN102914,16.67,17,4.36,11.25,1.502,1,0,0,0
TXN106941,53.57,13,1.1,12.79,1.135,1,1,0,0
TXN111299,19.08,12,13.94,0.78,1.424,0,0,1,0
TXN101381,32.08,3,6.58,7.25,1.952,1,1,0,0
TXN114575,36.93,15,5.19,0.16,0.449,1,0,0,0
TXN112754,14.68,11,1.5,14.52,1.552,1,0,1,0
TXN101640,20.19,5,7.6,10.22,1.006,1,1,0,0
TXN111836,21.25,15,12.74,3.0,0.124,1,1,1,0
TXN103678,22.06,19,4.62,4.54,0.314,1,1,0,0
TXN101176,6.16,13,16.88,17.41,0.046,0,1,1,0
TXN100252,18.28,11,10.0,11.82,0.928,1,1,0,0
TXN100938,5.91,20,7.62,0.26,1.081,0,0,0,0
TXN110572,32.57,17,14.27,13.16,1.974,1,0,0,0
TXN100257,30.6,12,5.19,4.08,0.057,1,0,1,0
TXN107929,82.78,20,7.92,6.8,0.511,1,0,0,0
TXN113916,115.67,6,29.65,8.87,0.886,0,0,1,0
TXN114348,111.02,23,9.13,5.6,0.57,0,1,0,0
TXN105075,119.0,6,10.38,4.49,0.688,1,0,1,0
TXN102218,11.8,16,7.15,10.89,0.931,1,1,1,0
TXN107930,19.33,15,7.16,9.94,0.806,1,1,0,0
TXN101635,9.86,13,1.63,4.04,0.81,1,1,0,0
TXN114267,43.56,13,11.37,2.33,1.175,0,0,0,0
TXN107361,12.55,12,10.57,5.16,0.415,1,1,1,0
TXN106382,50.98,12,17.31,4.31,0.048,1,1,0,0
TXN108070,21.89,1,2.27,4.12,0.82,1,1,1,0
TXN103957,22.35,6,12.06,3.66,1.038,1,1,0,0
TXN114369,21.36,2,6.44,3.58,2.398,1,1,1,0
TXN114464,173.37,15,16.18,2.22,1.53,1,1,0,0
TXN108877,59.28,7,3.98,14.83,0.986,1,1,0,0
TXN105407,81.53,3,8.78,5.52,1.069,1,1,0,0
TXN106375,29.21,6,5.32,5.95,0.83,0,1,1,0
TXN105576,22.51,13,6.43,14.31,1.259,1,0,0,0
TXN106086,12.15,15,7.87,1.97,1.454,1,0,0,0
TXN109227,51.84,16,12.98,7.19,2.388,1,1,1,0
TXN111683,46.22,2,17.26,5.43,1.007,0,1,0,0
TXN109029,38.12,22,1.71,0.53,1.874,1,1,1,0
TXN104764,9.47,11,3.59,3.93,1.341,0,1,1,0
TXN105346,50.91,16,13.09,1.13,1.98,0,0,1,0
TXN101119,47.22,23,10.34,13.43,0.64,1,0,1,0
TXN101970,20.38,23,9.31,5.01,1.344,0,1,1,0
TXN111264,21.95,7,7.95,1.82,0.632,1,1,0,0
TXN100810,14.34,12,5.4,10.12,1.026,1,1,1,0
TXN102731,49.73,7,9.11,2.63,0.864,0,1,0,0
TXN101964,47.49,22,6.01,8.95,1.882,1,0,0,0
TXN110412,49.11,17,20.2,5.68,0.836,1,1,1,0
TXN100491,25.89,14,11.55,1.08,1.404,0,1,1,0
TXN102863,197.64,10,7.64,1.13,1.344,0,1,0,0
TXN109355,56.95,13,11.36,6.53,1.294,1,1,1,0
TXN109132,31.91,3,4.4,1.28,0.992,0,1,0,0
TXN111065,8.85,11,10.39,7.09,1.032,1,0,0,0
TXN111818,62.21,11,1.13,10.5,1.051,1,1,1,0
TXN106672,94.86,20,31.27,8.62,1.565,1,1,0,0
TXN104849,25.89,4,6.88,7.63,2.517,0,1,0,0
TXN114738,155.37,9,22.6,13.86,3.789,1,0,0,1
TXN108331,2.3,22,14.26,8.79,1.061,1,1,0,0
TXN102683,29.95,9,24.49,0.76,1.522,1,1,1,0
TXN103266,60.35,18,9.05,4.23,1.443,1,1,0,0
TXN102371,71.34,7,4.25,9.61,2.083,1,1,1,0
TXN100907,23.95,13,20.86,24.19,0.194,1,1,0,0
TXN103713,19.24,12,9.42,5.82,1.048,0,1,0,0
TXN100762,118.09,18,9.21,1.11,1.725,0,0,0,0
TXN106985,22.1,12,20.61,7.37,0.617,1,1,0,0
TXN102387,19.18,12,1.58,9.63,1.659,0,1,0,0
TXN106271,120.62,23,11.36,14.44,1.433,0,1,0,0
TXN109747,20.88,15,4.88,0.53,1.351,1,0,1,0
TXN110858,10.31,22,12.23,4.55,0.66,1,1,0,0
TXN101324,111.25,19,13.88,3.18,1.72,1,1,0,0
TXN100524,68.82,11,3.58,13.04,1.204,0,1,0,0
TXN102726,39.1,11,2.58,14.95,1.399,0,1,0,0
TXN103966,51.56,20,12.69,1.42,0.744,1,1,0,0
TXN102613,11.9,18,2.2,6.78,1.548,1,1,1,0
TXN112416,14.15,7,0.92,3.76,1.833,0,1,1,0
TXN101523,38.98,15,16.12,3.5,1.348,1,1,1,0
TXN101134,34.8,14,15.87,9.97,0.366,1,1,0,0
TXN108795,50.79,18,4.01,9.3,1.48,1,1,0,0
TXN104974,10.46,1,4.75,7.9,1.135,1,1,0,0
TXN106583,29.72,6,11.88,5.39,0.7,0,0,0,0
TXN100920,36.08,19,6.88,7.28,1.739,1,1,0,0
TXN107103,4.23,12,3.37,13.03,1.049,1,1,0,0
TXN105045,20.09,14,0.27,8.85,1.103,1,1,0,0
TXN103109,17.34,8,6.12,14.9,0.713,0,1,0,0
TXN111489,22.04,10,14.03,10.38,1.173,1,0,0,0
TXN113228,30.81,3,5.6,6.42,1.772,1,0,0,0
TXN100322,9.9,18,4.26,16.06,0.081,1,1,1,0
TXN108304,35.42,14,9.63,1.82,1.07,0,0,1,0
TXN105756,34.06,5,9.45,8.97,1.505,1,1,0,0
TXN108310,208.54,15,5.06,12.29,0.966,1,1,1,0
TXN113198,74.52,16,5.54,10.77,1.279,0,1,1,0
TXN104023,41.35,7,8.83,13.44,2.06,1,1,0,0
TXN109509,30.62,11,4.84,2.7,0.884,1,0,1,0
TXN109308,95.98,13,0.79,14.95,0.162,1,0,0,0
TXN105382,27.84,10,16.91,5.83,1.737,0,0,1,0
TXN100839,92.13,11,1.99,0.72,0.456,1,0,0,0
TXN107514,74.07,1,19.84,13.39,0.953,1,0,0,0
TXN103979,48.78,14,1.69,5.64,1.619,0,1,0,0
TXN113186,113.22,15,12.48,4.95,1.144,1,0,0,0
TXN105666,17.13,12,6.36,0.22,1.554,1,0,0,0
TXN114312,110.49,13,0.17,14.07,1.645,0,1,0,0
TXN110402,61.85,17,5.5,5.56,1.776,0,0,1,0
TXN114409,2.1,9,9.73,7.35,1.176,0,1,0,0
TXN114780,144.69,5,38.94,23.84,3.912,0,0,1,1
TXN109248,56.9,15,3.28,0.14,0.396,1,0,0,0
TXN113762,1.45,23,7.5,12.2,0.485,1,1,1,0
TXN112677,96.71,10,7.49,4.71,0.869,1,0,1,0
TXN100979,42.13,11,21.09,9.86,0.583,0,0,0,0
TXN107807,19.63,14,9.98,4.79,0.919,0,1,1,0
TXN104686,53.91,4,6.19,5.09,1.785,1,1,1,0
TXN108609,304.24,9,3.57,3.36,1.128,1,1,0,0
TXN111061,167.37,17,17.38,3.05,0.054,1,1,0,0
TXN114174,121.93,21,7.57,11.11,0.867,0,1,0,0
TXN109264,14.05,13,0.09,2.16,0.8,1,0,0,0
TXN110418,40.45,7,5.36,4.16,1.137,1,0,0,0
TXN103067,4.84,23,6.11,7.56,1.168,0,1,1,0
TXN107530,79.82,10,4.08,3.55,0.544,1,1,1,0
TXN103011,83.48,4,14.93,5.82,1.357,1,0,0,0
TXN112946,77.04,15,3.07,9.96,0.559,0,1,0,0
TXN112454,27.57,0,3.6,10.87,1.766,1,0,1,0
TXN103391,13.69,8,21.18,0.52,0.807,0,1,0,0
TXN112700,113.02,7,3.29,2.33,1.254,1,0,0,0
TXN110673,17.9,1,19.73,5.1,1.127,1,1,0,0
TXN106139,248.53,10,11.01,11.19,1.011,0,1,0,0
TXN111226,5.48,14,13.53,7.25,0.145,0,0,1,0
TXN113312,36.43,17,27.42,0.63,1.634,1,0,0,0
TXN103164,6.47,16,9.55,9.61,2.985,0,1,1,0
TXN109681,41.69,16,1.9,9.86,0.753,1,1,0,0
TXN103993,68.45,15,2.46,14.53,0.311,1,1,0,0
TXN103261,62.53,14,11.51,3.95,1.377,1,1,0,0
TXN103536,171.77,22,7.08,2.56,1.014,1,1,1,0
TXN114188,52.37,12,3.5,5.0,1.827,0,1,0,0
TXN110518,162.44,15,19.38,6.4,2.362,1,0,1,0
TXN104207,5.34,15,12.7,3.16,2.251,1,0,1,0
TXN103106,3.61,14,5.8,6.53,1.224,1,1,1,0
TXN114047,13.53,16,3.7,2.53,1.498,1,0,0,0
TXN103706,44.71,11,23.14,12.74,0.288,0,0,0,0
TXN107606,133.17,13,17.79,4.78,1.124,1,0,1,0
TXN104196,225.29,12,11.45,12.63,1.468,1,0,0,0
TXN107204,25.92,15,13.7,2.69,1.395,1,0,0,0
TXN105352,27.14,11,11.21,1.94,1.132,1,1,0,0
TXN111812,43.24,12,3.33,4.82,1.735,1,1,0,0
TXN100091,41.01,14,1.23,14.89,0.387,1,1,0,0
TXN108631,27.43,19,4.87,9.27,1.389,1,1,0,0
TXN105844,8.26,13,6.66,14.57,1.513,1,1,1,0
TXN112952,22.91,17,5.47,1.68,1.117,1,1,0,0
TXN106347,18.13,10,6.01,1.74,0.702,1,1,0,0
TXN111636,10.74,16,2.74,2.85,1.102,0,1,0,0
TXN106051,12.96,11,11.63,8.09,1.501,1,1,0,0
TXN113324,116.2,5,6.0,13.51,2.059,1,1,0,0
TXN103747,11.53,7,11.55,6.0,0.188,1,0,0,0
TXN114091,70.29,18,6.43,9.09,1.262,1,1,0,0
TXN108416,6.18,15,30.15,3.21,1.721,1,0,1,0
TXN113385,31.1,20,14.14,1.32,1.0,1,1,1,0
TXN105232,21.75,11,8.37,5.25,1.95,0,1,1,0
TXN100618,81.94,19,0.3,5.43,2.224,0,1,1,0
TXN109635,22.05,7,0.51,18.56,1.001,1,1,1,0
TXN103549,24.77,11,18.35,2.97,0.38,1,1,0,0
TXN103771,45.84,19,1.12,9.35,1.533,1,1,0,0
TXN107553,24.02,14,1.87,0.83,0.27,1,1,0,0
TXN103020,15.72,18,5.01,2.53,0.985,1,0,0,0
TXN110268,122.83,10,12.63,4.58,0.665,0,0,0,0
TXN103882,57.14,15,0.83,5.15,1.319,1,1,0,0
TXN107138,51.95,0,6.06,4.76,0.179,1,1,0,0
TXN112215,5.9,13,9.56,3.83,0.576,1,1,0,0
TXN107668,20.52,11,6.3,6.59,1.302,0,1,0,0
TXN106008,37.2,6,7.82,7.32,1.196,1,1,0,0
TXN106329,75.45,15,9.8,14.56,0.833,1,0,0,0
TXN103275,26.86,11,6.97,5.01,1.365,1,0,0,0
TXN108285,13.9,14,12.05,7.59,1.075,0,1,1,0
TXN110884,77.57,14,4.32,14.74,1.346,1,1,0,0
TXN113589,10.7,17,2.0,4.25,1.701,1,1,0,0
TXN108810,50.28,16,1.96,7.89,1.474,1,1,0,0
TXN104370,9.44,3,20.01,7.72,1.108,1,1,0,0
TXN110680,97.29,7,15.02,15.54,0.344,0,1,0,0
TXN107496,10.45,12,8.34,13.73,0.945,1,1,0,0
TXN108141,29.82,18,8.53,11.3,1.626,1,1,0,0
TXN111004,34.67,14,15.79,1.5,1.028,1,0,1,0
TXN108783,69.53,2,4.84,5.45,2.082,1,1,1,0
TXN113703,22.95,17,2.63,5.25,1.234,1,1,0,0
TXN101183,59.78,18,5.35,8.99,1.509,1,0,1,0
TXN104580,13.46,8,29.85,8.47,0.065,1,1,0,0
TXN114186,23.78,16,8.29,3.39,1.222,1,0,0,0
TXN111108,84.73,11,11.03,2.39,0.647,1,1,0,0
TXN103304,144.36,2,0.93,5.08,0.37,0,0,0,0
TXN108678,44.45,7,16.63,9.32,0.312,1,1,0,0
TXN107516,140.33,17,13.8,10.84,1.311,1,1,0,0
TXN110529,350.6,4,2.7,0.47,1.252,1,1,0,0
TXN101618,22.31,13,3.73,9.77,0.784,1,0,0,0
TXN101232,135.37,16,5.7,7.36,1.506,1,1,0,0
TXN113210,73.11,5,15.51,4.61,1.55,1,0,0,0
TXN104989,10.65,8,17.37,11.95,0.514,1,0,1,0
TXN103737,118.05,13,10.68,0.93,1.421,1,1,1,0
TXN111795,93.88,7,1.32,7.39,1.028,0,1,0,0
TXN111961,27.43,4,6.41,9.63,0.026,0,1,0,0
TXN112899,57.57,7,0.86,2.46,0.96,0,1,0,0
TXN113625,16.19,17,5.92,3.34,0.254,1,1,0,0
TXN113508,8.16,18,3.69,4.89,1.021,1,1,0,0
TXN101584,50.4,16,5.21,0.62,1.722,1,0,1,0
TXN107809,45.75,14,0.62,5.2,0.695,1,1,0,0
TXN107936,66.12,20,3.37,8.55,1.024,1,1,0,0
TXN106951,16.84,11,27.24,11.59,1.267,1,1,0,0
TXN106226,60.33,19,26.24,0.66,1.834,0,1,1,0
TXN107075,159.48,9,6.49,2.38,0.941,1,1,0,0
TXN110672,31.66,16,3.01,10.3,0.888,0,1,0,0
TXN104741,38.41,15,0.06,16.2,0.709,1,0,0,0
TXN109073,29.97,0,15.84,2.55,0.999,0,0,0,0
TXN111370,43.15,10,1.1,3.38,0.971,0,1,0,0
TXN113559,43.51,0,33.01,2.89,1.729,1,1,1,0
TXN107772,21.57,20,16.32,1.1,1.522,1,0,1,0
TXN100073,62.99,6,4.54,5.84,0.55,1,0,0,0
TXN101704,67.22,13,5.01,2.58,1.426,0,0,1,0
TXN103007,251.01,18,2.33,6.15,1.45,1,1,0,0
TXN104198,13.76,3,4.16,5.21,1.633,0,1,0,0
TXN107714,9.82,10,2.23,3.15,0.441,1,1,1,0
TXN108449,162.7,19,1.67,2.55,0.026,1,0,0,0
TXN104153,14.09,19,13.88,1.55,0.83,1,0,1,0
TXN113981,16.21,6,12.73,7.84,2.371,0,0,0,0
TXN105124,49.82,0,9.47,5.34,1.076,1,0,0,0
TXN102265,38.99,10,12.11,17.43,1.254,0,0,1,0
TXN105538,15.42,9,15.7,9.84,0.641,0,1,0,0
TXN107433,101.26,16,6.52,6.07,2.28,0,1,1,0
TXN102355,62.11,14,2.11,1.58,2.08,1,1,0,0
TXN100471,31.87,21,4.48,2.82,1.339,1,1,1,0
TXN108712,251.49,13,6.78,1.6,1.154,1,1,0,0
TXN113075,37.14,16,1.44,0.16,1.103,1,1,0,0
TXN109825,21.44,6,15.1,4.01,1.31,0,0,1,0
TXN108975,25.27,13,13.2,6.17,0.989,0,1,0,0
TXN106556,4.94,15,11.27,2.64,1.692,1,1,1,0
TXN103990,23.84,8,3.55,0.5,0.091,1,1,0,0
TXN111469,250.34,8,25.29,4.58,0.585,0,0,0,0
TXN105597,70.79,11,6.53,0.06,1.494,1,1,0,0
TXN113149,76.49,5,11.42,11.35,1.838,1,1,1,0
TXN103153,14.0,20,1.29,14.3,0.2,1,1,0,0
TXN103155,31.41,10,0.26,8.71,0.914,1,1,0,0
TXN109696,238.05,16,13.35,3.32,1.26,0,0,0,0
TXN107244,10.81,3,7.89,12.64,1.524,0,1,0,0
TXN105387,10.87,22,5.26,4.15,1.134,1,1,1,0
TXN112169,26.16,9,10.63,1.33,1.942,1,0,0,0
TXN109118,106.14,7,3.1,9.96,1.904,1,1,0,0
TXN112834,32.19,20,27.08,1.35,0.979,1,1,1,0
TXN114319,25.3,16,8.55,1.26,0.88,1,1,1,0
TXN110366,14.81,15,3.16,3.36,0.636,1,1,1,0
TXN113949,74.8,23,9.21,1.18,0.994,0,1,1,0
TXN100851,40.92,14,11.46,3.24,1.065,1,1,0,0
TXN110860,26.68,4,2.73,7.05,1.481,0,1,0,0
TXN108868,388.89,18,7.66,6.05,1.699,1,1,0,0
TXN103538,86.05,12,20.07,0.89,0.578,1,1,1,0
TXN105389,34.26,18,0.03,1.19,1.933,0,0,0,0
TXN103607,35.65,19,23.26,6.47,0.68,1,0,1,0
TXN113272,19.74,19,1.29,5.71,0.534,1,0,0,0
TXN113008,18.13,18,19.82,0.13,0.435,1,1,0,0
TXN110016,52.69,15,18.68,8.4,0.767,1,1,1,0
TXN106320,19.59,22,19.76,3.59,1.556,1,0,0,0
TXN112482,9.68,11,11.86,0.17,2.03,0,1,0,0
TXN107186,68.09,18,5.33,1.73,0.2,0,1,0,0
TXN108225,6.11,23,5.39,11.17,0.726,1,0,0,0
TXN107533,64.7,16,0.21,7.54,0.236,1,1,0,0
TXN108404,66.57,14,13.24,1.71,0.87,1,1,0,0
TXN110433,51.92,6,6.37,0.01,2.103,0,1,1,0
TXN112610,9.13,14,1.33,3.11,0.882,1,0,1,0
TXN101786,12.59,13,2.28,12.55,0.895,1,1,0,0
TXN106407,70.65,18,1.55,3.87,0.709,1,0,1,0
TXN113582,14.15,18,0.72,0.18,1.479,1,1,1,0
TXN109114,44.46,10,13.47,7.16,0.548,1,0,0,0
TXN106644,71.42,11,18.82,3.37,0.698,0,0,1,0
TXN101947,67.86,23,7.61,6.16,1.743,1,1,0,0
TXN100451,74.39,15,11.27,3.99,1.143,1,1,0,0
TXN100006,23.15,12,0.22,0.51,1.752,0,0,0,0
TXN104598,9.02,19,0.21,3.53,1.866,1,1,0,0
TXN109852,9.39,17,10.55,2.08,1.437,1,0,1,0
TXN108732,162.26,1,3.56,6.2,0.6,1,1,0,0
TXN104624,31.76,21,16.62,13.53,1.441,1,1,1,0
TXN103386,9.48,10,3.1,0.58,0.812,0,1,0,0
TXN104078,138.53,15,10.73,1.79,0.84,0,1,0,0
TXN105063,25.98,18,4.43,10.07,0.317,1,0,1,0
TXN106832,54.1,20,4.88,7.26,0.316,1,1,0,0
TXN114954,53.3,23,5.35,6.74,1.952,1,0,1,1
TXN100591,47.37,13,4.39,13.52,1.722,1,1,1,0
TXN103759,88.73,3,4.48,2.07,1.46,1,0,1,0
TXN110033,29.93,17,13.42,12.1,1.574,1,1,0,0
TXN109562,68.25,18,10.57,4.71,0.438,1,0,0,0
TXN111393,23.72,0,29.47,5.5,0.24,1,0,1,0
TXN110047,12.93,12,22.07,1.09,2.735,1,1,1,0
TXN100480,33.2,8,34.43,14.45,1.229,1,1,1,0
TXN104618,16.04,9,5.5,0.41,1.047,1,1,0,0
TXN108317,56.13,13,11.68,7.15,1.2,0,1,0,0
TXN108890,48.87,21,2.19,0.25,0.229,0,1,1,0
TXN107627,43.04,19,2.22,9.76,1.567,1,1,1,0
TXN110324,8.38,8,0.81,6.64,1.124,1,0,0,0
TXN106084,65.72,5,11.77,6.93,1.475,1,0,0,0
TXN103117,208.21,20,3.45,10.21,1.962,1,1,0,0
TXN106295,28.58,14,15.01,2.23,1.388,1,1,1,0
TXN101982,105.61,15,1.65,2.95,1.567,0,0,1,0
TXN107601,33.51,8,12.18,10.73,2.11,1,1,1,0
TXN107918,82.83,8,12.41,2.36,1.708,1,0,1,0
TXN106468,135.91,18,2.37,6.2,0.701,1,1,0,0
TXN107482,61.43,14,18.04,7.33,1.872,0,1,0,0
TXN101834,32.69,8,3.39,5.2,0.103,0,0,1,0
TXN108392,98.92,7,10.48,3.55,0.638,0,1,0,0
TXN104174,19.43,20,0.06,0.52,1.195,1,0,1,0
TXN110202,20.06,0,1.41,2.99,1.57,1,1,0,0
TXN105564,5.02,14,2.38,7.46,1.679,0,1,1,0
TXN104656,154.78,7,2.96,17.24,1.682,0,0,0,0
TXN102470,64.32,13,19.48,5.79,0.83,1,0,0,0
TXN100196,27.07,2,1.64,9.49,0.637,1,0,0,0
TXN113317,109.42,2,18.65,10.34,0.202,1,1,0,0
TXN102031,257.7,16,9.34,14.12,0.0,0,1,0,0
TXN103967,35.05,13,2.64,0.73,1.051,1,1,1,0
TXN106658,43.25,12,14.16,2.41,0.858,1,1,1,0
TXN107631,151.99,14,5.14,15.12,0.698,0,1,0,0
TXN110682,39.4,12,9.35,11.72,2.028,0,1,1,0
TXN100707,52.05,9,16.65,1.69,0.704,0,1,1,0
TXN105599,42.66,10,10.32,16.41,1.618,1,1,0,0
TXN101891,114.6,11,6.36,5.48,2.1,0,0,0,0
TXN112825,95.63,5,20.71,1.78,1.421,0,1,0,0
TXN101795,33.89,22,9.77,10.65,0.419,1,1,0,0
TXN106944,255.9,9,3.51,8.83,1.486,0,0,1,0
TXN102861,106.13,17,4.07,9.06,0.227,1,1,0,0
TXN108369,72.3,11,5.67,4.0,0.758,1,1,0,0
TXN105100,22.67,15,9.79,11.35,0.88,1,1,0,0
TXN105179,314.04,17,23.32,8.98,0.446,0,0,0,0
TXN106610,38.24,1,7.54,7.1,0.443,0,1,0,0
TXN102072,39.38,5,16.41,5.37,1.316,1,1,0,0
TXN111239,77.73,16,4.72,3.39,0.954,1,1,1,0
TXN105776,27.04,11,3.7,2.9,1.614,1,1,0,0
TXN104024,16.1,21,16.8,6.67,0.274,1,1,0,0
TXN105848,14.11,14,0.31,1.71,1.31,1,1,0,0
TXN101859,91.7,3,9.0,0.44,1.615,1,1,0,0
TXN100107,41.64,23,12.18,7.77,0.927,0,0,0,0
TXN109359,24.15,8,5.91,5.74,1.161,1,1,1,0
TXN108872,17.39,18,12.47,0.89,0.971,1,1,1,0
TXN107490,12.26,13,7.8,3.58,2.244,1,0,0,0
TXN104577,78.88,12,13.57,12.59,1.682,0,1,0,0
TXN109658,23.66,15,11.05,13.14,1.893,1,1,1,0
TXN110300,14.31,10,22.51,0.05,0.006,1,0,1,0
TXN107705,28.34,20,14.47,3.93,1.52,1,1,0,0
TXN112449,20.12,15,11.49,8.41,1.474,1,0,0,0
TXN111154,67.91,21,7.69,1.32,1.167,1,1,0,0
TXN112046,310.82,15,5.55,2.27,2.242,1,1,0,0
TXN102530,13.41,14,5.65,7.67,1.742,0,1,0,0
TXN104762,43.36,23,3.63,2.02,0.702,1,1,0,0
TXN114391,38.87,13,17.07,15.6,0.715,1,1,1,0
TXN104230,88.12,12,2.88,20.41,0.927,1,1,1,0
TXN106257,56.69,20,5.01,3.18,1.238,0,1,0,0
TXN111254,113.16,16,13.76,3.4,1.604,0,1,0,0
TXN112133,21.96,19,3.69,3.99,1.08,0,0,0,0
TXN101037,307.46,17,0.7,4.27,0.903,1,0,0,0
TXN110724,38.0,7,6.47,13.12,2.331,1,1,0,0
TXN100090,29.34,0,6.58,9.27,0.504,1,1,0,0
TXN102110,24.26,7,4.27,4.4,1.694,0,1,0,0
TXN102219,137.03,6,16.3,4.88,2.206,1,1,0,0
TXN108324,27.67,11,20.4,10.43,1.672,1,1,0,0
TXN101986,30.68,12,13.77,6.58,0.803,0,1,0,0
TXN104473,61.94,15,6.92,25.0,1.342,1,1,1,0
TXN103643,41.51,12,0.03,10.99,0.712,1,1,0,0
TXN109350,26.37,10,0.77,6.84,1.915,1,1,0,0
TXN102453,15.77,10,5.48,0.89,0.07,1,0,1,0
TXN108923,20.8,12,6.82,7.37,0.459,0,0,1,0
TXN111044,97.38,8,2.44,14.93,0.238,1,1,0,0
TXN106550,37.92,0,16.67,3.32,0.632,0,1,1,0
TXN100885,33.33,5,3.16,18.32,0.485,1,1,1,0
TXN105356,57.52,7,10.75,2.36,1.309,1,0,0,0
TXN106065,188.62,20,8.08,6.75,1.828,1,1,0,0
TXN104391,39.76,17,3.43,0.53,1.7,0,1,1,0
TXN100013,47.61,13,25.6,2.04,1.111,1,1,1,0
TXN113332,30.24,11,2.89,16.46,1.343,1,1,0,0
TXN101404,15.86,9,15.51,2.05,1.222,0,1,0,0
TXN103213,35.72,9,18.34,9.52,0.378,1,1,0,0
TXN112492,45.63,14,11.7,14.34,0.997,0,1,1,0
TXN106959,8.77,22,5.22,3.95,1.986,1,1,1,0
TXN112818,2.81,6,7.14,7.29,1.491,0,1,1,0
TXN110024,59.52,8,7.72,2.5,1.395,1,0,0,0
TXN110327,14.56,16,4.95,11.23,0.198,1,1,0,0
TXN101146,13.19,8,15.0,9.45,1.431,1,1,0,0
TXN106265,22.47,11,2.69,3.63,0.58,0,1,0,0
TXN101158,125.66,9,14.38,7.36,1.888,1,1,0,0
TXN104200,143.81,2,2.78,2.87,1.396,0,1,0,0
TXN105394,23.95,18,15.46,7.91,1.423,0,0,0,0
TXN105521,25.19,14,8.9,1.85,1.466,1,1,0,0
TXN108264,49.59,7,14.33,3.93,0.993,1,1,0,0
TXN109000,27.48,12,15.65,4.12,0.607,0,1,0,0
TXN103081,66.21,13,0.1,6.72,2.066,0,0,1,0
TXN112284,25.02,13,17.91,10.94,1.583,0,1,0,0
TXN113505,12.47,18,6.66,11.43,1.633,0,0,1,0
TXN102406,17.83,13,2.06,8.95,2.031,1,1,0,0
TXN108471,80.01,3,23.48,11.1,0.655,0,1,1,0
TXN103312,281.56,22,5.46,6.37,1.522,0,1,0,0
TXN105817,117.59,13,7.17,0.16,0.9,1,0,1,0
TXN102343,67.7,8,12.33,5.67,1.815,0,1,0,0
TXN101574,35.25,20,1.61,3.86,1.293,0,0,1,0
TXN105114,15.63,11,7.03,7.47,0.887,1,1,0,0
TXN102708,26.53,17,19.26,8.36,1.468,1,0,1,0
TXN109215,36.12,21,5.41,4.13,0.627,1,1,0,0
TXN114964,12.02,11,86.03,30.8,1.725,0,0,0,1
TXN108155,118.1,20,21.27,0.02,1.528,1,1,1,0
TXN103283,30.98,13,9.4,0.41,0.306,1,1,0,0
TXN108599,72.13,18,20.61,7.53,0.982,0,1,0,0
TXN109891,95.61,11,18.55,3.67,1.224,0,1,1,0
TXN113427,3.87,18,7.36,8.65,1.437,1,1,0,0
TXN112233,49.69,17,3.57,2.53,0.812,0,0,1,0
TXN105956,12.3,12,19.44,5.33,1.463,1,1,0,0
TXN105288,29.82,10,20.91,1.32,1.248,1,1,1,0
TXN100908,94.45,21,4.57,10.47,1.617,1,1,0,0
TXN114671,228.72,10,7.8,14.02,4.836,1,0,1,1
TXN107928,16.3,16,18.57,9.35,0.296,1,0,0,0
TXN103220,38.82,14,10.08,0.15,1.532,1,1,1,0
TXN111387,16.93,13,6.79,13.29,1.723,0,1,0,0
TXN112595,56.71,3,14.53,6.34,0.47,0,1,1,0
TXN110196,136.64,3,12.03,23.2,1.511,1,1,0,0
TXN108639,22.74,15,9.91,1.52,1.277,1,1,0,0
TXN101000,101.51,20,7.08,0.07,2.505,1,1,1,0
TXN105491,33.96,2,9.19,1.27,0.857,1,1,0,0
TXN113812,56.61,15,4.55,14.79,2.959,1,0,1,0
TXN112082,50.81,10,12.1,3.89,0.885,1,1,1,0
TXN100544,18.36,18,12.42,22.0,1.419,1,1,0,0
TXN111687,25.84,23,7.78,8.61,1.045,1,0,1,0
TXN100048,85.19,13,0.83,9.01,1.1,1,0,1,0
TXN104512,242.34,2,2.12,8.76,0.904,1,0,0,0
TXN100263,106.12,7,12.86,5.0,1.993,1,1,0,0
TXN113794,78.9,13,5.81,13.83,1.292,0,1,0,0
TXN102847,174.16,1,7.59,7.63,1.104,0,1,0,0
TXN111805,42.07,19,10.86,0.51,0.659,0,1,0,0
TXN114947,7.4,23,21.16,33.5,3.535,1,0,1,1
TXN102929,211.67,20,12.58,14.95,0.887,1,0,0,0
TXN100737,34.45,2,12.26,4.78,2.339,0,1,1,0
TXN108621,113.37,20,1.23,9.78,0.795,1,0,1,0
TXN114183,106.16,3,4.15,0.62,0.049,0,0,0,0
TXN107379,37.51,16,23.74,13.44,1.256,1,0,1,0
TXN104947,22.84,0,6.23,7.65,1.897,1,0,0,0
TXN112398,24.95,21,0.82,6.97,1.297,0,1,1,0
TXN107892,32.76,14,11.0,16.62,0.411,0,1,0,0
TXN101593,16.83,17,1.72,8.79,1.61,1,1,1,0
TXN112518,184.16,21,15.83,2.0,0.852,1,1,0,0
TXN105355,20.7,11,2.86,8.13,1.663,0,0,0,0
TXN112533,59.45,6,5.48,2.98,1.679,1,1,1,0
TXN107528,143.02,17,1.48,7.67,1.152,1,1,1,0
TXN107532,20.21,13,0.14,11.8,1.063,0,1,0,0
TXN103584,32.6,7,1.04,11.41,1.215,1,0,0,0
TXN108286,33.64,14,3.32,7.16,2.112,0,1,0,0
TXN102677,17.64,12,7.25,4.31,1.18,0,1,0,0
TXN103775,173.08,17,18.06,9.63,0.465,1,1,1,0
TXN102372,221.23,19,10.51,2.56,0.944,0,0,1,0
TXN103973,42.2,22,6.84,2.17,1.687,0,1,0,0
TXN104995,52.71,10,2.87,11.39,1.197,1,1,0,0
TXN105238,29.2,2,9.5,8.9,1.821,1,0,0,0
TXN108504,54.58,14,7.73,6.48,1.278,1,0,1,0
TXN105125,44.62,11,6.66,10.46,1.162,1,1,0,0
TXN114012,104.6,23,2.94,3.58,1.384,1,1,0,0
TXN113500,55.45,16,11.76,0.37,1.658,1,1,0,0
TXN109502,18.0,5,10.91,4.38,0.957,1,0,1,0
TXN112353,44.76,18,3.13,2.02,1.333,1,1,0,0
TXN107297,10.5,12,10.5,1.36,1.879,0,1,1,0
TXN109650,10.44,10,3.26,0.05,0.637,1,1,0,0
TXN114508,94.08,15,1.47,3.88,1.985,1,1,0,0
TXN100642,46.71,11,2.46,8.18,1.731,0,1,1,0
TXN101250,16.72,11,15.8,0.71,0.526,1,1,1,0
TXN112155,61.12,23,13.84,9.18,0.748,1,0,1,0
TXN113183,81.55,11,28.67,4.95,0.827,1,0,0,0
TXN104782,26.93,6,10.33,16.21,0.632,0,0,1,0
TXN103491,117.79,4,20.93,1.23,1.596,1,0,1,0
TXN113652,129.25,16,9.15,9.43,0.472,1,1,1,0
TXN113768,26.11,14,4.01,12.14,1.493,1,1,1,0
TXN110069,75.46,8,19.72,7.51,1.967,1,1,1,0
TXN107539,21.41,8,15.36,7.75,0.732,1,1,1,0
TXN102980,20.27,13,5.64,3.3,1.201,0,0,0,0
TXN103582,29.22,17,8.8,4.03,0.181,0,1,0,0
TXN112522,65.63,6,9.46,5.98,0.811,1,0,0,0
TXN103667,53.42,11,11.29,3.24,0.947,1,0,0,0
TXN114377,22.03,21,17.43,5.92,1.515,0,1,0,0
TXN108075,83.95,10,14.42,7.99,0.811,1,0,0,0
TXN113019,42.3,14,2.51,0.1,0.016,0,1,0,0
TXN112553,351.45,9,16.42,8.74,1.234,1,1,1,0
TXN106599,18.75,18,7.09,5.18,0.69,0,1,0,0
TXN101961,40.13,17,18.15,1.13,0.841,1,1,0,0
TXN113934,112.61,1,12.91,4.96,1.714,1,1,0,0
TXN102304,43.46,11,12.11,11.35,0.345,1,1,0,0
TXN107753,45.83,10,14.23,9.25,0.727,1,0,0,0
TXN111000,218.22,10,2.06,5.37,1.227,1,1,0,0
TXN107823,55.12,20,17.46,10.83,0.934,1,1,0,0
TXN104128,13.53,13,8.04,2.66,0.197,1,1,1,0
TXN114400,18.95,11,9.66,12.57,1.347,0,0,0,0
TXN102811,48.2,17,15.84,1.6,1.266,0,1,1,0
TXN104677,19.97,17,0.73,4.8,0.34,0,1,1,0
TXN108291,21.74,22,8.45,6.33,1.338,0,0,1,0
TXN107274,38.66,8,6.54,15.36,0.879,1,0,0,0
TXN105830,37.1,17,11.83,4.02,0.918,0,1,0,0
TXN112784,18.7,16,6.01,10.06,0.272,1,1,0,0
TXN108032,32.02,15,7.85,5.82,0.065,1,1,0,0
TXN113410,24.54,19,2.28,2.79,1.961,1,0,0,0
TXN108025,262.44,8,16.75,7.9,0.28,1,1,1,0
TXN100332,103.45,10,16.66,1.42,1.222,1,1,1,0
TXN101975,24.76,21,2.56,8.95,0.755,1,1,0,0
TXN112682,21.39,13,11.81,9.79,0.571,0,1,1,0
TXN114281,195.11,19,16.97,6.65,1.332,0,1,0,0
TXN103204,30.92,15,7.99,2.84,0.718,1,1,0,0
TXN103700,13.09,11,0.3,3.97,1.416,1,1,1,0
TXN113109,70.9,5,14.29,6.54,0.853,1,0,0,0
TXN105176,14.79,15,11.6,9.63,2.198,0,1,0,0
TXN109185,126.51,14,8.04,2.37,0.663,0,1,1,0
TXN112707,32.58,2,4.97,1.29,1.915,0,0,1,0
TXN100271,97.13,13,3.82,2.66,0.478,1,1,1,0
TXN105032,57.73,18,8.37,7.53,0.913,0,1,0,0
TXN102569,34.88,10,12.51,7.54,0.017,1,0,0,0
TXN101630,126.48,10,5.61,0.27,2.448,0,0,0,0
TXN106355,67.93,11,14.25,4.19,0.76,0,1,0,0
TXN112094,104.95,14,4.55,2.32,1.066,1,1,0,0
TXN111307,19.08,12,3.17,5.46,0.511,0,1,0,0
TXN104628,150.84,6,21.39,14.94,0.785,1,0,1,0
TXN111296,45.97,14,2.99,0.87,0.255,1,0,0,0
TXN112193,167.87,14,1.19,0.02,1.146,1,1,0,0
TXN105446,7.45,20,10.6,6.19,2.543,1,0,1,0
TXN109740,105.73,3,7.6,2.76,0.58,1,1,0,0
TXN113731,24.26,16,4.36,4.11,0.644,0,0,0,0
TXN104204,27.52,5,18.04,5.79,1.136,1,0,1,0
TXN105155,86.19,11,5.53,3.62,0.673,1,1,0,0
TXN104637,105.31,12,6.88,4.47,1.792,1,1,1,0
TXN113302,6.17,8,20.23,6.97,0.884,1,0,0,0
TXN108117,97.66,17,9.14,2.62,1.364,1,1,0,0
TXN106577,95.35,14,0.54,2.3,1.092,1,0,0,0
TXN113239,15.88,4,20.93,1.66,0.672,0,0,0,0
TXN101653,13.78,13,11.28,1.42,0.8,1,1,0,0
TXN101642,37.37,15,10.7,3.49,0.05,1,0,1,0
TXN107292,6.4,18,1.95,12.3,0.056,1,0,0,0
TXN114317,31.97,10,0.02,18.16,0.433,0,1,0,0
TXN108012,59.59,8,7.24,4.1,0.271,1,0,1,0
TXN105577,85.67,10,15.05,11.18,1.181,0,1,0,0
TXN109430,29.45,18,0.09,14.71,0.58,1,1,0,0
TXN100877,27.72,7,5.18,7.23,1.089,1,1,1,0
TXN100445,146.6,17,5.73,5.32,1.41,1,0,0,0
TXN110430,5.83,19,2.72,2.62,2.001,0,0,1,0
TXN107572,38.62,7,5.84,5.1,0.608,1,1,0,0
TXN112735,15.82,13,6.8,0.77,0.621,1,1,1,0
TXN109044,69.19,3,15.21,7.08,1.087,1,1,1,0
TXN114785,15.51,15,45.36,16.98,1.429,0,1,1,1
TXN111722,11.5,15,3.2,4.81,1.428,1,1,0,0
TXN107028,155.0,23,16.0,26.56,1.822,1,1,0,0
TXN110854,14.4,14,12.49,8.44,0.948,1,0,1,0
TXN101711,320.86,18,4.59,7.75,1.041,1,1,1,0
TXN106661,64.06,14,18.72,0.06,0.991,1,1,1,0
TXN100719,29.79,19,8.26,7.78,1.157,1,1,1,0
TXN105513,27.76,11,12.31,3.67,0.54,1,1,1,0
TXN107566,18.08,13,3.39,9.03,1.401,1,1,0,0
TXN101867,19.76,12,5.02,14.38,1.848,1,0,1,0
TXN101518,117.31,17,14.57,8.45,0.478,1,1,0,0
TXN108269,178.45,11,3.73,8.31,1.356,1,1,1,0
TXN100282,96.52,15,25.43,8.45,1.481,1,1,0,0
TXN103885,144.23,12,0.43,2.48,0.643,1,1,1,0
TXN105717,86.16,10,15.22,1.49,0.773,1,0,0,0
TXN105719,33.26,8,7.25,1.09,2.169,1,1,0,0
TXN108146,12.14,20,15.65,18.04,0.59,1,0,0,0
TXN113878,27.31,19,26.55,12.14,0.184,1,1,0,0
TXN103585,11.94,9,5.02,5.43,1.207,1,1,0,0
TXN114838,110.66,15,10.22,19.32,2.61,0,0,1,1
TXN105823,19.77,6,9.14,2.37,1.384,1,1,0,0
TXN109798,70.42,16,5.67,6.03,1.859,1,1,0,0
TXN114914,5.0,0,36.22,12.75,1.178,0,1,1,1
TXN105386,71.73,4,7.8,0.32,0.404,0,1,1,0
TXN114424,30.14,15,7.34,17.84,1.659,1,0,0,0
TXN107614,106.77,5,23.08,3.13,1.479,0,1,0,0
TXN112259,22.55,9,1.85,5.23,0.697,1,0,0,0
TXN108953,23.87,16,1.99,3.39,0.689,1,0,0,0
TXN109163,24.44,10,0.71,7.8,2.049,1,0,0,0
TXN109830,67.26,18,2.14,7.89,1.851,1,1,0,0
TXN109693,8.86,11,7.58,1.02,2.196,1,1,0,0
TXN106755,59.97,18,7.69,1.57,0.998,1,1,0,0
TXN104042,18.58,11,0.46,5.97,0.882,1,1,0,0
TXN104441,68.63,7,15.33,6.44,0.171,1,0,0,0
TXN113763,42.3,6,6.61,5.91,2.848,1,0,1,0
TXN106302,33.41,9,7.94,8.81,0.938,0,0,0,0
TXN112388,45.25,10,8.22,2.8,1.175,1,0,0,0
TXN104671,46.3,5,19.94,6.79,1.605,0,1,1,0
TXN103524,26.52,5,17.67,15.24,1.355,0,1,1,0
TXN110796,56.03,12,12.42,1.16,1.309,0,0,0,0
TXN111055,21.73,10,8.96,4.31,0.584,1,0,0,0
TXN105701,17.41,16,7.22,2.95,2.007,0,0,1,0
TXN113830,4.18,0,29.12,9.39,1.233,1,1,0,0
TXN111984,34.46,1,1.08,16.42,1.463,0,1,0,0
TXN100901,12.76,10,19.74,4.97,0.067,1,1,0,0
TXN114372,19.04,6,1.77,5.96,0.533,0,1,0,0
TXN110689,31.17,18,4.45,10.53,0.274,1,1,0,0
TXN107872,49.39,14,2.89,1.95,0.638,1,1,0,0
TXN108663,52.63,0,2.4,11.51,1.182,1,1,0,0
TXN107529,70.16,6,14.71,10.48,0.521,1,1,0,0
TXN103890,138.82,9,18.99,3.14,0.985,0,1,0,0
TXN109483,30.84,8,1.91,5.05,0.192,1,0,0,0
TXN103722,7.43,5,3.69,5.99,1.382,0,1,0,0
TXN107261,19.48,3,6.12,1.91,1.567,1,1,1,0
TXN107053,55.8,19,7.94,7.7,1.295,0,0,1,0
TXN109316,3.74,17,6.0,3.74,2.557,1,0,1,0
TXN102799,95.9,16,10.28,0.55,1.657,0,0,0,0
TXN111317,38.72,2,7.69,9.74,1.571,1,1,0,0
TXN101126,55.58,12,2.96,4.17,1.049,0,1,0,0
TXN114095,76.65,22,12.68,4.76,1.71,0,1,0,0
TXN104412,9.6,11,7.12,2.25,0.9,1,1,0,0
TXN102002,63.97,8,19.26,15.87,2.674,1,1,0,0
TXN100500,110.22,12,2.53,3.47,0.188,1,1,0,0
TXN101951,1.69,9,2.72,5.55,0.809,1,0,1,0
TXN103265,10.22,10,15.62,7.4,1.167,0,0,0,0
TXN111653,12.56,10,2.26,6.09,1.366,1,1,0,0
TXN109465,20.74,3,4.86,10.41,1.349,1,0,1,0
TXN106177,108.96,16,20.79,10.12,1.482,0,1,0,0
TXN113287,33.05,5,19.02,25.54,1.201,0,1,0,0
TXN101124,47.57,11,18.8,9.29,0.927,1,1,1,0
TXN101901,97.78,17,6.15,11.91,0.811,1,1,0,0
TXN109096,5.97,15,3.61,8.38,1.591,0,0,1,0
TXN100495,6.86,11,21.3,2.35,0.88,1,0,1,0
TXN104746,252.53,10,18.84,10.89,1.766,0,0,0,0
TXN101412,50.6,13,3.12,5.33,0.526,0,1,0,0
TXN107904,47.55,5,22.62,7.42,0.005,0,0,0,0
TXN106713,85.94,7,6.94,10.25,0.915,1,1,0,0
TXN111158,51.45,12,1.62,3.24,0.135,0,1,0,0
TXN101631,13.12,17,0.63,2.94,0.055,1,0,1,0
TXN108061,33.63,12,4.15,6.62,1.97,1,1,0,0
TXN113994,143.1,4,2.14,6.59,0.012,1,1,1,0
TXN107347,92.4,13,6.49,3.95,0.292,1,1,1,0
TXN114635,220.35,19,34.89,20.79,1.689,0,0,0,1
TXN103455,29.51,15,26.08,2.49,1.836,1,0,0,0
TXN112249,47.24,20,3.91,6.02,0.518,1,1,0,0
TXN113838,19.68,18,12.69,4.36,1.621,1,0,0,0
TXN100626,17.27,14,16.52,11.71,0.424,1,1,0,0
TXN103523,2.43,2,0.07,7.63,0.168,1,1,1,0
TXN103894,47.44,18,5.84,5.56,1.021,1,1,0,0
TXN101762,13.62,5,4.66,16.9,0.971,0,1,1,0
TXN105566,12.15,11,6.51,7.06,1.765,0,1,1,0
TXN111208,22.37,11,5.58,0.81,1.205,0,0,0,0
TXN109826,39.7,18,2.19,9.51,0.947,0,1,0,0
TXN101646,122.89,14,15.63,0.52,0.934,0,1,0,0
TXN114712,7.41,4,20.85,20.89,2.835,0,1,1,1
TXN102574,8.58,9,4.43,5.16,1.178,0,0,0,0
TXN105128,24.34,8,7.19,14.62,0.944,1,1,1,0
TXN107729,40.54,15,1.34,2.29,1.748,0,0,0,0
TXN113084,6.86,18,12.78,11.66,1.265,0,1,0,0
TXN108692,10.0,11,7.39,9.67,2.103,1,1,0,0
TXN109393,185.78,14,10.88,7.97,2.217,1,1,0,0
TXN102789,47.34,15,25.15,1.74,0.625,0,1,1,0
TXN103611,86.65,18,5.56,1.91,1.701,0,1,1,0
TXN102681,9.99,9,7.49,8.05,0.159,1,1,0,0
TXN104418,5.93,3,6.82,1.96,1.832,1,1,0,0
TXN112786,21.24,9,17.24,5.24,1.723,0,0,0,0
TXN105912,54.95,15,4.59,3.98,0.031,1,1,0,0
TXN108713,20.97,19,16.34,1.85,1.683,1,1,0,0
TXN104219,100.83,12,4.21,2.54,0.037,1,1,0,0
TXN101450,31.61,16,20.74,5.31,1.409,1,1,0,0
TXN102610,3.8,7,1.3,0.32,0.338,0,0,0,0
TXN105763,71.16,12,1.14,11.82,1.4,0,0,0,0
TXN111096,13.2,18,9.03,2.4,1.034,1,1,0,0
TXN103963,8.79,12,10.74,23.7,0.98,0,0,0,0
TXN110399,53.15,13,12.72,1.99,1.338,1,1,0,0
TXN108956,73.52,0,0.11,0.74,0.656,0,0,0,0
TXN111250,80.12,8,2.1,6.39,0.962,1,0,1,0
TXN114878,130.2,15,64.71,17.11,4.671,1,0,1,1
TXN114198,67.97,11,12.67,0.24,0.612,1,1,1,0
TXN107356,9.0,17,2.67,3.71,0.769,1,1,0,0
TXN106031,235.94,6,7.4,7.74,1.534,0,0,0,0
TXN107682,89.78,17,0.07,5.34,0.381,1,1,1,0
TXN103076,86.19,16,0.2,3.6,1.397,1,1,0,0
TXN106914,12.98,15,24.39,6.62,0.535,1,1,0,0
TXN112577,57.73,18,5.8,14.4,1.548,1,1,0,0
TXN100954,6.7,15,13.21,4.69,0.685,0,0,0,0
TXN100869,22.91,18,16.49,2.08,2.634,1,0,0,0
TXN111480,69.09,19,6.49,5.27,1.276,1,0,0,0
TXN108381,7.36,15,6.88,4.65,1.513,1,0,0,0
TXN103697,119.15,18,2.48,3.37,1.562,0,1,1,0
TXN106272,65.38,15,13.1,2.81,2.295,0,1,0,0
TXN102114,45.29,20,1.66,2.77,1.029,1,0,0,0
TXN104643,124.66,13,5.73,6.52,0.513,1,0,1,0
TXN106479,26.08,15,9.8,0.19,0.787,1,1,0,0
TXN111912,41.37,7,20.41,11.83,1.807,0,1,0,0
TXN109729,6.68,14,10.29,3.31,0.922,1,1,0,0
TXN103969,185.8,10,11.0,4.7,1.582,0,1,0,0
TXN105911,98.97,15,2.34,3.44,0.452,1,0,0,0
TXN103139,11.88,7,15.72,0.76,1.439,1,1,1,0
TXN105808,69.72,19,1.54,2.74,1.701,1,1,0,0
TXN104265,18.91,11,7.38,6.97,0.508,1,1,0,0
TXN109263,28.85,17,13.91,14.43,0.778,1,0,0,0
TXN105930,11.55,12,2.37,7.2,1.46,1,1,0,0
TXN110625,20.34,15,14.69,11.27,1.412,1,1,1,0
TXN103895,43.87,20,4.74,5.03,2.538,1,1,1,0
TXN102010,114.5,17,6.93,8.96,0.908,1,1,0,0
TXN103931,26.83,1,4.78,2.47,1.019,0,0,0,0
TXN105934,32.35,7,7.41,2.65,1.434,1,1,0,0
TXN111659,37.74,23,4.5,8.97,0.338,0,1,0,0
TXN100975,21.41,4,10.59,9.32,0.035,1,1,0,0
TXN106840,13.47,3,5.56,5.46,0.8,1,1,1,0
TXN102697,112.76,13,3.43,8.73,1.324,0,0,0,0
TXN101055,57.21,16,4.57,9.82,0.273,1,1,0,0
TXN109756,9.94,22,1.73,4.5,1.981,1,1,1,0
TXN101868,28.26,16,19.15,1.0,1.655,1,0,0,0
TXN113679,94.49,16,10.4,3.08,1.389,1,1,0,0
TXN114444,45.83,22,13.03,0.8,0.801,0,1,0,0
TXN109195,43.64,20,3.41,2.55,2.4,0,0,0,0
TXN101407,19.5,22,14.83,2.15,1.211,1,1,0,0
TXN102212,15.63,17,1.41,7.43,1.231,0,1,0,0
TXN107813,83.81,6,8.26,7.48,1.912,0,0,1,0
TXN109993,6.34,15,24.27,1.02,1.026,1,1,0,0
TXN110371,52.56,19,2.46,8.33,0.11,1,1,1,0
TXN104436,31.93,8,8.09,5.56,0.767,1,1,0,0
TXN113897,78.5,15,24.03,2.09,1.43,1,1,0,0
TXN105547,36.59,7,6.93,9.97,1.313,0,1,0,0
TXN112049,23.91,3,12.38,6.72,1.297,1,1,0,0
TXN112337,19.64,16,17.49,2.43,0.185,1,1,0,0
TXN105104,47.64,13,7.88,2.03,1.336,1,0,0,0
TXN109229,48.73,13,22.43,10.96,0.394,1,1,0,0
TXN108095,7.47,10,0.23,6.62,0.858,1,1,0,0
TXN112742,69.78,16,6.59,8.09,2.067,1,0,0,0
TXN101916,46.46,22,7.26,3.51,1.761,1,0,1,0
TXN102145,30.88,3,5.9,6.63,0.502,1,0,1,0
TXN103310,52.1,19,8.31,12.93,1.048,1,1,1,0
TXN105718,38.23,9,8.79,20.9,1.096,1,0,0,0
TXN107629,9.29,0,12.17,8.6,1.079,1,1,0,0
TXN114972,124.23,23,3.66,24.64,3.686,0,0,0,1
TXN112354,58.66,16,5.29,0.56,0.549,1,1,1,0
TXN101996,28.93,11,2.32,10.79,0.915,1,1,0,0
TXN109741,93.48,11,13.42,5.38,1.625,1,1,0,0
TXN114988,17.62,20,41.44,10.85,1.989,0,1,0,1
TXN102603,30.28,22,21.22,5.29,0.588,1,1,1,0
TXN108555,34.51,13,7.72,4.76,1.623,1,1,0,0
TXN102466,3.21,15,19.37,5.67,1.234,0,0,0,0
TXN105635,21.59,13,11.4,3.42,0.865,1,0,0,0
TXN110888,35.19,2,7.63,5.52,1.016,0,0,0,0
TXN102088,8.96,15,0.42,2.06,0.6,0,1,0,0
TXN113745,4.65,23,24.86,1.05,1.198,1,1,0,0
TXN109006,5.25,16,25.87,4.6,2.051,1,1,1,0
TXN114207,254.35,11,3.71,6.43,1.871,1,0,1,0
TXN101482,42.41,8,7.73,8.83,0.972,1,1,1,0
TXN114494,37.91,13,0.79,8.71,1.975,1,1,1,0
TXN102589,2.29,18,6.13,2.85,0.207,1,1,1,0
TXN103565,29.0,11,13.53,0.6,1.2,0,1,0,0
TXN104190,41.66,4,13.89,9.09,0.394,0,1,1,0
TXN101617,133.9,10,6.14,1.79,1.636,1,1,0,0
TXN111685,46.97,12,4.32,2.16,1.236,1,0,1,0
TXN112455,68.45,15,11.14,2.0,1.455,1,1,1,0
TXN104055,39.29,13,12.43,13.73,1.251,1,0,0,0
TXN104738,29.32,3,4.63,7.43,1.371,1,1,1,0
TXN106893,79.38,7,6.03,4.43,2.105,1,1,1,0
TXN112775,5.07,9,11.27,2.18,1.211,1,0,1,0
TXN103752,31.79,16,15.4,1.15,0.418,0,1,1,0
TXN112558,32.88,10,1.79,0.14,1.676,1,1,0,0
TXN103962,202.04,17,12.13,12.47,1.084,1,0,0,0
TXN104367,4.82,16,3.17,5.66,0.494,1,1,0,0
TXN112110,31.39,10,9.09,4.35,1.962,0,1,1,0
TXN112571,124.7,14,8.16,11.84,0.451,0,0,0,0
TXN109312,20.86,10,2.21,9.0,0.607,1,1,0,0
TXN107270,20.63,14,29.0,7.78,1.2,0,1,1,0
TXN112123,27.52,21,7.56,6.97,0.565,0,0,1,0
TXN108428,30.26,17,12.47,12.87,1.208,1,0,0,0
TXN103179,37.04,17,9.0,7.68,0.072,0,1,0,0
TXN105595,5.31,17,9.42,4.39,1.545,1,0,0,0
TXN112639,29.81,6,16.7,5.71,1.152,1,1,0,0
TXN112040,86.36,15,9.08,6.07,0.409,0,0,0,0
TXN113101,33.1,12,17.6,3.93,1.36,0,1,0,0
TXN101100,18.14,16,21.06,3.29,1.829,1,0,0,0
TXN109357,61.93,20,4.21,22.66,1.458,1,0,0,0
TXN111099,68.58,16,7.74,20.36,0.809,0,1,0,0
TXN111753,115.22,15,12.46,9.55,1.375,1,1,1,0
TXN111576,8.11,5,2.83,1.44,1.706,0,0,1,0
TXN103321,27.69,3,32.15,4.91,1.421,1,1,0,0
TXN103075,6.76,11,0.44,1.78,0.705,0,1,1,0
TXN103019,57.08,13,6.35,0.56,1.164,1,1,0,0
TXN102509,84.17,5,32.76,0.51,1.76,0,1,0,0
TXN104615,7.49,10,9.59,10.03,1.289,0,1,1,0
TXN113509,337.75,17,11.87,7.56,1.464,1,1,0,0
TXN104124,361.89,23,7.41,11.93,1.441,0,1,1,0
TXN112588,236.04,4,12.14,0.6,0.858,1,1,1,0
TXN105835,67.35,22,4.81,7.16,0.115,1,0,1,0
TXN108863,14.53,18,17.48,6.34,0.73,1,1,0,0
TXN110579,98.31,16,15.17,3.55,1.719,1,0,1,0
TXN113775,35.69,12,3.36,9.05,1.537,1,1,0,0
TXN101515,111.54,17,3.95,4.33,0.854,1,0,1,0
TXN102749,76.64,4,10.87,1.62,0.51,1,0,0,0
TXN114661,84.43,22,13.39,12.43,0.88,0,1,1,1
TXN104998,78.45,7,13.92,8.85,0.947,1,0,1,0
TXN100977,28.55,8,16.25,12.08,1.415,1,0,0,0
TXN102431,33.98,14,4.11,12.49,1.252,1,1,0,0
TXN103769,4.04,8,13.14,0.14,1.372,0,1,1,0
TXN101784,75.73,13,11.08,1.99,0.736,1,1,0,0
TXN112008,11.39,15,2.9,1.38,0.191,1,1,0,0
TXN113575,221.26,18,9.26,0.63,1.898,0,1,1,0
TXN100081,34.04,8,12.43,7.56,0.346,0,0,0,0
TXN104136,48.3,16,9.22,14.14,0.991,1,0,0,0
TXN101294,9.75,15,11.06,0.05,0.741,1,0,0,0
TXN106131,105.41,22,21.05,5.79,1.305,1,1,0,0
TXN114180,104.75,20,6.39,1.31,1.275,1,0,0,0
TXN107205,19.25,11,25.89,4.28,0.456,1,1,0,0
TXN111859,29.61,5,11.06,9.38,1.098,0,1,0,0
TXN107086,90.86,17,13.64,3.86,1.263,1,0,0,0
TXN106184,262.75,9,5.42,9.55,0.74,0,1,0,0
TXN114523,18.28,10,4.62,12.19,1.637,1,1,0,0
TXN108624,24.02,14,13.07,2.03,0.865,1,1,0,0
TXN112955,41.7,12,4.88,7.94,0.174,1,0,1,0
TXN104829,56.72,13,5.22,4.52,1.706,1,0,0,0
TXN111411,128.38,16,4.03,5.03,0.813,1,0,0,0
TXN103978,238.03,6,9.23,0.95,1.08,1,1,1,0
TXN114881,148.2,0,31.41,60.29,2.834,0,0,1,1
TXN102322,137.77,1,18.32,4.16,1.113,1,1,0,0
TXN101398,30.19,12,12.86,13.43,0.967,1,1,0,0
TXN107187,76.13,10,3.0,12.49,0.589,0,1,0,0
TXN109354,197.51,12,17.67,9.52,1.066,1,1,0,0
TXN103542,60.16,15,34.63,11.72,1.822,1,1,0,0
TXN108027,18.56,1,6.55,4.32,1.244,1,0,1,0
TXN112019,27.97,18,4.03,5.3,1.81,1,1,0,0
TXN108216,88.95,21,3.13,7.71,1.466,1,0,0,0
TXN110733,62.92,12,9.5,7.45,0.749,0,0,0,0
TXN110487,18.73,12,0.5,2.46,0.418,1,0,0,0
TXN111846,32.6,12,19.01,6.63,2.351,1,1,1,0
TXN109428,58.32,11,5.87,3.15,0.263,1,0,0,0
TXN104922,19.42,4,5.38,17.86,1.084,1,0,0,0
TXN104901,54.15,11,0.08,1.21,1.546,0,1,0,0
TXN113006,230.05,16,2.13,1.8,0.775,1,1,0,0
TXN111966,97.56,0,2.42,1.0,0.348,1,1,0,0
TXN112139,21.69,18,20.19,1.09,0.842,1,1,0,0
TXN114145,55.31,17,1.84,2.21,1.043,1,1,1,0
TXN107136,13.77,9,13.28,3.42,0.8,1,1,1,0
TXN112737,93.77,15,15.97,4.61,1.441,1,1,0,0
TXN105147,14.96,17,10.37,8.22,1.153,0,1,1,0
TXN101876,42.03,16,7.18,2.52,0.693,1,1,1,0
TXN108134,11.08,10,8.37,4.55,1.192,1,0,1,0
TXN105621,51.4,22,3.95,1.03,0.655,0,0,1,0
TXN112585,71.31,15,17.26,2.6,0.501,0,1,0,0
TXN101092,85.77,23,4.66,3.7,0.781,1,1,0,0
TXN102849,20.61,10,11.03,1.96,0.398,1,1,0,0
TXN113034,46.38,7,3.91,20.63,0.569,1,1,1,0
TXN105782,40.66,12,16.67,11.32,0.469,1,1,0,0
TXN112788,181.68,7,8.0,6.3,1.411,1,1,1,0
TXN104676,49.92,20,3.64,5.54,0.49,1,1,0,0
TXN114774,91.59,17,38.26,8.42,2.533,0,1,1,1
TXN110435,25.09,17,2.48,1.09,1.094,0,0,0,0
TXN103552,16.37,17,12.91,6.67,1.082,0,1,1,0
TXN113728,72.79,13,1.53,3.0,0.635,1,1,0,0
TXN108132,44.33,14,4.79,4.48,0.104,1,1,0,0
TXN100736,29.33,6,19.77,0.16,0.619,1,1,1,0
TXN109321,3.15,5,2.38,3.68,0.704,1,1,1,0
TXN112326,30.07,15,11.12,4.36,0.779,0,1,0,0
TXN106453,40.88,13,5.31,13.93,1.352,1,0,0,0
TXN106778,85.18,13,12.02,5.67,1.128,1,1,1,0
TXN102541,23.87,15,12.73,10.0,0.598,1,1,0,0
TXN103331,157.72,8,0.22,8.48,1.498,1,0,0,0
TXN114266,13.6,11,23.89,4.31,0.591,1,0,0,0
TXN103535,20.29,11,8.31,4.79,0.36,1,1,0,0
TXN103977,35.93,13,7.79,1.38,1.426,1,1,0,0
TXN107033,18.37,11,2.39,6.64,1.619,1,0,0,0
TXN100730,36.42,16,1.39,4.74,1.704,1,1,1,0
TXN109597,14.02,5,11.15,11.48,1.224,1,0,0,0
TXN106515,8.06,23,9.53,4.33,1.012,0,1,1,0
TXN110521,15.6,13,1.05,6.77,1.666,0,0,1,0
TXN102485,39.63,16,3.86,1.97,1.65,1,1,1,0
TXN111843,15.51,14,19.57,20.36,1.807,0,1,1,0
TXN104047,50.31,12,14.51,6.12,1.016,0,1,0,0
TXN112242,13.18,5,19.34,3.66,0.852,1,0,0,0
TXN107931,30.09,14,7.47,4.06,0.464,0,0,0,0
TXN106255,25.23,19,11.23,7.71,0.793,1,1,0,0
TXN102504,72.32,3,6.35,4.93,1.877,1,0,1,0
TXN103448,32.31,10,6.87,9.31,1.683,1,1,0,0
TXN113767,20.36,0,3.78,2.51,0.665,0,0,1,0
TXN110279,12.11,15,22.87,7.31,0.743,1,1,1,0
TXN112261,39.01,16,0.34,5.56,0.584,1,1,0,0
TXN102709,30.5,5,5.14,15.66,1.648,0,1,0,0
TXN106877,12.94,17,10.28,8.56,0.227,1,1,1,0
TXN110480,20.07,10,1.15,5.19,1.616,1,0,1,0
TXN113971,71.18,9,1.54,6.36,1.274,1,1,1,0
TXN104240,27.17,3,8.46,9.75,0.767,0,0,0,0
TXN107035,36.86,7,17.82,1.7,1.339,0,1,0,0
TXN109335,7.44,18,3.94,0.43,1.209,0,0,1,0
TXN113056,19.93,4,6.06,4.28,0.582,1,1,1,0
TXN101125,13.79,20,6.77,8.34,2.295,1,0,0,0
TXN112291,61.87,12,11.78,1.35,0.853,1,0,0,0
TXN113569,23.12,19,25.94,5.29,1.649,1,1,1,0
TXN100668,9.3,20,14.03,7.29,2.288,0,1,1,0
TXN112923,117.44,19,1.84,2.51,0.546,1,0,0,0
TXN101732,11.36,5,19.47,0.46,1.576,1,1,1,0
TXN110073,15.59,11,5.22,10.86,1.101,1,1,1,0
TXN106029,152.67,19,1.84,1.96,1.091,1,0,1,0
TXN111090,26.87,17,13.28,8.14,0.39,0,1,0,0
TXN110276,20.83,16,2.08,1.62,1.429,0,1,0,0
TXN107118,415.28,0,9.44,7.39,2.283,1,1,1,0
TXN114534,104.03,13,19.01,13.06,0.48,0,1,0,0
TXN108698,25.57,11,2.2,0.43,1.932,1,1,0,0
TXN102915,51.34,12,15.37,0.23,0.655,0,0,0,0
TXN101410,92.87,8,10.98,8.66,1.659,0,1,0,0
TXN113780,9.79,10,11.29,4.41,1.392,1,1,1,0
TXN104715,96.01,17,12.15,8.2,1.148,0,1,0,0
TXN107254,48.53,12,8.72,5.9,2.29,1,0,1,0
TXN110576,49.5,12,7.93,0.64,0.486,1,0,0,0
TXN106621,31.67,9,0.35,1.65,0.195,1,0,0,0
TXN109455,25.38,17,14.92,11.37,1.24,1,1,1,0
TXN112299,158.13,17,0.77,5.82,1.798,1,0,1,0
TXN114021,6.85,7,5.13,2.58,1.277,1,1,0,0
TXN107058,5.07,13,0.2,6.44,1.866,1,1,0,0
TXN110899,16.96,17,2.22,14.57,0.251,0,1,0,0
TXN103222,152.2,13,17.98,17.97,1.006,1,0,0,0
TXN114014,11.83,12,2.11,4.46,1.633,0,1,0,0
TXN113240,58.37,16,5.45,1.44,0.241,0,1,1,0
TXN106870,54.03,12,5.59,0.14,0.126,0,0,0,0
TXN113548,44.03,11,19.76,9.17,1.593,0,0,0,0
TXN107993,15.12,14,1.85,0.6,1.578,1,1,0,0
TXN110240,18.15,22,13.35,0.8,0.193,1,0,0,0
TXN107429,36.38,11,6.98,6.14,1.445,1,1,1,0
TXN110063,3.54,9,6.31,19.04,0.059,0,1,0,0
TXN105212,75.11,19,1.15,3.66,2.225,1,1,1,0
TXN108806,50.76,16,16.96,6.75,1.425,1,1,0,0
TXN105121,48.48,13,7.51,1.21,0.614,1,1,0,0
TXN110064,48.95,19,13.44,12.8,1.239,1,1,0,0
TXN103781,37.36,9,11.83,4.42,1.266,1,0,1,0
TXN103595,188.59,9,3.24,15.62,1.54,1,1,0,0
TXN113598,11.93,8,28.39,3.5,1.794,1,1,0,0
TXN103912,90.18,15,10.77,4.91,1.184,1,0,1,0
TXN109392,60.84,18,1.85,2.13,1.222,1,1,0,0
TXN110527,38.05,18,3.3,2.98,2.476,1,0,1,0
TXN101799,90.29,20,7.17,0.61,1.56,0,1,1,0
TXN103621,25.59,20,8.82,2.82,0.776,0,1,1,0
TXN100177,59.2,18,10.7,8.25,0.107,0,1,1,0
TXN113733,30.37,3,10.05,15.36,1.948,1,0,1,0
TXN102903,56.13,11,7.57,17.2,0.291,1,1,0,0
TXN103009,15.94,15,10.8,11.62,0.987,1,1,0,0
TXN102342,23.91,12,8.5,2.55,0.509,0,1,1,0
TXN112672,41.87,14,2.41,10.75,0.556,1,0,0,0
TXN107949,10.13,13,7.49,11.03,1.617,1,1,1,0
TXN114349,35.85,7,23.1,2.34,1.056,1,1,1,0
TXN107348,141.95,11,13.4,2.54,1.044,1,0,0,0
TXN109634,29.11,3,7.34,1.95,1.179,1,0,1,0
TXN112072,17.69,7,1.67,4.12,0.322,1,1,0,0
TXN108049,130.21,15,6.54,13.73,0.603,0,1,1,0
TXN104980,25.84,2,8.7,2.15,0.685,1,0,0,0
TXN104352,21.66,10,2.86,6.73,1.546,1,1,1,0
TXN102099,7.88,18,5.28,1.68,0.238,1,1,1,0
TXN107647,40.46,20,3.22,1.59,0.889,1,1,0,0
TXN108667,73.13,21,18.54,6.9,0.501,1,1,0,0
TXN102543,94.33,19,3.44,9.94,1.419,1,1,1,0
TXN112362,46.77,11,10.4,11.19,1.684,1,1,0,0
TXN111903,13.54,13,10.7,2.58,1.532,1,1,0,0
TXN114486,77.45,8,7.29,9.62,0.37,1,1,0,0
TXN114248,114.01,17,16.92,0.3,0.834,1,0,0,0
TXN106181,45.44,9,3.05,4.21,1.043,1,1,0,0
TXN105802,21.2,7,15.67,11.77,0.985,0,0,1,0
TXN102920,15.81,21,0.84,7.75,0.172,0,1,1,0
TXN100823,67.12,0,5.99,4.61,1.568,1,1,1,0
TXN102654,37.08,10,8.04,22.38,0.138,0,1,0,0
TXN114037,22.83,6,5.28,0.09,1.616,1,1,0,0
TXN103971,17.08,11,5.41,0.41,0.084,0,1,0,0
TXN108279,6.35,21,4.36,2.12,0.981,1,1,0,0
TXN103559,98.67,2,12.68,7.74,2.094,0,0,1,0
TXN102532,66.22,20,11.53,0.99,1.857,1,1,0,0
TXN108506,73.52,9,18.24,12.49,0.865,0,1,1,0
TXN100567,40.22,4,2.48,10.23,0.034,1,1,0,0
TXN102199,6.94,10,4.19,11.99,1.066,0,0,1,0
TXN103006,10.75,11,3.42,1.72,0.96,1,0,0,0
TXN102552,113.86,6,1.32,0.56,0.783,1,0,0,0
TXN105330,129.84,14,12.16,9.56,1.425,1,0,0,0
TXN107864,10.94,8,20.24,7.62,1.997,0,1,0,0
TXN106343,38.22,3,13.36,5.95,0.922,1,1,0,0
TXN107868,9.84,21,14.1,8.42,1.682,0,0,1,0
TXN108604,6.88,20,2.65,3.28,1.48,1,1,0,0
TXN111013,6.47,19,12.42,5.4,1.886,0,1,0,0
TXN109642,151.63,10,8.24,8.54,0.99,0,1,1,0
TXN103308,43.67,19,21.71,4.89,1.033,0,0,0,0
TXN111139,18.11,11,8.52,2.01,1.406,0,0,0,0
TXN105099,43.6,10,2.61,5.99,0.446,1,1,0,0
TXN100198,12.82,15,4.78,6.56,0.645,0,1,1,0
TXN110687,14.14,13,13.35,3.42,1.116,1,0,0,0
TXN106374,121.02,9,7.94,0.34,1.64,1,1,1,0
TXN100394,5.41,22,1.82,1.93,0.703,1,1,0,0
TXN113869,20.28,13,3.33,2.32,1.993,1,1,1,0
TXN113955,38.62,20,1.81,9.44,0.903,1,1,0,0
TXN104002,44.45,16,4.33,0.47,0.883,1,1,0,0
TXN105202,186.32,16,11.96,10.92,0.36,1,0,0,0
TXN113813,27.06,4,8.31,12.73,0.608,0,0,0,0
TXN102073,9.86,11,4.23,6.37,0.462,1,1,0,0
TXN114741,63.38,1,0.82,40.93,1.501,1,0,1,1
TXN109078,40.05,8,13.41,7.33,0.452,0,1,0,0
TXN108423,45.14,23,19.1,4.2,0.996,0,0,0,0
TXN112106,13.77,11,17.63,12.57,0.888,0,1,0,0
TXN112783,177.82,1,9.98,4.25,1.151,1,0,1,0
TXN104733,10.2,6,5.18,1.02,1.439,1,1,0,0
TXN106283,23.15,0,7.28,0.3,0.837,0,1,0,0
TXN105360,186.23,21,18.92,6.08,1.657,0,1,0,0
TXN107901,17.62,14,5.41,1.44,2.11,1,1,1,0
TXN107076,7.47,12,12.86,10.12,1.579,1,1,1,0
TXN110856,11.76,20,5.5,1.65,1.349,0,0,0,0
TXN106940,16.64,18,8.75,10.87,1.683,1,1,0,0
TXN108197,258.98,10,9.72,6.65,0.851,1,1,0,0
TXN100637,98.84,4,12.97,5.04,0.903,1,1,0,0
TXN103429,63.68,0,6.32,9.6,0.173,1,1,0,0
TXN107909,50.52,20,11.06,6.54,0.045,1,1,0,0
TXN109552,107.5,12,7.04,1.81,2.615,0,1,1,0
TXN101051,29.95,15,0.17,0.11,0.902,1,0,1,0
TXN102889,7.94,8,32.62,1.42,1.43,1,1,0,0
TXN101670,24.92,11,22.89,5.28,0.111,1,1,1,0
TXN107229,30.16,14,5.23,2.77,0.762,0,1,0,0
TXN100586,39.26,9,8.48,7.48,1.829,1,1,0,0
TXN100863,65.79,1,12.39,7.72,0.334,1,0,0,0
TXN109317,43.71,19,0.33,11.2,0.471,1,1,0,0
TXN109407,18.14,7,19.49,3.15,1.844,1,0,1,0
TXN107063,63.13,1,12.58,1.48,0.857,1,0,0,0
TXN112815,337.8,19,7.54,0.98,1.18,0,0,1,0
TXN113168,79.61,12,1.36,5.05,0.578,0,0,1,0
TXN112911,20.74,6,5.02,9.09,0.112,1,0,0,0
TXN101658,54.3,7,12.38,0.94,0.366,1,1,0,0
TXN109966,5.73,4,3.07,2.34,0.518,1,1,0,0
TXN111147,19.33,4,11.82,21.05,0.404,1,0,0,0
TXN109464,37.47,6,10.65,8.41,1.321,0,0,1,0
TXN112681,34.79,11,9.45,4.06,1.006,1,1,0,0
TXN109812,84.91,23,6.39,3.87,0.805,1,0,0,0
TXN110777,1.74,15,7.08,8.79,1.726,1,0,0,0
TXN100278,26.72,13,13.73,7.99,1.261,1,1,0,0
TXN101297,41.48,7,5.79,0.8,1.343,0,0,1,0
TXN112814,151.61,16,3.21,1.6,1.068,1,1,0,0
TXN111392,11.52,11,7.5,0.62,1.014,1,1,1,0
TXN107331,38.56,11,20.6,5.54,1.418,1,1,1,0
TXN102943,54.11,13,3.77,1.81,1.117,1,1,0,0
TXN105370,27.93,19,11.1,3.79,0.631,0,0,0,0
TXN105536,15.89,17,10.0,4.88,0.766,1,1,0,0
TXN102698,5.32,7,0.38,28.81,0.931,1,1,1,0
TXN105798,135.68,16,13.24,2.68,1.627,0,0,0,0
TXN108394,88.25,21,5.06,3.66,1.166,1,1,1,0
TXN100790,18.67,6,4.27,0.04,0.891,1,0,0,0
TXN104590,40.82,12,14.21,4.62,0.999,1,1,0,0
TXN108862,57.58,16,29.4,4.22,0.872,1,1,1,0
TXN112916,79.03,6,5.59,11.45,0.701,1,1,0,0
TXN102711,57.98,10,1.7,3.83,0.966,1,1,1,0
TXN114821,28.45,0,41.13,10.03,2.178,0,1,0,1
TXN103364,7.64,16,1.3,2.82,0.016,1,1,1,0
TXN109003,39.19,3,19.41,7.31,1.071,0,1,1,0
TXN111056,77.57,17,3.08,0.59,0.106,1,1,0,0
TXN111680,57.1,20,9.12,7.08,1.123,1,1,0,0
TXN100160,76.58,5,9.74,7.07,0.721,1,0,0,0
TXN109843,10.97,19,12.18,5.43,0.005,1,1,0,0
TXN100506,109.28,12,6.38,1.03,0.182,1,0,1,0
TXN106606,56.53,17,6.25,7.76,1.412,0,1,0,0
TXN102493,72.91,4,23.1,0.16,1.564,1,1,1,0
TXN105437,3.99,20,9.62,0.26,2.013,1,1,0,0
TXN102611,27.81,11,14.75,1.38,1.251,1,1,0,0
TXN113021,15.34,9,19.9,5.09,0.594,1,1,1,0
TXN114111,15.16,10,17.38,2.34,0.007,1,0,0,0
TXN114739,220.82,18,80.21,5.38,0.816,0,0,0,1
TXN113425,36.34,9,2.5,3.95,0.512,1,0,0,0
TXN103032,77.64,17,4.89,3.5,1.303,0,1,0,0
TXN104377,130.53,15,12.38,1.05,0.655,0,1,0,0
TXN100369,68.95,11,16.32,2.7,1.318,0,1,1,0
TXN108724,89.84,11,7.7,2.3,0.278,1,0,0,0
TXN104972,42.4,20,22.11,1.49,1.012,0,1,1,0
TXN100414,334.55,16,6.59,3.84,0.622,1,1,1,0
TXN106687,61.11,11,18.97,4.68,0.874,0,0,0,0
TXN107374,79.36,11,0.61,11.04,0.764,1,0,1,0
TXN106000,11.52,11,13.23,2.17,0.74,0,0,1,0
TXN112743,28.58,23,3.63,5.65,1.038,1,1,0,0
TXN107662,341.53,9,0.19,4.02,0.481,0,1,0,0
TXN102931,213.2,15,0.52,15.54,1.044,0,1,0,0
TXN101144,104.8,17,16.08,3.03,2.347,1,1,0,0
TXN105460,51.32,15,7.92,0.73,1.409,1,1,0,0
TXN108730,24.82,22,7.94,4.39,0.568,1,1,0,0
TXN106932,69.52,11,0.81,8.32,0.549,1,1,0,0
TXN109381,24.4,14,8.35,9.61,0.309,1,1,0,0
TXN104694,30.41,12,6.9,4.82,0.459,1,0,0,0
TXN111323,135.71,20,4.38,5.42,0.874,0,1,1,0
TXN100208,28.15,16,6.92,0.13,0.057,1,0,0,0
TXN103569,182.76,13,7.89,6.29,1.096,0,1,1,0
TXN114212,13.37,12,14.28,2.83,1.166,0,0,0,0
TXN106027,118.24,14,5.15,11.46,0.729,1,1,0,0
TXN101300,43.62,3,3.91,0.52,0.943,0,1,0,0
TXN109524,17.97,18,1.31,6.01,0.518,1,0,0,0
TXN108510,2.01,11,0.99,10.27,1.097,0,1,0,0
TXN103358,65.62,12,3.07,12.7,0.921,1,1,0,0
TXN108741,1.39,14,1.98,3.78,0.781,1,1,0,0
TXN110561,276.97,18,13.71,15.78,0.189,1,0,0,0
TXN111132,192.56,17,1.27,2.48,0.261,1,1,1,0
TXN109153,22.25,15,9.76,12.02,1.159,1,1,0,0
TXN111669,64.85,13,4.26,20.65,1.887,0,0,0,0
TXN100829,29.51,14,0.36,4.58,1.018,1,1,1,0
TXN111025,53.07,18,2.41,8.82,1.538,1,1,0,0
TXN102251,19.96,11,1.63,3.96,1.124,1,0,1,0
TXN110450,12.0,19,7.52,0.57,0.604,0,1,0,0
TXN104235,27.97,5,1.17,8.03,1.247,1,1,0,0
TXN113220,142.6,9,2.01,2.16,1.006,1,0,1,0
TXN110396,6.64,17,6.76,4.34,1.191,1,0,0,0
TXN104756,44.44,13,9.56,7.91,0.096,1,1,0,0
TXN105753,9.31,14,0.45,4.65,0.275,0,0,1,0
TXN102488,17.52,17,5.15,4.36,0.498,0,1,1,0
TXN105459,73.65,5,9.82,4.17,1.589,1,0,0,0
TXN109012,17.3,14,3.16,5.99,0.468,1,1,1,0
TXN101067,113.41,12,2.75,11.93,1.024,0,0,1,0
TXN110374,14.14,3,4.19,3.37,1.045,1,1,0,0
TXN108558,21.16,17,3.74,9.21,0.535,0,1,0,0
TXN110626,99.47,13,4.3,7.58,1.026,1,1,0,0
TXN112813,4.24,15,6.17,11.57,1.2,0,0,0,0
TXN102175,6.74,12,16.24,2.31,1.381,0,0,0,0
TXN112414,9.48,14,1.66,15.41,0.124,1,1,1,0
TXN101422,28.95,12,3.21,10.19,0.626,1,0,1,0
TXN114582,17.2,7,13.09,11.16,1.821,1,0,0,0
TXN109511,6.16,14,1.93,2.66,1.329,0,1,0,0
TXN101439,6.58,18,11.49,7.91,1.609,1,0,0,0
TXN104835,3.41,6,0.06,5.3,0.681,1,1,0,0
TXN101074,51.41,11,1.73,3.73,0.425,1,1,0,0
TXN104880,25.92,17,0.84,1.66,0.3,1,1,1,0
TXN109448,31.21,5,22.48,9.31,1.139,1,0,0,0
TXN100896,24.15,12,4.51,13.85,0.038,0,1,0,0
TXN112516,25.39,15,11.99,9.83,0.102,1,0,1,0
TXN102521,9.58,20,3.08,11.38,0.091,1,1,1,0
TXN108566,199.49,13,31.17,0.01,0.304,0,0,0,0
TXN114270,52.6,22,5.39,5.06,1.814,0,1,1,0
TXN108256,24.45,15,5.45,3.24,1.04,1,0,0,0
TXN107586,21.75,11,10.24,0.1,1.793,0,0,0,0
TXN104740,13.13,10,19.2,6.21,1.078,0,0,0,0
TXN113339,25.36,21,7.11,13.57,1.787,1,0,1,0
TXN103226,32.39,17,0.67,2.62,0.473,1,0,1,0
TXN105023,7.56,15,4.91,6.4,1.26,0,1,1,0
TXN114173,57.98,14,8.84,3.6,1.197,1,0,0,0
TXN102317,31.76,16,7.16,9.49,1.708,1,1,0,0
TXN107441,121.41,17,6.09,9.26,0.63,1,0,0,0
TXN109525,29.18,14,3.94,1.42,2.081,1,1,1,0
TXN105349,33.55,22,0.47,12.4,0.838,1,1,1,0
TXN106044,37.93,20,7.56,16.64,2.156,1,1,0,0
TXN108347,19.8,15,7.04,1.9,1.9,1,1,0,0
TXN107106,172.11,17,16.37,2.23,1.724,1,0,0,0
TXN104217,24.02,13,24.63,5.57,0.098,1,1,0,0
TXN108431,5.46,12,5.92,4.82,1.293,0,1,0,0
TXN104824,62.56,18,5.81,12.5,1.228,1,1,0,0
TXN104921,14.64,12,14.47,1.47,0.779,0,1,1,0
TXN105294,25.98,15,2.0,5.39,1.641,0,1,0,0
TXN103281,112.26,19,18.2,6.19,0.563,0,1,0,0
TXN107757,42.5,13,3.25,7.38,1.439,1,1,1,0
TXN108284,15.08,6,10.75,16.21,2.005,1,1,0,0
TXN108211,29.08,11,8.32,14.1,1.902,1,1,1,0
TXN108262,74.71,18,31.24,4.47,0.767,1,1,0,0
TXN107015,48.09,1,2.1,10.49,0.568,1,0,0,0
TXN102550,23.41,20,20.68,6.97,0.85,1,1,0,0
TXN110700,6.18,12,1.59,3.43,1.142,1,0,1,0
TXN113765,105.11,10,5.34,2.09,0.535,1,1,0,0
TXN101316,77.13,14,0.91,13.56,1.009,1,1,0,0
TXN105758,55.34,14,5.7,12.42,1.981,1,0,1,0
TXN106039,119.62,18,3.98,1.46,2.237,1,0,1,0
TXN104944,19.27,5,7.33,0.03,0.415,1,0,0,0
TXN101948,48.78,4,13.03,12.99,1.662,0,0,1,0
TXN106724,22.23,12,0.82,0.48,2.415,1,1,0,0
TXN110794,23.29,14,3.11,9.56,1.283,1,1,0,0
TXN114844,269.5,10,29.1,6.91,1.464,0,0,1,1
TXN106640,3.4,15,3.52,3.66,2.16,0,1,0,0
TXN104052,32.69,11,8.0,4.32,1.71,1,1,0,0
TXN102760,107.47,13,16.09,21.31,0.629,0,1,0,0
TXN113854,159.32,19,0.88,1.73,1.245,1,1,0,0
TXN106593,77.88,14,13.68,11.77,0.185,1,0,1,0
TXN101522,17.16,8,1.28,4.39,1.055,1,1,0,0
TXN110390,17.34,14,6.74,4.93,0.271,1,1,1,0
TXN101418,54.1,19,0.81,5.07,0.536,1,1,1,0
TXN102669,17.03,9,8.94,3.6,0.485,1,1,0,0
TXN114036,20.58,15,9.13,12.74,2.408,1,1,0,0
TXN102678,33.7,12,2.31,2.1,0.911,1,1,1,0
TXN101285,7.88,1,7.94,9.67,0.302,1,1,1,0
TXN114698,10.1,16,20.67,19.81,3.615,1,1,1,1
TXN114003,63.2,13,1.36,0.85,0.94,1,1,0,0
TXN101374,54.39,18,11.25,5.32,1.659,0,1,1,0
TXN110705,67.9,17,27.03,8.23,0.92,0,1,0,0
TXN109579,50.52,15,10.25,5.15,0.741,1,0,0,0
TXN109469,3.53,19,7.53,2.9,0.85,0,0,1,0
TXN106743,136.09,8,7.89,1.48,1.916,0,1,0,0
TXN114869,9.62,2,30.91,20.08,0.769,0,0,1,1
TXN101214,63.82,20,16.39,1.07,1.637,1,0,0,0
TXN110400,36.37,8,9.5,13.72,0.331,0,1,0,0
TXN100302,28.98,17,12.64,9.19,0.828,1,0,0,0
TXN114119,10.65,14,13.85,2.25,1.129,0,0,0,0
TXN107847,16.95,17,1.9,9.99,0.766,0,0,0,0
TXN106462,38.68,10,6.71,1.16,1.627,1,1,0,0
TXN109914,8.26,13,41.35,2.52,0.342,1,0,0,0
TXN112061,12.78,8,8.86,3.5,0.96,1,1,0,0
TXN104855,52.89,16,7.67,2.29,0.452,1,1,0,0
TXN114867,64.81,7,55.21,22.31,1.604,1,0,1,1
TXN112241,20.24,17,1.71,9.85,0.845,1,0,0,0
TXN110746,94.42,16,9.62,12.22,0.672,1,1,1,0
TXN108979,111.31,18,2.72,4.73,0.342,0,1,0,0
TXN102561,42.41,10,6.5,2.23,2.12,1,1,0,0
TXN106950,27.58,1,20.74,0.6,0.188,1,1,0,0
TXN114020,26.81,18,2.19,11.54,1.182,1,1,1,0
TXN108696,22.32,14,1.4,4.06,1.895,1,1,1,0
TXN111130,171.75,17,14.27,15.94,1.118,1,0,1,0
TXN101905,8.88,21,19.69,5.26,0.169,1,1,0,0
TXN103650,69.97,21,25.23,13.86,1.239,0,1,0,0
TXN111778,26.29,9,14.34,13.16,1.135,1,1,1,0
TXN114324,26.76,12,2.4,5.74,1.961,1,0,0,0
TXN111032,35.58,9,2.55,6.69,0.753,1,1,0,0
TXN108618,14.06,23,14.97,4.8,2.005,1,0,0,0
TXN100377,138.83,12,8.43,9.73,1.582,1,1,0,0
TXN100406,30.38,12,10.41,11.41,0.181,1,1,0,0
TXN100223,50.16,2,2.91,3.4,1.527,1,1,1,0
TXN104094,79.33,20,19.08,7.28,0.919,1,1,0,0
TXN110498,55.06,6,20.17,16.93,2.413,0,0,0,0
TXN110113,56.01,14,7.43,5.65,0.703,0,1,0,0
TXN114506,108.72,2,2.1,8.03,0.568,0,1,0,0
TXN114403,21.88,5,7.99,1.17,0.944,1,0,1,0
TXN112351,5.51,12,3.31,0.27,0.963,0,0,1,0
TXN103068,51.01,2,27.92,15.92,0.901,1,1,1,0
TXN112601,103.08,6,0.5,0.74,1.403,1,1,0,0
TXN114359,44.71,12,9.35,2.55,0.957,1,0,1,0
TXN101721,8.81,20,6.61,11.15,0.605,1,1,1,0
TXN105558,7.38,10,4.32,15.95,0.799,1,1,0,0
TXN111979,71.49,8,6.67,2.67,0.463,0,1,0,0
TXN106325,16.2,11,7.75,9.7,1.162,1,1,0,0
TXN103507,7.99,7,15.02,3.85,0.915,1,1,1,0
TXN107000,15.55,19,6.87,7.53,1.131,1,1,1,0
TXN109776,27.4,12,3.73,4.57,0.943,0,1,1,0
TXN104963,3.71,8,6.86,7.2,1.044,1,1,0,0
TXN100099,44.9,7,13.25,15.6,1.064,1,1,1,0
TXN110989,73.58,7,17.72,6.59,0.088,0,1,1,0
TXN113303,28.99,18,6.9,1.69,1.066,1,0,0,0
TXN110321,20.32,12,14.2,13.96,0.702,0,1,0,0
TXN103953,65.49,9,12.03,2.68,0.694,0,0,0,0
TXN109249,13.61,12,11.33,10.66,0.63,1,0,1,0
TXN105644,30.61,5,2.15,9.65,0.883,1,1,0,0
TXN108856,20.92,2,16.58,2.92,1.564,0,1,0,0
TXN111771,53.93,2,1.62,9.38,0.086,1,1,0,0
TXN101348,30.34,10,6.97,0.52,0.325,1,1,1,0
TXN114897,13.04,13,24.85,10.91,3.873,0,0,0,1
TXN112053,7.67,19,20.51,4.13,1.268,1,0,1,0
TXN112982,103.84,6,5.32,8.04,2.014,1,1,1,0
TXN103104,10.57,19,21.89,13.95,0.679,0,0,1,0
TXN102321,13.43,11,4.19,4.58,1.155,1,1,0,0
TXN106693,117.35,10,11.14,5.94,1.217,0,0,1,0
TXN105130,421.34,14,10.0,6.49,1.874,1,0,1,0
TXN101526,4.39,17,2.85,11.93,1.617,1,1,0,0
TXN111854,20.04,15,13.64,8.31,1.534,1,0,1,0
TXN113757,8.58,0,4.78,7.99,1.094,1,1,1,0
TXN108628,3.54,17,5.19,0.13,0.809,0,1,1,0
TXN109895,258.76,15,4.89,3.07,1.355,0,0,0,0
TXN109240,12.88,12,1.45,3.72,1.684,1,1,0,0
TXN105677,51.41,12,6.77,13.14,0.525,1,1,0,0
TXN112429,226.35,15,2.21,0.32,0.47,1,1,0,0
TXN111290,35.26,17,10.73,5.21,2.018,0,1,0,0
TXN108614,17.29,15,3.47,9.74,0.752,1,1,1,0
TXN110956,15.12,8,1.66,5.17,2.233,1,1,0,0
TXN103783,20.74,15,16.04,1.45,1.183,0,0,0,0
TXN113634,2.36,17,1.75,4.72,2.177,1,1,0,0
TXN114079,128.05,19,1.4,4.13,1.072,0,0,0,0
TXN107874,22.5,15,3.85,4.47,1.324,1,1,1,0
TXN104437,75.89,16,2.83,14.52,1.702,1,1,0,0
TXN101492,47.52,23,0.32,5.3,1.386,1,1,0,0
TXN110203,81.77,16,23.7,10.28,1.645,0,1,0,0
TXN101231,15.68,9,9.46,2.15,1.085,1,1,0,0
TXN102424,23.74,14,12.58,0.51,0.84,1,0,0,0
TXN113726,64.29,11,5.62,16.36,0.899,1,1,0,0
TXN105827,46.64,16,5.44,0.89,2.117,1,1,0,0
TXN100845,40.3,23,0.71,3.42,2.275,1,0,1,0
TXN114418,125.87,23,9.83,8.46,1.546,1,1,1,0
TXN110984,32.6,5,12.5,3.94,0.239,1,1,0,0
TXN105867,40.25,11,9.16,0.61,2.024,1,1,1,0
TXN108889,85.22,12,13.85,3.94,0.697,0,1,0,0
TXN109753,50.22,8,9.73,5.78,1.701,1,0,0,0
TXN111819,69.04,0,3.14,7.62,1.108,1,1,0,0
TXN107026,38.27,15,16.06,1.95,1.652,0,1,0,0
TXN113158,69.62,13,19.18,16.15,1.731,1,1,1,0
TXN100822,9.63,8,1.17,5.7,1.144,1,1,0,0
TXN103012,125.84,9,12.47,1.01,2.262,1,0,1,0
TXN103900,9.9,23,10.86,1.95,1.479,0,0,1,0
TXN111714,17.59,23,14.58,4.56,0.853,1,1,1,0
TXN105902,49.72,15,7.89,6.95,0.166,0,0,1,0
TXN108398,10.47,9,3.04,4.88,1.164,1,0,0,0
TXN106418,11.97,7,23.33,5.48,1.336,0,1,1,0
TXN102356,25.86,13,15.6,0.69,1.092,0,1,1,0
TXN104514,14.68,13,23.0,2.79,0.681,1,0,1,0
TXN112880,6.15,15,7.88,7.86,0.857,1,0,1,0
TXN112567,18.15,13,14.97,2.99,1.793,0,1,0,0
TXN104386,12.85,20,6.49,6.82,1.529,1,1,1,0
TXN107097,16.22,14,0.75,15.37,0.749,1,1,1,0
TXN110950,34.53,11,3.85,0.4,0.588,1,0,0,0
TXN111340,52.07,22,30.47,25.41,1.617,1,1,1,0
TXN114959,106.16,10,68.23,18.76,2.782,1,1,1,1
TXN111110,43.74,20,0.48,17.09,1.702,1,1,0,0
TXN101192,5.24,12,11.1,5.41,0.866,0,1,1,0
TXN109297,21.13,16,13.77,14.48,0.67,1,1,0,0
TXN104253,23.23,21,10.73,1.39,1.388,0,1,1,0
TXN103530,57.8,11,5.73,18.42,0.377,0,1,1,0
TXN113311,4.02,10,7.91,9.88,0.119,1,0,0,0
TXN108446,135.57,14,2.82,13.39,0.328,1,1,0,0
TXN108432,72.9,14,2.12,11.3,0.65,1,0,0,0
TXN111642,72.8,14,8.3,12.03,1.555,1,0,1,0
TXN114096,242.5,9,14.53,0.16,0.306,1,1,1,0
TXN114479,49.79,9,4.32,12.55,0.947,0,1,0,0
TXN108737,13.0,13,12.03,4.63,1.547,1,1,0,0
TXN107598,106.13,4,6.87,3.94,0.031,0,0,0,0
TXN110122,49.08,14,6.02,4.55,0.624,1,1,0,0
TXN110342,18.14,7,10.49,12.63,0.401,1,1,0,0
TXN104396,39.98,0,1.7,1.11,1.444,1,0,1,0
TXN102465,42.52,16,4.93,3.53,1.116,1,1,0,0
TXN105722,52.77,10,3.39,6.06,0.428,1,1,0,0
TXN108063,11.22,17,22.34,3.59,1.003,1,1,1,0
TXN112996,67.06,0,2.57,1.66,1.214,1,1,0,0
TXN114526,16.64,20,11.68,9.74,0.245,1,0,1,0
TXN108753,120.11,13,12.38,4.19,1.556,1,0,0,0
TXN105541,13.53,19,10.74,8.84,1.498,0,0,1,0
TXN103558,58.43,18,2.85,6.75,2.268,1,1,1,0
TXN113267,41.42,17,10.71,16.7,0.79,1,1,0,0
TXN114441,26.38,11,10.69,5.01,1.13,1,1,1,0
TXN104723,22.32,2,7.76,9.54,0.721,1,1,0,0
TXN114469,144.75,18,9.17,3.95,0.741,1,1,0,0
TXN107734,18.05,11,8.34,1.0,2.148,1,0,1,0
TXN112296,7.01,12,1.85,5.34,1.436,1,0,1,0
TXN100752,24.35,19,10.75,8.61,2.133,1,0,0,0
TXN106135,114.64,23,12.52,0.1,0.818,1,1,0,0
TXN110943,8.91,12,6.94,5.85,0.934,1,1,1,0
TXN109210,20.06,9,0.98,1.28,0.387,1,1,0,0
TXN100402,77.04,20,0.13,6.42,1.418,0,1,1,0
TXN107890,70.29,22,11.47,13.07,1.488,1,0,0,0
TXN110429,4.39,10,5.55,6.45,1.874,1,0,1,0
TXN104607,486.18,22,18.38,6.07,2.097,1,0,0,0
TXN108793,62.77,2,2.3,15.39,0.41,1,0,1,0
TXN102034,12.79,18,12.22,8.45,1.354,0,1,0,0
TXN109909,104.14,20,13.32,13.22,1.085,1,0,0,0
TXN100853,38.55,4,3.29,8.33,1.499,1,1,0,0
TXN106097,20.17,23,14.6,4.29,0.397,1,0,1,0
TXN101541,102.39,5,4.44,11.33,0.968,1,0,0,0
TXN108925,44.54,8,18.64,5.51,1.043,1,1,0,0
TXN104218,48.64,12,1.74,9.94,0.159,1,1,0,0
TXN107974,26.15,16,12.56,4.36,0.655,1,0,0,0
TXN108707,3.64,16,8.75,9.18,1.758,0,1,1,0
TXN109072,3.45,13,19.14,5.98,1.294,0,1,1,0
TXN102498,27.73,3,4.93,8.01,1.488,1,1,0,0
TXN107806,49.32,6,5.76,19.83,1.896,1,1,0,0
TXN112792,22.31,22,27.6,1.86,1.62,1,1,0,0
TXN114716,184.08,0,2.25,38.63,2.758,0,1,0,1
TXN104520,9.0,14,1.19,12.21,0.44,1,1,0,0
TXN105596,16.33,13,21.58,8.01,0.464,1,0,0,0
TXN102540,85.78,1,7.49,5.39,1.744,1,0,0,0
TXN103834,19.06,13,6.08,3.64,0.992,0,0,0,0
TXN107655,16.42,21,11.05,1.04,0.49,1,1,1,0
TXN108342,49.27,9,5.29,0.25,1.408,1,1,0,0
TXN101757,26.86,22,1.16,1.22,0.404,1,1,0,0
TXN103503,74.68,15,0.2,3.42,1.457,0,1,0,0
TXN112807,156.51,14,14.98,0.34,1.353,1,1,0,0
TXN107057,41.94,22,3.37,2.33,0.901,0,1,1,0
TXN111285,29.51,15,5.32,2.35,1.769,1,1,0,0
TXN114647,255.25,6,23.53,16.3,3.302,1,1,0,1
TXN111710,168.48,4,3.71,3.41,2.115,1,1,0,0
TXN101608,14.48,6,0.45,12.32,0.834,0,1,0,0
TXN113286,126.14,16,5.36,9.03,1.155,1,0,1,0
TXN111869,10.39,14,12.85,15.11,0.689,0,1,1,0
TXN101218,80.34,14,7.4,5.07,1.055,1,1,1,0
TXN107520,24.34,8,14.71,10.35,2.791,1,1,0,0
TXN108201,13.48,17,7.91,0.96,0.584,1,1,0,0
TXN104497,160.5,12,3.43,6.82,0.855,1,0,0,0
TXN108261,63.53,8,19.49,3.39,0.706,1,0,1,0
TXN111892,52.28,14,0.77,1.41,0.607,0,0,1,0
TXN112462,35.38,13,12.85,7.27,0.795,1,0,0,0
TXN107735,89.99,0,23.86,3.48,1.336,1,1,0,0
TXN113977,36.11,8,16.47,5.78,0.889,0,1,1,0
TXN102090,58.36,11,12.25,3.35,0.344,0,1,1,0
TXN108616,61.31,11,0.16,9.37,1.517,0,0,0,0
TXN104954,82.26,3,3.41,0.42,0.764,1,0,0,0
TXN109737,58.42,6,5.01,0.08,0.844,1,1,0,0
TXN101263,9.9,14,0.6,0.95,0.797,0,1,0,0
TXN102294,27.74,6,7.29,3.66,1.344,1,1,0,0
TXN112643,46.11,13,6.74,6.7,1.496,1,0,1,0
TXN111270,46.13,17,8.05,0.85,0.475,0,1,1,0
TXN105007,54.82,21,9.34,7.48,1.561,1,0,0,0
TXN104102,70.84,22,1.34,6.84,0.82,1,0,1,0
TXN114249,15.71,20,9.52,17.77,0.99,1,1,0,0
TXN101789,26.5,17,5.29,7.34,0.608,0,1,0,0
TXN100884,31.13,9,7.03,2.74,0.64,1,1,1,0
TXN102559,180.15,13,25.95,2.14,1.406,1,0,0,0
TXN104629,13.98,7,0.69,4.24,1.201,0,1,0,0
TXN111345,39.07,14,11.94,0.34,0.166,1,1,0,0
TXN112489,20.04,21,0.42,1.33,0.484,1,1,1,0
TXN105861,174.84,11,1.2,4.48,0.578,1,1,0,0
TXN112149,85.97,10,13.37,9.84,0.769,1,0,0,0
TXN112640,62.52,14,19.71,9.91,1.491,0,0,0,0
TXN110545,49.66,12,15.54,1.37,1.108,1,1,0,0
TXN101580,5.16,2,4.84,7.32,0.362,1,1,0,0
TXN114389,129.37,17,0.2,5.81,0.745,1,1,1,0
TXN113499,82.46,12,3.65,7.16,0.555,1,1,0,0
TXN108847,149.47,13,2.97,10.88,1.326,0,1,0,0
TXN106541,122.99,14,0.89,7.08,1.55,1,1,0,0
TXN107152,57.16,14,14.61,18.31,0.916,1,1,1,0
TXN104098,11.39,15,0.8,3.1,0.166,1,1,1,0
TXN113351,8.29,10,3.05,2.89,0.027,0,0,0,0
TXN109396,35.41,10,12.71,6.88,1.547,0,1,1,0
TXN110891,71.82,10,2.62,2.91,0.9,1,1,1,0
TXN109281,37.42,10,12.81,10.03,0.858,1,1,0,0
TXN110666,5.49,10,6.13,1.31,1.851,1,1,0,0
TXN111598,31.47,13,10.18,9.31,0.784,1,1,0,0
TXN112995,59.72,8,16.13,10.49,1.23,1,0,0,0
TXN104530,32.04,14,0.95,5.89,2.033,1,1,0,0
TXN107943,19.17,9,4.33,9.0,2.211,1,1,1,0
TXN108589,11.43,18,6.84,1.16,2.085,0,0,0,0
TXN108354,42.33,18,11.5,2.77,2.145,1,1,0,0
TXN106990,52.41,7,11.59,3.55,1.569,1,1,0,0
TXN106028,19.01,19,8.4,3.22,1.242,1,1,1,0
TXN108520,32.04,3,30.99,0.6,1.112,1,1,0,0
TXN113116,143.45,14,7.08,1.46,1.75,1,0,0,0
TXN101507,14.51,14,4.97,0.49,0.43,0,1,0,0
TXN113122,268.39,17,3.76,2.3,1.628,1,1,0,0
TXN114232,75.98,13,6.02,1.01,1.176,1,0,0,0
TXN111702,10.87,14,11.9,0.06,0.473,1,0,0,0
TXN111282,67.01,9,3.0,6.08,0.756,1,0,0,0
TXN107299,31.7,8,13.37,11.05,1.094,1,0,1,0
TXN106745,55.36,19,0.98,12.58,0.29,1,1,0,0
TXN106598,14.6,15,14.89,7.6,0.924,1,0,0,0
TXN100582,63.41,19,4.03,9.08,1.228,1,1,0,0
TXN105150,27.26,12,1.22,3.67,2.269,1,1,1,0
TXN114301,46.11,8,1.33,9.7,1.726,1,1,1,0
TXN106136,20.67,16,14.0,0.23,0.353,1,1,0,0
TXN110684,79.56,0,24.92,19.22,1.667,1,1,0,0
TXN103135,162.31,8,20.93,4.22,1.388,1,1,0,0
TXN109976,16.98,19,0.23,11.11,0.76,1,0,1,0
TXN112808,140.36,14,0.58,0.71,0.756,1,0,0,0
TXN108370,49.73,10,11.65,2.93,1.018,0,1,0,0
TXN109280,68.04,0,27.27,7.56,1.542,0,1,0,0
TXN114254,12.92,13,5.95,13.94,1.205,0,1,0,0
TXN110410,12.97,9,1.54,9.1,1.449,1,1,0,0
TXN110766,42.01,14,15.46,2.13,0.413,0,1,0,0
TXN106685,14.99,6,1.96,8.79,0.877,0,0,0,0
TXN110751,14.69,6,8.71,0.61,1.588,1,1,0,0
TXN107037,123.34,13,15.23,12.26,1.545,1,1,0,0
TXN111693,45.81,23,4.9,7.34,1.9,1,1,0,0
TXN112581,41.72,14,3.64,9.47,1.385,1,1,0,0
TXN100111,3.03,14,8.53,0.45,1.614,1,0,0,0
TXN100331,12.74,15,20.91,13.0,2.832,1,1,1,0
TXN107494,25.7,16,26.61,0.32,1.338,1,1,1,0
TXN113274,6.84,10,14.51,7.13,0.407,0,0,0,0
TXN100973,14.78,21,11.78,0.39,0.904,0,0,1,0
TXN113676,74.36,10,16.15,9.28,1.443,1,1,0,0
TXN110468,4.49,21,6.78,1.3,1.224,1,0,0,0
TXN110679,80.44,6,1.42,16.43,0.345,0,1,0,0
TXN100587,7.92,19,9.23,4.0,0.634,0,1,0,0
TXN105510,45.57,4,12.81,5.05,1.939,0,0,1,0
TXN108123,36.1,18,9.23,3.33,1.154,1,0,0,0
TXN111091,74.87,15,14.33,7.68,1.46,0,1,1,0
TXN106721,116.47,10,1.41,17.91,1.175,1,1,0,0
TXN101451,47.62,15,5.42,2.64,0.761,0,0,0,0
TXN100715,51.52,22,10.73,2.2,1.549,0,0,0,0
TXN110685,72.72,14,11.54,3.91,1.634,0,0,0,0
TXN105087,6.61,19,5.25,4.95,1.175,1,1,1,0
TXN105868,37.47,11,18.89,6.85,0.459,1,1,0,0
TXN105966,14.71,7,3.54,5.96,0.434,1,1,0,0
TXN107155,27.93,8,10.31,9.06,1.28,0,1,1,0
TXN101181,8.58,7,0.24,7.0,1.639,0,1,1,0
TXN110223,35.27,12,0.71,1.72,0.909,0,1,0,0
TXN113349,113.83,10,0.33,6.71,1.947,1,0,0,0
TXN113790,36.33,18,5.21,13.39,0.67,1,1,0,0
TXN106509,44.61,12,8.06,3.44,1.172,0,1,0,0
TXN107742,126.08,15,0.67,14.65,0.408,0,1,0,0
TXN100918,19.0,11,4.32,0.77,2.052,1,1,0,0
TXN113157,82.76,7,5.1,3.75,0.651,1,0,1,0
TXN106495,93.2,22,2.65,5.63,0.264,1,1,0,0
TXN105456,45.23,17,3.22,2.02,0.854,0,1,0,0
TXN111150,50.87,5,10.25,9.57,1.926,1,0,0,0
TXN114718,105.65,1,6.5,31.99,0.915,0,1,1,1
TXN104642,274.46,17,7.52,8.64,1.149,1,1,1,0
TXN114764,53.68,1,39.12,24.31,2.315,0,0,1,1
TXN107718,20.88,9,5.81,0.25,1.442,1,0,1,0
TXN104902,35.69,1,6.76,13.43,0.807,0,1,1,0
TXN105734,25.55,16,6.44,12.12,2.216,0,1,0,0
TXN101441,6.17,14,10.08,5.99,1.405,1,1,0,0
TXN112701,85.57,15,1.17,4.68,0.5,1,1,0,0
TXN113687,32.73,0,19.36,1.57,0.16,1,1,0,0
TXN110698,51.94,21,10.05,13.85,2.091,0,0,0,0
TXN109494,12.99,15,6.51,9.38,0.875,1,1,1,0
TXN103627,7.9,16,11.07,1.71,1.917,1,1,0,0
TXN105379,26.71,18,6.97,1.82,2.078,0,0,0,0
TXN111775,14.53,20,3.25,2.27,0.064,1,1,1,0
TXN106961,36.26,12,12.8,11.68,0.042,0,1,0,0
TXN108815,8.77,11,19.89,4.28,0.492,1,1,0,0
TXN107707,22.9,11,23.91,3.85,1.15,0,1,0,0
TXN100731,14.25,16,16.86,12.32,0.676,0,0,0,0
TXN102378,96.57,12,11.92,1.47,1.034,1,1,1,0
TXN106785,14.63,4,11.09,3.98,1.379,1,1,1,0
TXN111187,106.08,16,14.91,4.54,0.496,0,0,0,0
TXN109292,5.03,13,9.95,2.93,0.995,0,0,0,0
TXN112285,20.06,18,12.06,4.5,0.394,1,1,1,0
TXN100069,20.62,18,8.72,7.03,1.058,1,0,1,0
TXN111016,61.45,16,14.85,4.2,1.081,0,0,0,0
TXN113362,24.34,21,5.78,0.7,1.859,1,0,0,0
TXN108499,341.6,19,18.29,5.59,1.417,1,0,0,0
TXN101944,11.37,11,7.37,15.75,1.34,1,1,0,0
TXN110229,59.89,0,0.32,0.25,2.069,1,1,1,0
TXN106437,14.83,18,0.11,12.96,0.101,1,1,1,0
TXN113361,28.24,18,11.49,6.14,1.015,0,1,0,0
TXN105532,33.18,12,10.16,3.38,1.43,0,1,0,0
TXN111349,108.57,16,4.1,1.86,0.598,1,0,0,0
TXN109013,165.84,19,13.29,8.35,1.54,1,1,0,0
TXN113115,85.92,12,0.76,16.54,2.321,0,0,1,0
TXN111266,25.53,5,12.35,7.78,0.249,0,1,0,0
TXN100328,19.9,1,6.18,6.68,0.227,0,1,0,0
TXN109902,15.16,19,26.58,1.16,0.343,1,1,1,0
TXN110795,17.19,10,19.12,1.48,1.0,0,1,1,0
TXN102940,37.18,19,6.75,10.0,0.898,0,0,0,0
TXN101800,17.67,15,6.36,2.93,0.511,0,0,0,0
TXN113039,29.06,22,15.63,12.01,0.212,1,1,0,0
TXN114934,50.73,3,23.18,34.53,0.928,1,1,1,1
TXN102143,42.48,6,23.25,9.16,2.262,1,1,0,0
TXN109616,49.41,19,10.25,12.87,0.283,0,1,0,0
TXN103233,16.77,7,0.22,3.23,1.372,0,1,0,0
TXN104205,72.5,20,3.01,9.23,0.824,1,0,1,0
TXN101353,41.4,23,19.91,18.73,0.3,1,1,0,0
TXN112474,18.91,18,11.68,17.17,1.755,0,0,0,0
TXN109846,35.84,20,14.09,0.42,2.508,1,1,1,0
TXN107238,88.99,22,21.88,4.18,1.683,1,0,0,0
TXN103506,39.39,9,19.03,0.69,0.951,1,0,0,0
TXN113808,33.33,13,2.97,4.39,1.394,1,1,0,0
TXN107600,186.33,9,26.5,0.52,2.02,1,1,1,0
TXN109148,48.69,20,12.36,3.25,0.661,1,0,0,0
TXN111563,18.5,13,10.23,7.09,1.271,1,1,1,0
TXN102545,4.25,0,0.94,10.05,1.973,1,1,0,0
TXN109223,35.68,10,2.92,14.16,0.635,1,1,1,0
TXN109200,26.88,16,11.55,6.27,0.589,1,1,0,0
TXN101765,11.38,21,2.65,4.55,1.135,1,1,1,0
TXN107042,77.86,11,7.6,13.38,1.331,0,1,1,0
TXN103247,194.43,9,0.89,18.89,1.734,1,0,0,0
TXN112005,33.59,22,9.23,5.71,1.259,0,1,1,0
TXN104659,9.96,15,2.31,7.85,0.909,1,1,0,0
TXN110633,5.28,16,1.74,3.46,2.151,0,1,1,0
TXN105675,42.58,8,7.1,11.75,1.004,1,1,1,0
TXN112757,62.15,19,5.68,6.18,0.905,1,0,0,0
TXN110387,111.56,13,25.04,1.52,1.583,1,1,0,0
TXN112738,173.84,18,29.63,10.71,1.023,1,1,0,0
TXN109250,430.8,16,17.65,7.06,1.818,1,1,0,0
TXN109075,35.67,11,10.11,3.57,0.953,1,0,0,0
TXN114935,38.14,17,37.16,2.93,0.374,1,1,1,1
TXN106014,79.51,5,1.02,1.25,1.083,1,1,1,0
TXN104036,2.36,14,10.18,7.38,0.807,0,1,0,0
TXN105405,37.17,10,16.5,4.54,1.488,0,0,0,0
TXN113457,27.86,15,14.98,19.11,0.065,0,1,0,0
TXN104801,25.51,11,5.69,13.05,0.968,1,1,1,0
TXN100399,29.87,15,3.03,16.05,1.392,1,1,1,0
TXN109652,17.28,15,2.77,8.64,0.736,1,1,0,0
TXN113518,31.32,12,0.46,4.26,1.077,1,0,0,0
TXN114063,76.34,14,10.16,10.45,0.73,0,1,0,0
TXN113870,31.25,4,11.92,9.18,1.392,1,0,0,0
TXN101879,14.85,11,14.12,8.11,1.409,0,0,1,0
TXN103870,41.85,9,10.62,0.21,0.733,0,1,1,0
TXN101824,77.47,2,6.75,10.89,1.536,1,1,0,0
TXN103478,34.14,13,2.16,0.48,0.831,1,0,0,0
TXN106573,26.21,3,4.01,3.04,0.706,1,0,0,0
TXN110056,32.41,18,10.57,9.69,1.387,1,0,1,0
TXN112570,25.33,15,6.46,14.67,0.006,1,1,1,0
TXN109564,120.99,9,5.38,1.09,0.828,0,0,1,0
TXN103107,42.84,9,17.84,7.97,2.686,1,0,0,0
TXN114097,35.1,17,10.59,10.55,0.942,1,0,0,0
TXN114330,16.88,13,8.87,11.04,1.766,1,0,0,0
TXN109853,5.16,19,5.87,8.87,0.427,0,1,0,0
TXN107380,55.0,22,9.35,2.87,1.026,1,0,1,0
TXN112797,33.19,15,15.25,2.8,1.007,1,1,1,0
TXN110224,869.63,14,36.9,0.77,1.285,1,0,0,0
TXN102344,18.79,8,4.58,2.16,1.982,1,1,0,0
TXN107860,22.64,12,1.79,3.35,1.242,1,1,1,0
TXN113956,513.47,19,13.97,8.99,1.258,1,0,0,0
TXN106433,88.53,17,10.17,4.32,1.867,1,1,1,0
TXN105812,16.57,23,3.45,9.45,1.339,1,1,0,0
TXN113597,26.24,10,16.96,0.55,1.377,1,1,1,0
TXN100056,20.45,9,11.13,10.64,2.808,1,0,1,0
TXN102014,11.91,0,3.52,8.22,0.527,0,1,0,0
TXN104133,6.89,15,4.31,12.54,0.238,0,1,0,0
TXN104808,205.58,22,17.54,9.98,0.378,1,0,1,0
TXN104148,16.27,12,0.63,1.64,0.836,1,1,0,0
TXN114068,46.96,20,28.27,6.67,1.606,1,1,0,0
TXN106460,19.59,4,7.26,6.2,0.759,1,1,0,0
TXN105093,162.54,4,7.77,14.96,1.441,0,1,1,0
TXN114438,9.43,19,10.55,9.42,1.577,0,0,0,0
TXN111351,11.98,0,4.85,8.24,0.626,1,0,1,0
TXN100539,6.17,8,24.39,1.95,1.204,1,1,0,0
TXN109930,19.47,9,6.83,9.58,2.061,1,1,1,0
TXN113843,19.29,16,6.98,1.1,1.073,0,1,1,0
TXN112691,188.86,5,12.0,4.32,0.912,1,1,0,0
TXN106631,43.33,17,5.4,10.81,1.733,0,0,0,0
TXN111639,20.18,11,7.0,1.11,1.237,1,1,0,0
TXN102968,25.05,17,11.53,0.46,0.166,1,1,0,0
TXN114362,41.77,10,20.3,5.56,0.517,0,1,1,0
TXN108946,4.42,23,3.34,3.11,2.059,1,1,0,0
TXN111171,92.78,11,19.36,4.35,0.133,1,1,0,0
TXN104099,46.67,20,2.34,5.93,1.262,1,1,0,0
TXN114747,5.0,0,35.64,0.8,1.03,1,0,0,1
TXN110119,39.86,16,7.3,3.82,1.285,0,1,0,0
TXN104125,6.78,7,5.01,5.08,1.573,1,1,0,0
TXN113874,31.88,0,0.74,1.98,1.146,1,0,0,0
TXN101822,29.61,9,11.36,3.38,1.038,1,1,0,0
TXN107959,33.94,18,5.85,9.7,0.998,1,1,0,0
TXN106574,24.5,14,22.11,9.18,1.206,0,1,0,0
TXN113480,28.99,6,7.39,9.15,0.671,0,1,1,0
TXN111059,54.27,15,13.12,1.11,1.302,1,1,1,0
TXN105952,26.76,18,11.31,8.79,1.238,1,1,1,0
TXN100857,23.43,20,21.12,6.29,3.152,0,1,1,0
TXN114714,63.2,5,58.61,27.41,0.412,0,0,0,1
TXN111577,37.36,4,6.16,2.77,1.209,1,1,0,0
TXN100396,50.76,16,5.07,8.67,2.144,1,1,1,0
TXN111148,36.21,15,11.49,8.8,1.402,1,1,0,0
TXN107198,38.48,14,16.25,1.91,1.906,1,0,0,0
TXN104095,13.4,14,12.48,5.03,1.228,1,1,0,0
TXN100958,241.15,13,0.01,7.86,0.375,1,1,0,0
TXN103809,12.82,12,6.36,4.22,0.075,0,1,1,0
TXN106999,13.12,5,6.58,6.49,1.935,1,0,0,0
TXN106262,68.51,16,18.27,0.28,1.173,1,0,1,0
TXN110238,60.37,8,0.45,7.36,0.882,0,1,0,0
TXN111947,18.09,1,8.47,21.35,1.13,1,0,1,0
TXN103887,26.54,8,16.84,3.98,1.742,1,1,0,0
TXN108535,67.65,21,2.78,8.58,1.54,1,1,1,0
TXN111764,266.89,20,5.79,10.49,2.625,1,0,1,0
TXN100317,140.31,21,13.37,8.1,1.947,1,1,1,0
TXN105519,13.52,5,1.83,11.28,2.038,0,0,1,0
TXN113049,89.09,18,14.49,8.42,0.717,0,1,1,0
TXN110526,138.0,20,2.7,15.17,0.022,1,1,0,0
TXN112564,34.61,10,3.62,2.71,0.902,1,1,1,0
TXN100763,5.14,2,0.7,5.11,0.623,1,1,1,0
TXN113673,58.86,9,7.35,14.32,1.522,1,1,1,0
TXN103739,68.67,9,12.61,6.95,1.141,1,0,0,0
TXN105412,60.1,17,14.28,3.71,0.07,0,1,0,0
TXN108156,262.0,17,9.97,5.15,1.414,1,0,0,0
TXN111052,12.05,19,13.44,13.15,2.198,1,1,1,0
TXN111243,23.71,1,2.23,5.3,1.448,1,1,0,0
TXN114865,99.71,17,3.53,7.96,2.83,1,0,0,1
TXN107426,94.21,16,8.49,5.5,1.015,1,1,0,0
TXN112734,24.19,8,15.02,0.04,0.584,1,1,0,0
TXN109498,8.44,10,12.64,2.71,1.816,1,0,0,0
TXN102339,136.11,15,23.06,4.64,1.395,1,0,1,0
TXN102249,157.35,13,13.63,2.12,0.857,1,1,1,0
TXN104878,16.75,14,6.63,3.2,1.882,1,1,0,0
TXN102995,170.85,20,6.88,9.35,1.886,0,0,0,0
TXN101197,15.45,9,1.89,4.29,0.775,0,1,1,0
TXN107073,118.96,4,31.83,7.85,1.551,1,0,0,0
TXN102769,37.13,20,0.59,0.58,1.183,0,1,0,0
TXN105534,54.34,16,1.81,2.99,0.72,1,1,0,0
TXN110614,8.31,22,6.91,7.24,0.829,1,1,1,0
TXN110308,70.07,5,16.44,15.78,0.759,1,0,1,0
TXN105626,47.05,20,11.02,6.51,1.836,1,0,0,0
TXN101370,17.8,12,11.68,8.56,0.177,1,0,1,0
TXN104684,45.4,8,2.92,2.88,0.935,0,0,1,0
TXN103314,10.1,8,8.96,11.25,0.982,0,0,0,0
TXN105964,140.16,9,8.91,5.6,0.893,1,1,0,0
TXN114158,20.45,7,19.81,2.89,2.477,1,1,1,0
TXN105589,10.2,17,10.73,0.7,0.13,0,1,0,0
TXN103021,63.94,15,13.96,12.85,1.116,1,1,1,0
TXN109291,5.19,13,10.05,2.96,1.126,0,1,0,0
TXN101977,12.31,10,3.58,12.87,1.301,0,1,0,0
TXN100206,170.51,22,9.34,10.52,0.674,1,1,1,0
TXN114980,30.47,2,70.47,3.29,0.96,1,0,1,1
TXN114291,25.13,18,13.02,5.36,1.336,1,0,0,0
TXN113209,65.45,13,3.29,4.98,0.772,0,1,0,0
TXN105190,9.63,5,13.2,9.15,0.01,1,1,0,0
TXN101605,315.25,0,14.1,1.92,1.498,1,1,0,0
TXN101808,42.43,11,1.34,11.27,1.716,1,1,0,0
TXN112921,15.47,14,11.08,1.1,0.149,1,0,0,0
TXN113945,12.42,11,5.31,7.17,1.507,1,1,0,0
TXN104161,4.39,16,10.71,12.27,0.877,1,1,1,0
TXN111772,24.02,18,10.38,6.53,1.121,1,1,1,0
TXN103138,33.97,20,19.5,1.02,1.07,1,0,0,0
TXN111186,113.5,17,7.97,7.97,0.61,1,1,1,0
TXN105923,99.53,2,0.83,1.68,1.668,1,1,0,0
TXN108531,48.23,13,7.07,13.92,0.832,1,1,0,0
TXN107235,27.75,14,0.71,4.77,1.435,1,1,0,0
TXN100778,49.72,14,8.62,4.79,1.135,1,0,0,0
TXN107564,29.38,11,13.78,8.27,1.459,1,0,0,0
TXN106365,42.07,16,3.86,8.57,1.297,0,1,0,0
TXN105550,40.01,17,9.2,6.23,0.751,1,1,0,0
TXN112260,29.82,14,9.95,0.79,0.468,1,1,0,0
TXN105119,46.97,14,10.71,8.65,0.468,0,1,1,0
TXN107676,38.6,12,2.22,4.71,1.859,0,1,0,0
TXN108143,13.66,13,1.57,2.71,0.429,1,0,0,0
TXN113810,44.15,14,1.04,0.62,1.353,1,1,1,0
TXN105019,47.39,23,7.34,4.2,0.733,1,0,0,0
TXN114752,72.19,11,7.82,45.9,1.964,1,0,0,1
TXN105852,19.92,16,8.87,3.96,0.917,0,1,1,0
TXN110816,43.65,21,5.39,9.19,0.164,1,1,1,0
TXN112146,3.11,16,21.01,8.75,1.428,1,1,1,0
TXN103698,23.89,23,19.33,3.84,1.036,1,1,1,0
TXN100747,88.57,19,7.14,12.86,0.776,1,0,1,0
TXN100694,101.82,18,10.88,10.91,0.95,1,1,1,0
TXN106001,66.21,13,4.03,6.03,0.891,1,0,1,0
TXN107362,92.13,10,7.44,12.86,0.451,1,1,0,0
TXN102629,39.37,14,2.81,8.53,1.004,1,1,0,0
TXN104086,24.63,11,10.43,7.93,1.322,1,1,0,0
TXN106701,24.41,13,8.19,4.63,0.042,0,1,0,0
TXN107584,36.35,6,1.01,3.3,1.002,0,1,1,0
TXN113011,68.3,13,0.49,4.6,0.367,1,1,1,0
TXN111318,49.36,4,17.11,16.19,0.829,1,1,1,0
TXN111302,211.21,16,1.54,3.2,1.42,1,1,0,0
TXN107803,31.38,15,4.77,9.9,0.401,1,1,0,0
TXN104149,28.47,8,0.21,15.02,1.657,0,1,1,0
TXN102386,4.73,0,4.96,9.91,0.193,1,1,0,0
TXN110139,77.56,2,3.69,10.09,1.0,1,1,0,0
TXN113322,20.75,10,7.27,6.22,2.147,1,0,0,0
TXN105358,225.1,12,7.83,18.46,1.841,0,1,0,0
TXN103483,10.14,10,11.92,11.29,1.015,1,1,0,0
TXN114814,42.7,9,19.9,25.73,2.414,0,1,1,1
TXN100555,43.4,23,12.02,9.09,0.845,0,0,0,0
TXN102427,34.68,15,15.93,3.26,1.196,1,1,1,0
TXN100554,26.72,11,1.04,2.56,1.972,1,1,0,0
TXN113779,443.16,17,14.59,6.46,1.025,1,1,1,0
TXN103685,12.29,9,20.59,7.58,1.696,0,1,1,0
TXN101590,55.81,2,6.22,4.35,0.346,1,0,0,0
TXN101273,53.28,9,7.05,7.12,1.405,1,1,1,0
TXN106321,48.12,15,0.2,6.95,1.699,1,1,0,0
TXN100708,13.25,11,11.1,14.57,0.297,1,1,1,0
TXN106466,146.32,13,7.78,4.89,1.447,1,0,1,0
TXN102364,30.79,17,4.51,16.76,1.75,1,1,0,0
TXN113707,3.82,0,9.75,10.42,1.69,1,1,1,0
TXN112498,5.12,14,5.15,9.79,0.159,1,0,1,0
TXN100549,110.06,11,4.87,8.06,0.5,1,1,1,0
TXN107428,77.57,5,14.3,0.76,1.641,1,0,0,0
TXN101366,19.63,8,9.04,4.44,0.5,0,0,1,0
TXN107569,67.63,1,1.47,9.05,1.389,0,1,0,0
TXN110437,49.45,7,5.47,6.78,0.512,1,0,1,0
TXN100077,51.15,6,3.14,1.06,1.864,1,1,1,0
TXN102765,77.96,13,19.25,3.08,0.047,0,1,1,0
TXN103480,77.43,16,4.72,6.74,0.815,1,1,0,0
TXN112986,235.61,7,10.77,2.21,1.613,0,1,1,0
TXN104229,54.96,20,9.85,6.77,1.06,0,0,1,0
TXN101571,27.29,20,6.1,1.37,2.215,1,0,1,0
TXN108670,92.74,3,21.79,6.84,2.283,1,1,0,0
TXN102128,32.76,5,18.96,9.26,1.38,1,1,0,0
TXN110543,38.85,7,6.71,10.87,2.281,0,1,0,0
TXN105052,181.26,22,5.77,5.95,1.036,1,0,0,0
TXN106243,18.51,17,6.17,1.48,1.04,1,0,1,0
TXN102012,123.71,5,3.34,6.13,1.09,0,1,0,0
TXN103311,33.41,15,12.95,10.18,0.463,1,0,1,0
TXN103955,40.32,11,5.36,12.71,0.095,0,1,1,0
TXN103817,54.67,21,1.97,1.42,1.625,1,1,0,0
TXN113076,12.76,6,24.44,1.43,0.347,1,1,0,0
TXN104193,248.53,5,1.53,4.99,0.714,1,0,0,0
TXN107257,45.66,18,7.23,7.65,1.486,0,0,0,0
TXN111457,278.86,10,4.64,0.37,1.753,1,0,0,0
TXN105043,39.19,11,11.53,1.44,1.504,1,0,0,0
TXN111556,24.48,15,7.47,1.77,0.824,1,0,1,0
TXN103380,15.35,12,4.64,2.27,2.155,0,0,0,0
TXN107628,19.71,11,3.17,0.7,1.098,1,1,0,0
TXN109559,25.18,22,17.55,1.91,1.495,1,1,1,0
TXN106439,94.43,3,1.6,4.9,1.463,1,0,0,0
TXN107029,26.01,7,20.22,1.63,1.118,1,1,0,0
TXN102381,11.53,6,0.29,1.42,0.81,0,1,1,0
TXN108173,135.64,10,9.15,14.26,1.061,0,1,0,0
TXN106421,22.97,11,7.77,2.73,0.747,0,1,0,0
TXN114163,52.06,14,0.18,4.23,0.596,0,1,0,0
TXN109377,28.46,9,18.07,3.85,1.389,0,0,0,0
TXN114450,14.88,20,3.16,4.44,2.11,1,1,0,0
TXN114259,19.73,0,13.09,5.45,1.661,1,1,1,0
TXN106378,8.94,13,16.79,9.34,1.402,0,0,0,0
TXN100841,37.78,11,18.29,7.86,1.898,1,1,0,0
TXN108522,10.18,13,13.26,3.71,1.292,0,1,1,0
TXN112151,133.55,15,10.85,14.31,1.34,1,1,1,0
TXN112269,16.59,11,1.13,4.08,0.033,1,0,0,0
TXN108706,406.08,13,6.11,15.26,1.155,0,1,1,0
TXN100739,28.68,20,10.99,8.57,0.837,1,0,1,0
TXN110735,24.93,17,19.7,9.91,1.049,1,0,1,0
TXN114591,82.93,6,5.51,8.46,1.254,0,0,0,0
TXN102159,198.87,15,0.54,1.09,1.941,1,0,0,0
TXN105068,17.68,16,9.24,6.37,0.737,1,1,0,0
TXN106980,50.54,14,11.96,0.33,1.095,1,1,0,0
TXN112369,152.0,18,14.22,1.66,1.469,1,0,1,0
TXN113578,34.77,12,0.69,2.98,1.55,1,1,0,0
TXN104246,26.57,14,1.15,4.3,0.96,1,0,0,0
TXN111660,56.98,5,13.69,3.0,1.0,0,1,0,0
TXN108371,164.17,17,2.46,0.74,0.918,0,1,0,0
TXN105600,48.12,21,8.78,2.1,1.488,0,0,0,0
TXN103267,10.46,1,2.04,4.09,1.249,1,1,0,0
TXN112183,76.32,15,5.98,0.47,1.473,1,0,0,0
TXN114289,16.79,11,6.87,17.24,0.659,1,1,1,0
TXN106238,32.12,18,10.54,4.57,2.404,1,1,1,0
TXN112563,49.33,8,1.73,2.25,2.417,1,1,0,0
TXN111932,180.2,13,9.51,14.91,1.38,0,0,0,0
TXN101634,14.09,13,11.71,2.39,0.255,1,0,1,0
TXN107458,18.34,16,7.94,3.64,0.816,1,0,0,0
TXN104082,80.8,16,1.81,6.65,1.197,1,0,1,0
TXN107983,28.37,14,11.06,0.56,0.832,1,1,0,0
TXN103985,74.59,13,19.44,2.16,0.364,0,0,0,0
TXN101648,38.26,15,6.63,10.32,0.971,0,0,0,0
TXN111313,25.97,13,2.8,4.37,0.883,1,1,1,0
TXN102152,40.28,5,20.24,3.1,0.539,1,0,0,0
TXN104394,52.45,22,3.92,7.75,0.332,1,1,0,0
TXN114760,398.35,6,83.38,21.95,2.713,0,0,1,1
TXN107087,18.68,19,4.46,9.22,1.826,1,1,1,0
TXN112186,10.9,13,9.78,8.72,1.635,1,1,0,0
TXN112469,37.04,9,7.66,0.89,0.219,1,1,1,0
TXN114157,17.09,13,3.39,8.08,1.228,1,1,0,0
TXN103174,17.37,13,9.95,15.83,0.751,1,1,0,0
TXN102750,108.27,1,15.73,6.49,1.521,0,1,0,0
TXN105591,50.18,15,2.34,6.61,1.458,0,0,1,0
TXN102640,45.0,14,11.94,8.96,1.457,0,0,0,0
TXN114166,11.59,19,15.97,22.04,0.663,1,1,1,0
TXN113058,24.26,7,1.08,1.59,1.153,1,1,0,0
TXN109828,87.99,16,17.87,1.54,1.015,1,1,0,0
TXN111238,16.28,19,30.09,1.41,0.404,0,1,0,0
TXN105876,39.76,7,2.82,2.22,1.289,1,1,0,0
TXN109668,28.49,18,17.72,21.5,2.005,1,0,0,0
TXN101767,39.64,23,18.25,14.69,0.744,1,1,0,0
TXN100173,57.66,6,4.14,6.87,0.567,1,1,0,0
TXN109584,24.4,14,11.9,2.75,1.221,0,0,1,0
TXN105985,17.4,12,5.96,6.37,1.326,0,1,1,0
TXN104537,11.85,10,3.02,17.74,0.298,1,0,0,0
TXN101559,35.95,13,13.1,2.42,0.656,0,1,0,0
TXN111767,6.83,17,2.23,2.66,0.363,0,1,0,0
TXN101727,59.34,3,15.83,13.82,1.158,0,1,0,0
TXN111216,38.98,4,7.95,1.4,1.97,1,0,1,0
TXN110078,63.38,8,13.48,8.23,0.638,0,1,1,0
TXN113996,56.83,8,1.29,9.05,0.518,1,1,1,0
TXN104690,15.88,13,18.4,1.1,0.923,0,1,1,0
TXN108351,21.69,20,8.4,17.02,0.329,1,1,0,0
TXN103633,59.7,1,7.01,2.23,0.819,0,1,0,0
TXN114148,140.04,3,19.72,7.6,0.011,0,1,1,0
TXN107622,110.0,10,2.73,12.11,1.519,0,1,0,0
TXN105072,20.84,23,0.57,9.15,0.911,1,0,0,0
TXN103696,26.0,11,0.74,7.27,1.006,1,1,1,0
TXN104693,53.94,16,2.17,13.59,1.99,1,0,1,0
TXN107040,26.82,21,2.52,4.19,1.295,1,1,0,0
TXN106354,296.86,17,9.8,3.15,1.697,1,0,1,0
TXN101395,49.89,15,5.99,6.89,2.573,0,1,1,0
TXN102171,21.83,2,11.59,1.18,1.591,0,0,1,0
TXN113943,89.56,16,17.81,0.36,1.939,1,1,0,0
TXN109790,17.69,10,6.09,9.1,0.996,1,0,1,0
TXN108360,59.41,21,2.32,4.79,1.263,0,1,1,0
TXN110102,6.69,4,16.88,5.28,0.203,1,1,0,0
TXN104216,3.2,17,10.83,1.01,1.592,0,1,1,0
TXN103459,5.69,10,5.44,0.85,2.123,1,1,0,0
TXN103112,75.69,3,2.8,2.0,1.42,1,0,0,0
TXN112525,22.52,15,9.61,8.03,1.579,1,1,0,0
TXN110160,154.07,18,1.5,3.46,0.579,1,0,0,0
TXN103768,86.23,19,4.5,0.93,1.056,0,1,0,0
TXN102966,18.07,17,8.05,1.1,1.21,1,1,0,0
TXN108778,16.08,13,22.85,4.18,1.171,0,0,0,0
TXN100513,297.45,12,7.73,4.67,1.573,1,1,1,0
TXN113040,117.01,21,5.17,9.03,0.739,1,0,0,0
TXN106201,55.01,0,12.54,11.31,1.48,1,0,1,0
TXN105803,31.49,13,34.11,13.29,1.648,1,0,0,0
TXN101274,13.04,9,4.21,4.15,0.21,1,1,1,0
TXN100118,10.14,18,3.79,0.8,1.598,1,0,0,0
TXN114758,42.77,7,19.16,19.03,2.53,1,1,0,1
TXN104234,50.02,11,18.13,4.28,0.577,1,0,1,0
TXN111427,12.65,12,16.85,2.83,1.054,1,1,0,0
TXN108831,40.71,18,14.7,4.17,0.221,1,1,0,0
TXN109836,94.46,11,6.25,11.23,1.226,1,1,0,0
TXN104792,16.88,14,8.66,0.17,1.014,1,1,0,0
TXN110290,118.72,18,9.17,1.99,0.978,1,1,1,0
TXN106470,24.3,2,5.48,17.4,1.027,0,1,0,0
TXN110848,36.96,6,5.1,0.2,1.94,1,1,0,0
TXN109606,20.19,19,9.37,0.25,1.263,1,1,1,0
TXN105331,59.5,10,19.92,2.67,1.31,0,0,0,0
TXN109188,19.96,9,3.85,6.03,0.819,0,1,0,0
TXN106294,48.95,18,14.99,11.58,2.343,1,0,1,0
TXN100070,280.42,20,16.25,16.61,2.323,0,1,0,0
TXN107095,106.82,12,3.87,1.43,0.161,1,1,0,0
TXN108911,39.54,21,26.82,3.89,0.886,1,1,1,0
TXN107289,66.0,8,6.05,7.5,0.793,0,1,0,0
TXN111121,22.88,11,2.07,6.42,0.519,1,1,0,0
TXN102268,28.26,15,4.6,11.16,0.307,0,1,1,0
TXN100686,100.86,15,0.64,12.61,0.708,0,1,1,0
TXN102402,48.56,1,10.46,10.03,1.797,1,0,0,0
TXN108337,120.79,4,1.99,4.25,0.005,1,0,0,0
TXN100925,75.36,13,3.6,3.26,0.253,1,0,0,0
TXN113015,20.91,16,14.42,14.79,1.936,1,1,1,0
TXN105995,84.16,15,8.26,3.04,0.625,1,0,0,0
TXN103028,46.3,17,13.56,8.65,0.17,1,0,0,0
TXN110792,28.91,13,0.28,14.27,2.384,1,1,0,0
TXN105880,113.44,15,3.55,15.51,0.865,1,1,0,0
TXN105610,25.77,14,7.37,1.95,1.183,1,1,1,0
TXN108115,11.62,12,4.56,1.07,1.38,1,0,0,0
TXN100119,58.0,0,1.04,1.49,0.994,1,0,1,0
TXN111431,18.18,12,10.08,3.89,0.982,0,0,1,0
TXN102417,56.76,2,30.89,11.33,1.392,0,0,1,0
TXN110881,7.14,11,18.04,7.79,0.144,1,1,1,0
TXN100093,120.67,9,4.06,7.48,2.177,1,1,1,0
TXN109510,7.7,17,26.88,11.42,0.887,1,1,0,0
TXN105211,117.8,8,10.61,1.93,1.677,0,1,0,0
TXN107743,28.62,11,5.19,7.08,1.201,1,1,1,0
TXN113213,18.39,22,12.94,0.9,1.203,0,0,0,0
TXN108697,246.05,18,23.41,15.87,1.056,0,0,0,0
TXN112404,15.53,6,5.65,2.62,1.112,1,1,0,0
TXN105215,373.8,13,11.34,10.04,0.548,1,0,0,0
TXN112211,52.04,23,15.86,14.73,0.296,1,1,0,0
TXN102135,44.78,14,4.9,3.65,1.435,0,1,1,0
TXN113483,20.8,11,0.29,5.61,2.128,1,1,1,0
TXN101573,34.5,11,2.31,1.76,1.028,1,1,0,0
TXN109926,3.99,18,13.41,4.27,1.837,1,0,1,0
TXN100680,20.44,9,1.7,2.2,0.139,1,1,1,0
TXN107726,52.42,16,4.44,9.07,1.483,1,0,1,0
TXN114427,47.52,8,13.93,0.36,2.507,0,1,0,0
TXN101703,12.13,17,0.09,4.6,1.185,1,1,1,0
TXN102205,143.03,16,11.72,6.93,1.024,1,0,0,0
TXN109320,21.73,18,2.14,3.7,1.183,1,0,1,0
TXN109672,40.31,9,3.61,4.14,1.569,1,1,1,0
TXN112059,60.81,15,9.76,0.29,1.865,1,0,0,0
TXN100212,70.9,18,13.96,15.61,2.024,1,1,1,0
TXN102250,5.01,11,4.52,4.63,0.867,0,1,0,0
TXN111262,14.8,17,14.0,3.35,0.195,0,1,1,0
TXN107640,24.82,18,10.32,12.0,1.623,1,1,0,0
TXN110609,108.01,3,6.15,10.13,0.63,0,1,0,0
TXN113643,8.36,11,0.95,0.51,0.803,1,1,1,0
TXN107621,21.7,11,4.72,7.64,1.071,0,1,1,0
TXN109724,45.01,15,11.03,0.74,0.839,1,1,0,0
TXN102835,30.33,19,3.18,12.49,0.689,1,1,1,0
TXN111545,93.85,12,5.84,1.79,1.246,1,1,1,0
TXN100094,63.64,16,14.63,12.49,1.261,0,0,1,0
TXN108920,58.48,7,3.24,0.99,0.738,1,0,0,0
TXN101465,49.88,13,9.05,2.85,0.638,1,1,0,0
TXN113646,11.44,14,1.08,7.96,0.945,0,0,1,0
TXN108996,6.8,13,9.16,3.95,1.062,1,0,1,0
TXN114834,67.79,21,1.67,12.06,2.93,0,1,0,1
TXN110495,112.25,15,3.37,8.63,2.386,0,0,1,0
TXN105506,21.7,6,13.09,10.47,1.009,1,1,0,0
TXN106859,117.21,22,10.24,11.19,0.325,0,1,1,0
TXN114862,70.23,10,5.61,1.53,1.795,1,0,1,1
TXN101728,48.77,17,14.39,19.16,1.744,1,0,0,0
TXN102312,16.52,10,2.32,5.9,1.884,0,1,1,0
TXN112535,44.7,18,19.07,6.29,1.191,1,1,0,0
TXN107333,23.58,15,17.57,4.36,1.369,1,1,0,0
TXN107192,17.91,8,3.19,5.43,1.007,1,1,0,0
TXN112543,47.12,13,11.64,17.27,0.7,1,1,1,0
TXN104606,35.77,8,3.8,3.19,1.931,0,0,0,0
TXN114963,38.29,8,13.7,19.59,1.997,1,1,1,1
TXN112001,6.84,14,0.32,6.36,0.893,0,1,0,0
TXN108528,62.17,12,1.58,7.89,0.967,1,0,0,0
TXN114903,8.37,4,57.43,23.09,0.993,0,0,0,1
TXN101476,64.54,3,4.85,2.31,0.385,0,1,1,0
TXN100329,11.18,10,7.52,3.41,0.455,1,1,1,0
TXN104611,6.98,16,8.86,10.38,0.766,0,1,1,0
TXN110213,77.65,11,9.15,5.73,1.035,1,0,1,0
TXN106261,7.78,12,3.26,4.07,1.688,1,0,1,0
TXN109054,14.84,17,4.77,8.31,0.035,1,1,1,0
TXN110909,47.02,0,10.37,2.0,0.032,1,1,0,0
TXN113408,17.66,10,3.68,6.19,1.438,0,1,1,0
TXN109108,14.12,13,10.38,3.16,2.655,0,1,0,0
TXN105252,89.88,9,15.66,13.77,0.393,1,1,0,0
TXN109037,51.77,10,14.1,7.73,0.866,0,1,1,0
TXN105711,8.53,12,22.24,2.44,0.764,1,1,0,0
TXN108637,38.47,10,4.5,4.91,1.202,0,1,0,0
TXN101190,48.35,7,28.1,0.09,1.723,1,0,1,0
TXN114692,13.83,3,55.42,25.9,4.017,0,0,1,1
TXN112993,38.0,18,9.54,4.88,1.51,1,0,1,0
TXN111981,449.27,11,14.76,4.38,0.494,0,0,1,0
TXN109413,52.88,18,26.05,7.2,1.844,0,1,0,0
TXN106595,18.58,20,25.54,13.37,1.427,1,0,1,0
TXN104557,9.33,16,1.2,11.62,1.548,1,0,1,0
TXN103004,181.83,15,12.65,7.34,2.029,1,1,1,0
TXN103703,17.56,12,14.96,6.51,0.007,1,1,1,0
TXN109713,24.94,13,12.92,9.04,1.236,1,1,0,0
TXN100723,41.55,7,5.5,2.31,1.066,0,1,0,0
TXN111202,144.31,20,9.2,2.76,0.723,0,1,1,0
TXN102352,175.0,4,5.15,7.37,0.8,1,0,1,0
TXN114414,52.17,10,31.67,10.08,0.371,1,0,0,0
TXN112364,32.07,23,3.37,7.64,0.187,1,1,1,0
TXN107887,12.49,6,1.02,10.69,1.011,0,1,0,0
TXN111797,28.41,4,2.42,11.97,0.667,1,0,1,0
TXN107710,26.91,23,5.41,10.73,2.027,1,1,0,0
TXN109544,53.44,7,7.86,6.56,0.761,1,1,1,0
TXN113104,29.74,10,2.74,0.09,0.227,1,1,0,0
TXN113461,8.84,13,6.3,4.67,1.077,0,1,0,0
TXN107355,17.79,13,14.39,4.97,1.063,0,1,0,0
TXN105230,63.4,9,1.87,6.93,0.307,1,0,1,0
TXN114373,18.65,6,3.05,7.89,1.527,0,1,1,0
TXN107578,169.58,14,2.69,9.11,0.378,1,1,1,0
TXN104037,6.81,9,0.64,3.55,0.545,0,1,0,0
TXN108929,164.7,17,23.61,14.48,0.47,1,0,0,0
TXN101069,198.6,7,4.79,1.4,0.857,1,1,1,0
TXN109892,24.08,18,13.83,4.69,0.676,1,1,1,0
TXN105896,36.4,0,0.76,3.07,1.14,1,0,0,0
TXN104137,9.29,19,0.7,9.42,1.077,1,1,0,0
TXN111348,107.9,16,11.76,6.37,1.197,1,0,0,0
TXN114707,106.06,23,10.58,8.52,0.965,0,1,0,1
TXN105737,78.6,11,13.04,4.16,0.312,1,1,0,0
TXN101801,78.45,19,5.74,5.36,0.883,1,0,1,0
TXN113530,6.5,14,7.51,1.43,0.465,1,1,1,0
TXN108235,85.04,20,3.15,2.43,1.295,1,1,1,0
TXN109497,79.05,13,1.67,8.21,2.342,1,0,0,0
TXN109462,60.05,17,18.01,9.15,0.542,1,0,1,0
TXN107279,86.79,11,4.28,8.28,0.982,1,0,1,0
TXN101759,16.94,11,15.37,9.95,1.132,1,1,0,0
TXN112746,19.63,8,20.15,11.4,1.172,0,0,0,0
TXN104875,31.64,8,14.63,2.36,2.332,0,1,1,0
TXN100045,199.8,13,12.34,7.45,1.327,1,0,1,0
TXN113244,17.75,12,3.68,13.72,2.001,1,0,1,0
TXN102083,41.19,20,2.63,4.03,2.569,1,0,0,0
TXN101255,55.57,11,6.04,6.32,1.845,1,1,1,0
TXN100475,38.07,13,0.31,11.36,0.391,0,1,0,0
TXN110778,14.05,9,2.82,1.7,1.198,1,1,0,0
TXN113130,31.77,9,15.88,18.38,0.664,0,1,0,0
TXN114305,95.86,10,3.8,5.0,0.852,1,1,0,0
TXN102206,91.5,6,17.08,21.29,0.788,1,0,1,0
TXN110709,9.44,17,12.06,12.86,0.736,0,1,1,0
TXN105450,53.51,3,10.77,8.12,1.659,1,0,0,0
TXN110029,23.66,15,0.88,7.57,1.255,0,1,0,0
TXN107808,3.65,10,18.67,7.6,0.907,0,0,0,0
TXN101078,16.57,15,31.53,8.19,1.282,1,0,0,0
TXN113523,5.43,8,29.41,1.72,1.841,1,0,1,0
TXN109293,9.51,23,1.78,14.34,0.347,1,0,0,0
TXN107135,46.07,6,10.27,7.99,1.486,1,0,0,0
TXN100644,12.77,10,8.24,9.79,1.963,0,0,0,0
TXN102790,18.13,8,0.03,3.64,0.917,1,1,1,0
TXN114313,191.07,21,13.87,14.29,0.73,1,1,0,0
TXN106056,12.93,19,7.21,7.41,1.867,1,0,1,0
TXN100210,9.41,7,17.96,21.56,1.956,0,0,0,0
TXN109710,16.52,0,11.8,6.89,2.068,0,0,1,0
TXN107443,19.03,10,0.83,3.45,1.817,1,1,0,0
TXN104310,9.4,8,0.86,8.32,0.92,1,0,1,0
TXN101238,33.03,14,27.64,5.87,1.208,1,1,0,0
TXN111826,40.53,13,20.15,3.38,0.643,1,0,0,0
TXN105961,48.52,17,17.89,6.44,1.859,1,1,0,0
TXN104186,92.64,17,6.67,10.96,0.798,1,1,0,0
TXN104084,85.02,12,25.36,3.32,0.947,1,0,0,0
TXN107907,38.19,9,5.8,9.38,1.484,1,0,0,0
TXN102119,74.56,13,1.6,2.08,0.849,0,1,0,0
TXN111735,279.72,14,11.94,13.17,0.967,1,1,1,0
TXN107078,42.25,5,10.55,13.68,1.559,1,0,0,0
TXN114221,113.03,17,7.82,10.98,1.984,0,0,0,0
TXN110769,41.83,17,3.31,8.95,0.762,1,1,0,0
TXN108363,48.39,13,7.13,15.57,1.402,0,0,1,0
TXN100404,33.46,14,11.93,3.74,0.77,0,1,0,0
TXN102151,57.94,8,14.28,7.88,1.097,1,1,0,0
TXN100135,95.72,8,0.11,8.24,2.203,1,0,0,0
TXN103159,46.34,9,6.73,5.14,0.152,1,1,0,0
TXN103628,52.31,16,2.15,5.7,2.266,1,0,1,0
TXN105695,23.51,10,26.74,3.61,1.246,0,1,1,0
TXN105720,52.16,11,8.83,6.21,0.483,1,1,1,0
TXN107561,55.2,15,11.36,8.02,1.323,1,0,1,0
TXN102216,52.31,10,32.99,0.67,1.586,1,0,0,0
TXN110211,40.24,8,4.34,9.89,0.41,1,1,0,0
TXN105198,23.98,1,3.01,12.29,1.61,1,0,0,0
TXN110703,31.38,13,16.33,0.26,1.034,0,1,1,0
TXN104134,40.33,0,4.71,6.62,0.446,0,0,1,0
TXN107835,21.74,22,0.98,9.15,1.71,0,1,0,0
TXN111191,196.37,3,23.43,0.25,2.154,1,1,0,0
TXN103163,80.52,11,2.33,1.76,1.727,1,0,0,0
TXN112127,14.75,6,18.68,6.03,1.801,1,0,1,0
TXN114912,65.32,23,47.75,23.55,1.672,0,1,0,1
TXN107399,24.03,22,7.68,9.58,0.631,1,1,0,0
TXN104259,43.91,13,6.65,1.43,1.032,1,1,0,0
TXN105750,18.45,2,6.67,7.49,0.463,1,1,0,0
TXN101140,10.15,6,10.7,3.18,1.061,0,1,0,0
TXN106203,36.13,20,3.17,10.7,0.883,1,0,0,0
TXN107249,13.01,17,9.08,6.03,1.366,1,0,0,0
TXN102644,89.63,16,1.44,3.15,0.338,1,1,1,0
TXN104068,33.62,13,11.52,2.67,0.071,1,1,0,0
TXN110477,23.9,3,14.15,14.53,1.468,0,1,1,0
TXN104141,158.91,3,11.36,3.5,0.803,1,0,1,0
TXN104851,45.79,19,4.93,14.53,1.703,0,0,1,0
TXN104927,10.79,18,11.79,17.79,1.228,1,1,1,0
TXN107059,28.21,8,15.2,3.0,1.934,1,1,1,0
TXN101169,6.27,7,29.43,5.95,1.137,0,1,0,0
TXN110143,41.06,11,4.98,5.13,2.047,1,0,1,0
TXN103547,10.88,17,5.6,1.61,0.938,1,1,0,0
TXN100103,56.88,6,4.87,3.27,0.953,1,1,0,0
TXN109728,9.95,10,13.48,2.78,1.578,0,0,0,0
TXN108756,31.77,20,14.37,5.26,0.079,1,1,1,0
TXN107990,34.5,18,10.24,2.62,0.362,0,1,1,0
TXN110098,184.83,2,5.27,0.39,1.083,1,0,1,0
TXN104287,77.85,20,10.46,5.53,0.63,1,1,0,0
TXN103766,29.21,21,4.65,3.43,1.058,1,0,0,0
TXN104698,74.47,22,6.18,1.87,1.267,1,0,0,0
TXN112582,46.69,17,8.75,0.12,0.627,1,0,0,0
TXN109695,128.64,20,9.94,8.62,1.597,0,0,0,0
TXN112933,22.97,17,0.88,3.84,2.017,0,1,0,0
TXN102502,226.74,0,18.51,2.39,0.787,1,0,0,0
TXN106292,67.55,17,2.74,4.2,0.393,1,1,1,0
TXN103784,286.06,10,9.44,8.4,1.139,0,0,1,0
TXN112309,24.53,7,0.14,2.28,0.475,1,1,0,0
TXN104753,5.04,10,8.71,3.84,1.281,0,1,1,0
TXN104769,67.67,5,3.28,2.97,1.273,0,1,0,0
TXN100826,37.17,12,11.26,1.01,1.007,1,0,0,0
TXN109506,42.83,12,18.39,1.06,1.883,0,0,1,0
TXN103617,101.4,14,32.56,1.09,0.445,1,1,0,0
TXN105010,49.6,15,7.12,8.76,0.941,1,1,0,0
TXN107497,8.6,15,7.34,0.23,1.883,0,0,0,0
TXN110566,20.27,18,4.98,1.18,1.074,1,1,0,0
TXN101095,7.28,17,8.76,11.06,1.773,1,1,0,0
TXN106053,33.08,15,3.71,7.22,0.342,1,1,0,0
TXN109019,114.66,15,6.4,5.82,0.916,1,0,0,0
TXN103052,2.72,10,10.09,17.25,1.679,1,0,1,0
TXN114107,36.75,15,19.11,19.29,0.814,1,0,1,0
TXN113610,345.51,6,6.6,1.28,1.735,0,0,1,0
TXN113113,17.23,11,1.84,4.05,1.229,1,0,0,0
TXN110571,12.13,15,7.05,7.84,1.52,1,0,1,0
TXN104236,33.71,3,6.33,0.14,2.291,1,1,1,0
TXN111992,85.84,18,1.17,7.02,1.886,1,0,1,0
TXN108560,21.79,18,10.51,11.11,0.901,0,0,0,0
TXN114795,135.13,0,41.63,21.89,3.097,1,0,0,1
TXN107358,179.14,6,13.89,8.12,0.465,1,1,0,0
TXN100029,33.74,4,10.41,4.88,2.09,1,0,1,0
TXN104827,24.93,11,2.61,16.43,1.136,1,1,1,0
TXN105197,35.45,18,7.7,19.95,0.699,0,1,0,0
TXN110150,212.14,10,1.05,11.51,1.881,1,1,1,0
TXN108153,30.54,4,20.43,2.89,1.269,1,1,0,0
TXN114490,6.67,16,12.51,7.99,1.49,1,0,0,0
TXN113761,123.49,15,2.25,8.17,1.417,1,1,0,0
TXN107230,141.84,20,7.23,2.94,0.578,0,1,0,0
TXN110885,22.72,19,4.97,9.34,1.507,1,1,1,0
TXN107471,19.18,19,13.57,5.37,1.217,1,1,1,0
TXN104487,17.32,9,4.19,5.44,0.665,1,1,0,0
TXN102956,24.58,9,9.98,3.8,1.342,0,1,1,0
TXN107093,43.33,12,7.63,12.77,1.216,1,1,1,0
TXN108417,140.12,10,2.18,7.54,0.478,1,1,1,0
TXN100529,16.01,13,4.06,4.55,0.498,0,1,1,0
TXN103893,61.51,18,15.49,8.99,0.789,1,1,0,0
TXN111357,143.2,13,14.86,0.78,0.597,1,1,0,0
TXN105132,101.66,22,4.97,15.92,0.814,1,0,0,0
TXN103065,29.62,10,2.36,4.86,1.642,1,1,0,0
TXN107335,21.26,10,18.13,20.75,1.477,1,0,0,0
TXN100818,32.07,4,15.63,10.67,1.399,1,0,0,0
TXN107351,23.09,18,15.03,3.84,0.701,1,1,0,0
TXN108263,24.38,16,4.56,11.47,1.045,1,1,0,0
TXN106129,13.98,14,16.22,0.69,1.469,0,0,0,0
TXN110022,124.77,13,1.34,0.86,0.037,1,1,0,0
TXN105109,12.68,7,3.68,4.96,0.864,1,1,0,0
TXN112148,78.22,5,1.9,20.86,2.361,1,0,0,0
TXN103237,34.92,11,1.35,3.43,1.778,0,1,0,0
TXN114100,20.65,12,6.25,11.48,0.304,1,1,0,0
TXN111695,25.19,12,7.39,10.0,0.631,1,1,0,0
TXN103186,14.73,19,3.92,7.44,1.633,0,1,1,0
TXN103133,22.79,7,0.36,20.49,0.865,0,1,1,0
TXN108315,15.25,22,0.56,3.33,0.546,1,1,1,0
TXN113074,26.89,7,1.27,9.54,1.838,0,1,0,0
TXN103741,39.54,12,15.78,11.41,1.096,1,1,0,0
TXN103804,32.81,20,7.66,0.43,1.359,1,1,1,0
TXN102314,48.07,12,11.51,10.11,1.594,1,0,0,0
TXN101185,20.97,4,3.47,2.95,1.446,1,1,0,0
TXN110055,66.97,22,2.17,8.94,1.408,1,0,1,0
TXN105933,6.93,14,0.2,5.48,1.546,1,0,0,0
TXN113989,12.77,7,1.29,1.3,0.686,0,1,0,0
TXN114297,56.0,10,16.92,9.7,0.306,1,1,0,0
TXN101603,28.43,18,10.22,1.2,1.213,0,1,1,0
TXN112908,59.65,15,1.95,2.74,0.778,1,0,0,0
TXN102244,19.97,14,16.96,7.2,0.777,1,1,0,0
TXN100303,743.88,17,7.93,3.74,1.138,0,1,0,0
TXN110711,6.43,11,2.62,1.57,0.818,1,1,0,0
TXN109162,39.47,20,6.18,2.84,2.136,0,1,0,0
TXN101865,23.19,21,16.69,11.57,1.6,1,1,0,0
TXN112590,23.03,20,10.42,6.53,1.499,0,0,0,0
TXN108625,219.14,2,6.12,5.87,0.846,0,1,0,0
TXN114948,5.15,0,27.23,28.31,1.116,0,0,0,1
TXN108941,63.8,12,9.93,10.71,0.873,0,1,0,0
TXN111884,12.58,8,6.23,17.58,0.845,1,1,1,0
TXN112439,105.99,21,0.95,11.82,1.674,1,1,0,0
TXN101696,68.45,8,4.38,7.48,1.414,1,0,0,0
TXN100418,82.13,10,2.76,0.79,1.387,0,1,0,0
TXN105698,48.3,17,3.24,1.19,0.127,1,1,0,0
TXN101251,13.59,14,10.97,17.01,0.461,1,0,0,0
TXN106148,67.83,10,1.86,1.95,0.784,1,0,0,0
TXN104340,35.03,9,9.42,7.84,0.382,1,0,0,0
TXN109721,227.74,15,2.58,0.83,2.074,0,1,0,0
TXN109735,14.2,10,20.57,2.76,2.417,0,0,0,0
TXN104407,47.46,9,0.9,6.32,0.334,0,0,0,0
TXN106994,15.37,19,0.31,1.45,0.647,1,0,1,0
TXN105954,30.98,6,17.32,9.4,0.489,1,1,0,0
TXN103264,10.36,18,8.56,16.96,1.344,1,0,0,0
TXN110764,16.96,9,5.09,9.48,1.735,0,0,0,0
TXN104904,11.13,6,18.95,1.5,0.89,1,1,0,0
TXN109519,16.95,6,10.57,13.68,1.744,1,1,1,0
TXN106816,13.14,21,4.21,6.93,2.1,1,1,0,0
TXN109938,78.26,5,10.81,7.35,1.312,1,1,1,0
TXN104536,105.65,9,1.55,10.15,1.487,0,1,0,0
TXN103635,9.25,18,2.09,4.78,0.632,1,1,0,0
TXN113392,52.58,17,1.45,6.3,1.431,1,1,1,0
TXN113167,101.3,16,3.63,3.94,1.314,0,1,1,0
TXN102208,56.16,16,6.33,0.5,0.9,0,1,1,0
TXN109139,25.59,10,14.97,22.04,0.399,1,0,0,0
TXN105927,77.24,22,4.21,17.22,0.69,1,1,0,0
TXN109255,99.17,12,2.02,6.27,0.549,1,1,0,0
TXN102494,38.9,20,3.49,9.75,2.391,1,1,0,0
TXN109482,21.97,21,9.27,0.78,1.346,0,1,0,0
TXN112172,22.76,13,15.3,1.58,0.71,0,1,1,0
TXN111476,64.43,18,1.62,1.72,0.12,0,1,1,0
TXN109847,13.03,18,2.31,0.4,0.679,1,0,0,0
TXN106043,30.44,15,13.38,6.86,1.437,0,1,1,0
TXN113516,9.84,5,10.46,14.11,1.558,1,0,0,0
TXN106444,26.27,12,1.47,7.71,1.736,1,1,1,0
TXN106717,36.7,10,7.52,10.96,0.921,0,1,1,0
TXN114600,28.47,15,5.65,8.8,1.112,1,1,0,0
TXN104489,52.69,19,0.18,5.69,0.079,0,1,1,0
TXN104567,43.09,6,29.14,6.91,0.876,1,1,0,0
TXN112747,33.27,18,5.62,3.77,1.447,1,1,0,0
TXN101161,29.48,18,1.06,6.72,1.534,0,1,0,0
TXN104630,154.6,22,14.44,17.06,1.626,1,1,1,0
TXN105339,32.14,13,18.8,20.51,1.365,1,0,0,0
TXN113067,59.47,13,14.95,1.68,1.151,1,0,0,0
TXN111241,60.45,15,10.33,13.28,0.05,1,1,0,0
TXN110408,21.64,11,20.83,1.29,1.066,1,0,0,0
TXN103482,9.73,12,19.74,3.57,1.123,0,1,1,0
TXN107031,42.8,15,21.97,5.66,1.239,1,1,0,0
TXN102053,99.54,15,24.15,5.43,1.719,1,0,0,0
TXN113938,38.36,6,7.85,4.44,1.35,0,0,1,0
TXN106072,18.67,20,15.6,5.96,1.419,1,1,0,0
TXN103921,10.85,22,6.23,1.45,1.763,1,1,0,0
TXN108033,16.06,17,5.17,6.44,1.261,1,0,0,0
TXN102170,57.72,20,10.48,5.73,2.59,1,0,0,0
TXN100386,8.35,7,17.45,9.27,0.037,0,0,0,0
TXN112587,76.97,12,9.23,7.06,2.3,1,0,0,0
TXN110533,40.75,16,4.87,5.87,1.76,1,1,0,0
TXN109807,27.57,9,24.0,1.39,2.453,1,0,1,0
TXN113177,52.58,15,4.7,0.21,1.042,0,1,0,0
TXN108204,31.06,9,22.27,1.6,2.17,1,1,1,0
TXN109629,46.85,10,0.7,9.62,1.488,1,0,1,0
TXN112699,39.38,18,1.13,20.32,0.904,0,0,0,0
TXN114992,30.17,23,69.75,18.64,1.603,0,0,1,1
TXN113371,53.1,9,9.96,13.04,1.873,1,1,0,0
TXN113065,59.83,21,7.37,0.62,1.846,1,0,0,0
TXN101904,28.45,11,6.27,6.63,1.453,1,1,0,0
TXN110178,201.15,16,22.08,9.13,1.018,0,1,1,0
TXN108323,27.12,7,9.51,0.28,1.577,0,1,1,0
TXN114971,59.75,3,55.66,25.42,3.725,1,1,0,1
TXN101714,56.2,10,22.26,12.88,1.863,1,0,1,0
TXN109959,24.54,10,3.84,12.1,1.217,1,1,0,0
TXN102687,66.93,17,6.61,0.73,0.072,1,1,0,0
TXN102733,12.99,8,19.0,3.06,0.145,1,1,1,0
TXN111085,35.93,17,17.31,0.15,1.865,1,1,1,0
TXN107108,17.83,22,3.18,8.23,1.416,1,0,0,0
TXN103034,68.02,4,8.64,1.55,2.007,1,1,0,0
TXN109716,6.76,22,2.86,1.09,0.812,0,1,0,0
TXN101365,11.13,9,0.8,9.66,1.531,1,1,0,0
TXN103474,97.16,8,14.43,3.21,1.837,1,1,0,0
TXN109530,46.19,12,5.44,0.44,1.708,1,0,1,0
TXN111744,16.15,12,3.33,10.38,1.515,1,1,1,0
TXN109175,9.76,18,4.63,12.36,1.133,0,0,1,0
TXN102821,15.17,7,0.97,7.15,1.195,1,1,0,0
TXN104053,11.33,13,15.93,0.1,1.582,1,1,0,0
TXN113990,91.99,6,9.19,0.65,0.826,1,1,1,0
TXN105441,17.32,12,7.63,10.27,0.163,0,1,1,0
TXN103532,2.28,15,15.54,5.39,1.271,0,0,0,0
TXN114462,360.66,10,0.54,12.13,1.305,1,0,0,0
TXN105410,403.89,13,4.65,1.47,1.252,1,1,0,0
TXN102638,72.37,11,9.33,12.61,0.875,1,1,0,0
TXN105195,9.69,17,18.29,1.22,0.768,1,0,1,0
TXN114770,105.33,5,0.59,40.51,3.159,0,0,0,1
TXN114109,66.88,12,12.33,13.28,0.734,0,1,1,0
TXN105693,17.74,7,1.78,1.38,2.444,1,0,0,0
TXN103832,50.87,17,16.3,7.12,0.746,1,0,0,0
TXN110583,26.26,5,16.81,0.07,1.19,1,0,1,0
TXN109730,98.17,17,0.54,6.62,1.499,0,1,0,0
TXN111007,7.22,17,16.07,6.42,1.212,1,1,0,0
TXN109701,6.21,16,4.26,7.73,0.839,1,0,1,0
TXN102658,60.52,15,28.47,20.08,0.881,0,1,0,0
TXN101679,35.69,20,0.82,1.68,0.836,0,1,1,0
TXN114316,151.69,11,1.4,1.74,0.224,0,1,0,0
TXN110915,41.17,12,12.28,0.86,0.876,1,0,0,0
TXN108300,84.44,9,15.35,0.6,1.554,0,0,1,0
TXN105842,26.05,14,10.95,9.05,1.017,1,1,1,0
TXN111810,116.63,11,0.06,9.32,1.769,1,1,1,0
TXN113368,94.46,6,15.74,1.22,1.517,0,1,0,0
TXN107972,8.26,22,3.05,0.44,1.528,1,1,0,0
TXN111547,60.0,15,26.59,4.33,1.404,1,0,1,0
TXN112189,9.06,7,22.2,5.58,1.103,1,1,1,0
TXN113248,90.9,7,9.19,2.05,1.598,0,1,0,0
TXN108118,55.73,14,0.48,7.88,1.294,0,1,0,0
TXN111275,41.27,1,6.85,8.29,1.769,1,1,0,0
TXN109998,50.7,7,20.95,3.65,0.372,0,1,0,0
TXN101477,52.64,23,0.38,1.43,1.679,1,0,0,0
TXN112412,35.9,11,12.14,5.57,1.631,1,1,1,0
TXN110993,11.21,10,1.72,6.64,1.183,0,1,0,0
TXN105184,104.8,5,5.84,3.32,1.283,1,1,0,0
TXN102751,6.57,17,13.75,2.33,1.131,1,0,0,0
TXN105663,7.8,16,10.7,8.16,0.607,1,0,1,0
TXN108790,108.58,23,13.6,6.21,1.487,1,0,0,0
TXN112752,124.28,11,16.6,8.38,1.579,1,0,1,0
TXN100188,57.74,12,14.86,4.33,1.484,1,1,0,0
TXN111645,26.15,9,17.31,2.94,1.209,1,0,0,0
TXN103774,47.21,11,11.87,5.16,1.568,0,1,1,0
TXN113755,16.3,19,12.57,0.45,1.332,0,1,0,0
TXN103013,9.75,15,16.12,10.32,0.474,1,0,1,0
TXN110507,70.54,19,17.99,0.88,0.231,1,1,0,0
TXN113698,72.07,11,7.36,1.54,0.258,1,0,0,0
TXN108908,5.97,18,13.36,6.05,0.063,1,1,0,0
TXN111700,32.41,10,1.55,1.41,1.932,1,1,0,0
TXN100181,8.42,18,2.54,5.5,0.332,1,1,1,0
TXN105585,23.64,3,17.08,3.76,0.967,1,1,0,0
TXN108746,16.38,16,15.41,6.79,1.043,0,1,0,0
TXN109309,7.54,8,1.9,3.93,1.205,1,0,1,0
TXN112463,44.03,11,7.01,5.35,1.121,1,0,1,0
TXN107094,62.54,9,16.05,7.2,0.055,1,1,0,0
TXN108646,75.23,18,17.33,7.64,2.681,1,1,0,0
TXN101470,9.79,11,12.12,3.33,1.086,1,0,1,0
TXN105291,41.62,15,8.11,5.29,0.324,1,0,1,0
TXN102974,209.04,15,12.87,7.79,1.076,1,0,0,0
TXN113236,145.64,15,7.42,6.48,1.804,1,1,0,0
TXN112129,72.32,18,3.39,2.89,0.97,1,1,0,0
TXN100200,53.01,4,4.18,14.67,0.187,0,1,0,0
TXN110456,12.93,9,18.1,12.07,0.923,0,1,0,0
TXN106958,51.18,14,4.5,3.97,0.501,1,0,0,0
TXN114030,8.13,0,13.18,3.64,1.191,1,1,1,0
TXN114420,22.95,1,21.33,3.46,0.117,1,0,0,0
TXN111969,77.35,20,12.14,0.71,0.605,1,1,1,0
TXN106676,10.67,20,7.83,6.63,0.258,0,0,0,0
TXN106116,15.67,11,1.84,0.75,1.535,1,0,1,0
TXN100481,40.92,11,2.19,13.44,1.568,0,0,1,0
TXN107658,152.05,12,7.36,1.12,1.072,0,1,1,0
TXN109030,27.7,4,18.24,3.42,0.703,1,1,1,0
TXN105011,23.26,18,7.79,4.9,1.119,1,1,0,0
TXN108312,40.38,19,10.23,1.16,0.697,1,0,1,0
TXN107323,8.82,11,11.89,13.24,1.476,1,1,0,0
TXN104093,42.92,19,3.21,15.57,1.714,1,1,1,0
TXN105085,15.21,12,4.87,12.09,1.316,1,1,1,0
TXN108791,31.41,10,1.66,15.84,0.225,1,0,0,0
TXN103313,50.25,23,8.08,2.71,0.941,0,0,0,0
TXN100170,11.71,6,6.12,0.45,0.585,1,1,0,0
TXN109184,44.18,3,12.25,19.36,0.943,1,1,0,0
TXN106872,60.61,10,5.78,3.19,2.03,0,0,0,0
TXN110712,86.2,7,20.5,19.39,1.313,0,1,0,0
TXN109191,24.99,13,22.55,0.02,1.514,1,1,0,0
TXN107925,13.21,13,4.3,0.15,1.088,1,1,0,0
TXN104825,7.76,10,17.43,8.5,1.797,1,1,1,0
TXN105245,13.03,12,0.3,15.03,1.123,0,1,0,0
TXN113908,40.8,9,4.99,2.11,1.041,1,1,0,0
TXN104948,58.56,22,20.27,3.79,1.268,0,0,0,0
TXN114719,26.41,12,13.52,7.68,2.553,0,1,1,1
TXN103224,25.37,4,28.16,14.6,1.825,1,0,1,0
TXN103855,48.22,14,0.64,14.3,1.548,1,0,0,0
TXN104888,197.57,10,14.12,9.85,0.615,0,1,0,0
TXN109759,98.93,5,22.39,1.5,1.129,1,1,0,0
TXN108842,140.44,12,1.36,13.07,1.138,1,1,0,0
TXN108541,205.79,5,12.19,5.14,1.385,0,1,1,0
TXN110535,26.69,7,18.17,7.52,0.859,1,1,0,0
TXN106055,49.65,15,12.06,0.01,1.84,1,1,0,0
TXN113538,20.15,20,13.9,10.22,1.879,0,0,0,0
TXN111931,23.05,6,8.6,7.41,1.069,1,0,1,0
TXN111971,27.62,19,0.95,4.53,1.217,0,1,0,0
TXN104781,17.46,14,14.81,8.04,1.603,1,1,0,0
TXN109990,100.98,17,17.83,20.31,1.199,0,1,1,0
TXN109508,43.89,21,0.89,2.58,1.543,0,0,0,0
TXN105169,42.77,10,13.3,4.04,0.978,1,1,0,0
TXN110244,147.4,0,5.61,11.98,0.86,0,1,1,0
TXN103550,91.29,20,20.55,2.47,1.791,0,0,0,0
TXN110716,3.29,15,4.63,9.61,0.763,1,1,1,0
TXN104803,43.78,16,0.06,2.41,1.965,1,1,1,0
TXN108734,95.49,0,7.82,7.44,0.576,1,1,0,0
TXN102800,21.95,15,9.78,0.53,0.437,1,1,0,0
TXN109839,103.38,12,1.78,4.97,1.651,1,0,1,0
TXN103351,14.64,7,6.63,0.54,0.555,1,0,0,0
TXN102333,9.95,9,12.66,3.73,1.277,0,1,1,0
TXN103864,62.18,6,11.61,25.02,0.976,0,0,0,0
TXN114239,85.31,6,1.09,7.99,0.515,1,1,1,0
TXN111866,29.09,6,27.48,9.67,1.543,1,1,0,0
TXN106493,50.79,12,11.93,3.24,0.485,1,0,0,0
TXN105486,35.01,17,19.8,6.34,2.415,1,1,1,0
TXN102044,179.22,12,0.75,1.72,0.528,0,1,1,0
TXN104729,48.53,16,1.85,1.44,0.854,1,1,0,0
TXN113010,211.26,14,1.77,8.31,0.883,1,1,0,0
TXN100671,84.21,21,1.63,1.27,1.12,0,1,0,0
TXN108832,23.1,16,15.22,7.41,0.077,1,0,0,0
TXN108801,20.81,1,2.36,11.5,0.48,1,1,0,0
TXN100434,138.76,8,10.98,3.28,1.218,0,0,0,0
TXN106715,14.52,11,20.35,5.0,2.228,1,1,1,0
TXN113299,30.88,19,8.12,4.94,1.855,1,1,1,0
TXN106376,102.42,17,3.21,1.49,1.122,1,1,0,0
TXN103201,34.98,14,7.08,16.33,0.861,1,1,0,0
TXN106037,81.57,11,6.4,16.93,1.35,1,1,1,0
TXN108963,10.6,8,3.87,1.1,0.405,1,0,1,0
TXN111599,91.02,2,21.16,14.81,1.022,1,1,1,0
TXN101662,68.25,20,1.84,0.25,0.913,1,1,1,0
TXN103255,212.16,16,12.11,17.79,0.225,1,0,0,0
TXN114471,122.09,18,6.77,2.24,1.525,1,0,0,0
TXN104613,55.76,14,3.96,2.13,2.015,1,1,1,0
TXN112389,14.41,14,9.47,13.81,0.358,1,1,0,0
TXN102599,6.83,18,1.29,10.02,1.11,0,0,0,0
TXN111531,80.7,14,16.89,13.22,0.356,0,1,0,0
TXN101301,17.92,16,0.44,4.36,1.775,1,0,0,0
TXN106256,7.93,15,0.89,7.65,1.467,1,0,0,0
TXN100936,52.43,12,3.64,4.18,0.042,1,1,0,0
TXN109165,65.72,20,4.96,9.29,1.32,0,1,0,0
TXN103638,60.74,22,4.73,6.66,0.356,1,1,0,0
TXN114238,152.0,15,10.26,26.98,0.075,1,1,1,0
TXN108876,5.79,4,8.52,4.44,0.74,1,1,0,0
TXN114118,76.27,8,11.69,0.76,0.777,1,1,0,0
TXN107666,34.37,5,3.61,7.18,1.488,1,0,0,0
TXN106383,34.75,6,0.52,7.24,0.275,1,1,1,0
TXN113930,7.71,6,17.48,3.93,0.815,0,1,0,0
TXN113888,85.21,11,7.5,7.29,0.711,1,1,0,0
TXN103546,66.59,2,13.51,2.65,1.409,1,1,0,0
TXN107313,41.78,18,5.81,1.79,0.927,0,1,1,0
TXN112934,13.44,15,5.13,12.0,0.504,1,1,0,0
TXN100430,215.78,23,15.98,4.84,0.722,1,0,0,0
TXN109409,19.22,13,9.68,10.06,1.383,1,1,1,0
TXN110110,31.1,17,16.53,6.65,1.5,1,1,0,0
TXN103400,19.1,12,11.77,18.07,0.54,1,0,0,0
TXN100186,16.08,9,14.31,1.79,0.517,0,1,1,0
TXN112177,68.75,0,3.91,16.53,2.296,1,1,1,0
TXN105653,416.68,17,0.96,1.41,1.164,1,1,1,0
TXN108181,38.4,15,5.41,1.64,0.901,1,0,0,0
TXN101335,11.92,17,7.99,5.97,0.52,1,0,0,0
TXN104981,123.65,14,8.71,3.42,2.185,1,0,1,0
TXN105682,173.73,23,20.64,17.34,0.996,1,1,1,0
TXN106843,5.22,11,15.91,1.22,1.211,1,0,0,0
TXN112695,17.19,13,0.53,1.55,1.065,0,1,1,0
TXN102738,61.35,12,4.92,9.89,2.029,1,1,0,0
TXN100795,21.12,5,6.94,11.3,2.248,0,0,1,0
TXN113732,13.79,19,6.39,4.09,0.703,1,1,1,0
TXN105710,143.34,17,3.25,11.3,0.795,1,0,0,0
TXN100874,6.96,13,9.39,9.37,0.88,1,0,0,0
TXN109669,16.9,11,1.42,0.46,1.386,1,1,1,0
TXN108910,39.03,15,17.37,11.23,1.201,0,1,0,0
TXN101226,9.14,2,3.93,3.99,1.002,0,1,1,0
TXN105207,31.42,15,13.18,5.26,0.391,1,0,1,0
TXN101528,23.22,18,26.19,7.57,1.332,0,1,0,0
TXN114701,282.39,0,56.66,4.36,3.229,0,0,0,1
TXN114756,83.93,12,35.6,5.35,3.552,1,0,0,1
TXN113435,23.05,23,2.97,0.78,1.483,1,0,0,0
TXN101201,60.95,10,21.16,3.41,1.471,1,1,1,0
TXN105201,46.46,5,6.72,0.93,1.263,1,0,0,0
TXN109051,46.9,7,3.46,0.26,0.857,0,1,1,0
TXN100789,205.5,16,15.66,10.11,0.62,0,1,0,0
TXN105113,48.1,19,13.84,0.15,0.498,1,1,1,0
TXN114344,24.25,19,6.3,3.42,2.058,0,0,0,0
TXN106696,7.6,16,14.92,1.26,1.116,1,1,1,0
TXN109844,24.24,6,0.86,4.01,1.22,1,0,1,0
TXN100913,48.76,11,2.95,6.73,2.047,1,0,1,0
TXN103458,15.62,21,1.0,3.56,0.707,1,1,0,0
TXN112150,72.84,14,11.71,3.68,0.983,1,1,0,0
TXN111047,42.28,7,0.85,3.1,0.941,1,0,0,0
TXN100780,46.8,14,24.43,6.36,0.74,1,0,1,0
TXN104469,22.18,22,11.95,6.08,0.167,1,1,0,0
TXN112078,31.09,19,14.99,12.67,0.022,1,1,1,0
TXN104444,88.33,16,3.81,5.29,1.664,1,1,0,0
TXN113919,31.27,6,0.28,7.98,0.953,1,0,0,0
TXN111852,6.43,13,3.38,3.74,1.925,1,1,0,0
TXN113612,15.94,18,8.99,4.31,1.127,1,0,1,0
TXN103030,68.94,5,11.83,3.2,0.483,1,0,0,0
TXN113003,65.33,15,13.83,8.0,1.806,0,0,1,0
TXN111965,9.22,11,0.3,1.76,1.067,1,1,0,0
TXN101234,180.89,13,0.08,6.82,1.16,1,1,0,0
TXN110762,34.29,19,16.05,7.39,0.875,1,1,1,0
TXN102982,8.29,15,7.21,6.24,1.997,1,0,0,0
TXN111914,65.55,6,8.87,12.14,1.349,0,1,1,0
TXN111591,24.54,9,5.23,5.37,0.431,1,1,0,0
TXN100104,3.87,13,3.0,4.7,1.119,1,0,0,0
TXN109077,45.68,20,26.71,6.22,2.164,0,1,0,0
TXN109474,35.56,13,10.71,2.56,0.732,1,0,0,0
TXN100729,38.14,23,6.83,13.95,1.554,1,1,1,0
TXN107760,35.56,11,3.09,6.77,0.091,0,1,0,0
TXN102859,76.17,8,2.48,7.98,1.169,0,1,1,0
TXN100261,126.0,8,14.71,7.16,0.902,0,0,0,0
TXN113450,119.16,0,11.1,1.79,1.108,0,1,1,0
TXN100379,138.22,22,27.58,15.48,0.898,0,1,0,0
TXN102257,22.62,13,10.94,15.42,0.83,1,1,0,0
TXN105556,39.54,23,6.65,0.63,0.303,1,1,0,0
TXN113280,89.0,10,4.79,3.15,0.582,1,0,0,0
TXN102366,38.37,0,6.63,2.04,1.063,0,1,1,0
TXN107032,105.2,18,0.91,10.88,0.914,0,0,0,0
TXN105526,26.56,6,4.44,3.83,1.099,1,1,0,0
TXN106209,6.62,7,3.81,1.24,1.25,1,1,0,0
TXN110681,101.94,20,10.54,5.14,1.753,1,1,1,0
TXN105969,55.05,13,20.46,17.77,0.436,1,1,0,0
TXN105170,34.78,14,2.21,14.9,1.996,1,1,0,0
TXN113596,75.85,17,3.63,9.94,1.316,0,0,1,0
TXN108844,21.67,10,22.78,2.27,0.323,1,1,0,0
TXN109870,46.61,9,7.82,5.95,1.384,0,1,0,0
TXN109038,72.66,17,18.45,3.62,1.166,0,1,0,0
TXN100987,22.39,13,14.12,4.96,1.354,1,1,1,0
TXN102646,7.3,18,10.3,10.42,2.257,1,1,1,0
TXN105103,27.27,3,1.25,3.21,0.578,1,1,0,0
TXN101147,19.7,20,13.75,16.19,1.702,1,1,1,0
TXN107748,29.94,9,7.8,3.85,1.016,1,1,0,0
TXN114932,115.64,9,1.7,31.33,0.94,1,0,1,1
TXN112705,8.21,19,14.94,10.04,1.096,0,0,0,0
TXN102092,36.66,0,17.68,8.57,1.199,0,0,0,0
TXN100532,101.74,12,13.32,3.32,1.396,1,1,1,0
TXN112693,23.8,20,14.42,11.08,0.599,1,0,1,0
TXN113369,100.4,21,3.47,10.1,0.561,0,1,0,0
TXN105543,20.67,7,1.77,4.37,1.15,1,0,1,0
TXN114357,15.53,15,0.05,2.17,0.475,0,1,1,0
TXN106412,96.94,13,6.58,12.68,0.114,1,1,0,0
TXN112621,227.27,19,2.56,7.45,0.591,0,0,0,0
TXN112240,206.24,3,9.55,2.4,0.837,0,0,1,0
TXN103682,68.77,4,2.77,8.01,1.035,1,1,0,0
TXN111436,77.95,20,8.4,9.34,0.056,1,1,0,0
TXN104357,56.01,18,1.64,1.63,0.837,1,0,1,0
TXN100371,4.81,15,0.46,3.94,1.094,1,1,1,0
TXN114792,686.96,0,63.52,18.04,3.251,0,0,1,1
TXN112978,33.04,18,0.59,6.31,0.84,1,1,0,0
TXN100267,15.91,11,10.86,0.09,0.684,0,1,0,0
TXN107588,54.8,10,18.38,25.07,1.814,1,0,1,0
TXN110158,39.42,23,7.11,7.68,0.914,1,0,1,0
TXN101787,122.82,13,4.13,10.48,0.357,1,0,1,0
TXN111405,12.99,6,16.07,5.87,1.57,1,0,1,0
TXN114553,10.01,15,10.61,12.46,1.756,0,1,0,0
TXN100994,41.37,18,22.44,2.72,0.698,0,1,1,0
TXN107233,9.61,14,1.86,6.54,1.579,1,1,0,0
TXN101682,17.83,11,12.63,3.43,1.599,0,0,0,0
TXN111803,10.25,17,1.78,4.76,0.917,1,0,0,0
TXN108644,27.94,17,14.48,3.35,1.038,0,1,0,0
TXN101599,14.09,12,3.93,12.77,0.331,0,1,1,0
TXN112032,8.46,14,4.53,6.69,1.521,0,0,1,0
TXN106233,98.9,15,0.27,15.81,1.384,1,0,1,0
TXN100748,41.72,20,6.42,6.34,0.607,1,0,1,0
TXN101832,188.08,6,9.09,0.57,0.975,1,1,0,0
TXN112698,60.31,13,0.76,5.29,1.545,1,1,0,0
TXN111711,11.06,12,13.09,0.71,1.651,1,1,1,0
TXN100030,95.94,15,0.62,1.7,1.435,0,0,0,0
TXN103205,86.27,14,4.44,3.66,2.384,0,0,1,0
TXN106534,49.9,13,19.16,3.38,0.902,1,1,1,0
TXN110082,12.64,4,2.48,8.61,1.38,1,1,0,0
TXN100687,15.16,4,14.86,10.38,1.698,1,1,1,0
TXN104279,14.24,16,11.13,0.94,0.57,0,1,1,0
TXN110129,37.98,10,7.46,7.56,1.307,1,0,0,0
TXN108534,15.68,13,15.6,4.66,1.123,1,0,0,0
TXN110567,20.83,7,4.3,3.41,2.513,1,1,0,0
TXN102370,69.8,15,9.96,0.77,1.496,1,0,0,0
TXN113795,74.34,15,14.39,2.59,1.126,0,1,0,0
TXN110431,3.31,20,21.45,17.51,0.929,0,1,0,0
TXN105872,110.09,8,8.94,6.04,0.887,1,1,0,0
TXN111997,22.41,20,3.81,0.09,0.485,1,1,0,0
TXN106020,124.89,13,11.51,0.14,1.531,1,0,0,0
TXN105290,37.69,10,10.59,1.25,1.162,1,1,1,0
TXN104609,98.78,19,3.87,22.63,1.046,1,0,0,0
TXN113815,33.27,5,1.88,20.93,1.244,1,1,1,0
TXN109646,14.78,23,21.19,4.39,1.859,0,1,0,0
TXN105303,29.06,5,9.07,2.44,1.254,1,0,0,0
TXN103203,79.34,11,18.28,8.39,0.563,0,1,0,0
TXN105133,28.4,2,8.97,16.41,1.019,1,0,0,0
TXN113020,34.18,6,17.5,4.89,0.773,1,1,1,0
TXN108098,9.69,4,29.04,4.48,1.467,1,1,1,0
TXN105143,25.44,10,3.41,14.61,1.542,0,1,0,0
TXN102505,11.17,18,18.04,5.94,0.777,0,1,1,0
TXN109102,41.23,14,15.65,2.49,1.196,0,1,0,0
TXN109745,31.6,4,10.92,2.97,0.761,0,1,0,0
TXN106948,23.93,15,7.97,3.28,0.603,1,1,0,0
TXN101556,1.03,11,6.06,2.84,1.459,1,1,0,0
TXN112968,37.85,19,5.9,6.74,1.407,0,1,0,0
TXN103731,139.83,21,18.3,6.39,0.624,1,1,0,0
TXN101931,22.34,11,9.1,0.7,0.66,0,0,0,0
TXN114457,22.02,19,10.16,8.61,1.206,0,1,1,0
TXN108932,28.35,20,7.08,1.37,1.117,1,1,1,0
TXN102752,53.64,8,22.05,2.51,1.321,1,1,1,0
TXN103837,7.82,4,19.18,6.27,1.996,1,1,0,0
TXN113347,14.01,16,0.01,2.92,0.693,1,1,0,0
TXN107708,40.4,20,1.32,11.41,0.891,1,1,1,0
TXN112484,54.64,23,2.9,3.11,0.627,1,0,0,0
TXN110587,50.18,12,19.24,4.49,1.24,0,0,0,0
TXN111100,81.56,20,23.06,14.74,1.272,1,1,1,0
TXN113606,31.65,6,11.37,2.03,1.436,1,1,0,0
TXN104292,7.42,18,0.42,12.89,0.5,0,1,1,0
TXN104593,22.67,9,9.17,3.38,0.776,1,1,0,0
TXN105807,9.4,18,0.92,7.25,1.951,0,0,0,0
TXN109871,53.87,19,7.95,7.9,1.627,0,0,0,0
TXN100876,9.56,21,4.45,14.12,2.225,1,1,0,0
TXN102728,30.99,21,4.96,4.91,0.076,1,1,0,0
TXN100862,19.06,12,7.1,12.21,1.027,1,1,1,0
TXN101620,18.08,20,0.62,3.99,0.898,1,1,0,0
TXN102468,178.35,16,6.06,1.95,1.347,0,1,1,0
TXN106890,12.98,3,11.31,4.14,0.598,1,1,1,0
TXN100563,106.08,11,6.93,16.2,1.083,0,1,0,0
TXN104661,9.76,8,10.55,6.92,1.946,1,1,0,0
TXN104645,35.15,15,3.21,1.28,0.062,1,0,1,0
TXN104608,43.12,9,7.77,3.97,0.765,1,0,0,0
TXN108473,114.1,10,1.55,10.83,0.891,1,1,0,0
TXN104426,86.05,11,10.52,6.44,0.842,0,0,0,0
TXN100593,28.96,9,14.8,4.02,0.991,1,0,0,0
TXN108638,129.86,20,10.43,8.02,1.346,1,1,0,0
TXN109496,21.41,21,8.58,0.48,1.589,0,1,0,0
TXN105892,68.53,8,14.32,2.55,1.483,1,1,0,0
TXN101027,17.56,15,6.95,11.63,0.57,1,1,0,0
TXN102573,112.49,15,1.04,16.76,1.998,1,1,1,0
TXN106491,27.46,8,17.18,7.3,0.738,1,1,1,0
TXN112800,26.17,20,1.01,4.16,2.04,1,0,1,0
TXN113246,21.47,10,0.36,16.25,1.288,0,0,0,0
TXN111904,6.15,21,7.82,0.77,0.925,1,0,0,0
TXN106335,52.28,1,21.62,2.31,1.158,0,1,0,0
TXN114080,6.12,11,9.46,4.61,1.541,1,0,0,0
TXN105016,34.17,9,13.0,14.48,2.665,1,1,1,0
TXN103847,42.58,6,16.54,8.84,0.565,1,1,1,0
TXN105958,59.68,11,2.29,9.06,2.032,1,1,0,0
TXN110593,35.04,12,6.83,6.97,1.24,1,1,0,0
TXN112559,33.01,13,9.93,16.16,0.457,0,1,1,0
TXN104415,26.41,16,3.1,5.63,0.607,1,1,0,0
TXN102651,37.25,10,5.15,21.31,0.463,1,0,0,0
TXN110386,59.72,3,0.63,10.51,0.961,1,1,0,0
TXN104850,129.32,14,12.59,4.22,1.083,0,0,1,0
TXN113807,65.8,12,6.48,0.75,1.121,1,1,0,0
TXN111541,23.66,14,11.1,3.06,2.894,1,0,0,0
TXN114084,94.66,18,14.75,13.23,2.09,1,1,0,0
TXN104924,30.1,6,0.02,6.6,1.266,1,0,0,0
TXN104329,6.07,10,5.47,1.25,0.843,0,1,1,0
TXN100856,670.98,0,10.31,6.04,1.011,1,1,0,0
TXN109149,41.32,10,8.98,7.91,1.105,1,0,0,0
TXN108202,10.22,2,25.94,5.56,1.918,1,0,1,0
TXN104044,31.14,12,20.55,4.62,0.942,1,0,1,0
TXN112435,72.72,3,10.81,4.47,0.483,1,1,1,0
TXN107723,19.41,12,5.47,5.97,0.427,1,1,0,0
TXN107481,35.13,18,23.31,9.86,1.278,1,1,0,0
TXN112374,27.37,5,7.09,1.34,1.388,1,0,0,0
TXN111900,99.41,6,19.16,7.2,1.751,1,0,1,0
TXN109514,17.08,11,2.93,5.02,0.527,1,1,0,0
TXN101888,21.72,10,4.96,4.75,1.646,1,0,1,0
TXN100478,25.39,6,12.21,7.27,1.03,1,1,0,0
TXN107128,9.9,9,0.79,1.16,1.293,0,0,0,0
TXN104897,183.13,9,2.78,5.69,2.098,0,1,1,0
TXN102685,48.62,12,2.19,5.45,0.24,1,1,0,0
TXN107017,106.39,14,4.62,4.37,2.528,1,1,1,0
TXN112334,49.04,10,8.62,9.53,0.723,1,1,1,0
TXN105362,8.56,16,4.75,1.59,0.242,0,0,1,0
TXN111222,37.52,10,19.43,6.76,0.706,1,1,0,0
TXN112205,42.9,17,3.91,8.99,0.353,1,1,0,0
TXN101881,63.83,15,15.94,6.01,0.999,1,1,0,0
TXN100467,43.69,6,8.38,2.39,0.979,0,0,1,0
TXN111064,18.86,11,2.42,11.16,1.246,0,1,1,0
TXN104990,53.08,11,15.2,2.13,0.622,1,1,1,0
TXN110613,274.17,13,11.66,8.06,1.48,0,0,0,0
TXN110228,24.02,3,15.0,3.32,1.554,0,1,1,0
TXN109946,30.24,21,0.19,7.76,2.356,1,1,0,0
TXN104811,79.03,18,15.19,6.66,1.17,1,1,0,0
TXN101746,18.55,3,2.15,4.29,1.353,1,0,0,0
TXN113413,80.07,14,13.84,17.98,0.942,1,1,0,0
TXN114882,34.73,7,21.01,23.3,2.314,0,0,1,1
TXN113636,10.09,8,7.78,2.09,0.73,1,1,0,0
TXN102925,19.25,15,5.01,1.61,0.871,1,1,0,0
TXN107413,3.1,7,4.36,8.84,1.001,0,0,0,0
TXN111335,22.65,1,21.89,7.44,0.813,1,1,1,0
TXN107239,113.88,16,15.5,8.52,0.869,0,1,0,0
TXN108169,28.12,14,0.08,13.32,2.076,1,0,0,0
TXN110156,25.25,15,11.88,4.6,1.331,1,1,1,0
TXN114552,20.88,8,9.43,9.51,1.113,0,1,0,0
TXN100235,62.88,16,17.43,2.43,0.049,1,1,0,0
TXN113791,15.24,3,1.16,6.17,1.782,1,1,0,0
TXN105667,10.52,6,32.72,3.5,1.384,0,1,1,0
TXN111027,90.2,8,12.28,2.99,1.144,0,1,0,0
TXN114285,38.13,12,1.23,15.7,0.24,1,1,0,0
TXN101130,7.56,9,11.25,0.4,0.2,1,1,0,0
TXN112732,103.82,1,3.74,1.74,2.177,1,0,0,0
TXN114210,250.03,2,7.72,9.68,1.358,1,0,0,0
TXN103782,164.75,11,3.69,9.47,2.018,0,0,0,0
TXN114478,38.12,10,11.32,3.14,1.364,0,1,0,0
TXN112104,39.99,14,4.02,0.28,0.98,1,0,0,0
TXN108838,36.5,17,1.28,2.68,0.544,1,1,0,0
TXN108038,56.64,13,17.11,4.07,1.041,1,0,1,0
TXN108175,15.12,21,5.2,0.99,0.056,1,1,1,0
TXN111157,59.42,14,1.95,3.95,1.087,1,1,1,0
TXN102409,42.62,4,9.58,13.95,1.044,1,1,1,0
TXN102899,30.83,12,11.94,0.6,0.566,1,1,0,0
TXN102380,66.23,9,8.94,3.05,1.804,1,0,0,0
TXN112069,160.45,19,3.65,15.36,1.104,1,1,1,0
TXN101793,123.4,15,1.08,2.18,1.369,0,1,0,0
TXN105572,27.61,21,20.03,7.5,1.78,0,0,0,0
TXN102991,7.92,1,8.75,1.51,1.368,1,1,0,0
TXN102825,43.81,15,4.33,6.35,0.842,0,1,0,0
TXN112657,152.57,16,4.09,5.45,1.477,1,1,0,0
TXN103420,33.74,2,10.77,11.67,0.961,0,1,0,0
TXN111093,28.81,16,11.31,10.15,0.454,1,1,1,0
TXN108828,96.85,9,13.6,4.66,2.002,1,0,0,0
TXN114614,36.3,19,15.29,1.42,1.74,1,1,0,0
TXN103116,408.65,8,11.8,1.24,1.068,1,1,1,0
TXN108414,78.87,22,12.79,7.04,2.897,0,1,0,0
TXN109478,22.42,11,11.79,17.26,1.211,1,1,1,0
TXN106478,17.1,14,2.67,3.58,2.005,1,0,1,0
TXN102583,152.89,22,0.86,7.94,1.401,1,1,0,0
TXN113468,31.29,11,2.5,13.45,0.483,0,0,0,0
TXN105120,13.4,9,20.24,9.7,0.956,1,0,0,0
TXN109283,21.56,20,4.62,0.48,1.038,0,1,0,0
TXN107623,9.55,18,3.21,1.36,0.729,0,1,1,0
TXN112714,45.31,17,0.66,0.89,1.455,1,0,1,0
TXN107252,89.99,15,0.19,0.66,1.848,0,1,0,0
TXN102901,99.24,10,5.83,2.0,1.842,1,0,0,0
TXN113083,80.59,17,17.45,0.6,1.983,1,1,1,0
TXN105780,88.34,0,0.99,0.28,0.78,1,1,0,0
TXN111921,53.66,12,5.41,8.53,0.989,1,1,0,0
TXN105652,26.82,8,8.9,8.73,0.581,0,1,0,0
TXN107418,97.64,23,2.63,3.05,0.376,1,0,1,0
TXN114722,121.0,11,22.49,51.25,1.821,0,1,1,1
TXN114035,93.31,10,22.57,3.94,2.176,1,1,0,0
TXN109274,60.59,19,7.65,3.53,0.1,1,0,0,0
TXN111853,10.38,19,19.66,2.8,1.423,1,1,0,0
TXN101217,614.87,18,15.61,10.02,0.633,1,1,0,0
TXN110537,43.37,8,9.39,10.39,0.511,1,0,1,0
TXN102201,6.21,17,2.95,0.62,1.442,1,1,0,0
TXN103674,318.5,12,11.26,1.71,1.568,1,0,0,0
TXN108826,14.92,13,10.27,9.94,0.764,1,0,0,0
TXN109071,72.39,6,0.18,6.18,0.568,0,1,0,0
TXN100695,14.07,20,2.11,1.13,1.161,0,1,0,0
TXN106896,76.63,22,0.62,8.15,1.18,0,1,1,0
TXN109744,17.6,12,10.73,12.98,1.901,1,0,1,0
TXN105187,7.55,16,27.74,13.86,1.088,1,1,1,0
TXN105485,62.2,16,6.01,3.13,1.259,1,1,0,0
TXN107591,48.4,19,15.71,0.38,2.132,1,1,1,0
TXN110012,45.18,4,0.7,5.76,0.965,0,1,0,0
TXN110299,38.05,12,8.96,10.74,0.058,1,0,0,0
TXN103786,67.14,5,8.62,0.74,0.868,1,1,1,0
TXN109645,171.89,11,13.34,2.01,0.412,1,0,1,0
TXN105916,48.82,17,4.14,2.04,1.599,1,1,0,0
TXN109370,29.03,20,7.64,12.65,0.557,1,0,0,0
TXN108866,124.79,15,3.18,9.55,1.752,1,1,0,0
TXN105263,96.5,15,12.98,7.91,1.412,0,1,0,0
TXN113786,93.41,21,3.71,6.79,1.143,0,1,1,0
TXN100462,43.39,16,28.46,6.52,1.407,0,1,1,0
TXN114885,10.23,23,42.44,3.19,0.882,1,1,1,1
TXN111557,6.69,12,37.95,1.31,1.235,1,0,1,0
TXN103338,54.19,15,8.16,1.56,0.491,1,1,1,0
TXN108353,200.98,1,12.61,0.85,1.407,1,1,0,0
TXN113353,136.42,12,15.2,8.17,1.866,1,1,0,0
TXN100156,36.51,8,21.1,0.49,1.15,1,0,0,0
TXN113966,22.11,5,5.83,11.39,0.958,1,1,1,0
TXN114361,54.09,13,6.8,33.19,0.394,0,1,0,0
TXN112898,71.98,14,16.86,10.17,0.59,0,0,0,0
TXN109705,23.62,23,13.96,14.88,1.201,1,0,0,0
TXN100240,58.32,18,2.81,4.44,0.253,0,1,0,0
TXN102377,4.61,21,16.28,11.82,1.242,0,0,1,0
TXN112765,56.11,18,18.09,9.78,0.75,1,0,0,0
TXN100292,1.74,22,8.49,0.42,1.726,1,0,0,0
TXN102575,110.15,10,16.72,0.45,1.322,1,0,1,0
TXN109247,76.06,7,16.53,7.4,0.475,1,1,0,0
TXN101912,15.21,20,15.61,1.54,1.813,1,0,0,0
TXN106602,11.82,11,22.02,0.08,1.059,1,1,0,0
TXN104800,6.85,7,11.67,6.41,1.188,1,1,0,0
TXN106095,50.39,5,6.89,2.53,1.837,0,1,0,0
TXN107773,22.67,9,4.36,12.44,0.698,1,0,0,0
TXN103543,61.22,22,17.28,4.22,0.882,1,1,0,0
TXN101585,275.42,19,4.49,4.09,0.655,1,0,0,0
TXN100166,79.93,7,30.15,20.47,1.76,1,0,1,0
TXN111936,33.78,3,13.7,3.24,2.213,1,0,1,0
TXN108128,17.98,6,12.76,8.44,0.504,1,1,1,0
TXN113683,15.02,18,6.09,2.28,0.862,1,1,1,0
TXN111194,53.92,0,7.54,0.69,0.355,1,0,1,0
TXN104008,9.91,11,4.95,7.82,1.537,1,0,1,0
TXN101166,110.64,18,21.46,9.4,1.561,1,1,0,0
TXN107651,53.54,4,4.52,14.7,1.596,1,0,0,0
TXN108930,116.27,4,9.89,15.31,1.513,0,1,0,0
TXN114880,143.42,4,8.75,40.7,1.281,0,0,1,1
TXN110850,115.07,10,41.07,13.72,1.14,1,1,1,0
TXN101205,280.43,13,16.45,1.17,1.099,1,1,0,0
TXN106608,3.54,13,10.67,3.39,0.545,1,0,0,0
TXN101420,60.25,18,11.97,16.47,1.486,1,1,0,0
TXN101376,37.94,17,7.58,7.77,0.544,1,1,1,0
TXN100229,275.35,14,8.31,15.83,0.076,1,1,0,0
TXN102949,23.6,14,1.16,10.43,0.95,0,0,0,0
TXN114510,723.17,6,19.52,4.25,1.693,0,1,1,0
TXN101258,5.84,22,10.08,5.04,0.229,1,1,1,0
TXN110277,10.91,17,3.29,3.73,0.91,1,1,0,0
TXN107854,2.92,15,12.86,5.77,1.243,1,1,1,0
TXN114452,295.89,11,9.8,2.18,1.154,0,1,0,0
TXN105767,381.66,17,8.77,7.72,1.602,1,0,0,0
TXN100264,170.11,4,4.0,17.27,1.612,1,1,0,0
TXN114461,49.48,9,3.5,4.64,0.504,0,1,0,0
TXN109680,27.79,17,8.49,14.05,1.823,1,0,0,0
TXN103940,16.4,7,25.65,3.29,0.785,0,0,0,0
TXN101722,8.52,2,18.45,4.34,0.602,1,1,0,0
TXN102633,19.18,7,8.32,11.41,0.508,1,1,0,0
TXN107476,39.43,7,5.47,8.73,1.952,1,1,1,0
TXN111537,38.05,18,24.08,7.14,1.926,0,1,0,0
TXN109949,129.92,12,11.16,4.52,0.646,1,0,1,0
TXN111180,36.7,14,1.0,7.34,0.835,1,1,0,0
TXN103177,3.78,10,16.42,12.82,0.265,0,1,0,0
TXN101073,44.88,15,10.97,1.03,0.753,1,0,0,0
TXN111832,10.74,0,0.49,0.69,1.648,1,0,1,0
TXN100997,45.84,8,8.8,10.28,0.169,1,0,0,0
TXN113517,97.52,15,16.61,3.16,0.933,1,1,0,0
TXN107845,24.13,1,15.35,5.37,2.074,1,1,0,0
TXN114909,157.35,7,52.58,9.24,2.843,0,0,0,1
TXN110337,85.52,22,9.31,3.1,0.951,1,1,1,0
TXN112686,8.08,20,6.14,3.8,3.263,0,1,0,0
TXN113537,96.81,18,1.1,19.8,0.637,1,0,0,0
TXN109927,162.02,13,12.5,15.29,0.829,0,1,1,0
TXN101354,21.6,12,8.3,4.85,1.592,1,0,0,0
TXN100912,69.63,23,7.74,3.46,1.111,1,0,0,0
TXN114955,17.71,0,68.69,42.0,3.234,0,1,0,1
TXN114130,86.11,13,3.0,7.48,1.337,0,0,1,0
TXN112980,180.76,13,8.05,6.86,2.078,0,0,1,0
TXN107902,21.1,12,6.51,2.2,0.866,1,1,1,0
TXN110389,8.53,23,2.54,7.98,0.054,1,0,0,0
TXN108966,497.67,16,1.89,2.9,1.668,1,1,0,0
TXN110093,7.82,18,7.95,5.41,2.083,1,1,1,0
TXN111728,37.49,18,5.14,2.44,0.868,1,0,1,0
TXN101847,41.62,11,27.73,8.88,2.227,0,0,1,0
TXN101776,128.46,5,5.75,6.58,0.71,0,1,0,0
TXN111362,82.35,7,14.57,10.18,1.241,1,1,1,0
TXN114114,15.82,18,6.69,1.87,0.628,1,1,1,0
TXN112396,23.82,9,15.63,5.19,0.658,1,1,0,0
TXN113447,4.88,1,5.4,3.08,1.621,1,1,1,0
TXN111511,35.51,18,15.05,1.92,1.861,0,1,0,0
TXN106813,44.53,14,11.85,1.03,0.031,1,0,0,0
TXN100993,32.23,9,4.36,7.48,0.555,0,0,0,0
TXN102411,41.0,9,10.28,3.04,2.574,1,1,0,0
TXN110649,17.68,11,10.87,4.34,1.101,1,1,0,0
TXN114456,20.32,9,2.27,3.83,1.572,1,0,0,0
TXN100388,102.3,10,7.17,1.42,2.38,1,0,1,0
TXN104988,13.19,13,17.85,9.04,1.227,1,0,0,0
TXN106516,69.23,17,17.31,0.69,1.261,1,1,0,0
TXN111860,13.78,11,1.83,7.27,0.927,0,1,1,0
TXN105172,158.03,11,5.57,2.63,0.484,1,1,1,0
TXN105247,88.14,16,12.61,8.96,1.494,1,1,0,0
TXN113434,66.36,15,26.0,18.97,0.147,1,1,0,0
TXN103539,21.08,14,13.4,1.94,2.021,1,1,0,0
TXN108721,10.64,11,6.03,4.16,0.013,0,1,1,0
TXN102340,29.63,14,15.33,7.32,0.685,1,1,0,0
TXN106099,65.94,12,4.69,12.24,0.944,1,1,0,0
TXN100649,62.41,17,6.26,19.42,0.204,1,1,1,0
TXN102582,242.73,19,2.71,0.38,1.197,1,1,0,0
TXN101336,24.12,1,4.38,12.49,1.416,1,1,0,0
TXN108659,22.86,20,9.43,4.0,1.523,1,1,0,0
TXN108711,19.38,9,8.42,11.94,1.339,1,0,1,0
TXN100224,102.5,15,14.98,7.1,1.564,1,1,0,0
TXN101347,45.64,16,1.19,2.39,1.209,1,1,1,0
TXN101227,39.56,18,9.47,3.19,0.736,1,1,0,0
TXN100924,175.59,23,19.5,5.79,1.13,0,0,0,0
TXN111447,162.65,1,28.68,5.0,0.042,1,1,1,0
TXN105047,37.08,15,13.85,0.7,1.046,0,0,0,0
TXN105962,15.49,16,6.86,3.27,1.94,0,1,1,0
TXN110932,35.74,13,5.92,3.77,0.892,0,1,0,0
TXN100008,12.85,13,2.73,0.16,1.516,0,1,0,0
TXN107946,114.2,11,2.91,5.54,2.702,1,1,0,0
TXN104301,15.59,5,13.83,2.75,0.993,1,1,1,0
TXN114917,1159.01,1,51.71,5.7,4.259,0,0,1,1
TXN112891,243.65,8,4.01,2.2,0.538,1,1,0,0
TXN111890,9.13,19,6.77,6.25,1.158,1,0,1,0
TXN105843,28.07,12,10.75,0.6,1.241,1,1,0,0
TXN108612,13.61,9,0.89,9.41,0.743,1,0,0,0
TXN106639,57.94,12,11.18,7.51,0.942,1,1,0,0
TXN106862,67.23,15,1.84,4.41,0.641,1,0,1,0
TXN105136,7.76,19,17.22,3.43,1.209,1,1,1,0
TXN107421,17.48,11,15.26,6.63,0.198,1,1,1,0
TXN101623,11.74,20,4.45,2.52,2.121,1,1,1,0
TXN108468,7.78,6,6.05,9.31,0.419,1,0,0,0
TXN108091,243.44,19,6.95,5.95,0.352,0,1,0,0
TXN111358,24.23,13,10.34,2.58,1.074,1,0,0,0
TXN103274,87.06,22,18.2,14.77,1.334,1,1,0,0
TXN110137,131.45,20,7.17,11.77,1.73,1,0,0,0
TXN102617,46.13,3,4.38,0.26,0.739,1,0,1,0
TXN101651,76.92,7,15.45,6.79,0.415,1,1,0,0
TXN108766,107.78,10,0.38,1.76,1.723,1,0,0,0
TXN110503,207.39,18,6.64,4.28,1.526,1,0,1,0
TXN108893,43.72,0,23.81,13.78,1.93,1,1,0,0
TXN114366,71.68,12,0.1,11.68,1.362,0,1,0,0
TXN108430,24.09,10,3.37,2.62,0.245,0,1,0,0
TXN112281,36.6,8,7.62,14.65,0.301,1,1,0,0
TXN102189,32.06,7,6.45,0.96,1.025,1,0,0,0
TXN112704,54.01,8,5.71,4.07,1.18,1,1,0,0
TXN114393,30.47,6,4.82,1.46,0.213,1,1,0,0
TXN109275,32.3,7,29.22,0.88,1.151,1,0,0,0
TXN111546,278.45,16,1.51,0.58,0.835,1,0,1,0
TXN111399,34.99,3,3.09,7.55,0.59,0,0,0,0
TXN100579,25.24,21,14.97,4.34,0.916,1,1,1,0
TXN104502,9.43,13,3.76,1.68,1.818,0,1,0,0
TXN102717,70.81,23,10.19,6.93,0.932,1,1,1,0
TXN109380,14.87,12,17.35,1.52,0.686,1,0,0,0
TXN106494,30.24,11,28.5,5.58,1.003,1,0,0,0
TXN106496,56.32,4,7.18,6.6,1.657,1,0,1,0
TXN112459,38.67,13,5.12,4.3,0.926,1,0,0,0
TXN106822,10.09,14,8.74,3.33,1.478,1,0,1,0
TXN113506,30.16,2,7.21,10.42,1.905,1,1,0,0
TXN113986,52.65,0,9.25,6.77,2.235,0,1,1,0
TXN109130,157.48,12,9.89,12.33,0.987,1,1,1,0
TXN108185,15.1,11,6.51,4.51,1.287,1,1,1,0
TXN103462,51.99,13,9.67,7.48,1.148,1,1,1,0
TXN110636,1.86,10,10.49,4.02,1.277,1,1,1,0
TXN101883,32.23,2,10.53,1.29,0.867,1,0,1,0
TXN109540,37.5,19,3.65,11.07,1.427,1,1,0,0
TXN112202,6.9,16,7.79,12.84,1.008,1,0,0,0
TXN113017,22.25,10,7.74,1.83,1.95,1,1,0,0
TXN105862,5.11,21,6.46,3.47,0.204,1,1,0,0
TXN114551,331.21,9,24.16,1.72,0.546,0,0,0,0
TXN100929,32.69,13,10.63,7.4,0.763,1,1,1,0
TXN101730,38.46,4,4.8,14.11,0.294,1,0,1,0
TXN111207,114.34,11,6.78,5.3,1.078,1,0,0,0
TXN110880,32.25,14,8.87,12.91,0.972,1,1,0,0
TXN101845,30.71,19,1.04,22.59,1.684,1,0,0,0
TXN106338,29.59,11,8.54,20.98,0.824,1,1,0,0
TXN112727,54.06,6,6.51,9.41,1.593,1,1,0,0
TXN103402,174.7,0,2.76,7.75,0.39,1,0,0,0
TXN109898,97.86,18,11.59,11.04,1.895,0,1,0,0
TXN104979,117.98,23,2.06,18.88,1.425,1,1,0,0
TXN108081,33.19,15,4.01,8.58,1.432,1,1,1,0
TXN102023,47.95,9,9.09,8.73,1.161,1,1,1,0
TXN109087,36.19,18,8.04,4.81,1.357,0,1,0,0
TXN112780,34.42,15,5.95,8.32,0.844,1,0,1,0
TXN108465,36.67,7,12.34,6.64,1.904,0,1,1,0
TXN101373,66.37,20,20.96,6.65,2.205,0,0,1,0
TXN105742,18.98,14,14.1,3.97,1.988,1,0,1,0
TXN108635,70.46,3,3.95,1.95,1.352,1,1,0,0
TXN105321,65.48,10,7.64,0.53,0.849,0,1,1,0
TXN100915,110.7,16,8.87,12.09,0.965,1,1,1,0
TXN100981,50.65,13,13.41,8.56,0.506,1,1,0,0
TXN106069,41.26,12,24.99,10.7,1.399,0,1,0,0
TXN114242,33.22,14,8.34,3.18,0.885,1,1,0,0
TXN113298,120.67,14,15.38,13.79,1.516,1,1,1,0
TXN113319,22.4,11,7.21,3.62,1.486,1,1,0,0
TXN111927,14.15,21,4.2,7.51,1.182,1,1,1,0
TXN105161,36.25,8,12.66,15.79,1.558,1,1,1,0
TXN111308,22.45,0,3.25,5.56,0.902,1,1,0,0
TXN107811,13.65,17,5.1,0.8,1.284,0,1,0,0
TXN108514,118.13,4,0.85,3.56,1.374,0,0,0,0
TXN101393,28.77,15,0.52,1.57,0.174,0,1,1,0
TXN101548,72.36,10,13.96,1.19,1.053,0,1,1,0
TXN113388,32.69,1,23.9,13.18,0.962,1,0,0,0
TXN111383,21.1,19,8.52,3.76,1.774,0,1,1,0
TXN109490,14.5,14,2.38,4.57,1.625,1,0,0,0
TXN111077,130.74,20,21.05,3.86,1.427,0,1,1,0
TXN107350,71.0,3,8.25,9.49,1.08,0,1,1,0
TXN106377,26.76,10,0.14,9.84,0.692,0,1,0,0
TXN113485,40.01,23,0.87,0.59,2.836,1,0,0,0
TXN104178,90.36,16,0.58,0.01,1.283,0,1,0,0
TXN103375,91.77,13,15.33,7.3,0.643,1,1,0,0
TXN102852,47.59,17,6.3,1.49,1.316,1,0,0,0
TXN111198,37.2,7,6.54,9.09,1.238,0,1,0,0
TXN104057,49.89,9,10.24,5.79,1.71,1,1,0,0
TXN112356,39.3,9,7.33,1.03,0.605,1,0,0,0
TXN102188,17.77,3,20.32,3.78,0.901,0,1,0,0
TXN110721,43.0,16,16.08,0.48,1.288,0,0,1,0
TXN105046,90.05,10,0.95,0.34,2.209,1,1,1,0
TXN104923,26.78,18,19.42,1.06,1.417,1,1,1,0
TXN105445,29.38,11,10.39,0.9,1.071,1,1,0,0
TXN114492,75.79,9,3.11,3.76,1.267,0,0,0,0
TXN105432,78.63,10,9.52,7.34,1.414,0,1,0,0
TXN102226,56.02,7,8.2,4.51,1.876,1,0,0,0
TXN107070,105.45,13,14.68,11.63,1.429,0,0,0,0
TXN101431,40.74,7,0.59,3.61,0.951,1,0,0,0
TXN109542,100.54,10,28.08,14.53,1.839,0,0,0,0
TXN101622,132.24,18,5.08,12.67,0.985,1,0,1,0
TXN113277,43.32,11,20.28,20.74,1.255,0,1,1,0
TXN113688,6.12,9,23.32,11.34,0.189,1,1,1,0
TXN106215,167.26,14,0.49,12.87,0.472,1,1,0,0
TXN106906,196.54,16,17.38,14.33,1.174,0,1,0,0
TXN105593,14.34,9,20.08,7.03,1.486,1,1,0,0
TXN109198,23.79,18,19.75,5.29,1.003,0,1,0,0
TXN113416,59.7,9,1.45,11.58,0.987,1,1,0,0
TXN109300,92.29,20,2.07,8.25,1.371,1,0,0,0
TXN113654,48.06,20,6.52,15.74,1.509,1,0,0,0
TXN101569,99.45,9,3.37,5.03,1.809,1,0,0,0
TXN101424,37.34,2,7.57,7.27,1.079,0,1,1,0
TXN105886,8.5,16,8.03,2.99,0.871,1,1,1,0
TXN101614,30.15,3,6.41,1.91,0.594,1,1,0,0
TXN101085,21.39,23,11.33,11.52,1.847,0,0,1,0
TXN108717,16.63,14,0.56,14.26,1.302,0,1,1,0
TXN105343,33.77,20,9.84,1.19,0.762,1,0,0,0
TXN105657,145.66,10,8.18,2.78,1.189,0,1,1,0
TXN113088,115.54,8,13.39,9.73,1.206,0,1,1,0
TXN105250,55.27,0,7.47,11.12,1.17,1,1,0,0
TXN102921,17.17,17,8.96,15.85,1.376,1,0,0,0
TXN114011,25.48,12,0.92,7.7,1.27,0,1,0,0
TXN108338,48.05,9,15.49,5.28,2.488,1,1,0,0
TXN110570,8.64,5,1.87,7.94,0.506,1,1,0,0
TXN111446,8.52,13,17.82,9.05,0.854,1,1,0,0
TXN106291,57.55,18,11.79,1.72,0.864,1,1,0,0
TXN107215,9.96,20,7.58,6.9,1.217,1,1,0,0
TXN102434,57.36,18,4.51,4.46,1.307,0,1,1,0
TXN104507,9.5,11,12.38,0.17,0.794,1,0,0,0
TXN100844,35.45,7,3.65,5.1,0.872,1,0,0,0
TXN111678,221.01,8,7.54,6.06,1.209,1,0,0,0
TXN100043,122.87,2,7.44,6.17,0.584,0,0,0,0
TXN100953,4.69,19,16.21,4.37,0.059,0,1,0,0
TXN113744,12.14,16,8.5,7.64,1.079,1,1,0,0
TXN113053,62.34,8,11.97,11.2,0.854,1,0,1,0
TXN114676,98.25,14,91.86,37.38,1.379,0,0,0,1
TXN100960,36.44,8,17.87,0.38,0.074,1,1,1,0
TXN109252,49.11,6,7.73,5.44,2.164,1,1,0,0
TXN107357,27.05,7,1.84,4.04,0.799,1,0,0,0
TXN110234,5.59,12,1.38,5.71,0.984,1,1,1,0
TXN100209,47.93,1,7.84,0.31,1.311,1,0,0,0
TXN108694,83.84,14,5.13,6.55,1.762,1,1,1,0
TXN101011,143.31,15,15.2,3.19,1.117,1,0,0,0
TXN108104,2.43,4,23.0,0.25,0.598,1,1,0,0
TXN106860,62.56,12,7.61,2.2,0.392,1,0,0,0
TXN113797,13.86,14,24.2,4.52,0.728,1,1,1,0
TXN113486,51.44,17,10.05,15.04,0.574,0,1,0,0
TXN103989,17.08,23,13.41,11.77,0.889,1,1,0,0
TXN100689,19.69,17,4.59,4.63,0.857,1,1,0,0
TXN101243,20.44,21,7.61,0.14,0.954,0,0,0,0
TXN101825,29.98,8,1.31,4.67,1.96,1,1,0,0
TXN101771,111.1,10,14.52,10.05,1.225,1,0,0,0
TXN112650,131.61,19,2.13,7.86,0.34,0,1,1,0
TXN109384,51.17,16,5.72,3.16,0.196,0,1,1,0
TXN102064,138.5,19,11.78,13.25,0.346,1,1,0,0
TXN104991,6.52,19,0.49,0.97,1.562,0,1,0,0
TXN107525,68.7,17,7.43,9.64,1.078,0,0,0,0
TXN101196,171.49,16,13.32,2.12,0.575,1,1,0,0
TXN102120,53.06,11,2.73,2.96,0.914,0,0,1,0
TXN101006,98.62,21,7.32,0.1,1.642,0,0,0,0
TXN107368,117.76,9,8.94,1.69,0.442,0,1,1,0
TXN108818,83.27,20,3.3,4.83,0.832,0,0,1,0
TXN103495,45.38,17,10.47,4.26,0.288,1,0,0,0
TXN112070,42.87,5,6.97,1.31,0.838,0,1,0,0
TXN113072,15.48,14,14.26,3.47,1.833,1,1,0,0
TXN108276,143.63,7,3.9,2.0,0.446,1,0,0,0
TXN108273,60.74,13,1.13,6.72,0.933,1,1,1,0
TXN106049,192.79,0,5.05,2.26,1.348,1,1,1,0
TXN102255,16.67,22,7.09,8.72,1.198,1,1,1,0
TXN100651,57.08,13,10.54,2.89,0.176,0,1,0,0
TXN112496,27.78,10,7.88,4.54,0.376,0,0,0,0
TXN112604,37.26,7,4.98,0.61,1.042,0,0,0,0
TXN107060,37.32,10,1.35,9.8,1.417,0,1,1,0
TXN101989,34.02,12,10.17,1.66,1.302,0,1,0,0
TXN101720,22.81,5,7.8,14.43,0.618,1,0,0,0
TXN102063,100.42,6,9.78,4.51,0.245,1,0,1,0
TXN113036,22.74,11,5.01,6.76,1.48,1,1,0,0
TXN103359,40.92,13,10.74,3.57,0.716,1,1,0,0
TXN113851,28.06,14,6.62,8.77,1.538,0,0,0,0
TXN106244,19.27,11,0.46,13.38,1.231,0,0,1,0
TXN110092,33.45,21,8.05,0.11,2.087,1,1,0,0
TXN114071,36.86,13,0.54,7.58,1.542,1,1,0,0
TXN104076,27.33,16,12.89,21.74,1.485,1,1,1,0
TXN100290,14.68,14,17.35,12.07,1.209,1,0,1,0
TXN102390,45.71,17,7.72,2.24,1.09,1,1,0,0
TXN104585,44.65,22,6.79,5.49,1.82,1,0,0,0
TXN106995,26.96,1,15.93,1.21,1.322,1,0,1,0
TXN112135,10.39,21,1.64,3.78,1.733,0,0,1,0
TXN113081,64.12,13,13.9,4.86,0.141,1,0,0,0
TXN105499,41.08,17,12.7,6.93,0.034,1,0,0,0
TXN113107,65.17,7,14.4,0.13,1.154,1,1,0,0
TXN113314,58.28,20,12.14,18.78,0.891,1,0,0,0
TXN100105,6.84,13,2.69,5.92,0.473,0,1,0,0
TXN114498,205.0,13,15.61,6.01,1.95,1,1,0,0
TXN111673,11.51,8,0.48,28.43,1.267,1,1,1,0
TXN105684,24.74,19,0.65,8.31,0.709,1,1,1,0
TXN108723,68.12,1,2.52,2.7,1.65,0,0,1,0
TXN110059,44.38,15,7.16,11.26,1.107,1,0,0,0
TXN100859,13.41,4,20.4,4.2,1.211,1,0,1,0
TXN114754,168.59,4,29.78,30.28,1.297,1,1,0,1
TXN110459,76.36,20,4.33,25.94,0.441,1,0,0,0
TXN109203,11.81,9,1.15,1.91,1.723,0,0,1,0
TXN112490,28.7,9,0.48,1.98,1.503,1,1,1,0
TXN104588,59.77,15,3.0,5.6,1.193,0,1,0,0
TXN105636,11.22,13,10.98,5.11,1.222,1,0,0,0
TXN114888,57.0,1,17.34,1.41,2.37,0,0,0,1
TXN111086,24.84,16,17.42,13.74,1.6,1,1,1,0
TXN105145,15.24,11,17.49,0.38,1.216,0,0,1,0
TXN103691,170.53,22,12.05,10.48,0.461,0,1,0,0
TXN105173,6.52,7,10.94,6.18,1.076,1,1,0,0
TXN101680,31.92,14,4.64,0.36,0.974,1,0,0,0
TXN102839,33.7,14,1.02,0.5,1.25,1,1,0,0
TXN110939,10.87,20,8.6,8.84,0.756,1,1,0,0
TXN105229,16.23,5,1.05,1.59,0.443,1,0,0,0
TXN105186,32.65,19,12.61,8.75,1.555,1,1,0,0
TXN114151,35.18,20,22.26,0.62,0.007,1,1,0,0
TXN100318,21.12,19,11.76,6.3,2.081,1,0,0,0
TXN106417,75.05,22,12.72,4.43,1.707,1,0,0,0
TXN111607,64.53,3,5.42,7.02,0.516,1,0,1,0
TXN110452,247.54,5,7.71,0.48,1.161,1,0,0,0
TXN104826,4.34,13,11.46,9.76,1.355,0,0,1,0
TXN114769,76.7,17,6.14,17.34,3.022,0,1,1,1
TXN109314,180.9,12,2.88,5.13,1.549,1,0,1,0
TXN112764,172.13,15,8.6,1.26,0.03,0,0,0,0
TXN112372,70.44,10,11.9,3.42,1.051,0,0,0,0
TXN109941,11.09,14,8.1,6.27,0.317,1,0,0,0
TXN114899,134.99,8,10.13,8.15,1.669,1,0,0,1
TXN107430,15.49,11,0.7,3.05,1.82,1,1,1,0
TXN107858,34.92,11,2.2,16.62,1.293,1,1,0,0
TXN100957,25.29,12,17.76,1.31,2.028,1,0,0,0
TXN103504,126.83,19,8.55,17.76,0.784,0,1,0,0
TXN112574,23.27,18,13.9,7.86,0.778,1,1,0,0
TXN105299,34.02,9,4.83,6.7,1.508,0,0,0,0
TXN107940,13.52,10,8.56,8.35,1.184,1,1,0,0
TXN100395,24.25,6,13.03,2.97,1.918,1,1,0,0
TXN107843,19.74,13,20.72,0.73,1.188,1,1,0,0
TXN103256,19.79,19,0.77,1.2,1.787,1,1,0,0
TXN114753,25.52,11,7.68,18.93,2.488,0,0,1,1
TXN106455,12.66,21,1.83,5.22,1.736,1,1,0,0
TXN111933,103.58,19,14.78,12.67,0.733,0,0,1,0
TXN109604,29.07,6,1.36,2.62,1.432,1,1,0,0
TXN110008,11.17,17,2.98,15.55,1.296,1,1,0,0
TXN112216,38.92,14,0.59,10.6,1.644,1,1,0,0
TXN102334,18.51,15,11.34,5.51,0.794,0,1,0,0
TXN111664,10.65,3,4.19,11.36,0.461,1,1,0,0
TXN113086,160.82,6,3.77,10.66,1.867,0,0,0,0
TXN107522,90.01,19,5.91,5.22,1.069,1,1,1,0
TXN103980,16.16,12,2.35,4.49,0.655,1,0,0,0
TXN111507,14.66,20,1.22,13.69,0.471,1,0,0,0
TXN108159,416.1,18,15.21,15.01,0.951,0,1,1,0
TXN106991,11.7,8,0.47,5.89,1.554,0,0,1,0
TXN100245,10.5,17,4.42,7.85,0.26,0,1,1,0
TXN101033,150.3,16,15.19,7.03,2.215,1,1,1,0
TXN108598,142.74,11,11.31,1.2,1.368,1,0,1,0
TXN108287,55.92,13,7.67,8.3,0.36,1,1,0,0
TXN113094,9.07,16,4.49,12.83,0.7,1,0,0,0
TXN101437,27.3,0,0.24,4.61,1.44,0,0,0,0
TXN109477,34.78,19,7.79,1.1,0.074,1,0,0,0
TXN109196,17.47,4,3.04,5.89,1.536,1,1,0,0
TXN114314,50.85,9,2.1,0.34,0.37,1,0,1,0
TXN113278,49.48,8,7.23,0.95,2.286,0,1,0,0
TXN104666,76.78,13,17.02,12.37,0.504,1,1,1,0
TXN104898,39.03,9,0.95,4.75,2.065,0,1,0,0
TXN107453,5.94,2,0.56,11.99,0.44,1,0,1,0
TXN103743,20.84,8,26.62,5.98,1.292,1,1,0,0
TXN100349,5.89,12,23.9,4.78,0.384,0,1,0,0
TXN110242,32.0,9,17.95,2.8,1.696,1,1,1,0
TXN104206,32.82,12,25.88,11.66,0.011,1,1,0,0
TXN111752,75.0,7,17.35,0.06,1.233,1,0,0,0
TXN104840,18.92,10,1.21,14.8,1.667,1,1,0,0
TXN114565,55.56,7,10.47,2.79,1.055,1,0,0,0
TXN108334,38.64,10,19.6,5.86,1.15,1,1,1,0
TXN111053,98.92,14,0.03,9.02,1.376,0,1,1,0
TXN107678,32.24,17,0.28,0.91,0.672,1,0,0,0
TXN105053,38.6,20,9.57,2.58,1.064,1,1,1,0
TXN105804,21.34,21,4.12,7.21,1.367,0,0,0,0
TXN106380,41.32,8,16.21,9.85,1.157,1,0,1,0
TXN101034,29.45,13,2.26,5.13,1.459,1,0,0,0
TXN104603,51.75,20,21.71,0.63,1.495,1,1,1,0
TXN110307,69.75,14,2.79,12.43,1.486,1,1,0,0
TXN105178,32.32,20,0.06,1.25,1.455,1,0,0,0
TXN100407,6.27,15,3.34,1.76,1.297,1,1,1,0
TXN103094,21.22,17,7.76,14.81,0.659,0,0,0,0
TXN102577,211.2,11,11.29,4.35,1.122,1,0,1,0
TXN107375,63.77,19,5.07,0.34,1.345,1,1,0,0
TXN102215,126.09,19,3.29,0.88,0.773,1,0,1,0
TXN111999,36.42,0,10.48,4.14,2.169,0,1,0,0
TXN112452,47.71,8,12.7,11.55,0.783,1,0,0,0
TXN112762,42.31,4,5.19,10.83,1.038,1,1,0,0
TXN107424,24.64,20,20.49,2.96,1.123,1,1,1,0
TXN112809,70.52,14,8.97,2.97,1.733,0,1,1,0
TXN103057,314.46,9,10.86,14.43,1.569,1,0,1,0
TXN105777,6.77,18,23.25,4.8,1.2,1,0,0,0
TXN110378,1169.32,0,0.44,9.31,2.23,1,0,0,0
TXN105887,10.32,11,6.43,9.26,0.622,0,1,1,0
TXN105940,33.64,2,4.04,2.27,1.423,1,0,1,0
TXN113411,92.48,9,15.45,9.58,1.135,1,1,1,0
TXN104152,140.11,9,0.16,11.63,1.723,1,1,1,0
TXN108344,14.97,8,16.06,12.93,0.367,1,1,0,0
TXN101610,21.59,19,20.66,0.46,1.416,0,1,1,0
TXN100039,82.59,4,32.07,1.42,0.476,1,0,0,0
TXN105448,56.58,4,9.13,5.37,0.556,1,0,0,0
TXN102418,4.17,14,3.04,6.09,0.545,1,1,0,0
TXN110926,19.2,2,17.45,1.09,1.579,1,1,0,0
TXN102032,94.32,11,15.37,7.05,1.3,1,1,0,0
TXN106507,143.76,14,10.06,7.61,1.819,1,0,0,0
TXN107381,40.83,20,10.63,9.08,1.151,1,0,1,0
TXN111111,14.84,11,5.51,2.97,1.684,0,1,0,0
TXN105529,6.42,1,13.24,12.52,0.716,0,1,0,0
TXN113954,42.49,16,4.83,0.42,0.699,0,0,1,0
TXN105623,18.83,23,10.14,14.79,2.513,1,0,0,0
TXN103059,96.64,11,5.29,8.92,0.529,1,1,0,0
TXN114653,28.23,5,22.97,26.91,2.946,0,0,1,1
TXN107321,35.93,15,9.0,1.75,0.236,1,1,0,0
TXN104564,8.71,5,0.2,14.1,0.269,1,0,0,0
TXN108640,12.29,18,23.08,5.64,1.845,1,1,1,0
TXN107005,181.74,1,17.63,5.49,1.202,1,1,0,0
TXN106260,85.97,16,0.69,8.57,0.129,0,0,0,0
TXN108757,35.52,12,15.81,13.0,2.35,1,0,0,0
TXN111982,54.98,17,14.88,1.57,2.134,1,1,1,0
TXN104455,39.48,3,7.71,1.81,1.673,1,1,0,0
TXN112428,80.99,23,1.9,2.6,1.374,0,1,0,0
TXN111297,15.67,18,3.22,4.45,1.414,0,1,0,0
TXN102401,37.65,8,7.44,0.95,1.29,1,0,0,0
TXN108412,7.36,10,0.17,0.78,1.493,1,0,0,0
TXN107278,14.32,15,8.02,9.0,2.216,1,1,1,0
TXN109755,113.02,18,14.02,4.95,1.203,0,1,0,0
TXN105505,16.11,14,0.53,2.63,1.508,0,1,0,0
TXN105921,15.67,13,1.93,7.06,1.503,1,1,1,0
TXN109984,32.06,12,23.34,6.01,1.101,1,0,0,0
TXN106892,25.31,8,4.75,4.82,1.255,1,1,0,0
TXN108980,11.99,20,4.62,7.55,0.391,1,1,0,0
TXN111333,12.82,12,4.46,3.19,1.349,1,1,1,0
TXN109032,26.04,10,9.93,2.15,1.816,0,1,0,0
TXN106643,7.73,18,9.82,9.9,1.338,1,1,1,0
TXN111376,49.25,21,7.26,0.63,0.463,1,1,0,0
TXN105399,34.62,12,6.65,11.19,0.992,1,1,1,0
TXN113446,23.9,18,2.32,8.48,1.065,0,0,0,0
TXN109615,80.96,22,11.29,4.91,1.505,0,0,0,0
TXN106404,51.64,5,18.03,2.14,1.246,0,1,0,0
TXN111983,7.55,18,8.36,15.69,1.029,1,1,0,0
TXN108572,103.3,11,11.09,19.64,1.311,1,1,1,0
TXN109005,120.0,11,15.17,2.27,1.917,1,1,0,0
TXN113367,85.06,17,0.08,10.26,0.72,1,1,0,0
TXN111409,1807.06,1,9.69,9.19,1.5,1,1,0,0
TXN102864,19.6,11,6.93,9.84,0.401,0,0,0,0
TXN108212,74.54,17,12.89,6.38,0.883,0,0,1,0
TXN113573,235.77,5,7.38,8.45,0.302,1,0,0,0
TXN102783,39.24,6,0.1,5.7,0.734,0,0,0,0
TXN101228,26.19,8,3.3,9.01,0.949,1,1,0,0
TXN108443,10.21,11,4.43,4.46,1.286,1,1,0,0
TXN104113,20.85,9,2.78,8.19,1.268,1,0,1,0
TXN108020,25.92,1,3.1,8.22,0.294,1,0,0,0
TXN101481,13.96,21,12.64,9.1,1.882,0,0,1,0
TXN108812,16.97,4,11.59,2.5,1.876,0,1,0,0
TXN106773,28.03,4,3.04,0.3,0.426,0,1,0,0
TXN101128,42.49,11,10.54,3.51,0.832,1,1,0,0
TXN112939,57.0,15,10.6,5.88,0.084,0,0,1,0
TXN103327,114.37,10,3.28,8.53,0.271,0,1,1,0
TXN102084,32.42,9,9.86,2.99,0.071,0,1,0,0
TXN110323,32.55,13,4.44,1.11,1.73,1,1,0,0
TXN103246,183.2,13,4.22,9.09,1.175,1,1,0,0
TXN103522,12.93,9,2.87,5.37,1.644,1,1,0,0
TXN109763,56.38,14,1.15,2.14,1.291,0,1,0,0
TXN110130,49.47,10,14.13,10.52,0.186,1,0,1,0
TXN110117,23.08,0,3.5,5.85,2.346,1,0,0,0
TXN102996,200.13,15,9.0,2.75,2.497,1,1,0,0
TXN104117,59.4,3,7.53,5.5,1.073,1,0,0,0
TXN100621,157.16,12,3.22,11.02,1.113,0,0,1,0
TXN103826,31.85,11,13.04,8.08,1.627,0,1,0,0
TXN106827,6.59,6,10.15,6.41,1.135,0,1,0,0
TXN112845,31.33,11,3.02,5.16,0.97,1,1,1,0
TXN101686,39.39,16,9.21,17.28,0.667,1,1,1,0
TXN101466,54.41,17,5.7,10.75,1.3,1,0,1,0
TXN102576,69.3,16,3.59,8.08,1.957,1,0,1,0
TXN105651,32.33,9,9.46,2.53,0.806,0,0,1,0
TXN110465,44.01,12,1.91,3.46,1.384,0,1,0,0
TXN104625,98.48,15,7.01,4.26,1.052,0,1,1,0
TXN100932,20.15,22,18.15,11.35,0.5,1,1,0,0
TXN106853,15.72,17,2.42,4.67,0.049,1,1,1,0
TXN109644,401.89,11,8.3,3.24,1.39,1,1,1,0
TXN103653,78.6,15,2.02,5.77,1.721,0,0,1,0
TXN101256,18.48,17,24.02,11.0,1.913,1,1,0,0
TXN114042,28.75,11,4.66,1.14,0.924,0,0,1,0
TXN107373,17.13,15,5.6,12.35,1.823,1,1,0,0
TXN102841,2.54,21,11.23,0.46,1.651,1,0,1,0
TXN112348,266.31,9,6.23,5.18,0.989,1,0,0,0
TXN102455,57.64,1,7.29,4.79,0.759,1,1,0,0
TXN102178,4.11,21,1.07,3.33,1.312,1,1,0,0
TXN104589,15.15,7,10.06,8.88,1.433,1,1,0,0
TXN103862,268.16,9,10.34,0.17,2.04,0,1,0,0
TXN102742,75.94,10,2.45,13.63,0.699,1,0,0,0
TXN113553,3.75,17,0.02,5.21,0.99,1,1,0,0
TXN105205,26.95,2,19.95,2.44,0.64,1,1,0,0
TXN104506,127.7,13,8.87,6.17,1.227,0,0,1,0
TXN103496,42.92,9,21.23,3.16,1.697,0,1,1,0
TXN109155,39.76,2,1.03,5.09,1.492,1,1,0,0
TXN112877,42.69,15,4.79,1.48,1.427,1,0,0,0
TXN102684,45.92,23,5.04,7.93,1.562,1,0,0,0
TXN102267,63.51,9,4.99,8.82,0.951,0,1,0,0
TXN107088,68.21,16,5.23,8.13,0.976,1,0,1,0
TXN102919,86.12,18,16.08,5.2,1.392,1,1,0,0
TXN106092,135.82,3,17.77,5.14,0.693,1,1,1,0
TXN110671,48.04,14,6.48,9.9,0.345,1,1,1,0
TXN101303,20.92,11,13.19,12.99,0.436,0,1,1,0
TXN105463,40.41,10,2.62,4.48,0.066,0,1,0,0
TXN109723,40.03,14,28.68,0.47,1.676,1,1,0,0
TXN103473,42.28,8,8.48,1.63,1.19,1,0,1,0
TXN104183,43.4,4,3.85,1.49,0.696,0,1,0,0
TXN104910,33.6,16,7.18,2.38,0.457,0,1,0,0
TXN101733,28.22,23,5.58,11.68,0.772,1,0,1,0
TXN109433,41.08,16,12.04,2.31,0.121,0,1,0,0
TXN108139,46.29,11,13.13,13.99,0.227,1,1,0,0
TXN113684,18.6,16,14.64,0.49,1.421,0,0,0,0
TXN112272,13.15,10,32.4,2.31,1.739,1,1,1,0
TXN106912,99.58,18,13.55,2.33,1.453,1,1,1,0
TXN100861,1.72,22,9.46,4.06,0.954,1,0,1,0
TXN102000,44.75,16,2.87,1.46,1.407,1,0,1,0
TXN113257,54.57,19,4.95,8.16,2.091,1,0,0,0
TXN104189,138.97,9,8.36,1.42,0.345,1,0,1,0
TXN114088,12.19,10,5.62,6.61,1.31,1,1,1,0
TXN102813,51.94,17,6.61,7.09,1.018,1,1,0,0
TXN113276,66.67,23,6.58,4.94,0.11,1,1,1,0
TXN107792,18.05,13,12.28,8.81,1.231,1,0,1,0
TXN100811,66.22,7,9.76,3.27,0.627,0,0,0,0
TXN108954,50.89,7,2.29,0.12,1.19,0,1,0,0
TXN109933,146.96,7,5.52,0.9,1.961,0,1,0,0
TXN109164,10.29,7,10.67,4.32,1.312,0,1,1,0
TXN102969,23.91,13,7.85,15.31,0.678,1,0,0,0
TXN114488,19.76,9,17.0,8.56,1.12,1,1,0,0
TXN106281,82.33,12,11.83,7.82,1.326,1,0,0,0
TXN107409,40.59,15,12.19,6.24,1.591,1,1,0,0
TXN110411,13.27,5,9.48,4.08,0.276,1,0,1,0
TXN107644,69.3,16,13.51,1.12,1.507,0,0,0,0
TXN104636,78.56,21,6.06,9.24,0.779,1,1,1,0
TXN100676,155.91,17,13.43,10.34,2.12,0,1,1,0
TXN109911,84.33,10,24.02,3.12,0.214,1,0,0,0
TXN113691,127.41,14,1.38,0.13,0.59,1,1,1,0
TXN111630,11.79,23,3.38,3.23,0.342,1,1,0,0
TXN106982,34.12,15,10.68,13.23,0.487,1,0,0,0
TXN101415,12.08,20,7.16,1.76,0.713,1,1,0,0
TXN100487,70.26,14,2.84,6.5,0.98,1,1,0,0
TXN111354,76.3,13,8.75,3.1,1.477,1,1,0,0
TXN106558,9.55,17,26.29,6.6,1.165,1,1,1,0
TXN102981,22.16,10,7.55,4.74,0.493,1,0,0,0
TXN114433,18.88,23,22.16,4.31,0.408,1,1,1,0
TXN109243,34.15,14,4.18,12.22,0.637,1,0,1,0
TXN113134,30.67,20,7.56,12.51,2.4,0,0,0,0
TXN102393,7.46,9,7.95,2.12,1.073,0,0,0,0
TXN102951,190.48,13,16.14,4.0,0.939,0,0,0,0
TXN101089,159.89,14,13.59,6.38,2.113,0,1,0,0
TXN111570,39.82,13,8.38,3.12,0.423,0,1,0,0
TXN102443,11.77,12,4.69,0.93,1.258,0,1,0,0
TXN104061,12.83,12,1.49,1.88,0.552,0,1,1,0
TXN105094,22.82,1,22.98,22.99,1.966,0,0,1,0
TXN107407,23.2,15,5.58,14.16,0.999,1,0,0,0
TXN110729,61.9,12,5.41,10.74,1.187,1,0,0,0
TXN109690,157.96,17,4.82,9.43,1.008,1,1,1,0
TXN111497,116.06,3,8.68,3.67,1.132,0,1,0,0
TXN109732,170.82,2,17.71,3.98,0.382,1,0,0,0
TXN106725,38.33,12,1.87,7.94,0.69,1,0,1,0
TXN109372,13.54,15,26.83,7.86,0.702,1,0,0,0
TXN102198,177.75,21,11.47,0.13,1.107,1,1,0,0
TXN102272,25.22,10,5.87,3.87,1.728,1,0,1,0
TXN112687,5.85,7,10.41,1.86,1.139,1,0,0,0
TXN113481,19.48,13,11.1,7.79,0.927,1,0,0,0
TXN101602,87.93,12,9.22,0.71,1.119,1,1,1,0
TXN112342,7.86,11,3.05,6.63,1.111,1,1,0,0
TXN110037,30.65,18,9.2,2.15,1.059,1,1,0,0
TXN106005,14.7,16,7.31,7.93,0.995,1,1,1,0
TXN103390,13.17,12,8.68,7.05,1.52,0,1,0,0
TXN103891,46.04,5,6.99,17.48,0.459,1,1,0,0
TXN106817,38.21,4,4.35,2.87,0.928,0,0,1,0
TXN110034,59.82,16,26.85,10.48,1.636,0,0,0,0
TXN102845,37.9,18,17.94,12.79,1.701,1,1,0,0
TXN111946,55.02,7,8.97,2.01,0.567,0,1,0,0
TXN110904,203.05,20,4.53,8.7,2.157,1,0,1,0
TXN109257,24.45,6,13.54,14.06,0.539,1,1,0,0
TXN108362,16.67,17,10.86,4.01,1.952,0,1,0,0
TXN111624,97.27,22,16.03,2.07,1.603,0,1,1,0
TXN110303,29.79,21,20.89,3.27,1.236,1,1,1,0
TXN105004,31.21,14,15.47,0.15,0.837,1,0,0,0
TXN107019,21.93,8,2.81,15.79,0.505,1,0,1,0
TXN100661,52.37,13,17.32,18.36,0.736,1,1,0,0
TXN101496,30.63,16,6.52,0.31,1.067,1,0,0,0
TXN114200,23.02,8,22.69,6.1,1.609,1,0,0,0
TXN112004,5.81,7,13.56,4.17,0.321,1,1,0,0
TXN108453,26.28,16,25.55,7.23,1.311,1,1,0,0
TXN111887,116.73,19,4.31,11.53,1.959,1,0,1,0
TXN103951,10.48,12,10.51,8.8,0.812,1,0,1,0
TXN110586,11.56,18,0.41,18.94,0.102,1,1,1,0
TXN113789,7.18,14,15.31,17.11,0.778,1,1,1,0
TXN106401,39.12,12,4.72,1.77,1.435,1,1,0,0
TXN101681,7.12,13,10.29,4.23,1.063,0,1,0,0
TXN102753,19.26,8,4.68,5.72,1.766,1,0,0,0
TXN106863,91.44,12,11.89,9.4,1.608,0,1,0,0
TXN107006,7.57,7,12.31,14.87,0.658,0,0,0,0
TXN111334,12.65,10,18.55,8.91,0.991,1,1,1,0
TXN100389,61.32,8,11.25,9.65,0.801,1,0,0,0
TXN100439,18.68,14,5.39,8.89,0.179,0,0,0,0
TXN101529,199.57,15,7.8,0.47,1.516,0,0,0,0
TXN104795,35.21,3,0.48,2.17,0.163,0,1,0,0
TXN112902,10.18,9,1.97,0.57,1.5,1,1,0,0
TXN102235,31.13,4,10.67,2.31,1.324,1,1,0,0
TXN113543,91.72,9,1.55,0.81,1.176,1,0,0,0
TXN108859,6.45,14,7.79,4.98,1.012,1,1,0,0
TXN101760,66.53,11,13.52,1.97,0.686,1,0,0,0
TXN103366,45.32,13,11.99,5.7,0.944,1,0,1,0
TXN105517,40.43,20,4.79,0.71,0.503,1,1,0,0
TXN105462,19.28,11,10.0,11.56,2.26,1,1,0,0
TXN107414,26.7,8,10.83,9.12,0.702,1,0,1,0
TXN107107,35.73,11,3.97,1.18,0.904,1,0,1,0
TXN111176,27.32,19,22.18,11.01,1.185,1,1,1,0
TXN105275,59.71,10,26.18,8.64,1.965,1,0,0,0
TXN100595,31.54,14,20.9,7.04,0.158,1,1,1,0
TXN106336,31.8,9,3.84,5.43,1.16,0,1,0,0
TXN113426,52.7,16,19.15,10.48,1.297,1,1,1,0
TXN108669,43.1,13,3.18,12.2,1.552,1,0,0,0
TXN111355,7.15,11,0.81,4.64,1.194,0,1,0,0
TXN109443,23.86,23,14.11,15.3,1.332,0,1,1,0
TXN100447,142.08,0,18.45,5.82,1.197,1,1,1,0
TXN112859,51.51,8,19.11,3.04,0.547,1,1,1,0
TXN114890,62.17,16,25.36,29.54,1.237,0,0,0,1
TXN105474,32.07,17,13.16,6.12,1.022,1,1,1,0
TXN102590,34.38,16,4.37,1.19,2.298,1,0,0,0
TXN109061,27.98,14,9.53,2.34,0.812,1,0,0,0
TXN106760,31.91,2,5.84,4.95,1.822,0,0,1,0
TXN113666,4.6,2,12.1,2.57,0.798,1,0,1,0
TXN107531,28.73,14,18.66,2.36,1.012,1,0,0,0
TXN113760,104.5,16,15.79,10.13,0.067,0,1,0,0
TXN103454,65.69,2,11.66,4.68,1.21,1,0,0,0
TXN100026,15.48,22,19.55,7.22,1.051,1,1,1,0
TXN110841,57.35,21,5.26,10.17,1.228,1,0,0,0
TXN104358,128.45,3,4.33,6.83,0.9,1,1,0,0
TXN112991,21.86,16,20.04,3.17,1.708,1,1,1,0
TXN106963,253.05,14,13.52,1.86,1.239,1,1,0,0
TXN105749,67.55,13,2.77,12.53,0.72,1,1,1,0
TXN102037,94.02,16,11.93,1.02,1.34,1,0,0,0
TXN110287,37.48,8,10.65,7.47,2.588,0,1,1,0
TXN108992,338.35,13,3.84,0.05,1.41,0,0,1,0
TXN111889,35.05,20,9.4,0.02,0.417,0,0,0,0
TXN103073,61.57,16,9.67,11.89,1.439,1,0,1,0
TXN103590,18.33,0,2.12,0.41,0.829,1,0,0,0
TXN105304,7.93,6,6.69,8.34,1.505,0,0,0,0
TXN100652,5.5,13,12.13,7.2,1.882,1,1,0,0
TXN101014,19.11,4,7.2,5.38,1.605,0,1,0,0
TXN114651,24.72,13,28.46,13.71,1.339,0,1,1,1
TXN104845,26.71,10,9.98,1.74,1.335,0,0,0,0
TXN107558,26.23,12,6.07,5.76,2.125,1,0,0,0
TXN110747,81.22,4,6.32,5.84,0.637,1,0,1,0
TXN100485,17.92,10,13.17,5.37,0.846,1,1,0,0
TXN108594,108.13,12,12.41,11.03,0.438,1,0,1,0
TXN104772,34.18,12,12.83,5.59,0.436,1,1,0,0
TXN110282,18.37,18,18.36,7.99,2.331,1,1,0,0
TXN105586,13.57,11,5.39,5.41,0.595,1,1,1,0
TXN110894,230.99,12,11.36,4.1,1.125,0,1,1,0
TXN107828,1.73,14,11.34,3.35,1.528,0,1,1,0
TXN108617,151.32,13,12.66,9.69,0.746,0,0,1,0
TXN110397,60.88,19,0.01,11.7,1.25,0,0,0,0
TXN101967,42.82,16,7.13,3.3,1.101,1,1,0,0
TXN111602,46.86,22,8.73,2.19,2.244,1,0,0,0
TXN101942,10.45,8,8.92,4.54,1.225,1,0,0,0
TXN102259,36.87,16,20.36,9.98,1.603,1,1,0,0
TXN107921,164.49,19,4.58,9.89,0.925,1,0,0,0
TXN104100,15.45,3,15.11,8.27,0.976,1,0,0,0
TXN105117,8.06,13,19.74,8.79,0.168,1,1,0,0
TXN110153,97.13,15,2.2,2.47,0.92,1,1,1,0
TXN110334,143.73,19,12.11,9.91,1.13,1,0,0,0
TXN114458,40.01,13,20.14,6.21,1.888,1,0,0,0
TXN113472,152.91,16,8.75,11.23,0.255,1,1,1,0
TXN111672,40.74,14,10.94,14.34,1.167,1,0,0,0
TXN102193,41.34,9,16.76,5.18,2.632,0,1,0,0
TXN105081,165.01,9,6.21,1.31,0.729,0,0,1,0
TXN106722,17.1,10,6.95,5.28,0.208,1,1,1,0
TXN113460,23.02,18,5.01,4.05,1.884,1,1,1,0
TXN102284,49.83,11,8.43,2.05,0.79,0,1,0,0
TXN101036,28.0,1,31.81,2.77,0.759,0,0,0,0
TXN103239,29.82,13,6.01,1.43,0.962,1,1,0,0
TXN113619,7.67,9,19.48,0.44,1.588,1,0,1,0
TXN110262,11.63,10,10.94,6.6,1.291,1,0,0,0
TXN107715,30.04,13,7.49,7.13,0.841,0,0,1,0
TXN102158,6.81,6,6.12,2.35,1.883,1,1,0,0
TXN101417,56.65,6,6.49,3.54,0.757,1,1,0,0
TXN114826,440.74,22,42.68,50.01,1.735,0,0,1,1
TXN114717,161.27,5,30.37,15.75,2.894,1,0,0,1
TXN104750,33.7,9,12.26,11.62,0.709,1,1,0,0
TXN108244,148.91,14,5.8,3.78,1.176,0,1,1,0
TXN110564,23.81,17,2.91,6.43,1.203,0,0,1,0
TXN100248,29.57,23,0.16,9.69,0.178,1,1,1,0
TXN104773,19.97,10,6.06,15.01,1.076,0,0,0,0
TXN113776,55.25,16,2.59,2.89,1.146,1,1,1,0
TXN114209,30.62,22,6.62,15.45,0.728,1,1,0,0
TXN103337,33.76,14,13.37,4.27,1.827,1,0,0,0
TXN112037,36.43,15,10.03,15.6,0.613,1,1,0,0
TXN102140,27.61,8,17.53,9.77,0.302,1,1,0,0
TXN105839,274.8,2,8.61,18.27,0.916,0,1,1,0
TXN114721,554.98,0,21.18,16.07,0.196,0,0,1,1
TXN114831,60.43,4,0.86,16.87,2.858,1,0,1,1
TXN102979,20.68,10,8.48,0.4,0.899,1,0,0,0
TXN104554,84.27,9,1.39,1.02,0.158,1,0,0,0
TXN100505,84.11,17,0.62,2.77,0.788,0,0,0,0
TXN109624,48.67,17,5.38,10.55,2.207,0,1,0,0
TXN110289,6.52,10,8.63,2.55,0.244,0,1,1,0
TXN107787,22.56,7,13.18,7.96,0.164,1,0,0,0
TXN107451,17.03,8,15.01,10.16,1.526,0,0,1,0
TXN114576,203.24,12,2.17,4.06,2.185,1,1,1,0
TXN107796,97.75,17,5.79,19.82,0.432,1,0,0,0
TXN113845,9.42,11,4.94,3.43,1.489,1,1,0,0
TXN114234,218.83,18,1.18,0.69,0.855,1,1,0,0
TXN104839,14.58,2,22.05,14.0,0.443,1,1,1,0
TXN109666,27.79,12,3.29,5.89,0.896,0,1,1,0
TXN104770,61.43,4,5.58,0.29,1.392,0,1,1,0
TXN107044,8.69,13,11.27,2.42,1.167,1,1,0,0
TXN101598,9.04,16,17.94,10.33,1.386,0,1,0,0
TXN102462,15.01,10,1.54,12.47,1.475,1,1,1,0
TXN108009,46.02,20,6.4,8.63,1.233,1,1,1,0
TXN105788,17.07,15,7.14,9.46,1.024,1,1,0,0
TXN106208,18.61,16,10.44,6.86,0.84,1,1,0,0
TXN112083,51.95,17,9.47,14.59,0.489,1,0,0,0
TXN104005,116.98,18,15.81,1.9,0.412,1,1,0,0
TXN103064,54.69,13,6.93,13.18,1.146,0,1,0,0
TXN105341,10.59,9,11.98,0.85,1.172,0,0,0,0
TXN102011,329.43,12,1.02,9.78,1.612,1,1,0,0
TXN100165,129.74,7,7.68,5.62,1.611,0,0,0,0
TXN101946,96.1,10,12.56,6.18,1.116,1,0,1,0
TXN111006,48.95,8,12.53,4.13,2.286,0,0,1,0
TXN106763,126.54,19,18.01,7.14,0.406,1,1,0,0
TXN100647,86.84,17,0.47,11.97,2.042,0,1,1,0
TXN101629,65.14,23,1.21,8.44,0.555,1,1,1,0
TXN100472,18.2,14,2.71,8.29,0.61,1,0,1,0
TXN103303,29.29,9,25.6,7.31,1.469,0,1,0,0
TXN105527,71.07,16,10.01,20.89,2.009,1,1,0,0
TXN112430,3.81,18,4.87,3.42,0.386,1,1,0,0
TXN113987,76.42,5,9.88,5.25,0.578,1,1,0,0
TXN114327,38.84,12,29.63,7.7,0.26,1,0,0,0
TXN110918,139.3,20,10.68,2.12,0.098,1,1,0,0
TXN106586,48.77,21,7.0,27.39,1.985,1,1,0,0
TXN103541,16.26,9,5.21,0.79,1.62,1,1,1,0
TXN113671,68.66,19,24.62,4.62,0.873,1,1,0,0
TXN105065,12.47,9,19.93,1.15,0.6,1,1,1,0
TXN112874,15.81,6,0.37,3.72,0.779,1,1,0,0
TXN101807,78.22,20,3.15,7.03,0.952,1,1,1,0
TXN106393,22.97,19,0.7,4.87,0.77,1,1,0,0
TXN109621,263.38,20,22.19,4.95,1.147,1,1,1,0
TXN114872,67.83,10,19.94,29.0,0.248,0,1,0,1
TXN103175,33.31,12,27.86,0.31,0.952,1,1,0,0
TXN104108,28.06,20,3.93,2.06,1.425,1,0,0,0
TXN108389,35.19,10,4.0,0.91,2.277,1,0,0,0
TXN109565,74.92,3,4.31,7.36,1.583,1,1,1,0
TXN111615,124.67,12,5.51,2.22,1.043,0,1,0,0
TXN107775,70.86,16,12.65,0.47,0.981,1,1,0,0
TXN110085,18.16,12,5.07,3.75,1.293,1,1,0,0
TXN112622,21.48,8,24.41,0.94,2.034,1,1,1,0
TXN113335,12.26,16,0.74,2.65,1.496,0,0,0,0
TXN103605,26.03,17,28.84,3.39,0.833,1,0,0,0
TXN108751,7.06,20,18.33,9.55,0.626,1,0,1,0
TXN105752,130.77,18,21.83,1.55,0.731,1,0,0,0
TXN107124,83.9,21,10.58,1.51,1.058,0,0,0,0
TXN112668,113.72,2,8.18,5.32,0.214,1,1,0,0
TXN108476,15.16,10,23.86,8.73,0.385,1,0,0,0
TXN104413,35.79,10,7.78,12.91,0.775,1,0,0,0
TXN109361,54.84,14,8.86,10.43,0.573,0,0,1,0
TXN101164,121.8,5,9.83,2.94,2.022,1,0,1,0
TXN101400,158.77,5,11.43,10.54,0.536,1,0,1,0
TXN106861,3.12,11,4.73,1.44,0.709,0,1,1,0
TXN109769,5.49,15,4.19,11.3,0.373,1,1,0,0
TXN111758,6.54,9,1.2,0.25,1.887,1,1,0,0
TXN108650,35.46,13,15.28,0.32,0.126,1,1,1,0
TXN100184,12.41,6,24.92,6.12,1.818,1,1,0,0
TXN100878,53.14,8,5.35,3.52,1.263,0,0,0,0
TXN109599,55.41,6,8.49,5.57,1.755,1,1,0,0
TXN114943,31.03,1,32.28,23.92,1.985,0,1,1,1
TXN113613,57.1,15,14.5,5.32,1.291,1,0,0,0
TXN104697,153.52,1,5.33,5.66,1.715,0,1,0,0
TXN106149,18.22,16,5.96,5.31,1.3,1,1,0,0
TXN113909,9.55,19,3.51,1.54,1.307,1,0,1,0
TXN113360,38.17,16,2.49,1.94,1.394,1,1,0,0
TXN107325,14.59,8,12.12,8.05,2.33,1,1,1,0
TXN108544,364.53,20,1.76,5.85,0.7,1,1,0,0
TXN100279,7.87,14,0.59,2.89,1.557,1,0,0,0
TXN101171,255.38,12,2.61,9.67,1.333,0,1,1,0
TXN102809,116.47,21,10.44,13.18,0.685,1,1,0,0
TXN112751,42.34,11,5.21,11.97,0.601,1,1,0,0
TXN110908,72.0,6,4.58,4.52,1.153,1,1,0,0
TXN114495,49.49,8,9.48,0.01,0.936,1,1,0,0
TXN106379,42.77,14,3.52,3.25,0.955,1,0,0,0
TXN105307,65.37,12,2.4,3.2,0.145,0,0,0,0
TXN113847,30.9,3,5.01,1.05,1.471,1,1,1,0
TXN104126,41.12,16,8.83,10.58,1.824,1,0,0,0
TXN102054,19.46,5,10.75,10.09,1.23,1,1,0,0
TXN108271,22.0,18,4.29,0.74,1.333,1,1,0,0
TXN103716,125.39,13,1.42,14.49,0.916,1,0,1,0
TXN111578,5.53,17,13.21,5.43,0.708,1,1,1,0
TXN110797,34.27,6,3.69,11.21,1.239,1,1,0,0
TXN105786,28.85,5,12.63,7.79,1.532,1,1,1,0
TXN106981,21.11,15,8.31,0.73,0.198,1,0,0,0
TXN114648,48.63,22,2.92,9.62,3.604,1,1,0,1
TXN112539,19.82,14,10.34,1.22,0.256,1,1,1,0
TXN100976,7.5,15,3.96,6.1,1.088,1,0,1,0
TXN104791,11.59,13,6.74,3.59,0.369,1,0,1,0
TXN113820,57.56,14,1.39,1.9,0.414,0,1,0,0
TXN114333,7.88,15,6.02,1.84,0.381,0,0,1,0
TXN113320,8.9,6,2.61,5.11,1.972,1,1,0,0
TXN114533,41.99,10,7.7,7.28,0.275,1,0,0,0
TXN108797,17.35,10,22.13,2.45,0.306,1,0,1,0
TXN105723,48.23,18,2.56,13.58,0.955,0,1,0,0
TXN101708,44.28,8,20.87,0.27,0.016,0,1,0,0
TXN107395,15.04,0,9.39,13.44,0.753,1,1,0,0
TXN110517,18.19,11,24.4,6.05,0.73,0,1,0,0
TXN106584,54.02,16,8.11,7.13,0.338,1,1,0,0
TXN102772,15.06,19,6.26,0.87,0.146,1,1,1,0
TXN114978,5.15,13,18.54,54.61,0.893,1,1,1,1
TXN110897,23.17,11,0.65,5.94,1.014,1,1,1,0
TXN105938,3.9,9,17.33,3.02,0.233,0,0,0,0
TXN100031,77.55,14,10.79,13.12,1.172,1,1,0,0
TXN104678,57.87,19,12.32,0.31,0.319,1,0,0,0
TXN109172,10.23,19,9.73,4.2,1.196,1,0,1,0
TXN107123,2.38,0,11.1,2.73,0.591,1,1,0,0
TXN111520,24.84,9,16.93,9.03,0.99,1,0,1,0
TXN104401,97.72,12,3.28,1.2,1.505,0,1,1,0
TXN104587,33.03,14,0.9,0.93,1.43,0,1,0,0
TXN110335,11.87,11,4.62,9.03,1.129,1,0,0,0
TXN113748,14.07,11,20.15,2.15,0.891,1,1,0,0
TXN111060,24.37,16,3.63,0.91,1.829,1,1,1,0
TXN100362,10.6,10,19.27,0.92,1.007,0,1,1,0
TXN108013,13.63,3,5.52,8.24,2.133,0,1,1,0
TXN110870,12.35,11,3.09,4.1,0.714,0,0,1,0
TXN114646,139.2,19,12.67,9.23,2.633,1,1,1,1
TXN107180,227.2,20,16.76,3.04,0.61,1,0,0,0
TXN114990,10.52,3,56.93,2.59,2.305,0,0,1,1
TXN102373,50.84,22,5.96,1.57,1.263,0,1,0,0
TXN104883,62.08,18,14.73,11.66,0.9,0,0,0,0
TXN108163,51.01,13,14.35,3.69,1.275,1,0,1,0
TXN102652,38.31,17,1.34,2.04,1.718,1,1,1,0
TXN114589,61.31,10,17.18,3.41,1.233,1,1,0,0
TXN112961,46.8,10,4.26,4.2,1.301,1,1,1,0
TXN114564,212.1,18,4.34,4.87,1.942,1,1,0,0
TXN104751,60.59,22,7.9,2.67,2.195,1,1,1,0
TXN104541,26.76,14,5.04,8.61,1.493,1,0,0,0
TXN105302,215.33,18,5.6,4.94,1.16,1,1,0,0
TXN104118,13.22,18,10.21,0.7,1.696,0,1,1,0
TXN106680,73.84,23,9.14,2.2,1.395,1,1,1,0
TXN109796,20.56,15,7.34,2.41,1.194,1,1,1,0
TXN110719,10.87,15,5.01,1.26,0.637,1,1,0,0
TXN102484,19.85,14,0.88,11.52,0.688,1,0,0,0
TXN100583,20.15,14,4.29,0.3,2.41,0,1,1,0
TXN108407,173.21,10,11.14,0.69,1.565,1,1,1,0
TXN105152,259.32,6,1.18,3.74,1.352,0,1,1,0
TXN107820,51.8,17,13.96,1.91,1.144,1,1,1,0
TXN113142,9.93,9,2.4,1.84,0.65,0,1,0,0
TXN112383,147.74,9,22.26,1.25,0.645,1,1,1,0
TXN113191,42.16,21,2.0,3.74,1.013,0,1,1,0
TXN103761,38.61,10,8.22,11.33,2.019,1,0,1,0
TXN111872,166.59,17,12.88,11.34,0.408,1,1,0,0
TXN100112,15.85,21,4.32,1.21,1.608,1,1,1,0
TXN102305,46.64,11,22.9,3.94,0.497,1,1,1,0
TXN109751,10.73,20,3.73,12.64,0.599,1,1,0,0
TXN105317,53.97,16,8.5,3.81,1.335,1,1,0,0
TXN106398,18.95,3,10.26,4.88,0.979,1,1,0,0
TXN102588,39.91,10,15.2,2.55,0.258,1,0,0,0
TXN111003,16.65,13,3.19,4.46,0.61,0,1,0,0
TXN103942,47.24,12,3.9,8.42,0.777,0,1,0,0
TXN114048,7.93,20,15.51,5.18,1.2,0,1,0,0
TXN110011,20.2,13,5.74,11.25,0.745,1,0,0,0
TXN103379,111.17,9,6.64,0.97,0.85,0,1,1,0
TXN110071,212.9,9,19.03,6.78,1.654,0,0,1,0
TXN113454,11.98,1,14.93,1.31,0.584,1,1,0,0
TXN111255,10.51,11,17.78,8.86,1.175,1,1,1,0
TXN104302,21.74,18,6.99,14.08,1.708,1,1,0,0
TXN106178,21.43,16,17.9,5.1,1.447,1,1,0,0
TXN113511,40.77,21,14.67,0.02,1.2,1,0,1,0
TXN114083,20.02,13,0.93,1.82,0.34,1,0,0,0
TXN107431,47.54,16,4.73,13.85,0.698,1,1,0,0
TXN105900,80.35,5,5.75,2.25,1.429,1,1,0,0
TXN109256,104.46,14,0.77,9.36,0.11,0,1,0,0
TXN113585,63.46,5,4.47,9.48,0.545,1,0,1,0
TXN100268,62.14,19,3.56,8.92,1.919,1,0,0,0
TXN110127,126.49,9,3.26,3.76,1.26,1,1,0,0
TXN108419,50.26,6,1.91,12.9,1.711,1,0,0,0
TXN104213,8.19,8,0.1,10.24,1.03,1,0,0,0
TXN100666,55.63,15,10.76,8.48,2.372,1,0,0,0
TXN107212,102.83,23,22.94,3.62,0.173,1,0,0,0
TXN105493,18.18,10,2.56,3.76,1.106,1,1,0,0
TXN107485,266.51,12,3.86,13.98,2.898,0,0,0,0
TXN113345,22.42,4,0.99,9.58,1.535,0,1,0,0
TXN100088,12.13,17,5.03,8.54,1.334,1,0,0,0
TXN109197,36.04,13,11.44,0.74,1.267,1,0,0,0
TXN106609,6.45,22,27.99,0.15,0.511,0,0,0,0
TXN108017,31.92,12,20.46,1.05,0.846,0,0,0,0
TXN113331,13.57,18,3.44,9.86,1.004,1,0,0,0
TXN114968,49.88,14,38.18,11.73,2.447,0,1,1,1
TXN110097,51.21,16,2.81,1.91,1.415,1,1,0,0
TXN107384,333.12,13,15.3,0.21,1.399,0,1,1,0
TXN103252,17.95,13,17.66,16.32,1.01,1,0,0,0
TXN108942,19.22,13,1.38,1.84,0.952,0,1,0,0
TXN108192,76.43,23,0.44,3.83,1.718,1,1,1,0
TXN104164,43.35,15,17.68,13.08,1.358,1,1,0,0
TXN107182,3.85,14,16.35,4.21,0.824,1,0,1,0
TXN107298,8.63,14,19.27,5.57,1.135,1,0,0,0
TXN111525,15.54,17,11.14,1.45,0.965,0,0,0,0
TXN105815,53.68,14,7.83,8.09,0.859,0,0,0,0
TXN113184,27.24,9,0.47,2.73,0.719,1,1,0,0
TXN105659,6.1,16,2.3,11.23,2.082,0,1,0,0
TXN100677,173.22,23,11.53,2.63,1.652,1,0,0,0
TXN108909,17.74,0,7.57,6.52,1.775,0,1,0,0
TXN102600,34.46,17,7.59,7.87,1.146,0,1,0,0
TXN112903,4.01,17,9.48,4.2,1.738,0,1,0,0
TXN104510,81.49,2,10.92,15.0,2.254,0,1,0,0
TXN110120,4.71,21,8.17,6.33,1.126,1,1,1,0
TXN114571,26.58,18,13.3,12.54,1.131,1,0,1,0
TXN114367,209.6,10,0.14,0.3,0.526,0,0,1,0
TXN113330,9.41,13,5.39,1.37,1.404,0,1,0,0
TXN113621,21.97,17,14.85,8.35,1.905,0,0,0,0
TXN113397,9.2,4,2.71,9.31,0.881,1,0,0,0
TXN112950,22.53,1,14.5,5.35,0.415,1,1,0,0
TXN105062,14.24,13,17.91,0.12,1.617,1,1,1,0
TXN106415,55.15,14,14.72,1.19,1.024,0,1,1,0
TXN105762,14.26,17,8.89,1.95,2.206,1,1,0,0
TXN111324,89.09,18,6.92,4.56,0.342,1,0,0,0
TXN107014,42.49,14,15.0,1.38,0.653,1,1,0,0
TXN110925,114.02,14,5.46,14.56,0.452,1,0,0,0
TXN106274,18.5,23,21.31,8.91,1.266,0,1,1,0
TXN112289,57.0,9,9.7,0.33,1.389,1,0,0,0
TXN100670,18.96,12,8.48,1.87,2.171,1,0,0,0
TXN110889,15.76,16,1.23,13.96,1.02,0,1,0,0
TXN114605,24.28,8,2.16,1.65,0.617,1,1,0,0
TXN107985,141.23,13,18.29,3.79,2.541,1,1,0,0
TXN109431,239.9,16,7.16,0.74,0.589,1,1,0,0
TXN106075,25.65,12,17.77,14.65,1.785,1,1,0,0
TXN112117,77.6,13,10.99,4.11,1.349,1,1,0,0
TXN109697,17.31,4,3.7,6.65,0.433,1,1,0,0
TXN101925,35.29,21,12.25,7.59,2.342,1,1,0,0
TXN100228,15.42,4,7.63,0.53,0.187,1,1,0,0
TXN111293,27.0,21,14.94,3.01,1.586,1,1,0,0
TXN102483,39.3,14,5.79,5.79,0.847,0,1,1,0
TXN101113,94.27,2,7.24,1.61,0.717,0,1,1,0
TXN112236,132.44,15,7.95,21.54,0.857,1,0,0,0
TXN100761,44.33,14,3.9,4.64,0.584,1,1,0,0
TXN111101,226.46,20,15.09,5.49,1.117,1,0,0,0
TXN105588,36.55,8,7.28,4.13,0.918,1,1,1,0
TXN106511,25.22,7,5.36,2.9,0.655,0,1,0,0
TXN112273,4.71,16,19.21,11.83,0.297,1,0,0,0
TXN114146,37.12,12,8.26,4.73,1.41,1,1,0,0
TXN106289,74.42,19,13.41,3.07,0.732,1,1,1,0
TXN114019,34.64,12,16.3,6.59,0.577,1,1,0,0
TXN100023,42.12,16,5.44,7.85,0.23,1,1,0,0
TXN110500,86.35,16,5.22,5.63,0.359,1,0,0,0
TXN106322,13.48,2,13.53,11.85,1.596,1,0,0,0
TXN112905,15.48,22,6.79,10.93,1.005,0,1,1,0
TXN114704,5.0,3,14.28,24.27,1.587,1,1,1,1
TXN106720,18.85,16,9.74,4.9,1.139,0,1,1,0
TXN113106,23.64,8,1.85,2.52,1.566,1,1,0,0
TXN100244,15.88,15,2.12,9.17,0.919,1,0,1,0
TXN109731,48.03,9,11.47,9.43,1.214,1,1,1,0
TXN104365,8.92,23,0.35,6.68,1.201,1,1,1,0
TXN112140,18.65,10,2.43,5.93,0.395,1,1,1,0
TXN103996,147.29,9,7.85,5.16,1.543,1,1,1,0
TXN112598,188.83,17,4.22,5.73,0.007,1,0,0,0
TXN111384,28.31,4,0.46,10.8,1.252,1,1,1,0
TXN111798,30.81,12,9.91,9.82,2.178,1,1,1,0
TXN113961,56.38,22,4.46,3.96,2.0,0,1,1,0
TXN112224,18.29,19,18.7,2.91,0.73,1,1,1,0
TXN102819,55.15,8,5.57,7.48,1.424,1,0,0,0
TXN113664,35.77,3,0.26,2.64,0.241,0,1,1,0
TXN114608,10.06,13,14.76,10.23,0.477,0,0,0,0
TXN112222,62.37,13,13.44,3.82,1.55,1,1,0,0
TXN108955,13.76,9,7.67,6.88,0.998,0,1,0,0
TXN105477,84.05,21,1.47,0.76,1.608,1,0,0,0
TXN100321,87.57,15,7.11,4.79,1.567,0,1,0,0
TXN103221,19.12,19,1.1,7.81,1.248,1,1,1,0
TXN109398,113.64,6,4.87,4.76,0.745,0,1,1,0
TXN105795,2.34,22,1.43,10.47,0.07,1,1,0,0
TXN112576,31.69,16,5.05,9.83,0.732,1,1,0,0
TXN111960,29.87,9,2.25,16.08,1.578,1,1,1,0
TXN112066,65.32,2,6.28,2.58,0.742,0,1,1,0
TXN100718,90.18,15,5.93,7.55,1.396,1,0,0,0
TXN104854,15.1,12,6.79,0.35,0.609,1,1,0,0
TXN110658,17.94,17,10.06,11.0,1.485,1,1,0,0
TXN110924,68.51,12,1.32,6.15,0.22,1,1,0,0
TXN106392,64.52,9,10.87,1.89,1.334,1,1,1,0
TXN106952,151.83,9,0.01,13.14,1.67,1,1,0,0
TXN110817,33.2,15,24.14,0.14,1.58,1,0,1,0
TXN100140,27.23,20,10.45,12.23,0.767,1,1,0,0
TXN107173,28.69,14,1.04,3.15,1.675,0,1,1,0
TXN105168,36.85,8,20.54,2.89,0.948,1,0,1,0
TXN109145,110.71,16,18.52,4.41,1.616,0,1,0,0
TXN103604,51.17,19,7.61,7.47,1.042,1,0,0,0
TXN114387,5.64,19,6.79,3.61,1.246,1,0,0,0
TXN111331,117.97,9,21.46,10.08,0.814,1,0,0,0
TXN105251,19.77,22,3.76,1.68,0.939,1,1,0,0
TXN108062,119.02,9,12.65,3.76,0.674,0,1,1,0
TXN104043,48.58,11,11.11,8.2,1.655,1,1,0,0
TXN108770,16.04,5,8.89,2.34,1.813,1,0,0,0
TXN113279,4.84,4,2.36,9.23,0.742,0,1,0,0
TXN106342,60.67,0,8.5,3.4,0.282,1,1,0,0
TXN106218,20.34,10,6.27,10.73,1.884,1,0,0,0
TXN113169,33.22,16,0.38,2.68,0.926,0,1,0,0
TXN109541,45.54,8,0.52,12.78,0.806,0,1,1,0
TXN107739,194.41,15,4.2,15.21,0.093,0,0,0,0
TXN114140,17.0,20,6.58,0.87,1.306,0,1,0,0
TXN107982,31.82,10,5.08,5.77,0.309,1,1,0,0
TXN110116,6.85,17,13.02,2.25,1.294,1,1,1,0
TXN104583,145.21,3,2.16,6.53,0.165,1,0,0,0
TXN104485,75.77,12,5.43,15.04,0.387,0,0,0,0
TXN105716,31.02,15,6.02,6.85,0.961,1,0,1,0
TXN114138,48.55,18,2.65,5.82,1.538,1,0,1,0
TXN101691,16.16,17,11.71,6.77,0.891,0,0,1,0
TXN108180,135.18,5,1.62,3.7,2.25,1,1,0,0
TXN106348,121.68,5,14.38,8.09,0.84,0,0,0,0
TXN111116,15.65,2,11.07,0.64,1.518,1,1,0,0
TXN112336,847.22,17,0.39,8.87,0.476,0,0,1,0
TXN108326,9.78,13,21.09,8.79,0.717,1,1,0,0
TXN108835,70.95,18,19.57,12.97,1.024,0,1,0,0
TXN105354,58.26,6,11.8,1.07,1.18,1,1,1,0
TXN111730,4.15,17,17.36,3.39,1.568,0,1,1,0
TXN110167,16.67,23,4.76,4.64,0.545,0,0,0,0
TXN109373,17.1,17,10.76,4.56,1.982,1,1,0,0
TXN109806,19.47,23,4.48,7.12,1.223,1,1,1,0
TXN112881,25.94,14,3.07,3.67,1.079,1,1,0,0
TXN100814,83.93,5,17.38,8.45,1.851,1,0,0,0
TXN105917,9.77,10,10.17,10.75,1.458,1,0,1,0
TXN104438,9.06,15,5.58,1.92,0.354,0,1,0,0
TXN113824,58.79,19,1.91,6.9,1.227,1,1,0,0
TXN107467,56.19,15,1.44,2.4,1.076,1,1,1,0
TXN111741,250.67,18,6.84,5.25,1.106,0,0,1,0
TXN107049,21.67,4,19.17,12.67,1.386,0,1,0,0
TXN106249,86.41,6,19.86,9.62,0.71,1,1,1,0
TXN108933,66.45,18,4.66,13.93,1.101,1,0,1,0
TXN104732,154.23,8,7.04,3.35,1.963,1,1,0,0
TXN104774,21.93,0,17.55,3.79,0.731,1,1,1,0
TXN109461,37.37,6,6.2,13.23,0.277,1,0,1,0
TXN109791,200.11,17,23.18,1.43,1.434,1,0,1,0
TXN112363,20.38,17,22.57,1.05,0.973,0,1,0,0
TXN108620,176.38,12,15.17,4.41,0.203,0,0,0,0
TXN112799,82.83,15,10.61,3.1,0.991,1,0,0,0
TXN112436,135.79,16,30.65,14.77,1.448,1,1,1,0
TXN109718,54.42,1,3.18,9.52,0.881,1,0,0,0
TXN100781,16.0,14,1.63,2.67,2.046,1,1,1,0
TXN113835,28.49,17,4.57,8.69,2.139,1,1,0,0
TXN111078,30.09,7,7.1,6.99,1.623,1,1,1,0
TXN108916,128.91,9,17.75,2.35,1.496,1,1,0,0
TXN100820,9.91,17,18.09,3.33,1.607,0,1,0,0
TXN113566,13.57,10,2.88,9.02,0.374,0,0,0,0
TXN106447,34.21,2,1.45,5.97,1.267,1,1,1,0
TXN107286,31.4,9,1.22,7.47,1.278,1,0,0,0
TXN106719,60.46,23,8.95,10.59,0.083,1,0,0,0
TXN110985,209.3,11,7.61,0.6,0.343,1,0,1,0
TXN113706,153.18,9,4.83,11.48,1.595,1,0,0,0
TXN105492,12.69,7,9.08,10.61,0.901,0,1,0,0
TXN100130,15.94,23,14.76,4.73,1.777,1,1,0,0
TXN108997,170.83,12,11.12,2.29,1.124,0,0,1,0
TXN114612,65.62,11,16.88,10.92,0.25,1,1,0,0
TXN108700,40.54,12,0.0,0.5,0.631,1,0,1,0
TXN103987,13.42,13,1.4,1.08,1.482,0,1,0,0
TXN100120,25.05,7,7.25,4.03,0.794,1,0,1,0
TXN106264,50.48,1,3.23,8.46,1.302,1,0,0,0
TXN107881,30.43,11,0.85,5.48,0.879,1,0,0,0
TXN109738,38.93,17,2.97,3.57,0.155,1,0,0,0
TXN114131,50.36,5,5.77,6.4,0.423,1,1,0,0
TXN114371,13.54,14,3.62,0.89,0.258,1,1,0,0
TXN107363,11.3,11,6.87,9.75,0.844,0,0,0,0
TXN109783,24.89,9,18.01,3.12,0.416,1,1,1,0
TXN100510,29.41,16,10.96,1.79,1.768,0,1,0,0
TXN111689,33.84,18,3.04,9.69,1.863,1,1,0,0
TXN100519,63.82,11,6.86,4.85,0.403,1,1,1,0
TXN113686,83.72,16,4.46,9.81,1.003,1,0,1,0
TXN110174,43.2,11,7.73,4.89,0.683,1,0,1,0
TXN110136,8.67,16,2.76,1.18,0.856,0,1,1,0
TXN102865,9.4,10,4.05,16.89,0.545,1,0,1,0
TXN108937,20.65,12,11.52,6.1,1.165,1,1,1,0
TXN111559,79.51,20,22.84,1.08,1.101,1,0,0,0
TXN107724,93.23,21,7.7,13.2,1.572,1,1,0,0
TXN100354,47.53,17,2.98,0.01,0.378,1,1,0,0
TXN109459,63.32,16,2.03,8.93,0.977,1,1,0,0
TXN110812,126.14,19,1.0,8.84,1.842,1,1,1,0
TXN114907,39.86,2,1.5,31.05,2.405,0,1,1,1
TXN103795,44.48,10,18.0,2.49,1.588,1,0,0,0
TXN103289,6.87,15,19.91,9.38,1.645,1,1,0,0
TXN107883,51.45,17,7.42,6.39,0.684,0,1,0,0
TXN101021,56.73,4,2.13,8.07,1.099,1,1,0,0
TXN110151,7.26,10,10.57,4.91,2.187,1,1,0,0
TXN100350,20.63,17,19.82,7.82,0.034,1,0,0,0
TXN100575,10.08,12,8.58,8.96,1.006,1,1,0,0
TXN111657,130.4,21,0.67,1.96,0.651,1,0,1,0
TXN112975,73.91,18,2.85,5.97,0.267,1,0,1,0
TXN102360,33.68,18,8.72,15.36,1.484,1,1,0,0
TXN100128,48.53,15,14.4,4.13,1.185,1,0,0,0
TXN103122,22.14,16,9.77,7.83,1.116,0,0,1,0
TXN100939,16.09,18,5.99,4.32,2.347,0,1,1,0
TXN113249,65.1,16,11.56,14.47,1.199,0,0,0,0
TXN109452,55.1,18,4.78,3.01,1.339,0,1,0,0
TXN109076,22.13,9,22.46,9.28,2.117,1,1,1,0
TXN106452,51.35,11,5.93,7.03,1.768,1,0,0,0
TXN111857,38.83,15,17.22,7.25,2.657,1,1,1,0
TXN103528,17.65,18,4.72,6.7,1.186,1,1,1,0
TXN101001,8.46,15,17.42,4.25,0.598,1,1,0,0
TXN108885,11.91,18,4.62,1.83,1.393,1,0,0,0
TXN111813,124.6,17,11.07,3.76,0.18,0,0,0,0
TXN103350,5.43,5,13.69,10.37,0.625,0,0,1,0
TXN111791,9.64,7,7.64,2.81,1.726,1,1,0,0
TXN102959,18.53,13,13.6,1.79,1.108,0,0,1,0
TXN105242,3.69,20,1.57,1.69,0.965,0,0,0,0
TXN108232,21.04,18,1.47,12.22,1.102,1,1,0,0
TXN102690,74.77,13,8.19,10.44,1.913,1,1,1,0
TXN113947,35.43,13,7.1,0.21,1.794,1,0,0,0
TXN110830,24.89,5,14.28,2.44,2.018,1,0,0,0
TXN104992,32.6,10,8.97,10.38,1.089,1,0,0,0
TXN105422,15.63,13,4.57,31.48,0.587,1,0,0,0
TXN100534,74.15,7,15.69,14.39,1.438,0,1,1,0
TXN111910,11.53,7,5.36,4.68,2.069,1,1,1,0
TXN105728,13.62,7,2.42,8.71,1.604,0,1,1,0
TXN107466,69.62,16,3.26,7.59,0.057,1,0,1,0
TXN101038,176.07,19,15.22,2.05,1.071,1,1,1,0
TXN100148,15.25,4,1.31,5.7,1.917,0,1,1,0
TXN105153,247.86,23,16.75,14.73,0.224,1,1,0,0
TXN105138,54.12,19,1.25,2.55,0.686,0,0,1,0
TXN107667,44.08,6,13.2,0.7,0.403,0,1,1,0
TXN101533,55.17,12,0.16,1.4,0.883,0,0,0,0
TXN100592,8.46,13,1.45,9.1,1.605,0,1,1,0
TXN104083,48.34,9,5.63,0.06,1.52,1,0,1,0
TXN109287,18.27,6,10.48,17.91,2.017,1,1,0,0
TXN100691,55.93,22,13.54,2.88,1.988,1,1,1,0
TXN100634,51.04,1,5.1,14.65,0.509,1,0,0,0
TXN114874,70.96,19,42.87,17.49,2.372,0,0,0,1
TXN113475,73.89,0,7.13,3.43,0.772,1,0,1,0
TXN113655,27.2,10,7.23,7.23,0.789,1,0,0,0
TXN112548,28.7,18,9.4,3.34,1.049,1,1,0,0
TXN112413,30.6,12,18.38,4.53,1.28,1,1,1,0
TXN107917,44.66,20,18.12,2.02,1.716,1,1,1,0
TXN102556,18.05,13,13.78,2.63,0.009,1,0,1,0
TXN113135,8.49,17,4.53,9.59,1.885,0,1,0,0
TXN111210,35.11,12,8.29,9.29,1.35,0,0,1,0
TXN102472,18.82,12,15.6,1.27,0.449,0,0,1,0
TXN108218,68.08,7,7.01,7.05,0.652,1,1,0,0
TXN102016,50.4,3,0.85,2.8,0.66,1,1,1,0
TXN102872,72.94,11,13.36,1.9,0.524,1,1,0,0
TXN108249,32.79,14,7.91,0.86,0.908,1,1,1,0
TXN113254,15.03,6,9.7,2.27,0.798,1,1,1,0
TXN114787,54.01,12,10.01,22.86,1.323,1,1,0,1
TXN110596,25.49,18,9.31,1.61,0.719,1,0,0,0
TXN107790,10.53,1,5.96,11.62,0.449,1,0,1,0
TXN104767,63.5,16,14.15,8.29,0.994,1,0,0,0
TXN114309,10.29,15,9.63,3.4,1.515,1,1,1,0
TXN101333,132.27,10,8.72,4.07,0.962,1,1,0,0
TXN107069,15.43,15,8.85,12.73,2.03,0,1,0,0
TXN102822,107.09,17,3.67,7.61,0.318,0,0,1,0
TXN114630,1307.01,22,6.68,32.88,2.139,0,0,1,1
TXN101806,74.36,20,9.7,2.73,0.585,0,1,0,0
TXN107842,34.69,15,7.45,8.13,1.453,1,1,0,0
TXN112914,50.49,13,5.97,1.06,1.284,1,1,0,0
TXN109568,52.24,7,10.86,5.66,0.358,1,0,0,0
TXN104864,1.3,16,3.9,10.78,1.138,0,0,0,0
TXN107851,24.41,19,19.13,1.94,1.189,0,1,1,0
TXN106535,7.46,9,1.78,19.24,0.938,0,1,1,0
TXN112971,240.44,8,5.84,11.38,1.93,1,1,0,0
TXN108195,130.1,7,3.47,6.44,1.443,1,0,1,0
TXN113399,85.2,8,4.68,1.68,0.908,1,0,0,0
TXN111311,47.27,12,5.38,0.36,2.493,0,1,0,0
TXN107511,68.4,13,0.19,8.69,1.379,1,0,1,0
TXN113746,101.43,19,15.57,3.27,0.878,1,0,0,0
TXN107853,27.93,9,21.83,11.44,1.182,1,0,0,0
TXN114010,72.69,1,0.95,10.49,1.802,1,1,1,0
TXN103192,347.81,9,13.34,1.96,0.433,1,1,0,0
TXN106964,11.06,13,31.72,5.01,1.083,0,1,0,0
TXN102331,35.2,15,7.95,4.39,1.326,0,1,0,0
TXN107264,91.47,13,14.34,0.3,1.741,1,0,0,0
TXN107077,12.24,16,8.62,4.8,0.92,1,1,0,0
TXN103884,22.61,4,15.69,1.77,0.785,1,0,0,0
TXN101444,780.73,8,5.44,0.86,0.025,1,0,0,0
TXN104704,35.4,9,3.67,18.35,0.568,0,0,0,0
TXN108242,26.39,8,0.28,10.89,1.213,0,0,0,0
TXN111211,27.25,11,10.38,12.84,1.404,1,0,1,0
TXN105057,183.63,9,8.66,12.1,2.01,1,1,0,0
TXN108523,102.65,16,20.06,5.07,0.202,0,1,0,0
TXN111765,232.71,12,3.04,2.54,0.362,1,1,1,0
TXN103778,78.93,12,0.53,7.96,0.861,1,1,0,0
TXN112131,32.99,16,11.01,0.84,0.219,1,0,0,0
TXN108782,16.41,7,5.65,10.5,1.386,1,1,0,0
TXN104498,11.47,15,0.02,5.81,0.657,1,1,0,0
TXN113449,29.97,6,1.03,1.11,0.72,1,1,0,0
TXN106812,97.02,12,2.22,0.22,1.529,1,0,0,0
TXN109975,183.21,18,2.74,2.83,1.93,1,1,0,0
TXN106426,99.65,22,7.45,0.45,2.027,1,0,0,0
TXN100654,37.96,14,22.16,6.26,1.458,1,1,1,0
TXN111043,16.35,10,18.3,4.99,1.467,0,1,0,0
TXN112989,28.02,9,21.21,5.53,0.682,0,1,1,0
TXN106669,92.17,16,25.8,13.31,1.504,0,1,1,0
TXN104601,24.55,11,3.84,2.68,1.381,1,0,0,0
TXN100216,125.73,6,5.9,5.14,1.149,1,0,1,0
TXN104952,38.87,8,13.84,0.37,0.169,1,0,1,0
TXN102893,273.78,8,19.45,4.54,0.536,0,1,0,0
TXN106815,72.0,8,4.1,4.5,1.386,1,1,0,0
TXN101249,111.19,4,2.51,0.8,1.065,1,0,0,0
TXN102290,4.23,15,2.98,5.22,0.755,0,1,1,0
TXN112962,24.03,14,11.32,1.04,0.24,1,1,0,0
TXN105378,19.34,22,10.15,3.85,0.107,0,1,1,0
TXN114402,79.36,19,3.82,0.16,0.898,1,1,1,0
TXN114041,54.15,17,8.74,4.62,1.663,0,1,0,0
TXN108482,94.3,13,6.72,4.08,2.134,1,1,0,0
TXN105971,50.95,17,27.06,12.66,0.442,1,1,0,0
TXN108424,38.38,16,18.29,8.69,1.391,1,1,1,0
TXN105582,29.67,16,24.6,4.73,1.296,1,1,1,0
TXN109960,11.71,18,6.31,5.53,0.795,1,0,0,0
TXN107552,77.77,7,6.14,3.2,1.019,1,1,0,0
TXN104568,22.76,20,11.15,7.09,1.152,1,0,1,0
TXN104788,24.37,8,1.52,1.16,1.451,0,1,0,0
TXN109725,93.29,19,21.28,0.67,0.092,1,0,1,0
TXN104167,58.91,21,15.23,14.06,0.166,0,1,0,0
TXN103820,38.53,7,17.48,6.26,0.243,1,0,0,0
TXN100400,74.24,15,22.13,1.71,0.5,1,1,0,0
TXN104291,207.68,13,25.55,3.06,0.471,1,0,0,0
TXN106211,15.24,18,24.69,6.02,0.344,1,1,0,0
TXN113370,44.32,18,25.28,0.42,0.42,1,0,0,0
TXN112018,248.02,15,4.67,2.24,1.569,0,1,1,0
TXN112057,38.32,13,0.11,3.3,1.223,0,1,0,0
TXN113337,83.85,11,8.98,12.73,0.35,1,1,0,0
TXN114463,19.82,6,3.22,1.45,1.9,0,1,0,0
TXN107717,73.91,15,16.4,10.3,0.686,1,1,0,0
TXN113729,22.23,9,4.4,4.53,0.131,0,1,1,0
TXN110035,70.45,11,16.22,1.11,1.057,1,1,0,0
TXN112499,24.8,19,11.13,8.28,1.4,1,0,1,0
TXN110663,8.93,12,9.65,1.58,1.33,1,0,1,0
TXN108873,15.63,14,4.28,4.12,1.961,1,1,0,0
TXN112846,39.04,21,9.06,0.33,0.496,0,1,0,0
TXN107838,96.78,3,11.25,14.35,1.799,1,1,0,0
TXN101516,70.89,15,17.98,6.06,0.672,1,0,1,0
TXN110230,48.42,22,8.85,2.28,1.015,1,1,1,0
TXN113098,59.9,17,5.04,0.16,1.39,0,0,1,0
TXN107250,20.73,0,15.76,0.29,0.767,0,1,0,0
TXN101464,24.85,15,20.51,9.28,0.919,0,1,0,0
TXN112379,57.58,1,5.29,5.22,0.284,0,0,1,0
TXN108642,166.08,13,20.58,4.63,1.577,0,1,1,0
TXN111123,40.06,11,6.34,6.98,0.231,1,1,1,0
TXN112573,257.03,20,19.13,4.65,0.912,1,1,1,0
TXN107304,61.38,10,4.19,0.63,0.988,1,1,0,0
TXN109816,48.16,21,4.96,2.75,1.966,1,1,0,0
TXN100072,97.24,23,12.13,9.38,0.921,1,1,0,0
TXN112759,40.03,13,0.47,4.17,1.321,1,0,1,0
TXN107737,8.52,11,6.45,5.53,1.84,1,1,1,0
TXN114094,25.22,7,19.45,1.38,0.733,0,0,0,0
TXN105953,13.14,13,9.07,1.54,0.267,1,1,1,0
TXN102869,16.37,15,7.75,11.12,0.489,0,1,1,0
TXN114852,120.62,0,70.1,36.69,3.218,1,0,1,1
TXN110051,23.86,8,3.94,3.02,1.07,1,1,0,0
TXN112575,62.62,8,16.15,7.31,1.561,0,1,0,0
TXN101123,75.73,23,14.83,1.64,1.645,0,1,0,0
TXN106480,183.35,13,0.71,5.97,0.735,1,1,1,0
TXN101510,15.26,21,27.24,3.31,0.898,1,0,0,0
TXN113466,9.34,20,24.63,11.77,1.254,1,1,0,0
TXN113580,40.14,3,1.64,6.76,1.516,0,1,0,0
TXN101275,26.98,13,5.69,5.29,1.594,1,1,0,0
TXN110501,19.84,11,14.84,7.3,1.558,1,0,0,0
TXN106865,44.19,13,10.53,5.08,2.008,1,1,0,0
TXN104295,13.8,14,11.37,7.33,2.577,1,1,1,0
TXN108821,65.81,18,3.96,2.44,2.162,0,0,0,0
TXN111760,93.39,11,2.18,4.17,1.308,1,1,0,0
TXN105866,11.5,14,16.49,0.59,0.095,1,1,0,0
TXN112773,9.0,11,12.96,0.36,1.445,1,1,0,0
TXN107119,58.92,16,20.44,4.44,1.686,1,1,0,0
TXN105999,7.38,5,9.1,4.53,0.362,1,0,0,0
TXN113730,60.19,19,17.02,7.91,1.369,1,0,1,0
TXN112491,74.86,20,1.52,11.8,1.658,1,0,0,0
TXN111561,96.3,4,37.84,11.62,1.631,1,1,1,0
TXN104038,63.59,8,6.31,8.74,0.015,0,1,0,0
TXN105540,24.05,14,13.31,4.93,2.074,1,0,1,0
TXN112806,6.52,12,7.53,7.01,1.194,1,1,0,0
TXN109520,25.17,11,7.41,1.31,0.735,1,0,0,0
TXN105267,35.95,11,16.46,1.72,1.915,1,1,0,0
TXN100117,8.6,12,14.76,6.66,2.233,1,1,1,0
TXN108382,27.26,14,5.76,5.6,2.187,1,1,0,0
TXN111332,32.78,9,8.11,2.47,2.359,1,1,1,0
TXN100969,16.16,10,16.1,0.17,0.417,1,1,0,0
TXN102983,15.8,12,16.89,3.0,0.33,1,1,0,0
TXN103447,80.89,13,0.79,4.06,1.389,0,1,1,0
TXN107815,36.57,15,4.92,11.58,1.233,1,1,0,0
TXN113723,262.09,21,17.59,0.51,1.951,1,1,0,0
TXN109979,51.65,17,23.25,8.24,0.199,0,1,0,0
TXN100034,260.07,10,10.59,12.46,1.505,1,0,1,0
TXN104430,9.12,13,10.78,10.27,1.675,1,1,1,0
TXN106276,843.04,18,1.96,5.47,1.584,1,1,0,0
TXN112949,34.92,3,1.9,4.31,2.009,0,1,1,0
TXN105641,41.71,15,6.11,11.43,1.131,0,1,0,0
TXN105315,123.29,18,7.64,8.32,1.432,1,1,1,0
TXN100751,20.61,16,9.03,5.68,0.069,1,1,0,0
TXN108001,70.46,0,3.86,3.33,0.818,1,0,0,0
TXN107213,14.6,16,6.92,4.88,2.077,0,1,0,0
TXN102517,36.24,6,19.49,2.71,1.305,1,0,1,0
TXN106194,58.84,11,13.34,13.98,0.503,0,1,0,0
TXN101186,50.95,15,10.39,4.5,2.8,0,1,1,0
TXN105661,56.63,6,5.2,1.39,1.341,1,0,1,0
TXN113357,11.16,16,6.58,6.22,0.491,0,0,1,0
TXN111610,22.74,9,12.24,2.03,1.467,1,1,0,0
TXN112220,56.64,14,12.18,2.77,0.987,1,1,0,0
TXN107984,115.22,15,8.49,12.07,0.489,1,1,1,0
TXN101597,43.76,23,8.13,8.67,1.006,1,0,1,0
TXN111347,7.45,7,12.23,1.47,0.075,0,0,0,0
TXN107556,33.48,5,3.0,4.42,0.735,1,1,0,0
TXN102116,63.64,16,4.09,9.7,0.17,1,1,0,0
TXN114626,16.88,13,41.3,4.59,1.806,0,0,0,1
TXN107998,127.87,4,0.6,1.24,1.746,1,1,0,0
TXN110065,9.3,4,15.9,1.21,1.063,0,1,1,0
TXN107165,31.6,13,3.29,2.47,0.942,1,0,0,0
TXN113348,148.14,0,4.69,0.12,1.691,0,1,0,0
TXN112772,13.76,16,4.83,8.91,1.893,1,1,0,0
TXN108938,55.79,17,0.05,7.35,1.63,1,0,1,0
TXN109576,18.3,9,1.18,5.32,0.806,1,1,1,0
TXN104962,46.67,9,25.14,20.07,0.841,1,1,0,0
TXN100260,26.7,15,7.85,3.77,0.297,1,1,0,0
TXN109662,188.07,20,22.88,16.75,1.79,0,1,1,0
TXN106391,4.45,11,7.62,9.71,1.726,1,0,1,0
TXN101978,13.88,16,14.12,17.11,1.042,1,1,0,0
TXN103095,180.53,16,2.34,1.94,0.357,1,0,1,0
TXN112710,14.19,20,2.78,6.67,0.76,1,1,0,0
TXN111613,36.34,20,11.92,3.93,1.087,0,1,0,0
TXN112311,54.02,11,7.29,0.96,0.433,1,0,1,0
TXN105530,73.18,11,11.6,0.05,2.291,0,1,0,0
TXN104909,96.3,5,5.57,2.26,0.948,1,0,0,0
TXN105350,43.32,18,5.21,0.21,1.216,1,0,0,0
TXN101199,51.98,7,13.24,0.15,1.184,1,1,1,0
TXN110250,120.08,4,1.8,11.17,1.233,1,1,1,0
TXN104079,5.15,6,15.63,5.42,0.348,0,0,1,0
TXN110385,292.82,5,0.83,5.34,0.232,1,1,0,0
TXN105502,91.1,11,6.64,2.94,1.23,1,1,1,0
TXN107419,128.63,1,3.66,4.18,0.976,0,1,1,0
TXN103309,3.92,9,5.1,13.28,1.316,1,1,0,0
TXN114538,45.4,22,0.41,4.23,1.99,1,1,0,0
TXN106668,10.57,18,10.14,6.31,1.244,1,1,1,0
TXN101056,16.95,14,4.91,7.21,1.015,0,1,1,0
TXN100788,65.2,13,8.07,0.31,0.611,1,1,1,0
TXN111784,24.9,7,2.63,10.22,1.01,0,1,1,0
TXN105000,9.32,16,2.69,4.84,0.452,1,1,0,0
TXN112344,62.94,15,0.53,0.64,1.144,1,1,0,0
TXN103540,43.1,14,1.49,16.35,1.812,1,0,0,0
TXN100572,166.32,17,5.04,9.12,0.69,0,1,0,0
TXN106634,221.96,12,12.7,1.66,0.725,1,1,1,0
TXN105213,21.01,10,40.8,0.68,0.702,0,1,1,0
TXN108378,13.5,14,1.36,7.87,1.769,1,1,0,0
TXN104663,47.25,23,12.85,10.03,1.263,1,0,0,0
TXN100623,23.18,18,11.34,11.03,0.872,1,0,1,0
TXN101206,44.98,11,13.1,6.74,1.79,0,0,0,0
TXN109331,94.8,19,15.01,1.2,0.84,0,1,0,0
TXN103399,70.2,12,3.65,8.4,0.492,1,1,0,0
TXN112390,71.42,14,11.2,7.89,1.837,0,0,1,0
TXN112549,25.47,13,16.16,2.27,0.541,1,0,1,0
TXN100100,35.77,8,12.5,16.9,0.083,0,0,0,0
TXN102970,370.15,10,4.38,11.07,1.3,1,1,0,0
TXN100036,7.6,15,0.08,2.06,1.696,1,1,0,0
TXN110657,24.53,19,25.1,13.98,0.696,1,1,0,0
TXN113719,8.06,18,3.23,3.95,1.698,1,1,0,0
TXN112927,46.25,16,27.26,6.11,0.799,0,1,1,0
TXN110484,41.26,16,4.79,9.27,2.544,1,1,1,0
TXN106059,62.14,14,3.54,1.23,2.036,1,1,0,0
TXN107812,125.51,6,10.25,1.29,1.416,1,0,0,0
TXN104027,43.12,14,3.34,9.58,2.282,0,1,0,0
TXN114938,206.24,17,35.09,3.0,2.783,0,0,0,1
TXN110190,74.86,21,5.02,0.18,1.165,1,1,0,0
TXN104731,29.03,8,8.32,14.69,0.723,0,0,1,0
TXN111922,13.5,15,5.98,6.88,0.518,0,0,1,0
TXN112071,32.25,2,11.14,7.1,0.781,1,0,1,0
TXN108897,57.86,6,14.51,11.04,1.275,1,0,0,0
TXN104578,41.09,3,7.4,11.52,1.391,1,1,0,0
TXN114668,521.36,13,33.87,6.1,0.495,0,1,1,1
TXN101475,84.83,8,6.88,4.14,1.012,1,0,1,0
TXN102586,47.3,13,2.6,1.13,1.699,0,1,0,0
TXN101723,24.86,21,20.99,5.1,0.662,1,1,0,0
TXN108976,72.84,11,16.59,6.47,1.908,1,1,1,0
TXN114489,30.39,13,16.09,2.77,1.452,1,1,0,0
TXN106904,28.4,11,2.5,12.11,1.076,1,1,0,0
TXN110693,60.7,19,13.28,13.2,1.309,1,0,1,0
TXN112719,11.71,18,8.4,6.62,1.719,0,0,1,0
TXN103171,34.98,16,11.21,8.05,0.793,0,1,0,0
TXN109322,11.89,8,9.89,6.5,1.746,1,1,1,0
TXN110933,11.82,8,11.14,0.7,1.068,0,1,0,0
TXN112538,370.02,12,4.36,3.13,1.316,0,1,0,0
TXN102247,23.93,14,13.26,11.81,0.92,1,1,1,0
TXN109101,135.85,13,6.58,1.02,1.776,1,1,0,0
TXN103573,107.58,1,4.42,0.58,1.792,1,1,1,0
TXN112091,11.39,18,5.45,3.63,1.234,1,0,0,0
TXN102962,32.93,16,11.11,0.59,0.434,0,0,0,0
TXN103851,205.51,14,5.23,8.17,0.601,1,1,1,0
TXN101624,32.27,17,20.29,1.41,0.445,1,1,0,0
TXN103668,77.29,14,15.88,2.33,2.14,1,1,0,0
TXN112895,119.39,12,3.97,18.73,1.28,1,1,1,0
TXN101460,22.97,15,11.54,9.53,0.489,0,1,0,0
TXN111721,252.12,5,10.42,4.51,0.094,1,0,0,0
TXN109865,127.03,12,9.71,7.89,1.62,1,1,0,0
TXN113333,34.85,7,21.96,1.0,2.019,1,0,1,0
TXN110773,19.31,14,3.5,4.29,0.526,1,1,0,0
TXN103930,298.78,13,11.91,4.87,0.876,1,1,1,0
TXN111928,83.99,14,9.06,3.89,0.25,1,1,0,0
TXN107665,29.48,13,9.19,0.14,1.506,1,0,0,0
TXN113179,75.51,17,4.84,2.31,0.376,1,0,0,0
TXN113329,18.87,16,7.39,10.8,1.479,1,1,0,0
TXN101032,244.4,19,5.19,10.82,1.04,1,1,0,0
TXN112367,95.68,15,12.95,11.82,1.617,0,1,1,0
TXN109144,54.29,14,5.6,9.47,1.006,1,0,1,0
TXN103724,33.91,6,13.77,2.02,1.798,1,0,0,0
TXN101360,9.62,18,1.47,13.21,1.004,1,0,1,0
TXN114652,76.98,20,38.97,35.86,3.522,1,0,1,1
TXN106242,88.87,19,7.17,1.14,1.3,1,0,0,0
TXN100770,16.72,5,28.15,11.63,1.541,1,1,1,0
TXN107267,2.82,11,11.51,4.26,0.205,1,0,1,0
TXN113675,23.26,7,3.96,4.48,0.571,1,1,0,0
TXN100391,15.04,17,4.56,4.9,1.657,1,0,0,0
TXN100838,33.42,4,2.13,5.32,1.321,0,0,0,0
TXN109434,31.59,12,2.15,7.9,1.145,1,1,1,0
TXN108699,184.93,16,11.25,0.95,1.405,0,0,0,0
TXN111638,12.26,1,0.08,2.14,0.545,1,0,1,0
TXN104533,136.88,14,2.91,1.11,1.004,0,1,0,0
TXN107736,85.44,9,1.38,6.15,0.336,0,0,0,0
TXN102746,13.17,19,12.55,12.25,0.396,1,1,1,0
TXN103648,20.99,14,13.44,7.7,1.025,1,1,0,0
TXN101601,5.86,9,0.32,3.56,0.92,1,1,1,0
TXN111492,49.66,15,17.47,7.27,1.724,0,0,0,0
TXN113805,80.24,22,11.95,2.91,1.597,1,0,1,0
TXN100314,18.42,12,6.32,3.1,0.898,1,1,0,0
TXN112676,107.01,16,16.3,7.15,0.339,0,0,0,0
TXN101346,126.17,19,27.27,0.66,1.929,1,1,1,0
TXN108748,14.31,17,12.97,2.07,0.842,1,1,0,0
TXN106889,22.58,22,6.69,2.53,1.982,0,1,0,0
TXN111430,17.64,23,17.08,9.21,0.87,0,1,0,0
TXN110605,13.86,12,1.53,6.26,2.061,1,1,0,0
TXN107540,341.31,4,5.06,7.01,0.378,1,1,0,0
TXN111361,61.95,1,1.49,16.69,1.323,1,1,0,0
TXN102009,67.11,11,1.73,8.67,1.555,0,1,1,0
TXN114666,81.28,14,11.68,11.76,1.169,0,1,1,1
TXN109127,89.54,18,14.22,0.28,0.472,1,1,1,0
TXN111455,34.05,17,1.1,4.74,0.95,1,1,0,0
TXN103681,53.65,19,3.69,7.56,0.229,0,1,0,0
TXN103043,21.74,14,8.18,13.63,1.329,0,1,1,0
TXN112875,23.37,7,9.56,12.55,0.558,1,1,1,0
TXN106106,41.36,11,7.44,12.61,0.131,1,1,0,0
TXN101930,16.02,6,22.29,6.13,0.565,1,0,1,0
TXN105579,124.36,1,13.26,3.87,1.493,1,0,0,0
TXN108164,9.44,0,7.05,2.55,0.051,0,1,0,0
TXN103157,64.22,8,9.54,2.18,1.435,1,1,0,0
TXN110343,10.41,15,14.42,14.37,0.656,0,0,0,0
TXN108135,77.18,18,5.94,8.59,0.835,1,0,1,0
TXN103960,17.58,11,6.9,10.68,0.896,1,1,1,0
TXN113238,19.27,7,15.19,13.0,1.055,1,1,0,0
TXN110031,50.93,7,1.43,4.88,1.047,1,1,0,0
TXN112031,26.5,17,2.07,2.27,1.617,0,0,0,0
TXN109236,80.36,16,9.82,14.94,0.754,1,1,0,0
TXN100565,49.64,14,0.89,1.72,1.133,1,0,1,0
TXN104517,38.87,17,5.51,3.29,1.963,1,0,1,0
TXN107277,5.25,13,14.63,0.5,1.649,1,1,1,0
TXN101259,46.63,17,9.76,2.48,0.666,1,1,1,0
TXN101863,192.33,8,12.2,0.3,1.758,1,1,0,0
TXN113001,36.98,7,2.38,0.43,1.325,1,0,1,0
TXN113635,23.51,21,13.43,1.06,0.416,1,0,0,0
TXN105851,20.04,11,3.97,0.5,0.744,1,0,0,0
TXN104807,12.66,13,4.03,6.46,0.324,0,1,0,0
TXN106646,41.39,23,0.43,2.74,0.961,1,1,0,0
TXN108140,5.34,16,11.02,6.33,1.19,1,1,0,0
TXN107876,10.84,16,14.61,19.05,1.276,1,0,1,0
TXN108272,38.36,17,17.86,11.99,1.445,1,0,0,0
TXN109329,24.62,18,8.77,8.29,0.78,0,1,1,0
TXN104349,52.7,8,13.3,6.22,1.429,1,1,0,0
TXN112832,134.87,20,2.93,10.08,0.014,0,1,0,0
TXN103418,240.94,14,13.41,6.37,0.279,1,0,0,0
TXN114848,169.74,1,40.13,11.15,0.688,1,1,1,1
TXN102043,77.41,16,5.44,14.53,1.043,1,1,0,0
TXN111097,8.39,11,0.07,6.31,1.683,1,1,1,0
TXN106619,2.42,18,0.59,8.87,1.161,0,0,1,0
TXN101129,12.78,14,16.11,9.35,0.753,1,1,1,0
TXN110677,57.71,8,18.75,7.65,0.933,1,1,0,0
TXN104029,103.68,3,9.52,3.09,1.918,1,1,0,0
TXN102913,82.88,17,14.09,2.96,0.814,1,1,1,0
TXN102028,81.95,18,2.59,7.54,2.067,0,1,0,0
TXN101229,47.69,1,10.38,11.88,0.964,0,1,0,0
TXN105625,199.4,8,7.83,2.84,1.571,1,0,0,0
TXN104816,44.6,15,15.66,5.7,1.244,1,1,0,0
TXN114032,32.86,11,5.58,16.37,1.354,1,1,0,0
TXN106571,29.92,17,9.69,5.87,1.399,1,1,0,0
TXN110494,16.65,15,33.23,1.01,1.519,0,0,0,0
TXN107478,26.69,4,9.29,0.52,1.394,0,0,0,0
TXN111428,46.12,13,4.63,10.86,1.883,0,1,1,0
TXN108150,54.14,18,7.42,11.44,1.693,1,1,1,0
TXN110575,29.56,14,5.2,5.42,1.238,0,0,1,0
TXN103396,90.59,8,0.41,5.83,2.195,1,1,0,0
TXN104111,33.12,14,11.58,16.4,0.851,1,1,1,0
TXN106388,24.55,14,10.94,6.24,1.499,1,0,0,0
TXN103827,33.51,13,4.9,10.67,1.795,1,0,0,0
TXN108878,31.46,17,10.32,1.36,0.163,1,1,0,0
TXN110356,100.48,16,6.34,8.56,1.489,1,1,0,0
TXN112361,19.15,9,3.84,5.4,1.611,0,1,1,0
TXN107996,15.77,22,3.24,0.61,1.603,1,0,0,0
TXN107706,10.06,4,20.26,1.22,0.392,1,1,0,0
TXN106677,93.93,13,4.84,12.92,1.18,1,0,1,0
TXN114883,197.01,2,27.52,41.84,1.079,1,1,1,1
TXN109204,158.58,20,7.42,0.04,0.859,1,0,0,0
TXN107141,152.18,19,3.23,16.3,1.481,1,1,0,0
TXN114261,30.2,14,21.18,4.72,0.534,0,0,0,0
TXN112994,25.43,14,8.9,3.62,0.439,0,1,0,0
TXN104384,51.72,14,1.01,0.08,1.62,1,0,0,0
TXN101174,90.25,13,0.11,5.19,0.817,1,1,1,0
TXN108747,4.79,17,0.09,16.7,0.046,1,0,1,0
TXN111831,46.84,13,8.17,0.8,0.492,1,1,1,0
TXN109683,78.78,10,20.7,10.59,1.911,1,1,0,0
TXN102107,25.27,6,9.33,8.99,0.151,1,0,1,0
TXN103217,8.06,0,0.58,5.85,2.694,1,0,1,0
TXN107083,10.19,13,4.6,0.42,0.535,1,0,1,0
TXN108918,54.61,14,2.38,10.97,0.705,1,1,0,0
TXN109877,19.26,14,12.23,5.56,1.838,1,1,1,0
TXN106633,10.42,13,16.78,7.19,0.51,1,0,0,0
TXN105204,6.33,16,2.18,0.61,2.254,0,1,1,0
TXN112325,36.44,17,5.63,15.81,1.234,0,1,0,0
TXN113504,15.78,21,9.17,3.97,2.082,1,1,0,0
TXN107315,51.51,11,5.06,6.17,1.017,1,0,0,0
TXN110646,135.01,16,8.15,4.7,1.944,1,0,0,0
TXN112438,50.99,10,1.98,6.19,0.726,1,0,0,0
TXN109963,52.56,20,5.15,1.52,0.208,1,1,0,0
TXN109688,263.02,9,2.79,2.92,1.643,1,1,0,0
TXN103566,88.58,17,4.08,10.49,0.789,1,1,0,0
TXN110017,5.97,11,12.29,2.81,1.214,1,0,0,0
TXN114672,22.33,0,46.87,22.36,3.769,0,0,0,1
TXN106789,11.05,16,1.99,0.42,1.442,1,0,0,0
TXN113161,170.82,10,6.28,3.41,1.593,0,0,1,0
TXN110175,18.44,13,1.89,3.39,0.832,1,1,0,0
TXN110081,14.26,18,8.69,0.2,2.379,0,0,0,0
TXN103232,18.22,10,2.93,4.81,0.853,1,1,0,0
TXN101397,8.41,20,9.15,12.26,1.204,1,1,0,0
TXN103082,16.06,8,6.28,0.14,0.462,1,1,0,0
TXN108251,29.86,12,6.79,8.7,0.728,1,1,0,0
TXN108590,33.12,21,3.61,1.52,0.455,1,0,0,0
TXN110977,70.37,15,13.07,3.85,0.528,1,1,0,0
TXN106074,13.09,14,9.94,0.06,1.998,1,0,1,0
TXN106710,70.77,22,0.92,4.21,2.539,1,0,0,0
TXN103452,23.94,19,11.07,3.22,1.217,1,0,0,0
TXN100496,122.92,10,3.03,2.09,1.585,1,1,1,0
TXN110142,58.63,14,20.03,7.15,0.433,1,0,1,0
TXN106729,111.43,5,3.75,18.9,0.354,1,1,0,0
TXN112011,15.73,19,3.1,8.23,2.242,1,0,0,0
TXN101871,221.58,15,9.0,4.5,1.608,1,0,0,0
TXN106957,20.42,17,3.49,7.58,0.915,1,0,0,0
TXN108203,13.56,4,3.93,9.1,1.259,1,1,1,0
TXN105181,21.64,1,27.39,9.41,0.558,1,0,0,0
TXN106839,29.55,20,12.99,8.68,1.412,1,1,0,0
TXN111352,166.5,18,3.88,3.35,1.262,1,1,1,0
TXN102680,22.69,6,5.25,4.54,1.529,0,0,0,0
TXN107046,62.25,12,27.54,4.91,2.16,1,1,0,0
TXN100325,66.37,1,7.3,7.81,0.818,0,1,0,0
TXN113626,56.77,20,11.22,10.84,1.054,0,1,0,0
TXN107674,91.53,2,4.74,4.22,1.587,1,0,0,0
TXN109260,64.3,9,25.61,5.73,0.688,1,0,0,0
TXN110391,18.95,12,11.24,12.54,0.959,1,1,0,0
TXN109811,25.03,15,2.61,5.11,0.116,1,1,0,0
TXN102527,16.24,19,24.3,3.95,1.488,0,0,0,0
TXN110779,423.51,17,23.52,3.69,1.156,1,0,0,0
TXN100463,46.06,5,22.95,2.68,1.651,0,1,0,0
TXN102274,109.43,15,4.53,11.06,1.193,1,1,0,0
TXN107404,23.35,13,2.86,6.33,0.795,1,1,1,0
TXN109499,21.9,21,7.42,7.73,0.804,1,1,1,0
TXN105182,9.17,11,2.35,0.23,0.989,1,1,1,0
TXN100774,239.41,14,10.64,9.25,1.944,1,0,0,0
TXN102241,96.34,10,10.66,1.04,1.852,1,1,1,0
TXN112387,194.42,22,10.15,7.96,0.765,0,0,1,0
TXN104708,6.25,5,8.53,3.69,1.219,1,0,0,0
TXN108043,70.08,11,10.94,2.87,0.448,1,1,1,0
TXN108701,17.7,19,7.93,7.62,1.925,1,1,0,0
TXN102971,4.09,5,13.09,4.97,1.746,1,0,0,0
TXN113194,49.6,6,3.39,2.26,0.64,1,1,0,0
TXN105929,48.51,6,12.29,1.56,0.723,1,0,0,0
TXN110472,82.9,14,15.29,0.22,1.771,1,0,0,0
TXN109131,91.58,16,22.23,4.54,1.751,1,0,0,0
TXN106432,23.49,8,6.78,14.41,0.208,1,1,0,0
TXN102163,79.12,1,6.33,0.18,1.459,1,1,0,0
TXN103450,26.55,8,17.38,1.42,0.571,1,0,1,0
TXN102554,108.94,5,29.41,6.77,1.039,1,1,0,0
TXN105255,25.59,6,9.44,2.15,2.254,0,0,0,0
TXN101775,143.04,16,7.53,13.81,0.983,1,0,0,0
TXN100732,15.78,15,27.34,6.59,1.062,1,1,1,0
TXN111953,66.17,8,8.52,8.33,0.138,0,1,0,0
TXN105002,16.75,20,8.47,1.56,0.901,1,1,1,0
TXN102319,61.87,13,12.14,12.61,1.107,1,0,0,0
TXN102880,47.6,8,10.01,2.79,1.074,1,1,0,0
TXN103383,30.14,21,20.01,0.71,1.225,1,0,0,0
TXN103806,85.72,10,14.29,1.29,0.305,0,1,0,0
TXN103178,64.89,10,1.92,4.36,1.389,1,0,0,0
TXN111974,16.4,7,7.22,14.02,0.935,0,0,1,0
TXN106297,68.78,4,7.34,5.92,0.01,0,0,0,0
TXN100974,29.09,10,3.77,14.35,0.256,0,0,1,0
TXN101136,50.87,21,9.16,4.51,0.091,1,0,0,0
TXN100384,92.22,9,10.12,7.79,2.869,1,1,0,0
TXN108254,44.9,6,15.66,2.94,0.967,1,1,1,0
TXN112851,24.21,0,6.8,11.64,1.867,1,1,1,0
TXN103070,169.73,6,22.63,10.14,0.079,1,1,1,0
TXN109648,9.15,14,13.03,1.51,0.479,1,1,0,0
TXN101866,28.26,18,10.33,3.36,0.706,0,1,1,0
TXN102908,4.64,15,5.8,0.52,0.9,0,1,0,0
TXN113661,69.68,12,4.35,3.45,1.401,1,0,0,0
TXN100512,117.17,18,9.88,0.57,1.334,1,1,0,0
TXN104380,36.22,15,3.31,5.94,0.666,1,1,1,0
TXN111920,120.63,14,3.14,5.97,1.473,1,1,0,0
TXN108000,31.52,8,25.05,14.98,0.366,0,1,1,0
TXN108525,11.66,14,6.74,13.46,0.913,1,1,1,0
TXN101355,116.1,0,13.07,4.99,0.735,1,0,1,0
TXN106706,14.12,9,4.75,0.24,0.636,1,1,1,0
TXN107831,7.78,1,12.82,0.78,0.53,0,0,1,0
TXN114509,29.01,18,2.7,1.27,1.165,0,1,1,0
TXN101934,7.86,15,2.06,4.36,1.454,0,1,0,0
TXN105932,34.04,13,14.87,3.65,2.061,0,1,1,0
TXN105847,127.3,11,3.39,5.7,1.457,1,0,0,0
TXN103869,43.82,21,0.73,6.24,1.451,0,0,1,0
TXN108036,41.43,9,7.42,22.23,0.173,0,1,0,0
TXN112277,18.35,5,7.3,1.82,2.395,1,1,1,0
TXN101394,10.84,21,10.66,0.01,1.333,0,1,0,0
TXN108492,175.25,13,4.61,2.71,1.547,1,1,0,0
TXN104535,86.56,21,2.38,6.58,0.705,1,1,0,0
TXN112210,184.35,3,15.71,1.67,1.043,0,1,0,0
TXN112115,102.23,16,14.2,4.83,1.97,0,1,0,0
TXN101414,43.36,12,30.37,14.75,0.678,0,1,1,0
TXN106331,65.37,18,2.41,1.71,0.291,0,1,0,0
TXN100230,162.78,14,6.14,3.39,1.145,1,1,1,0
TXN110577,19.47,18,6.63,13.53,0.897,1,1,0,0
TXN107952,8.48,0,1.27,3.45,1.366,1,1,0,0
TXN106497,56.64,23,13.75,6.12,1.238,1,0,1,0
TXN101504,70.33,16,15.9,8.27,1.755,1,1,1,0
TXN114657,146.5,10,17.65,15.95,2.257,0,1,1,1
TXN109805,16.84,5,14.68,1.23,1.63,1,1,0,0
TXN104696,149.35,8,3.93,6.1,1.585,1,1,0,0
TXN105108,18.34,10,15.83,0.25,1.495,1,1,0,0
TXN104968,33.83,12,12.55,0.86,0.926,0,1,0,0
TXN108042,62.55,9,16.17,8.33,1.028,1,1,0,0
TXN105571,160.7,6,1.65,1.09,1.306,0,1,1,0
TXN113190,59.54,20,12.39,2.54,1.874,1,1,0,0
TXN106529,165.68,3,1.71,22.42,1.813,0,0,0,0
TXN110232,30.45,6,1.69,0.06,0.613,1,1,0,0
TXN102850,41.28,20,5.44,2.87,1.601,0,0,1,0
TXN100033,19.24,12,3.01,5.73,1.662,1,1,1,0
TXN108874,41.46,0,10.98,18.58,2.121,1,1,0,0
TXN107720,79.57,12,10.36,6.92,0.058,0,1,0,0
TXN104354,17.4,17,14.06,6.18,0.124,0,1,1,0
TXN106810,23.11,16,15.78,5.9,2.548,1,1,1,0
TXN105674,80.34,15,13.17,5.69,0.931,0,1,0,0
TXN107184,41.86,12,1.68,5.29,0.996,1,1,0,0
TXN100010,71.88,3,13.54,14.4,0.329,0,0,0,0
TXN111906,34.29,17,21.22,1.54,1.77,1,0,0,0
TXN101530,62.99,17,25.07,7.09,1.403,0,1,0,0
TXN114379,12.78,17,6.86,10.18,1.281,1,0,1,0
TXN104129,29.03,16,3.97,7.25,1.122,1,1,0,0
TXN112252,55.93,10,22.71,2.39,0.864,1,0,1,0
TXN106195,2.51,16,4.74,5.11,0.95,1,0,0,0
TXN113204,139.83,15,13.59,9.76,1.487,1,1,0,0
TXN101514,31.08,8,1.57,2.35,1.192,1,1,1,0
TXN114975,399.83,6,5.69,2.56,3.146,1,0,1,1
TXN114310,122.17,12,10.92,7.89,1.57,1,1,0,0
TXN106070,152.89,0,14.89,4.84,1.376,0,1,0,0
TXN109426,54.71,8,19.95,10.12,0.638,0,0,0,0
TXN107870,33.28,17,25.2,8.94,0.716,1,1,0,0
TXN108457,11.21,12,2.28,2.13,1.613,1,1,1,0
TXN107171,36.75,21,12.54,8.41,0.681,0,0,0,0
TXN100720,98.54,2,10.11,1.07,2.74,1,1,1,0
TXN101278,93.6,16,10.35,0.94,1.142,1,1,0,0
TXN112770,35.26,6,10.21,18.88,0.466,1,1,0,0
TXN108477,67.86,10,20.55,11.28,1.524,0,1,0,0
TXN101120,50.01,10,11.52,12.43,0.238,1,1,1,0
TXN100124,6.59,11,21.32,6.58,2.217,1,1,0,0
TXN114412,66.93,16,8.52,8.66,1.067,1,1,0,0
TXN106490,24.45,8,1.37,2.91,0.7,1,0,1,0
TXN110407,20.37,16,27.17,10.16,1.076,0,0,0,0
TXN107684,206.56,17,12.9,7.71,0.786,0,1,1,0
TXN100490,157.97,16,20.41,7.59,0.86,1,1,0,0
TXN100226,58.56,6,5.53,7.61,0.105,0,0,1,0
TXN101046,40.63,22,3.37,6.03,0.725,1,1,1,0
TXN105222,159.52,17,5.36,18.52,1.848,1,1,1,0
TXN114398,10.76,17,1.99,2.11,2.657,0,1,1,0
TXN111898,41.72,14,20.99,10.24,0.879,0,0,1,0
TXN107788,23.76,11,8.35,5.98,0.922,1,1,0,0
TXN111234,105.65,6,18.23,10.28,1.814,0,1,0,0
TXN102803,28.86,17,11.93,0.97,1.315,0,0,0,0
TXN114105,11.58,18,0.71,0.69,0.944,1,1,0,0
TXN100596,10.76,20,7.25,5.98,0.588,1,1,0,0
TXN103956,48.1,8,4.86,0.62,0.564,1,0,0,0
TXN113570,34.23,19,13.03,3.77,1.189,0,0,0,0
TXN101872,60.36,17,19.59,2.06,0.815,1,1,0,0
TXN101115,19.87,12,10.2,8.41,1.305,0,1,0,0
TXN106312,110.77,14,8.3,2.59,0.488,1,1,0,0
TXN101319,29.68,9,1.77,8.18,1.439,1,1,1,0
TXN101783,19.13,19,22.71,14.37,2.142,1,0,0,0
TXN108655,108.32,20,6.4,6.97,1.349,0,1,0,0
TXN107758,35.71,13,9.46,13.5,1.738,1,0,0,0
TXN105070,9.93,12,6.74,5.21,1.343,1,1,0,0
TXN111806,61.1,11,10.66,15.44,0.322,1,1,0,0
TXN100604,7.41,15,8.83,0.3,0.56,0,1,1,0
TXN106686,12.91,16,16.58,2.97,1.105,0,0,0,0
TXN105367,21.68,12,12.21,1.02,0.728,0,1,1,0
TXN105998,37.45,6,4.69,16.92,1.136,1,0,0,0
TXN107880,4.33,14,7.56,3.43,1.569,0,1,1,0
TXN111705,47.61,12,10.75,0.59,1.372,1,1,1,0
TXN107987,89.68,13,12.54,1.68,0.765,1,0,0,0
TXN108985,17.18,11,13.85,7.38,2.207,1,1,0,0
TXN102922,24.78,22,18.11,8.58,0.914,1,1,1,0
TXN114854,261.32,22,57.29,8.45,1.073,0,0,0,1
TXN112451,20.5,10,2.86,8.28,0.71,1,0,1,0
TXN114024,91.32,14,11.54,6.1,0.947,1,1,1,0
TXN106976,37.25,23,9.42,10.61,1.116,0,1,0,0
TXN103425,18.87,14,2.04,7.18,0.886,1,1,0,0
TXN104245,29.44,9,0.51,1.5,1.574,1,0,0,0
TXN100250,62.96,20,7.91,11.84,0.891,1,1,1,0
TXN114273,80.24,22,9.01,11.04,0.383,1,1,1,0
TXN104509,33.97,2,1.29,2.47,0.83,0,0,0,0
TXN107366,243.32,16,1.79,4.43,1.409,1,1,0,0
TXN109140,12.66,13,5.8,13.66,1.177,1,0,1,0
TXN113420,172.64,5,8.92,13.73,0.741,1,1,0,0
TXN109675,7.37,19,10.08,8.03,1.041,1,1,0,0
TXN106663,29.99,10,12.0,4.6,1.616,1,0,0,0
TXN113699,165.19,17,5.91,1.04,1.113,1,1,0,0
TXN103693,544.1,2,19.29,10.0,1.318,0,0,1,0
TXN113356,59.66,10,18.11,3.3,1.03,0,1,1,0
TXN112932,109.66,23,0.55,2.17,1.267,1,1,0,0
TXN110189,30.98,7,4.19,12.69,1.559,0,0,1,0
TXN105008,54.87,12,9.8,3.68,1.19,1,0,0,0
TXN104092,8.61,6,5.79,9.08,1.649,0,0,1,0
TXN101621,52.94,10,5.6,11.72,1.534,1,1,1,0
TXN105433,68.61,7,7.9,15.89,1.143,0,0,0,0
TXN113650,85.23,7,6.36,8.02,1.284,1,1,1,0
TXN103333,31.03,16,12.03,2.98,1.193,1,0,1,0
TXN111757,43.33,4,8.02,1.8,0.755,1,0,0,0
TXN110970,6.8,14,2.26,12.48,1.374,0,1,0,0
TXN104833,127.58,14,6.2,0.94,1.117,1,1,0,0
TXN113215,40.03,18,11.14,2.1,0.079,1,1,0,0
TXN107488,62.74,3,8.71,10.29,1.303,0,1,0,0
TXN109492,29.13,2,19.88,3.13,1.046,1,1,0,0
TXN103671,797.96,13,10.96,0.69,1.949,1,1,1,0
TXN100152,18.78,14,15.52,8.32,1.303,1,1,0,0
TXN107596,50.3,13,8.19,2.72,1.646,1,1,0,0
TXN101257,37.62,13,0.42,6.88,1.59,1,1,1,0
TXN105899,21.0,21,3.13,10.85,1.813,1,0,1,0
TXN103805,10.31,12,4.96,5.74,2.207,1,0,1,0
TXN108759,17.06,6,4.38,0.24,0.904,1,1,1,0
TXN105295,6.37,7,8.12,7.96,1.094,1,0,0,0
TXN100518,10.89,19,9.07,9.66,1.815,1,0,0,0
TXN102846,21.24,6,18.49,21.51,1.454,0,1,0,0
TXN105111,207.11,10,10.34,0.73,1.25,1,1,1,0
TXN112164,27.79,17,11.51,5.0,0.244,1,1,1,0
TXN108311,94.95,9,11.79,9.36,0.995,0,0,0,0
TXN110304,17.88,11,3.94,5.22,0.012,1,1,0,0
TXN108507,33.44,13,3.04,6.76,1.173,1,0,0,0
TXN105365,80.36,10,0.93,3.23,0.326,0,1,1,0
TXN104007,74.43,16,4.77,13.47,0.162,0,0,1,0
TXN114641,15.72,1,9.92,4.84,2.972,1,1,1,1
TXN110923,8.5,21,16.93,5.07,1.537,1,1,1,0
TXN101781,394.49,20,20.81,2.24,1.165,1,1,0,0
TXN109169,22.34,21,12.64,4.86,1.943,1,0,0,0
TXN102477,34.96,12,9.93,7.06,1.319,1,0,0,0
TXN108739,27.56,11,7.16,3.15,1.979,1,0,0,0
TXN108803,62.56,17,5.54,3.82,1.629,1,1,0,0
TXN104383,46.12,12,8.51,10.34,0.685,1,1,1,0
TXN105264,29.79,17,10.95,10.63,1.35,1,1,0,0
TXN112957,57.67,12,3.59,5.57,1.536,1,1,0,0
TXN105865,13.68,16,13.1,6.55,0.517,1,1,1,0
TXN100288,28.28,16,1.27,6.68,1.396,0,0,1,0
TXN114804,113.65,3,30.68,18.96,1.643,1,0,1,1
TXN111941,35.66,5,12.17,6.31,0.691,0,1,0,0
TXN111080,15.92,5,0.07,10.29,0.35,1,1,0,0
TXN107115,96.9,18,4.13,9.34,0.433,1,1,0,0
TXN114813,227.37,0,55.26,42.52,1.659,0,1,0,1
TXN114341,14.28,10,8.05,6.25,1.619,1,0,0,0
TXN108666,19.04,21,23.35,2.25,1.384,1,1,1,0
TXN104634,43.68,15,12.2,9.78,1.35,1,0,0,0
TXN103529,22.44,17,0.62,6.88,1.607,1,0,0,0
TXN104416,55.13,9,0.75,2.33,0.579,1,1,1,0
TXN109814,14.73,6,7.39,2.43,0.287,1,0,0,0
TXN102289,28.34,7,3.29,5.0,0.613,1,0,1,0
TXN106052,13.1,9,18.87,11.79,1.523,1,1,0,0
TXN112358,49.24,9,10.33,2.34,0.828,1,0,1,0
TXN114502,98.24,21,10.38,8.62,1.366,0,1,1,0
TXN113269,78.2,1,5.35,4.57,2.289,1,0,1,0
TXN100076,10.43,17,20.56,7.52,0.532,0,1,0,0
TXN110701,56.48,3,23.77,8.41,1.803,0,1,1,0
TXN105990,75.77,9,4.91,7.86,0.923,1,1,0,0
TXN105631,7.56,7,4.95,0.5,0.358,1,1,1,0
TXN114308,131.42,9,2.79,8.31,1.159,1,1,1,0
TXN112013,39.65,13,9.72,13.36,1.26,1,1,0,0
TXN104393,207.23,17,0.53,13.99,1.692,0,1,1,0
TXN110126,320.19,11,7.15,5.1,0.914,0,0,0,0
TXN113743,77.27,9,2.48,14.42,0.381,0,1,0,0
TXN101909,7.3,22,9.13,11.07,1.055,1,0,1,0
TXN103961,42.31,9,27.37,6.01,0.522,0,0,1,0
TXN105277,52.03,7,8.06,1.49,1.02,1,1,0,0
TXN107206,189.7,15,9.46,19.35,1.048,1,0,0,0
TXN110927,52.85,14,15.29,4.32,0.236,0,1,0,0
TXN100581,130.08,12,8.69,1.63,0.267,1,1,0,0
TXN100323,44.17,4,9.52,1.11,0.779,0,1,1,0
TXN113821,32.21,14,8.44,21.04,2.215,0,1,0,0
TXN103432,153.69,11,0.96,12.4,1.04,1,1,1,0
TXN108860,5.25,0,7.46,4.36,1.01,0,1,0,0
TXN103453,15.64,7,2.22,1.76,1.305,1,1,1,0
TXN103923,86.1,21,4.91,2.42,1.717,1,1,1,0
TXN106683,34.35,1,11.93,3.76,0.948,1,0,0,0
TXN102017,54.51,15,16.04,5.58,0.613,1,1,1,0
TXN108213,30.33,19,15.29,5.91,1.711,1,0,0,0
TXN102978,56.68,8,10.99,1.0,0.375,1,1,1,0
TXN103260,32.22,8,11.6,2.02,1.998,0,1,1,0
TXN105069,108.27,8,17.27,1.09,1.36,0,1,0,0
TXN106445,6.3,13,7.64,10.84,1.508,1,0,1,0
TXN101088,44.93,22,11.2,4.26,0.659,1,1,0,0
TXN103926,18.74,20,0.53,0.96,0.579,1,1,1,0
TXN100743,37.69,19,4.82,10.53,0.558,0,0,1,0
TXN109651,76.88,16,2.27,2.89,1.37,0,1,0,0
TXN111874,10.75,20,1.48,4.02,0.616,1,1,1,0
TXN109238,7.95,11,15.86,4.16,1.415,1,1,0,0
TXN102197,44.17,15,8.03,6.48,1.222,0,1,0,0
TXN113809,12.47,12,9.99,3.26,1.405,1,1,0,0
TXN108358,71.6,8,17.08,8.47,2.696,1,1,1,0
TXN114208,38.82,6,18.3,2.64,1.468,0,1,1,0
TXN105707,3.5,15,15.02,6.16,1.071,1,0,0,0
TXN102019,29.12,21,3.06,11.48,1.603,0,1,0,0
TXN113819,8.35,15,6.01,1.19,1.648,1,1,1,0
TXN105051,71.68,15,4.14,2.41,0.278,1,0,1,0
TXN110053,154.65,10,13.55,1.09,2.356,1,1,0,0
TXN109365,26.29,4,3.8,4.78,1.223,1,1,0,0
TXN113997,28.11,13,12.45,10.68,0.211,1,1,1,0
TXN100683,145.87,1,0.96,2.53,0.267,0,0,0,0
TXN107047,25.24,11,17.05,1.86,1.31,1,0,0,0
TXN108853,3.6,3,14.15,11.59,1.257,1,1,0,0
TXN106727,200.48,20,7.77,8.66,0.976,1,0,0,0
TXN106746,34.92,17,14.03,0.39,0.945,0,1,1,0
TXN107771,17.61,10,8.77,4.19,0.448,0,1,0,0
TXN114388,34.62,17,19.09,2.69,0.925,1,0,1,0
TXN105709,17.38,0,4.87,4.11,1.279,1,1,0,0
TXN109347,24.15,3,25.75,4.97,1.071,0,0,0,0
TXN113033,17.4,11,4.8,4.6,0.286,1,0,1,0
TXN103707,134.43,12,25.0,16.03,0.478,1,0,0,0
TXN111471,4.99,15,10.66,1.76,1.776,1,0,0,0
TXN108673,34.01,17,17.5,14.72,1.008,1,1,0,0
TXN103866,228.88,5,30.25,14.15,1.68,1,0,1,0
TXN104366,26.74,21,5.77,15.41,1.172,1,0,0,0
TXN106585,9.48,17,5.94,6.85,1.463,0,1,0,0
TXN109821,37.69,12,13.8,10.94,1.53,1,1,0,0
TXN102665,20.0,8,1.98,12.39,1.066,0,0,1,0
TXN110118,49.42,14,13.48,8.84,1.648,1,1,0,0
TXN107291,20.22,15,3.09,7.83,1.384,1,0,1,0
TXN103242,144.57,12,0.68,1.11,1.051,1,0,1,0
TXN101260,25.35,12,6.83,9.35,1.143,0,0,1,0
TXN110935,63.31,9,15.02,1.9,1.049,0,1,0,0
TXN108384,92.57,4,15.08,5.12,1.688,1,0,1,0
TXN104103,25.83,11,9.65,14.0,0.993,0,1,1,0
TXN108306,24.22,7,8.96,4.95,1.161,1,1,1,0
TXN101091,24.17,11,13.09,15.06,0.788,1,0,0,0
TXN110560,13.35,2,7.95,1.7,0.72,1,1,1,0
TXN102399,9.56,12,9.23,2.07,1.005,0,1,0,0
TXN112810,179.54,12,0.02,1.77,1.522,1,1,0,0
TXN114501,9.31,10,6.96,1.29,0.611,1,1,0,0
TXN110651,56.55,12,14.14,9.02,1.938,0,1,0,0
TXN107626,47.24,4,14.72,1.79,1.244,1,1,1,0
TXN105871,11.8,14,8.96,1.73,0.946,1,0,0,0
TXN101423,124.06,10,5.14,0.47,1.324,1,0,0,0
TXN114919,122.54,15,38.4,20.75,3.259,1,0,1,1
TXN105672,34.55,13,8.07,7.14,1.626,1,0,0,0
TXN104264,13.79,15,8.35,9.89,1.069,1,1,0,0
TXN103793,34.74,5,4.62,12.34,1.305,1,0,0,0
TXN113923,88.36,16,3.37,0.16,0.678,1,1,0,0
TXN108729,21.1,5,2.84,4.7,0.654,1,1,1,0
TXN104504,100.58,16,13.62,2.53,1.387,0,1,1,0
TXN110239,36.53,6,1.95,15.83,0.92,0,0,0,0
TXN114550,117.32,5,6.74,0.52,0.125,1,0,1,0
TXN106301,203.93,16,18.82,6.32,2.504,1,1,0,0
TXN111633,31.62,5,7.49,11.17,1.037,1,0,0,0
TXN103210,47.0,5,9.22,12.1,1.093,1,1,0,0
TXN110824,13.95,12,4.22,0.29,1.478,1,1,1,0
TXN105266,171.01,10,12.09,10.74,1.344,1,0,0,0
TXN107557,48.51,4,5.35,17.62,0.779,1,1,1,0
TXN106790,41.69,11,0.18,0.27,0.526,1,0,0,0
TXN106463,218.29,17,14.75,5.01,0.288,1,1,1,0
TXN111145,29.45,14,2.79,5.5,0.236,1,1,1,0
TXN100703,20.09,6,16.49,2.65,0.903,1,1,0,0
TXN104375,20.03,23,8.45,0.11,1.936,1,1,0,0
TXN111738,45.46,14,3.26,5.1,1.176,1,0,0,0
TXN103128,6.35,15,1.56,19.87,1.404,1,1,1,0
TXN108223,12.21,8,8.65,6.78,1.238,1,1,1,0
TXN106969,37.27,19,7.96,13.76,0.238,0,1,0,0
TXN104711,96.41,9,27.98,1.59,0.904,1,0,0,0
TXN114129,190.08,20,3.02,15.93,0.857,0,1,0,0
TXN105490,51.17,5,13.33,1.26,0.427,1,0,1,0
TXN111503,48.0,20,19.9,17.14,2.259,0,1,1,0
TXN113178,80.89,21,11.01,4.98,1.099,1,1,0,0
TXN110007,82.05,4,11.29,1.13,1.526,0,1,0,0
TXN114164,42.21,1,5.86,0.08,1.805,1,0,0,0
TXN102621,29.32,19,4.33,4.62,1.318,1,1,0,0
TXN102233,348.68,18,9.71,11.17,1.337,1,0,0,0
TXN109687,22.09,18,10.92,12.09,1.18,0,1,1,0
TXN111490,6.41,15,5.87,2.1,0.648,1,1,0,0
TXN110714,53.54,6,8.59,7.36,2.016,0,1,0,0
TXN104575,40.83,8,10.24,7.58,1.959,1,1,1,0
TXN114065,16.66,14,16.39,4.67,0.709,0,0,1,0
TXN104949,70.56,7,10.14,2.14,1.136,1,0,0,0
TXN104936,91.99,3,7.52,6.09,0.89,1,1,0,0
TXN107862,198.93,22,0.3,6.41,1.617,1,0,0,0
TXN110558,3.28,18,5.73,1.29,1.226,1,0,1,0
TXN104067,66.81,10,9.91,6.59,1.138,1,1,0,0
TXN114072,38.24,9,2.23,5.65,1.008,1,1,0,0
TXN109580,17.62,8,14.1,15.15,0.113,0,1,1,0
TXN104920,32.1,16,26.87,2.97,0.417,0,1,0,0
TXN110246,198.98,12,24.33,6.91,1.325,0,1,0,0
TXN114639,130.63,14,54.22,10.56,0.958,1,1,0,1
TXN101860,6.5,9,9.69,4.67,1.378,1,0,0,0
TXN100566,70.87,12,4.43,4.45,0.557,0,1,0,0
TXN112275,54.7,18,13.15,0.2,0.518,1,1,0,0
TXN114981,169.51,0,16.06,40.91,1.104,0,0,0,1
TXN112327,28.78,12,17.73,11.42,2.174,1,0,1,0
TXN105357,10.4,14,4.99,7.21,2.44,0,1,0,0
TXN109486,222.92,14,6.11,1.0,1.669,1,0,1,0
TXN111848,31.89,8,13.68,2.73,1.885,0,0,0,0
TXN113771,10.13,12,11.75,5.03,1.572,1,1,1,0
TXN107863,57.66,13,2.5,9.15,1.685,1,0,0,0
TXN106235,89.08,23,9.01,12.37,2.103,1,0,0,0
TXN107599,94.27,10,5.05,2.68,1.281,1,1,1,0
TXN108610,56.7,20,17.05,2.3,2.031,1,1,0,0
TXN103365,31.76,14,12.56,2.16,1.046,1,1,1,0
TXN114530,10.5,17,2.41,0.92,0.544,0,1,0,0
TXN109265,67.33,6,0.25,10.09,2.33,1,1,0,0
TXN114336,107.97,15,21.05,5.34,0.929,1,1,1,0
TXN112253,48.14,15,12.21,4.6,0.779,1,1,0,0
TXN108619,16.63,0,19.97,19.26,0.218,1,1,0,0
TXN112697,20.23,16,6.51,6.53,1.216,1,0,1,0
TXN101028,75.18,12,5.06,11.92,1.365,1,1,0,0
TXN105175,45.17,7,9.16,4.51,0.905,1,1,0,0
TXN112126,22.69,18,5.64,8.41,2.175,1,1,0,0
TXN101935,8.24,10,3.76,11.46,1.464,1,1,0,0
TXN110301,29.61,13,13.93,1.65,1.062,1,1,1,0
TXN114665,49.98,5,24.66,3.93,5.771,1,1,0,1
TXN103238,21.43,15,8.45,4.51,0.965,1,1,0,0
TXN101224,15.1,7,15.27,0.58,1.043,1,1,0,0
TXN114284,20.32,16,8.25,10.18,1.374,1,1,1,0
TXN100102,30.33,15,0.72,3.29,0.983,1,1,0,0
TXN106942,64.05,3,7.09,0.8,1.245,1,0,0,0
TXN111962,209.85,8,3.86,10.59,0.484,0,1,0,0
TXN106443,27.26,14,20.01,6.48,0.864,1,0,0,0
TXN110427,36.96,5,7.97,7.7,1.341,1,0,0,0
TXN110617,59.38,4,12.9,6.21,1.25,1,1,1,0
TXN104707,84.53,23,2.85,13.45,0.904,1,1,0,0
TXN112103,25.74,5,1.06,4.5,0.8,1,1,0,0
TXN103200,58.08,10,3.64,17.65,2.299,0,0,1,0
TXN101843,7.28,15,1.07,5.49,0.403,1,1,0,0
TXN104350,219.94,12,9.73,9.89,1.213,1,0,0,0
TXN110771,17.14,15,4.71,0.22,0.704,1,1,1,0
TXN104010,78.93,16,10.36,11.13,0.998,1,1,0,0
TXN103705,11.81,7,6.34,11.49,1.158,0,1,0,0
TXN111787,14.04,6,22.86,2.23,1.435,1,0,0,0
TXN106978,28.86,7,5.53,2.41,1.172,0,1,1,0
TXN105853,20.28,9,4.1,9.14,0.941,1,1,1,0
TXN106142,16.04,6,1.29,2.84,0.608,1,1,0,0
TXN102837,20.16,19,0.36,1.19,1.924,1,1,0,0
TXN107111,21.84,13,21.11,6.22,0.778,1,1,1,0
TXN109636,22.88,0,17.71,12.13,2.441,1,1,0,0
TXN103146,33.11,9,1.12,11.34,0.286,0,1,0,0
TXN101344,3.77,20,11.84,5.47,0.585,0,1,0,0
TXN114120,126.87,19,8.28,9.48,1.845,1,1,1,0
TXN108090,70.71,1,4.02,3.84,0.98,1,1,1,0
TXN102475,96.43,12,22.13,14.47,1.276,0,1,1,0
TXN104316,14.69,14,13.17,18.6,1.348,1,0,1,0
TXN107495,28.23,5,11.75,15.14,1.07,0,1,0,0
TXN102318,40.74,5,8.55,5.16,0.47,1,1,0,0
TXN113163,16.08,16,0.63,6.38,1.617,1,1,1,0
TXN102985,29.41,19,10.45,11.7,0.913,0,1,0,0
TXN114182,43.46,11,9.81,6.22,0.391,1,1,1,0
TXN106736,105.38,12,8.52,6.14,0.973,1,0,0,0
TXN113948,38.13,9,4.4,2.8,0.619,0,1,1,0
TXN100497,66.32,15,5.22,6.69,1.214,1,0,1,0
TXN103195,25.54,11,4.4,0.69,1.01,1,0,1,0
TXN112279,13.15,10,0.44,5.19,1.51,0,0,0,0
TXN112849,73.06,12,3.66,6.02,0.5,1,0,0,0
TXN110329,160.4,11,12.67,1.76,0.303,0,1,0,0
TXN114356,62.99,9,15.94,18.55,0.5,1,1,0,0
TXN110809,17.29,6,2.26,4.95,0.219,1,0,0,0
TXN105466,20.0,7,7.56,0.01,1.622,1,0,1,0
TXN102595,16.34,8,17.09,0.14,0.19,1,1,0,0
TXN108969,6.35,9,9.08,5.65,1.034,0,1,1,0
TXN104815,22.51,0,4.77,1.89,0.401,1,1,0,0
TXN108041,11.57,8,9.57,0.19,0.691,1,1,0,0
TXN103279,29.17,12,11.19,12.51,0.81,0,0,1,0
TXN113129,31.76,10,8.58,9.74,1.189,0,1,1,0
TXN106345,53.53,11,7.8,3.53,1.826,1,1,0,0
TXN102578,67.56,6,7.69,8.81,1.276,0,1,0,0
TXN110547,32.42,1,16.34,12.36,0.695,1,0,0,0
TXN109085,17.38,15,8.5,4.21,0.921,1,1,0,0
TXN105411,52.07,13,9.88,8.76,0.96,1,1,0,0
TXN108224,21.74,7,2.56,4.83,2.478,1,0,0,0
TXN107846,49.97,20,10.58,4.1,0.628,0,1,0,0
TXN104882,40.18,10,3.04,3.63,1.522,0,0,0,0
TXN111079,95.89,4,14.59,8.25,0.804,1,0,1,0
TXN103928,10.0,19,1.95,8.4,0.688,1,1,0,0
TXN113644,17.93,13,1.17,15.2,0.722,0,1,0,0
TXN102628,20.61,10,15.82,16.17,1.47,1,1,1,0
TXN111829,35.46,12,4.18,13.67,1.638,1,1,1,0
TXN112900,16.29,11,12.27,6.28,1.7,0,1,0,0
TXN113510,308.86,20,16.2,5.73,0.195,1,1,1,0
TXN107275,137.29,18,5.67,4.05,0.829,1,1,1,0
TXN100852,13.03,16,3.0,12.44,0.004,0,1,0,0
TXN108208,1.56,20,1.13,6.61,1.379,0,1,0,0
TXN114123,62.57,19,7.23,11.29,1.764,1,0,0,0
TXN111501,78.65,17,9.6,13.02,1.296,1,1,0,0
TXN102522,17.54,7,7.81,10.7,1.435,1,0,0,0
TXN113890,96.93,13,16.74,1.42,1.869,1,1,0,0
TXN101856,50.76,5,12.55,6.72,2.052,1,1,0,0
TXN109594,48.35,22,0.17,12.26,0.234,1,0,0,0
TXN111560,42.3,18,6.22,4.1,1.023,1,1,0,0
TXN103147,186.6,19,12.76,2.23,1.763,1,0,1,0
TXN109166,30.55,19,0.14,2.53,1.265,1,0,0,0
TXN110134,54.18,6,1.87,6.77,1.395,0,1,0,0
TXN106539,8.06,22,8.13,3.21,1.281,1,1,1,0
TXN100601,4.94,19,16.15,4.7,0.42,0,1,0,0
TXN101182,22.21,12,13.77,4.78,2.14,0,1,0,0
TXN104657,29.95,23,25.62,2.71,1.103,1,1,1,0
TXN103209,54.25,13,8.71,1.57,1.128,1,0,0,0
TXN104896,39.65,10,9.81,10.26,1.26,1,1,0,0
TXN101922,44.39,21,10.98,0.05,1.073,1,0,1,0
TXN114059,29.19,13,9.91,0.86,1.7,1,0,1,0
TXN112919,10.04,15,13.03,0.48,1.387,1,0,0,0
TXN114905,555.86,11,4.29,20.57,2.249,0,1,0,1
TXN109124,30.47,17,13.54,9.25,1.136,1,1,1,0
TXN112432,43.8,16,4.81,3.0,1.046,0,1,1,0
TXN108415,19.12,8,5.68,5.12,0.814,1,1,1,0
TXN112977,64.21,14,13.76,9.51,1.687,1,1,0,0
TXN100355,39.52,16,3.81,10.12,1.229,1,0,1,0
TXN102756,23.97,11,24.51,9.64,1.553,0,1,0,0
TXN100809,20.18,15,1.9,4.92,1.58,0,1,0,0
TXN103984,59.4,22,4.52,2.16,0.022,1,1,0,0
TXN106559,7.1,16,0.13,4.42,0.808,1,1,0,0
TXN107386,22.61,10,12.18,0.29,1.338,1,1,0,0
TXN104899,6.31,12,1.46,8.4,0.861,0,0,1,0
TXN103347,32.25,16,11.41,1.94,1.975,1,1,1,0
TXN106224,4.08,21,12.25,5.77,0.862,0,1,0,0
TXN100461,30.85,10,0.77,1.21,0.577,1,1,0,0
TXN101486,351.84,22,25.61,12.61,0.688,1,0,1,0
TXN100522,207.09,19,2.39,9.98,1.147,1,0,0,0
TXN111353,43.68,16,5.61,3.47,1.078,1,1,1,0
TXN110164,26.33,8,9.69,9.93,0.686,1,1,0,0
TXN104821,17.25,12,6.97,4.53,0.98,1,1,1,0
TXN107967,13.96,12,12.4,6.79,0.708,1,1,0,0
TXN106250,35.05,15,2.28,8.57,1.327,1,1,0,0
TXN104724,107.94,13,6.25,15.01,1.586,0,1,0,0
TXN108352,111.8,1,17.24,6.65,1.246,0,1,0,0
TXN110192,65.24,23,8.06,7.1,1.185,0,1,0,0
TXN113009,54.81,11,2.14,3.5,1.645,0,0,0,0
TXN105551,5.08,20,1.97,8.83,1.025,1,0,0,0
TXN114025,27.54,14,2.72,11.22,2.209,1,1,1,0
TXN114294,13.35,9,3.28,2.05,0.885,1,1,0,0
TXN108253,5.09,18,7.28,4.93,0.173,1,1,1,0
TXN113117,22.78,9,7.14,10.07,1.908,1,1,1,0
TXN102252,58.93,22,11.89,0.92,0.861,0,0,0,0
TXN113974,49.35,11,21.36,5.11,0.387,0,1,0,0
TXN102890,14.77,3,1.66,7.23,1.262,1,1,1,0
TXN102848,30.52,11,2.64,9.88,0.4,1,0,0,0
TXN113250,30.41,14,6.02,6.38,2.06,1,0,0,0
TXN105115,8.29,6,4.48,0.63,0.599,1,0,1,0
TXN106153,18.25,10,0.42,20.91,1.79,1,1,0,0
TXN113702,45.63,17,4.66,8.17,0.807,1,1,0,0
TXN108245,16.09,17,5.38,8.71,2.391,1,1,0,0
TXN110486,12.65,16,5.87,5.26,1.922,1,0,1,0
TXN108805,21.44,22,6.52,7.07,1.31,1,1,0,0
TXN111755,11.88,9,13.51,1.24,1.537,1,1,1,0
TXN100296,12.52,18,0.79,8.79,1.693,1,0,0,0
TXN102773,11.74,6,24.08,5.0,0.709,1,1,0,0
TXN110255,7.53,14,14.74,19.65,1.282,0,0,0,0
TXN112901,4.91,16,26.4,9.07,1.751,1,0,0,0
TXN113070,74.2,15,12.21,13.54,2.089,1,1,1,0
TXN113816,35.68,17,0.22,0.29,0.916,0,1,0,0
TXN113085,7.37,18,7.39,1.39,0.735,0,0,1,0
TXN111870,161.55,17,19.8,2.56,1.386,0,1,0,0
TXN105395,123.01,9,10.48,15.86,1.627,1,1,0,0
TXN103040,55.94,22,2.74,7.34,0.421,0,0,1,0
TXN107228,21.25,9,7.67,3.26,1.878,1,1,0,0
TXN102719,29.51,10,0.63,8.59,2.815,1,0,0,0
TXN102584,38.79,14,1.83,2.59,1.3,1,1,1,0
TXN107166,9.96,9,10.21,7.48,1.382,1,1,1,0
TXN114505,20.16,8,16.17,2.17,0.688,0,1,0,0
TXN109489,46.06,6,7.8,5.7,0.936,1,0,0,0
TXN107721,8.41,8,8.6,6.31,0.338,1,0,1,0
TXN101099,34.33,6,2.49,2.37,0.376,1,1,0,0
TXN102696,2.83,18,13.14,9.73,1.2,1,1,0,0
TXN109801,17.66,11,14.33,0.35,1.524,0,1,0,0
TXN101338,14.92,18,1.53,11.71,0.692,1,0,0,0
TXN109092,9.59,5,8.52,4.91,1.497,1,0,1,0
TXN113963,19.55,9,10.22,8.55,1.037,0,1,1,0
TXN106309,48.51,11,17.21,4.44,2.075,0,0,0,0
TXN110637,78.11,5,10.32,10.16,1.815,1,1,0,0
TXN111422,21.61,23,8.89,7.15,0.74,1,0,0,0
TXN104420,197.58,13,11.02,1.35,1.674,0,1,0,0
TXN100893,41.88,9,4.56,15.75,0.959,1,1,0,0
TXN101693,51.98,16,7.41,5.24,0.948,0,1,0,0
TXN103803,32.95,14,16.56,7.1,2.077,1,0,0,0
TXN108691,15.85,13,15.19,11.66,2.266,1,1,0,0
TXN109809,24.46,7,15.08,5.08,1.61,1,1,0,0
TXN101718,43.87,20,19.7,10.05,0.997,1,0,1,0
TXN106622,31.34,18,11.84,7.57,0.524,1,1,0,0
TXN103736,9.98,15,0.66,3.23,0.018,1,1,0,0
TXN113796,35.0,23,20.35,2.62,1.135,1,0,0,0
TXN111647,74.37,1,5.02,2.54,0.952,1,1,0,0
TXN103948,64.9,4,13.35,2.58,1.714,1,1,0,0
TXN109356,24.81,14,0.89,1.64,0.785,0,1,0,0
TXN107081,29.61,8,1.06,11.2,0.117,0,1,1,0
TXN108299,21.52,18,0.76,7.06,1.235,0,1,1,0
TXN109472,50.11,6,25.92,5.9,0.373,0,1,0,0
TXN102566,711.23,1,8.07,2.07,0.865,0,1,1,0
TXN108538,71.99,6,12.87,2.98,1.556,0,1,1,0
TXN108274,17.38,20,4.61,6.45,0.809,0,1,0,0
TXN108527,60.59,23,16.52,12.46,1.234,1,1,1,0
TXN101380,35.4,12,7.62,6.23,1.185,1,1,0,0
TXN101157,31.87,2,8.28,12.89,0.524,1,0,1,0
TXN102086,8.85,2,6.26,8.79,2.496,0,1,0,0
TXN109360,222.69,5,1.96,6.02,1.363,1,1,0,0
TXN106422,69.38,14,13.07,1.23,2.021,1,1,0,0
TXN109595,1.16,16,15.89,3.14,1.669,1,1,1,0
TXN103983,236.42,13,22.74,6.12,1.478,1,0,1,0
TXN100881,24.72,17,7.7,3.71,0.347,1,0,1,0
TXN106561,64.73,13,6.04,2.85,0.939,1,0,0,0
TXN112694,22.58,21,5.06,1.5,0.439,1,1,0,0
TXN101391,2.41,0,17.56,1.83,1.201,0,1,1,0
TXN114227,216.68,18,1.93,0.73,1.543,1,1,0,0
TXN113903,4.01,8,13.55,1.7,0.509,1,1,0,0
TXN108687,140.68,10,1.96,0.84,0.95,0,1,1,0
TXN105418,29.63,22,0.67,1.06,0.777,0,0,0,0
TXN114694,55.38,9,72.61,24.53,3.032,1,1,1,1
TXN113256,28.71,1,2.81,3.58,1.039,0,1,0,0
TXN112781,5.43,10,10.26,2.07,0.746,0,1,1,0
TXN113973,24.26,9,10.3,0.91,0.777,1,0,0,0
TXN109449,19.25,20,4.08,7.36,0.892,0,1,0,0
TXN113233,40.58,17,2.65,3.83,1.829,1,0,0,0
TXN106183,42.25,12,0.54,7.13,0.413,1,1,0,0
TXN112264,146.62,19,5.52,14.09,1.172,1,1,0,0
TXN114167,54.47,14,13.34,7.27,1.659,0,1,0,0
TXN106145,26.3,18,15.16,8.72,2.556,1,0,1,0
TXN104411,60.39,8,10.4,4.18,1.143,0,1,0,0
TXN107634,32.65,13,7.91,7.76,1.385,1,1,0,0
TXN113406,217.76,2,0.17,6.28,1.847,1,1,1,0
TXN105822,26.08,15,17.82,1.41,0.773,1,1,1,0
TXN113212,106.55,20,6.25,4.26,1.459,1,1,1,0
TXN109399,23.95,22,12.16,21.92,1.092,1,0,0,0
TXN108895,131.23,11,5.36,2.21,0.933,1,0,1,0
TXN107991,95.08,14,3.07,0.08,1.643,1,1,0,0
TXN100757,36.96,8,8.68,10.4,1.382,1,1,0,0
TXN106476,6.57,18,17.86,10.98,1.806,1,1,1,0
TXN109931,136.9,5,14.54,5.17,1.486,1,1,0,0
TXN103511,7.02,20,24.55,0.11,1.101,1,0,0,0
TXN106565,31.14,18,9.84,1.9,1.494,0,0,0,0
TXN111930,22.9,9,7.91,4.05,1.362,1,0,0,0
TXN112917,14.67,20,5.51,7.5,0.558,1,1,0,0
TXN105973,23.05,12,7.71,21.43,1.177,1,0,1,0
TXN100667,59.36,13,19.7,1.1,1.577,1,0,0,0
TXN102369,22.47,15,2.32,2.57,2.282,1,1,1,0
TXN106340,84.82,5,7.63,2.73,1.85,1,0,1,0
TXN106749,228.44,14,2.61,3.47,1.774,1,1,1,0
TXN106080,22.03,15,3.11,13.13,1.66,0,1,0,0
TXN104337,44.57,7,8.87,0.11,1.468,1,0,0,0
TXN109955,8.54,11,1.26,7.68,1.858,1,0,0,0
TXN107003,20.87,4,29.35,9.4,1.642,1,0,0,0
TXN114473,87.92,13,4.56,9.2,2.153,1,1,0,0
TXN113782,11.04,14,0.56,1.8,0.833,1,1,0,0
TXN112295,3.92,17,3.52,3.62,1.939,1,1,1,0
TXN103339,65.78,7,4.58,9.61,1.737,1,1,1,0
TXN111988,54.04,17,8.38,10.0,1.267,1,1,1,0
TXN103392,69.31,8,1.16,0.14,1.268,1,1,0,0
TXN109864,60.08,12,34.28,1.72,1.371,1,1,0,0
TXN114201,10.83,13,4.76,4.88,0.319,1,0,0,0
TXN110597,67.74,16,16.75,6.65,1.142,1,0,0,0
TXN112984,25.94,14,2.25,7.96,1.131,1,0,0,0
TXN110738,45.26,10,13.57,4.14,1.464,0,1,0,0
TXN111686,31.28,5,19.38,4.36,1.003,1,0,0,0
TXN110645,120.17,10,17.86,0.56,0.861,0,1,1,0
TXN107610,29.63,21,7.81,1.3,0.028,1,0,1,0
TXN110245,44.69,12,1.55,5.14,1.883,1,0,1,0
TXN106254,28.07,15,7.99,0.36,0.739,1,1,1,0
TXN106506,12.56,6,6.84,10.77,0.894,1,0,0,0
TXN103715,10.05,14,3.67,7.33,0.198,1,0,0,0
TXN111980,20.8,17,7.41,11.38,0.612,0,0,0,0
TXN112206,50.95,18,9.93,8.29,0.767,1,0,1,0
TXN107176,12.48,17,21.59,1.71,1.555,1,1,0,0
TXN100479,152.31,6,4.61,0.05,0.56,1,1,0,0
TXN106089,24.16,18,3.85,3.17,2.026,0,0,1,0
TXN104062,135.64,2,18.7,5.64,0.676,1,0,0,0
TXN105203,26.83,4,7.41,8.49,1.31,1,1,0,0
TXN103860,25.52,1,1.32,1.99,0.509,1,1,1,0
TXN105688,24.14,9,4.25,4.09,1.378,1,1,0,0
TXN112417,34.41,1,15.84,6.55,0.135,1,0,0,0
TXN113118,43.52,19,1.41,11.9,1.779,1,0,0,0
TXN105963,46.13,15,21.05,3.57,2.142,0,1,1,0
TXN103634,10.87,0,9.36,1.1,1.292,1,1,0,0
TXN112307,36.16,12,8.14,5.09,0.371,1,1,1,0
TXN102627,61.85,3,2.63,5.7,0.003,0,1,0,0
TXN110621,34.22,10,3.51,3.17,1.051,1,0,0,0
TXN111526,12.7,18,21.71,4.15,0.973,1,1,0,0
TXN110330,57.7,11,11.96,10.58,1.16,0,0,1,0
TXN105781,28.27,21,22.36,4.24,1.287,1,0,1,0
TXN104691,58.0,15,2.08,8.23,1.231,1,1,0,0
TXN106578,148.41,20,0.75,19.75,0.969,1,1,1,0
TXN110510,39.25,15,9.84,2.5,1.111,1,0,0,0
TXN105061,19.35,18,6.89,2.29,1.46,1,1,1,0
TXN109994,32.13,7,3.92,5.85,0.709,1,1,0,0
TXN114558,11.53,15,13.63,0.81,0.882,0,0,1,0
TXN111342,13.71,23,3.57,9.17,1.123,0,1,0,0
TXN109890,29.08,8,5.01,17.06,1.571,0,1,0,0
TXN101117,114.9,19,4.67,10.28,0.865,0,1,1,0
TXN111360,112.53,23,8.6,1.32,0.165,1,0,0,0
TXN104745,53.78,18,6.31,3.84,1.157,0,1,0,0
TXN110311,42.67,13,14.93,10.41,0.393,1,0,1,0
TXN106327,16.62,17,2.06,15.47,1.87,0,1,0,0
TXN100134,38.67,20,15.04,2.57,0.985,1,1,0,0
TXN105924,50.71,12,2.63,9.99,0.604,0,1,1,0
TXN113492,89.42,19,12.62,2.05,0.505,1,1,0,0
TXN110475,124.63,20,8.27,3.85,0.277,1,1,1,0
TXN103497,137.19,9,1.86,10.65,1.748,1,1,0,0
TXN114557,24.79,9,1.09,2.17,1.488,0,0,1,0
TXN109059,30.82,3,6.26,6.23,0.056,1,1,0,0
TXN107196,21.11,13,15.03,15.66,0.039,1,0,0,0
TXN108379,78.62,21,3.17,3.3,0.362,0,0,0,0
TXN113412,9.86,16,0.35,1.02,0.17,0,0,0,0
TXN100420,60.21,15,21.51,4.8,1.057,1,0,1,0
TXN111213,20.13,15,18.98,5.85,1.32,0,1,1,0
TXN107408,36.28,12,13.0,5.2,0.809,1,1,1,0
TXN110315,137.8,21,0.62,8.36,1.233,1,1,1,0
TXN109904,62.33,11,5.43,6.31,0.328,1,1,0,0
TXN107167,10.93,8,11.46,9.21,1.367,0,0,0,0
TXN110054,77.4,2,15.42,14.26,1.477,1,1,0,0
TXN104934,56.14,14,10.89,1.24,2.075,0,1,1,0
TXN106988,87.8,4,7.44,4.77,1.223,1,0,1,0
TXN107023,27.85,13,9.61,5.05,0.954,0,1,0,0
TXN105347,3.18,19,9.6,0.9,1.045,1,0,0,0
TXN114168,15.1,10,2.87,4.84,1.368,1,1,1,0
TXN110373,9.06,6,6.23,8.7,1.037,1,0,0,0
TXN113400,288.51,7,20.27,2.44,0.825,1,1,0,0
TXN109920,16.47,16,2.41,1.8,1.787,1,1,0,0
TXN108320,29.91,9,2.65,1.71,2.228,1,1,1,0
TXN107834,243.2,9,2.36,11.23,1.711,0,0,0,0
TXN101269,95.92,17,1.44,9.93,0.493,0,1,0,0
TXN102277,16.25,18,7.4,5.78,1.788,1,0,0,0
TXN113078,7.08,11,4.77,10.95,0.959,0,1,1,0
TXN109216,88.95,8,9.66,6.4,0.525,1,1,0,0
TXN106567,248.85,16,1.23,5.48,1.274,0,1,0,0
TXN110088,68.24,6,12.54,5.66,2.573,1,0,0,0
TXN110834,19.37,11,7.71,9.69,0.382,1,0,0,0
TXN110368,8.35,11,4.54,15.77,0.998,1,0,0,0
TXN111698,27.32,20,1.19,5.54,1.512,1,1,0,0
TXN104081,48.38,8,14.2,6.55,1.156,1,0,0,0
TXN105881,11.49,21,1.0,4.62,0.982,0,1,0,0
TXN113898,21.29,8,11.65,2.05,1.107,1,1,0,0
TXN108571,42.1,15,5.0,5.05,1.847,1,0,0,0
TXN103704,63.25,16,2.23,3.87,1.032,1,1,1,0
TXN110997,6.47,22,6.85,8.25,1.78,0,1,0,0
TXN105149,19.48,2,9.71,1.66,0.641,0,0,1,0
TXN102133,43.69,7,1.6,1.09,0.53,1,1,1,0
TXN103189,144.7,9,4.62,13.47,1.076,1,1,1,0
TXN102883,20.47,20,12.62,8.67,0.969,0,1,0,0
TXN110980,52.72,20,9.75,5.65,1.94,1,0,1,0
TXN106867,23.32,10,6.18,16.41,0.127,1,1,1,0
TXN101546,29.43,13,15.64,3.55,2.611,1,1,1,0
TXN105384,117.29,21,7.81,5.31,1.332,1,0,0,0
TXN109395,46.05,10,16.16,3.24,0.056,0,1,1,0
TXN105055,46.59,20,3.84,6.25,1.591,1,1,0,0
TXN113588,23.21,12,11.79,11.47,2.104,0,1,0,0
TXN103384,75.59,12,10.56,2.82,1.053,0,0,0,0
TXN113725,46.5,23,18.18,14.12,1.37,1,0,0,0
TXN110620,37.09,17,13.74,12.15,0.866,1,0,0,0
TXN108403,23.03,12,2.98,1.25,1.842,1,0,0,0
TXN107041,24.93,0,7.0,2.41,0.131,1,0,1,0
TXN107390,79.98,12,8.84,1.88,1.782,1,0,0,0
TXN113066,36.37,13,3.03,4.61,1.186,1,1,0,0
TXN101988,20.65,6,5.24,5.17,1.544,1,1,1,0
TXN102989,59.49,0,2.99,7.75,0.266,0,1,0,0
TXN114442,27.23,16,14.91,9.05,0.126,0,0,1,0
TXN112745,30.64,22,17.72,1.58,0.316,1,0,1,0
TXN105162,53.36,8,0.53,6.13,1.78,1,0,0,0
TXN105163,28.84,7,7.89,3.04,1.094,1,1,0,0
TXN105542,21.92,12,18.46,4.21,1.255,1,0,1,0
TXN103241,9.97,0,4.04,8.2,0.713,1,0,0,0
TXN105650,17.63,10,4.72,1.08,1.216,1,0,0,0
TXN112079,81.36,10,6.96,2.88,1.822,1,1,0,0
TXN110194,23.77,20,3.82,3.18,0.773,0,1,1,0
TXN108682,149.94,15,0.62,17.01,2.382,1,1,0,0
TXN113305,55.23,7,3.79,6.79,0.551,1,0,0,0
TXN114986,97.85,15,11.6,20.68,3.974,1,1,1,1
TXN101555,5.61,8,8.79,19.36,1.831,0,1,0,0
TXN100169,6.33,16,0.05,1.67,1.123,1,1,1,0
TXN103677,76.0,20,13.95,7.65,2.155,0,1,0,0
TXN102323,42.11,8,2.52,6.98,0.029,1,1,1,0
TXN100914,25.4,12,0.59,8.18,1.114,1,1,1,0
TXN108760,13.81,8,15.34,6.54,1.019,0,1,1,0
TXN109654,12.78,16,9.18,0.98,0.546,1,1,0,0
TXN107492,36.66,14,10.04,12.91,1.437,1,1,0,0
TXN106077,31.3,6,13.1,1.91,1.084,0,1,0,0
TXN106698,82.01,14,5.27,5.47,1.645,1,1,0,0
TXN112592,32.24,14,11.15,6.33,2.134,0,1,0,0
TXN106150,104.09,13,4.8,5.19,0.36,0,1,0,0
TXN114997,116.01,15,36.2,24.38,1.583,0,0,1,1
TXN102184,49.99,11,8.54,3.68,2.14,0,1,0,0
TXN108200,7.84,8,5.72,4.44,0.655,1,1,1,0
TXN110197,31.42,12,1.51,15.19,0.524,1,0,0,0
TXN104123,243.72,21,11.29,10.6,0.643,0,1,0,0
TXN102624,58.83,8,11.14,15.91,1.964,1,0,1,0
TXN108957,11.45,10,0.52,4.18,1.541,0,1,0,0
TXN112411,11.47,13,9.25,1.12,0.7,1,1,1,0
TXN106182,26.23,14,9.12,7.92,1.016,1,0,0,0
TXN113340,46.11,18,20.13,1.86,0.971,1,0,0,0
TXN107013,112.72,9,14.6,2.58,1.232,0,1,0,0
TXN113544,67.33,15,8.84,0.51,1.139,1,0,0,0
TXN104312,207.38,7,2.69,7.21,0.806,1,0,0,0
TXN108275,11.9,14,15.35,5.94,0.455,0,1,0,0
TXN105122,50.78,15,27.44,1.54,2.717,0,0,1,0
TXN103597,19.25,11,10.96,2.76,1.125,1,0,0,0
TXN110185,77.22,2,4.34,12.01,0.615,1,1,0,0
TXN111539,150.5,15,5.98,1.33,1.895,1,1,1,0
TXN101252,43.2,23,7.49,1.89,1.718,1,1,0,0
TXN110278,206.17,7,17.89,0.79,0.777,1,0,0,0
TXN102705,64.56,15,1.45,0.15,0.087,0,1,0,0
TXN105021,51.05,6,4.65,8.38,2.351,1,0,0,0
TXN101558,405.71,4,4.86,7.25,1.152,0,1,1,0
TXN101965,71.99,21,13.03,4.89,1.025,1,0,0,0
TXN112636,89.83,12,9.39,2.65,2.729,1,1,1,0
TXN102209,26.86,11,19.2,14.12,1.489,1,0,0,0
TXN100312,6.97,10,23.63,3.94,0.073,0,1,1,0
TXN104009,12.21,10,15.51,1.02,0.75,0,0,0,0
TXN112134,22.22,7,7.14,0.08,0.116,1,1,0,0
TXN104403,94.21,4,4.11,0.21,0.815,1,1,0,0
TXN109983,18.0,11,3.81,12.35,1.32,1,1,0,0
TXN102207,10.9,1,12.92,2.4,2.235,1,0,0,0
TXN103072,2.65,15,16.99,1.01,1.721,1,1,0,0
TXN105997,22.93,9,12.32,0.46,2.34,1,1,0,0
TXN104574,10.84,8,13.28,6.83,1.211,0,0,0,0
TXN112594,34.69,18,1.81,4.58,0.725,1,1,0,0
TXN112868,231.01,8,4.46,6.88,0.517,1,0,1,0
TXN101788,70.14,11,2.37,2.67,1.117,1,1,0,0
TXN109699,39.82,10,11.76,2.36,1.244,1,0,1,0
TXN101919,8.16,0,0.95,13.03,1.118,1,1,1,0
TXN108420,36.71,14,24.02,0.53,1.238,0,1,0,0
TXN108837,40.64,13,12.83,3.1,1.115,1,1,1,0
TXN114219,12.8,17,11.81,2.17,1.778,0,0,1,0
TXN114703,12.4,2,7.24,26.59,0.824,1,1,1,1
TXN112945,4.4,13,6.97,6.46,1.345,0,0,0,0
TXN102448,51.65,15,4.14,9.92,1.408,0,0,1,0
TXN109261,14.89,6,12.43,6.95,1.341,1,1,1,0
TXN111026,65.48,20,7.41,5.67,0.164,1,0,0,0
TXN108151,56.39,8,4.51,4.38,1.535,1,1,0,0
TXN112652,134.39,13,15.21,6.1,0.394,1,1,0,0
TXN106472,26.52,6,8.27,6.3,0.693,1,0,0,0
TXN113951,51.92,9,4.96,9.47,0.959,1,1,0,0
TXN110699,5.88,19,19.98,9.14,0.812,1,0,1,0
TXN102703,51.48,10,12.24,8.65,1.192,1,1,0,0
TXN108207,44.03,13,16.88,12.86,0.186,0,1,1,0
TXN107312,37.73,12,21.96,2.72,0.532,1,1,1,0
TXN113261,9.56,11,4.23,4.04,0.619,1,1,0,0
TXN105372,13.21,12,6.95,5.06,1.33,1,1,0,0
TXN103079,99.9,17,19.43,5.86,1.797,1,1,1,0
TXN108789,132.44,22,3.66,7.09,1.796,1,0,0,0
TXN101471,43.74,17,9.72,15.51,1.255,0,1,1,0
TXN109451,446.91,10,1.82,10.28,2.078,1,1,0,0
TXN111977,15.29,11,1.0,0.03,0.571,1,1,0,0
TXN108613,27.82,19,6.68,1.65,1.581,1,0,0,0
TXN104224,23.6,1,12.96,4.5,1.347,1,1,1,0
TXN104752,67.06,17,6.46,5.1,2.285,1,1,0,0
TXN104814,32.36,4,14.08,17.71,1.539,1,1,0,0
TXN108513,20.61,23,18.62,2.65,0.038,1,1,1,0
TXN101511,123.45,0,33.19,7.59,0.493,1,1,1,0
TXN103249,37.3,18,10.03,5.17,0.58,0,1,0,0
TXN103656,16.21,4,12.86,4.07,0.937,0,1,0,0
TXN109934,37.41,5,9.39,4.4,0.364,1,1,0,0
TXN102581,35.71,12,0.5,8.07,1.854,1,1,1,0
TXN106303,46.73,12,1.55,8.77,0.363,1,1,1,0
TXN111401,234.89,21,0.01,9.58,0.402,1,1,1,0
TXN107227,10.26,4,8.16,1.88,1.012,1,1,0,0
TXN113910,7.56,10,21.28,6.17,0.993,1,1,0,0
TXN100580,152.12,20,9.37,1.97,1.272,0,1,0,0
TXN113489,165.14,17,0.83,4.81,1.736,1,0,0,0
TXN103819,17.91,7,13.58,3.49,0.755,0,0,1,0
TXN106679,139.04,11,6.05,3.59,0.831,0,1,1,0
TXN114190,6.94,9,14.81,1.02,0.42,0,1,0,0
TXN102912,73.21,10,3.42,2.22,1.512,0,1,0,0
TXN112044,4.5,4,11.71,9.21,1.763,1,1,0,0
TXN104638,28.98,7,5.68,7.76,1.652,1,1,0,0
TXN102776,46.83,15,2.18,9.41,1.199,1,0,1,0
TXN107637,42.01,10,14.5,1.74,2.215,1,1,1,0
TXN101666,30.28,12,19.46,2.46,0.296,1,1,0,0
TXN103757,6.65,14,6.1,12.92,1.673,0,1,0,0
TXN103245,18.41,6,7.04,13.51,0.156,1,1,0,0
TXN101070,37.86,8,11.38,8.77,0.013,0,0,1,0
TXN104836,332.83,15,2.39,8.05,1.075,0,1,0,0
TXN109715,73.0,19,35.3,9.47,1.825,0,0,0,0
TXN111956,70.06,17,9.04,10.84,1.168,0,1,1,0
TXN114092,21.6,13,10.83,6.92,0.769,1,1,0,0
TXN105508,11.53,9,12.28,1.26,1.169,0,1,0,0
TXN106504,8.94,15,16.84,12.55,0.522,0,1,1,0
TXN107849,85.17,0,9.06,11.33,0.78,1,1,0,0
TXN110257,38.06,10,3.0,1.0,1.774,0,1,1,0
TXN105189,21.38,5,36.82,12.76,1.5,0,0,0,0
TXN106239,11.99,16,15.6,3.84,1.566,0,1,0,0
TXN103149,22.42,22,10.28,6.7,0.412,1,1,1,0
TXN105699,30.12,20,9.48,1.32,1.373,1,1,0,0
TXN108222,30.13,22,19.63,9.22,1.703,0,1,0,0
TXN109126,5.55,2,1.01,9.16,1.36,1,1,0,0
TXN101279,36.03,13,6.77,7.97,2.329,0,1,1,0
TXN103625,30.11,12,17.62,7.31,1.934,1,1,1,0
TXN107908,26.29,15,1.0,2.1,0.925,1,1,0,0
TXN103908,56.7,12,9.18,1.65,1.652,1,1,1,0
TXN104479,13.89,13,6.49,9.25,1.064,0,1,0,0
TXN112213,19.89,18,4.9,7.5,1.788,1,1,0,0
TXN114055,17.69,18,14.33,12.89,0.218,0,0,0,0
TXN100759,77.73,22,10.43,7.91,1.092,0,1,1,0
TXN101188,74.88,5,4.22,5.28,1.398,1,1,0,0
TXN103556,32.31,1,10.42,5.23,1.036,1,1,1,0
TXN111223,26.92,22,9.22,4.92,1.453,1,1,1,0
TXN101561,65.34,13,9.85,8.44,0.782,1,1,1,0
TXN105306,93.72,19,5.47,3.08,0.962,1,1,1,0
TXN106151,62.27,12,6.72,1.57,0.9,1,0,0,0
TXN105873,83.73,17,12.45,0.39,1.06,1,1,1,0
TXN108959,563.19,0,20.21,1.05,1.491,1,1,0,0
TXN110362,52.1,12,6.28,2.03,0.881,1,1,1,0
TXN103026,242.92,20,0.01,9.98,1.127,1,1,1,0
TXN113965,656.78,15,2.77,1.23,1.576,1,1,0,0
TXN110612,3.61,10,6.87,13.82,0.579,1,0,0,0
TXN111306,41.66,11,9.2,4.09,0.895,0,1,0,0
TXN107776,24.64,17,1.37,16.66,1.54,1,0,0,0
TXN113759,9.06,18,5.21,6.33,1.247,1,1,0,0
TXN110145,14.87,17,2.84,2.69,1.411,1,1,0,0
TXN109045,15.05,21,17.0,4.06,0.976,1,1,1,0
TXN112531,27.99,13,0.45,4.69,0.614,1,0,0,0
TXN107958,86.81,23,8.54,15.67,1.485,0,1,0,0
TXN114590,27.63,3,10.22,12.14,0.437,0,0,0,0
TXN102103,51.36,11,3.14,6.83,0.597,0,1,1,0
TXN114930,23.82,11,6.47,25.78,2.306,1,1,1,1
TXN114942,8.16,19,12.04,27.08,3.009,0,0,0,1
TXN108182,11.36,12,3.31,5.34,0.121,1,1,1,0
TXN111697,16.33,20,6.11,14.15,0.917,1,1,1,0
TXN111467,18.97,1,19.22,8.2,0.471,1,0,0,0
TXN104165,14.07,18,14.16,1.24,0.631,1,0,1,0
TXN102723,23.33,0,6.25,4.73,1.556,1,0,1,0
TXN106699,47.0,19,21.39,9.48,1.911,1,1,1,0
TXN100422,27.15,17,3.4,0.99,1.56,1,1,0,0
TXN107873,67.91,12,8.36,16.68,1.471,0,1,0,0
TXN103348,7.23,23,1.85,6.06,1.691,1,0,1,0
TXN107504,15.5,21,14.93,8.73,1.38,0,0,0,0
TXN106332,155.82,17,1.23,11.48,2.222,0,1,1,0
TXN106372,14.27,16,0.32,6.91,0.308,0,1,0,0
TXN103877,40.02,6,3.27,1.64,1.423,1,1,1,0
TXN108148,33.59,18,23.91,10.62,0.862,1,1,0,0
TXN107554,11.15,22,7.93,7.44,1.851,1,1,0,0
TXN105826,49.35,7,4.24,2.75,1.539,1,0,1,0
TXN112243,39.71,10,2.34,4.24,0.723,0,1,1,0
TXN112375,12.35,19,17.87,1.55,1.536,1,1,0,0
TXN108581,230.13,15,10.49,7.33,0.424,1,1,0,0
TXN101493,340.68,15,9.55,10.84,1.326,1,1,1,0
TXN102442,33.14,13,9.53,0.19,1.405,1,1,1,0
TXN110544,79.99,8,2.33,4.85,1.366,1,1,0,0
TXN108401,27.19,20,6.2,13.1,1.342,0,1,0,0
TXN103078,120.05,16,8.55,5.34,1.138,1,0,0,0
TXN102058,24.22,5,9.85,6.85,0.352,1,1,0,0
TXN100557,35.19,7,23.04,1.61,0.983,0,1,1,0
TXN105060,36.45,14,1.33,1.26,1.694,1,1,1,0
TXN105809,9.87,8,4.28,3.43,1.76,1,1,0,0
TXN109925,11.4,19,8.08,19.9,0.909,1,1,0,0
TXN113571,5.22,17,5.59,1.35,0.625,1,0,1,0
TXN112956,34.05,22,4.1,1.37,1.67,0,1,0,0
TXN108811,169.68,8,20.97,10.88,0.166,1,1,0,0
TXN109251,67.37,22,5.69,3.62,1.144,1,0,1,0
TXN107670,37.88,12,5.18,15.83,0.753,1,1,0,0
TXN110285,104.17,15,7.45,8.0,0.327,1,0,1,0
TXN106318,28.23,7,7.66,12.47,1.683,1,0,0,0
TXN103016,52.5,8,15.63,8.02,0.359,0,1,0,0
TXN100741,134.01,20,13.91,4.99,1.34,1,1,1,0
TXN112540,19.85,12,6.42,7.58,1.266,1,0,0,0
TXN112304,86.35,23,5.52,7.81,1.711,1,1,0,0
TXN113800,11.89,17,13.61,4.23,0.133,1,1,0,0
TXN104831,12.92,5,4.18,2.0,1.485,0,1,0,0
TXN103341,154.04,20,9.41,4.03,0.813,1,0,1,0
TXN114288,119.46,8,9.95,15.17,0.08,1,1,1,0
TXN107464,42.56,11,9.74,1.35,1.171,1,1,1,0
TXN114793,21.59,17,66.73,16.09,2.344,1,0,1,1
TXN107953,9.67,5,16.33,3.86,0.855,1,1,0,0
TXN111420,75.45,18,12.11,1.19,0.801,1,1,1,0
TXN109940,155.33,13,11.48,15.21,0.799,1,1,0,0
TXN105507,108.3,13,12.05,6.72,1.127,1,0,0,0
TXN104194,22.12,1,12.52,0.15,1.455,1,0,1,0
TXN110828,107.77,5,11.5,5.32,2.226,1,1,0,0
TXN111850,15.03,3,0.2,16.73,1.152,0,0,1,0
TXN104853,71.82,21,1.99,8.21,2.162,1,1,0,0
TXN108960,28.2,8,23.39,0.69,0.615,1,1,0,0
TXN107910,93.3,10,9.47,8.21,1.02,1,1,0,0
TXN111834,34.9,11,6.58,9.88,0.63,1,0,1,0
TXN103198,55.51,6,2.78,6.02,0.411,0,1,0,0
TXN113950,23.37,7,0.47,1.21,0.305,0,1,0,0
TXN111747,40.3,18,5.4,9.94,2.004,0,0,1,0
TXN105435,60.39,9,12.37,0.68,0.193,1,1,0,0
TXN101203,17.48,12,13.9,4.74,1.823,0,0,1,0
TXN100300,3.76,20,5.92,11.6,1.788,1,1,0,0
TXN100126,47.85,13,2.54,15.23,1.333,0,0,1,0
TXN112357,32.27,14,1.45,0.67,1.168,1,1,0,0
TXN102560,35.88,14,13.29,2.47,1.127,0,1,0,0
TXN106397,22.13,15,4.08,4.9,1.986,1,1,0,0
TXN107402,85.21,5,3.95,4.63,0.988,0,0,0,0
TXN101673,45.92,3,11.36,3.28,1.407,1,0,0,0
TXN106682,59.33,5,5.85,1.9,0.657,1,1,1,0
TXN109550,24.28,0,7.05,0.89,0.717,1,1,0,0
TXN101443,25.53,8,13.0,7.89,1.762,0,1,0,0
TXN109503,71.14,1,23.51,4.87,0.431,1,0,1,0
TXN110355,130.82,17,8.59,2.48,0.642,1,1,1,0
TXN101607,12.82,7,6.49,6.35,1.229,1,1,1,0
TXN112569,9.67,3,27.4,1.69,0.253,1,1,0,0
TXN112790,19.85,15,13.47,1.7,1.444,0,1,0,0
TXN110730,43.96,12,22.22,12.33,2.012,0,1,0,0
TXN102275,53.35,19,3.9,0.72,2.243,1,1,0,0
TXN103090,15.78,21,22.99,9.5,1.169,1,1,1,0
TXN104251,46.22,5,6.82,3.79,1.778,1,1,0,0
TXN105819,55.96,18,25.82,4.15,0.546,1,1,1,0
TXN114715,45.5,3,78.22,33.78,2.908,1,0,0,1
TXN107288,112.95,0,22.4,10.67,2.69,1,1,0,0
TXN100662,20.56,16,1.02,10.26,0.677,1,0,0,0
TXN109986,28.12,6,2.91,6.83,0.479,1,1,1,0
TXN110951,64.53,9,1.85,5.68,0.778,1,0,0,0
TXN114322,56.04,22,0.4,8.06,0.739,0,1,0,0
TXN106107,47.37,17,15.33,5.65,0.051,1,1,0,0
TXN109107,30.64,12,15.3,2.97,1.575,0,1,1,0
TXN109201,32.47,19,5.52,7.62,2.269,0,1,0,0
TXN107575,91.09,7,3.37,3.99,0.429,1,0,0,0
TXN108883,34.05,8,18.4,5.62,0.918,1,1,0,0
TXN102657,33.63,19,9.69,2.31,1.826,0,1,1,0
TXN101858,7.99,11,10.6,6.67,0.488,0,1,0,0
TXN111886,115.59,17,19.08,16.22,1.147,1,1,0,0
TXN104871,9.39,16,15.13,0.01,1.019,0,1,0,0
TXN113649,82.33,15,6.31,0.47,1.316,1,1,1,0
TXN112368,15.27,20,3.07,9.8,0.153,1,1,0,0
TXN100272,10.33,21,4.77,1.32,1.701,0,0,0,0
TXN107805,293.98,10,6.1,2.76,1.008,1,1,0,0
TXN108991,23.14,13,4.75,9.37,2.048,0,1,1,0
TXN112331,30.09,17,1.24,5.48,0.824,1,0,1,0
TXN104266,54.08,8,1.28,13.25,0.844,0,0,0,0
TXN101369,8.74,6,7.88,11.12,2.898,1,1,0,0
TXN105308,23.76,21,2.91,8.84,0.569,0,0,0,0
TXN110241,17.9,9,10.82,5.47,1.332,1,1,0,0
TXN112591,35.27,19,0.71,4.5,0.308,0,1,0,0
TXN113172,1.76,15,11.78,1.76,1.483,1,0,0,0
TXN110864,11.51,16,4.46,7.28,0.564,1,1,0,0
TXN111750,77.59,13,0.14,10.09,1.775,0,1,0,0
TXN107074,44.09,6,17.9,12.66,1.189,0,0,1,0
TXN102224,167.76,9,3.29,5.68,1.515,1,1,0,0
TXN105044,19.34,18,1.81,10.54,0.987,1,0,0,0
TXN111518,8.93,13,4.62,2.63,0.711,1,1,1,0
TXN107411,11.51,18,19.51,3.02,1.263,1,1,0,0
TXN103824,24.11,17,0.05,11.25,0.998,1,1,0,0
TXN114956,172.21,15,13.48,22.15,0.655,1,0,0,1
TXN100740,22.8,16,16.45,3.32,1.478,1,0,0,0
TXN103521,313.07,12,21.62,2.26,0.978,1,1,0,0
TXN102078,111.95,21,0.97,3.56,0.8,1,1,0,0
TXN100816,24.41,6,15.73,3.89,1.853,1,0,0,0
TXN112136,6.87,12,13.9,11.15,1.018,0,1,1,0
TXN101246,42.52,5,11.13,4.4,2.507,0,1,0,0
TXN113251,41.1,21,1.61,7.45,0.66,1,1,0,0
TXN105257,2.0,21,7.43,4.54,0.776,0,0,0,0
TXN107144,216.55,11,7.1,0.69,1.909,0,1,0,0
TXN112867,391.39,18,8.67,1.43,1.383,1,0,1,0
TXN106806,23.77,10,4.2,1.25,2.112,1,0,0,0
TXN112641,537.98,9,16.19,3.1,1.484,0,1,1,0
TXN108500,38.67,20,2.33,8.69,0.238,1,1,0,0
TXN103134,9.27,10,17.73,4.03,0.931,1,0,1,0
TXN108958,44.61,7,7.22,1.21,0.687,0,1,0,0
TXN102242,9.7,7,7.85,9.52,1.637,0,1,1,0
TXN110962,116.71,21,5.71,20.64,1.003,0,0,1,0
TXN113144,23.06,15,3.13,7.01,1.153,1,0,0,0
TXN106820,16.4,7,5.81,1.71,1.691,1,1,0,0
TXN103746,25.72,10,21.8,8.71,1.088,1,1,0,0
TXN101677,6.08,5,0.36,4.18,1.504,1,1,1,0
TXN102892,143.96,17,6.29,9.32,0.375,0,1,0,0
TXN110595,61.37,0,8.93,10.03,1.583,1,0,0,0
TXN114759,25.74,0,7.57,21.42,3.831,0,1,1,1
TXN110556,39.78,1,6.88,10.15,1.321,0,1,0,0
TXN112090,44.09,11,10.63,5.41,1.059,1,1,1,0
TXN113942,69.26,0,15.01,7.3,0.758,1,1,0,0
TXN100971,42.06,21,5.83,15.58,1.572,1,0,0,0
TXN114944,47.78,0,13.54,31.19,1.213,0,0,0,1
TXN112803,18.92,16,10.22,5.5,1.919,0,1,0,0
TXN114796,260.72,22,41.21,27.72,2.079,1,0,0,1
TXN114864,7.95,9,21.66,3.21,1.762,1,1,1,1
TXN101586,139.96,9,0.67,6.59,1.493,1,1,1,0
TXN110272,98.55,0,4.96,3.62,2.418,1,1,0,0
TXN111646,121.39,15,7.96,2.89,0.702,1,0,0,0
TXN109432,21.81,19,1.73,4.79,2.026,1,0,0,0
TXN101326,37.4,18,7.25,8.57,2.552,0,1,0,0
TXN111821,37.1,21,12.94,14.22,0.907,0,1,0,0
TXN104346,72.48,16,10.16,2.08,1.411,0,1,1,0
TXN101216,170.23,13,1.66,4.46,0.494,0,0,1,0
TXN107066,50.78,8,12.65,4.66,0.929,0,0,0,0
TXN107327,71.01,8,5.55,2.51,1.177,1,0,1,0
TXN101656,10.1,1,15.55,5.53,0.193,1,1,0,0
TXN107300,60.37,23,8.21,11.66,1.822,1,1,1,0
TXN107712,12.51,23,1.99,3.57,0.466,0,1,1,0
TXN101292,28.68,21,0.04,0.06,1.486,1,1,0,0
TXN104085,96.79,11,3.22,5.33,0.184,1,0,1,0
TXN109245,24.95,10,12.24,3.79,1.665,0,1,1,0
TXN111107,68.85,10,8.9,1.79,1.896,1,1,0,0
TXN106219,12.33,7,20.87,6.41,0.89,1,0,0,0
TXN111665,13.49,21,20.82,3.5,1.857,1,1,0,0
TXN114659,43.9,5,54.65,11.45,3.03,0,0,1,1
TXN114053,4.13,14,2.98,3.12,2.154,1,1,1,0
TXN114679,62.97,20,2.19,38.87,0.201,0,1,0,1
TXN105240,19.46,10,11.38,15.22,0.295,1,1,0,0
TXN109439,70.36,13,5.41,2.07,0.856,1,0,0,0
TXN111858,14.88,0,19.55,3.93,0.553,1,1,0,0
TXN113615,17.37,12,5.74,17.09,1.14,0,1,1,0
TXN112514,60.31,16,12.29,0.12,0.844,1,1,1,0
TXN106936,17.72,14,13.76,0.14,1.841,1,0,0,0
TXN112328,72.95,2,18.55,14.99,0.736,1,1,0,0
TXN109014,15.06,13,3.24,6.01,1.153,1,1,1,0
TXN107098,15.99,22,6.3,0.05,2.381,0,0,0,0
TXN108059,11.4,1,18.06,11.21,1.244,1,1,0,0
TXN103216,68.14,22,4.48,14.42,0.738,1,1,1,0
TXN109091,63.52,8,9.23,6.88,1.679,0,1,0,0
TXN113156,17.05,9,19.79,2.76,0.128,0,1,0,0
TXN108149,24.39,14,12.88,7.0,1.617,0,1,1,0
TXN101724,37.37,19,17.02,4.89,0.314,0,0,1,0
TXN100242,110.58,21,25.7,5.76,1.269,0,1,1,0
TXN106575,30.89,16,3.09,21.77,1.35,1,1,0,0
TXN108293,175.26,1,21.3,5.06,0.979,0,1,0,0
TXN104457,38.4,11,10.05,6.98,2.012,0,0,1,0
TXN109456,41.87,16,12.49,21.66,0.962,0,0,0,0
TXN112928,199.19,11,4.77,9.51,1.571,0,1,1,0
TXN106801,3.39,14,6.52,3.51,1.686,1,1,1,0
TXN102082,24.39,15,3.2,10.26,1.138,0,0,0,0
TXN105363,52.81,17,10.59,4.12,1.163,1,0,0,0
TXN109714,4.23,17,10.18,2.05,1.301,1,0,1,0
TXN114383,6.19,15,17.18,14.84,1.29,1,0,1,0
TXN108078,73.13,11,2.89,2.04,1.487,1,1,1,0
TXN102693,53.95,6,6.69,4.81,0.726,1,1,0,0
TXN105449,78.27,10,1.47,4.5,1.47,1,0,0,0
TXN106775,13.83,12,13.29,0.26,1.321,0,1,0,0
TXN102260,82.58,8,2.27,9.99,2.011,1,0,0,0
TXN107565,47.26,11,25.74,5.43,1.836,0,1,0,0
TXN100992,19.43,5,10.95,11.13,0.034,1,1,0,0
TXN104474,116.88,23,4.12,2.89,0.294,1,1,0,0
TXN103907,16.46,13,1.62,14.82,0.743,1,1,0,0
TXN107875,14.94,20,10.91,4.47,1.8,0,1,1,0
TXN114599,36.32,9,19.23,12.79,1.536,1,1,0,0
TXN112470,44.35,16,6.17,1.26,1.368,1,1,0,0
TXN108577,36.68,16,18.03,3.28,0.253,0,0,1,0
TXN112349,24.15,10,1.22,0.55,1.068,1,1,1,0
TXN103898,18.87,12,9.61,1.93,1.994,1,1,1,0
TXN114085,37.34,21,16.33,10.0,1.452,1,1,1,0
TXN113665,145.08,11,1.81,6.54,0.569,0,1,0,0
TXN104182,11.33,17,2.8,3.45,0.965,1,1,1,0
TXN103055,8.24,9,11.93,3.2,1.107,0,1,0,0
TXN106286,67.59,4,2.94,6.44,1.625,0,1,0,0
TXN113630,25.59,12,3.37,11.08,0.8,1,0,1,0
TXN114122,100.38,9,6.57,2.91,0.17,0,1,0,0
TXN112534,93.16,11,14.27,9.87,1.434,0,0,0,0
TXN101804,29.75,18,3.62,24.88,0.054,1,0,0,0
TXN106791,24.66,6,7.29,6.44,0.864,0,1,1,0
TXN110206,14.25,10,13.61,6.66,1.081,0,1,0,0
TXN108125,21.86,21,7.29,10.35,1.682,0,0,1,0
TXN103234,188.45,15,14.14,15.24,0.836,1,1,1,0
TXN108198,42.23,16,13.1,5.13,0.533,1,0,1,0
TXN102984,28.77,14,19.81,14.44,1.629,1,1,0,0
TXN106225,38.02,8,4.7,5.12,1.371,1,0,0,0
TXN101739,12.97,20,14.11,8.05,1.014,1,1,1,0
TXN103401,53.82,11,5.69,4.05,1.616,1,1,0,0
TXN100174,64.66,18,1.04,3.3,0.753,1,1,0,0
TXN107960,32.94,13,4.07,0.06,1.583,1,1,1,0
TXN109919,13.74,9,13.18,7.56,1.721,1,1,1,0
TXN104586,244.8,17,8.62,6.95,1.632,1,1,0,0
TXN107919,38.43,10,6.14,0.9,1.026,1,1,0,0
TXN106137,175.68,16,0.51,10.28,1.425,0,1,0,0
TXN110269,53.31,10,8.01,10.3,1.78,1,1,1,0
TXN108605,44.42,7,13.07,0.55,1.958,1,1,0,0
TXN100704,55.49,9,0.34,2.48,1.523,1,1,0,0
TXN103527,94.1,1,6.81,3.13,0.952,1,0,0,0
TXN111220,19.21,3,20.3,3.48,1.04,0,1,1,0
TXN107367,289.66,12,14.97,4.65,1.214,1,1,0,0
TXN111905,64.19,7,11.09,1.99,1.425,0,0,0,0
TXN106104,75.77,13,0.85,16.81,0.708,0,1,1,0
TXN114343,8.98,9,2.23,6.86,1.284,1,0,0,0
TXN114439,61.49,5,11.17,13.03,1.495,1,0,0,0
TXN102439,13.8,19,3.68,3.3,1.684,1,0,1,0
TXN114725,128.24,15,44.31,25.58,2.808,0,0,0,1
TXN108037,64.17,17,8.48,1.16,0.888,1,1,0,0
TXN104231,15.89,9,6.34,3.53,1.416,0,1,0,0
TXN114396,12.17,17,4.17,11.79,0.918,0,0,0,0
TXN104623,33.36,12,16.47,2.55,1.643,1,1,0,0
TXN111069,134.85,17,0.67,5.7,1.399,1,1,0,0
TXN109973,56.1,15,11.48,1.55,1.176,0,0,0,0
TXN114798,345.18,6,23.99,4.55,3.656,1,1,0,1
TXN106016,182.5,14,1.36,7.63,1.885,0,0,0,0
TXN104914,454.87,20,0.74,8.49,0.953,1,1,0,0
TXN108340,189.33,14,12.98,0.37,1.59,0,1,0,0
TXN106925,51.56,14,8.93,8.2,0.889,1,1,0,0
TXN114237,44.45,6,6.25,6.52,1.348,1,1,0,0
TXN110776,43.16,11,11.92,0.74,1.076,1,1,1,0
TXN107885,28.8,17,9.62,13.08,1.702,1,0,1,0
TXN114610,5.43,13,6.71,0.72,1.392,1,0,0,0
TXN108529,215.97,5,3.57,12.17,0.927,0,1,0,0
TXN100910,106.81,16,3.1,9.9,0.415,1,0,0,0
TXN102871,27.41,7,13.68,10.46,1.488,0,1,0,0
TXN111277,21.81,1,14.94,10.46,0.856,0,1,0,0
TXN102879,11.75,6,13.96,1.6,1.353,1,1,1,0
TXN111483,69.07,23,11.32,8.33,1.379,1,0,1,0
TXN112207,12.39,11,24.94,1.28,1.445,1,1,1,0
TXN101276,9.86,14,10.15,9.81,1.727,0,1,0,0
TXN106334,55.77,2,11.9,7.26,0.521,1,0,1,0
TXN100370,33.53,8,0.16,0.6,1.617,0,0,0,0
TXN100051,24.18,18,0.86,3.36,1.461,1,0,0,0
TXN114236,34.83,21,7.51,3.09,0.913,0,1,0,0
TXN104166,23.05,21,7.94,1.88,0.631,1,0,1,0
TXN114541,8.86,12,17.56,2.99,2.208,0,0,1,0
TXN103272,43.49,16,14.9,2.51,0.404,0,1,0,0
TXN111861,97.27,11,10.89,0.6,1.425,1,1,1,0
TXN105704,27.96,6,2.42,0.35,0.145,0,1,1,0
TXN112736,14.87,12,23.39,0.61,0.567,1,1,1,0
TXN107293,108.15,7,7.99,6.25,1.584,1,0,0,0
TXN108775,20.32,11,10.83,4.92,1.449,0,1,0,0
TXN105050,78.62,12,9.31,8.56,0.361,1,1,1,0
TXN104325,22.31,18,9.69,2.53,1.538,0,0,0,0
TXN110629,22.81,23,6.87,6.44,1.605,0,1,0,0
TXN107969,29.6,10,1.92,3.4,1.194,0,0,0,0
TXN107398,19.28,13,12.38,5.1,1.444,1,0,1,0
TXN112805,16.21,21,6.01,9.56,2.315,1,0,0,0
TXN112433,8.56,9,7.23,4.67,0.896,1,1,0,0
TXN110871,44.96,19,10.27,10.01,1.308,1,0,0,0
TXN113718,144.6,6,13.81,8.44,0.861,1,0,0,0
TXN103958,20.13,9,2.64,8.22,1.554,0,0,0,0
TXN111568,46.59,1,21.47,5.45,1.823,1,1,1,0
TXN105727,25.95,22,12.8,0.02,1.955,1,1,0,0
TXN109965,42.14,21,8.59,8.55,1.82,1,1,0,0
TXN109767,178.6,19,10.29,1.47,1.487,0,1,1,0
TXN107642,213.02,8,1.27,5.25,2.534,1,1,0,0
TXN111009,12.05,12,2.28,0.49,1.44,0,1,1,0
TXN104049,14.06,12,7.89,4.07,2.164,0,0,1,0
TXN111766,297.27,17,19.71,13.09,0.673,1,0,0,0
TXN103751,16.66,5,3.93,17.59,1.571,1,0,0,0
TXN111309,24.09,13,11.55,2.2,1.241,0,1,0,0
TXN108503,79.36,9,5.88,3.17,1.856,1,1,0,0
TXN103494,75.01,17,16.6,3.96,0.775,0,1,1,0
TXN111249,26.47,16,14.72,2.56,1.58,0,1,0,0
TXN112187,42.82,13,10.57,1.88,2.615,0,1,0,0
TXN102741,25.99,10,23.28,4.64,1.636,1,1,0,0
TXN112058,281.67,13,10.88,1.3,0.385,1,1,0,0
TXN100207,18.27,9,13.9,4.67,1.44,1,0,0,0
TXN104156,25.05,19,6.41,6.43,1.15,1,1,1,0
TXN105146,92.13,5,13.88,1.73,1.082,1,1,0,0
TXN105554,22.18,6,14.4,5.01,1.613,1,1,1,0
TXN111668,78.05,10,7.11,18.25,1.933,1,1,0,0
TXN108188,32.03,3,14.45,4.17,1.798,1,1,1,0
TXN100121,139.29,19,21.4,4.19,0.264,0,1,1,0
TXN103291,180.17,3,9.35,0.82,1.183,0,1,0,0
TXN106363,38.66,6,15.19,4.74,0.122,1,1,0,0
TXN112578,21.44,16,1.04,1.29,2.223,0,1,1,0
TXN109757,123.24,5,0.56,2.97,0.046,1,1,0,0
TXN113301,2.64,11,5.96,3.33,0.753,0,1,0,0
TXN110622,33.73,12,12.72,8.47,1.336,0,0,0,0
TXN104157,18.15,0,3.97,5.41,0.98,0,1,0,0
TXN109915,15.52,6,10.46,3.86,1.488,0,1,0,0
TXN109850,12.28,8,3.9,9.5,1.018,0,0,0,0
TXN106306,27.77,18,4.46,11.4,1.037,0,0,0,0
TXN111341,69.42,12,7.81,11.13,0.684,1,1,0,0
TXN111635,7.41,20,4.38,20.8,1.869,1,0,0,0
TXN101884,36.63,17,11.85,12.59,1.27,1,1,0,0
TXN107112,41.57,16,1.36,5.41,0.999,0,1,1,0
TXN111263,260.87,23,6.75,1.86,0.395,1,1,0,0
TXN106489,13.97,9,9.8,4.78,1.467,1,1,0,0
TXN114906,30.04,15,15.88,15.07,1.091,1,0,0,1
TXN112926,28.27,16,13.14,4.31,1.46,1,1,0,0
TXN105102,28.46,0,3.33,9.72,1.15,1,1,1,0
TXN112125,159.18,2,4.22,3.66,0.901,1,0,1,0
TXN102180,38.58,6,25.31,1.61,1.64,1,1,0,0
TXN110014,37.72,19,5.59,3.7,1.245,0,0,0,0
TXN104223,59.23,21,7.56,4.46,1.598,0,1,0,0
TXN106769,32.59,18,0.91,3.86,0.274,1,1,0,0
TXN109177,18.0,10,12.39,3.35,1.545,1,1,0,0
TXN111221,41.39,14,13.63,1.35,1.043,0,1,1,0
TXN108633,4.43,17,11.17,5.95,0.624,0,0,1,0
TXN101066,54.91,22,9.44,6.61,1.623,1,0,1,0
TXN101096,14.69,23,18.4,5.39,1.38,1,1,0,0
TXN105282,77.12,9,10.83,5.94,0.638,1,1,0,0
TXN110650,126.29,16,0.43,5.06,1.287,0,1,1,0
TXN113864,93.04,5,22.28,3.31,0.488,1,1,1,0
TXN105668,36.3,9,20.01,2.87,0.578,1,1,0,0
TXN108517,31.87,7,18.33,10.0,1.56,1,0,1,0
TXN100424,15.01,3,17.25,0.59,1.65,1,0,0,0
TXN100253,58.27,6,9.34,0.39,1.101,1,1,1,0
TXN112893,35.9,2,4.73,0.63,1.575,1,1,0,0
TXN113025,24.1,13,1.9,0.12,0.423,0,1,0,0
TXN106010,40.37,11,14.8,5.25,1.111,1,1,1,0
TXN114206,15.14,10,8.38,10.89,0.923,1,1,0,0
TXN104147,14.69,10,3.55,1.4,0.478,1,0,0,0
TXN104759,42.5,21,10.02,5.3,1.41,0,1,0,0
TXN107454,53.65,19,1.84,17.81,0.533,1,1,1,0
TXN100548,18.08,13,13.23,5.44,1.154,0,1,0,0
TXN113453,39.15,1,15.44,1.94,1.3,1,0,1,0
TXN100867,59.25,22,8.85,2.48,1.251,1,0,0,0
TXN100516,125.33,6,0.99,3.3,1.713,1,1,1,0
TXN107509,12.58,5,2.99,0.44,1.394,1,1,1,0
TXN100458,49.79,23,16.93,4.98,1.173,1,1,0,0
TXN100825,95.95,8,7.59,0.02,0.83,1,1,0,0
TXN106381,34.55,3,14.22,4.56,0.179,1,1,0,0
TXN113751,23.1,17,14.69,5.95,0.685,1,0,0,0
TXN111402,43.32,0,4.45,11.13,1.194,1,0,0,0
TXN108129,38.15,15,7.02,17.0,1.807,1,1,0,0
TXN104069,40.07,15,15.14,12.9,1.037,1,1,1,0
TXN100018,53.62,5,13.03,5.32,1.358,1,1,1,0
TXN107468,45.95,14,4.21,22.22,0.857,0,1,0,0
TXN112843,39.88,15,3.59,6.69,2.374,0,1,0,0
TXN109841,43.96,11,6.39,2.92,0.224,1,1,1,0
TXN108080,65.91,12,26.3,4.77,1.131,1,0,0,0
TXN114937,78.31,17,15.84,22.71,1.101,1,0,1,1
TXN101382,68.2,7,9.75,7.57,1.69,1,1,0,0
TXN110326,62.08,1,11.01,6.94,1.475,1,1,0,0
TXN114649,65.21,8,31.6,27.83,0.912,0,1,0,1
TXN102597,5.23,1,15.85,19.74,0.892,1,1,1,0
TXN104233,20.83,8,11.53,3.3,0.317,1,0,1,0
TXN101289,24.56,21,0.33,15.53,0.089,1,1,0,0
TXN108777,26.88,11,4.56,8.67,1.16,1,0,1,0
TXN107156,29.04,14,5.65,1.92,1.835,0,1,0,0
TXN101363,34.92,23,6.65,7.13,0.789,1,1,0,0
TXN108557,26.15,11,8.15,4.54,0.438,0,0,0,0
TXN113224,187.68,0,2.74,3.45,1.767,0,0,1,0
TXN101938,20.18,8,3.44,0.07,2.348,1,1,0,0
TXN113044,60.48,5,4.59,14.48,1.28,0,1,0,0
TXN113308,25.94,16,15.34,3.45,0.48,1,0,0,0
TXN109120,13.95,17,10.35,7.16,2.224,1,1,0,0
TXN114851,125.62,20,16.63,30.37,0.276,1,1,1,1
TXN106367,23.73,5,3.82,9.51,1.454,0,1,0,0
TXN105857,7.09,10,0.47,3.86,0.853,1,0,0,0
TXN103300,8.8,20,0.39,0.45,0.789,1,1,0,0
TXN104180,10.09,17,14.62,1.04,1.286,1,1,0,0
TXN111548,6.72,10,11.24,16.75,1.442,1,1,0,0
TXN113593,57.29,13,7.01,0.16,0.967,1,1,0,0
TXN111414,13.23,12,13.23,9.48,1.339,0,1,1,0
TXN107814,10.25,0,19.83,1.6,0.465,1,0,0,0
TXN114946,28.2,8,36.66,6.24,3.148,1,1,1,1
TXN103085,49.36,15,10.19,3.03,1.247,0,0,0,0
TXN103086,33.9,9,0.08,9.22,0.323,1,0,0,0
TXN107442,25.2,12,31.4,4.24,1.174,0,0,0,0
TXN111500,38.37,2,12.91,3.45,1.571,1,0,0,0
TXN110992,95.7,3,9.08,4.02,1.282,0,0,0,0
TXN108314,7.34,14,8.96,1.34,0.521,0,1,1,0
TXN101082,16.8,15,8.5,10.63,1.786,0,1,0,0
TXN107129,46.03,19,21.71,13.2,0.523,1,1,1,0
TXN109954,197.27,7,1.28,0.64,1.811,0,0,1,0
TXN100699,53.08,17,7.49,9.34,0.121,1,0,0,0
TXN105134,99.36,10,3.51,3.07,1.528,0,1,1,0
TXN105028,11.51,5,6.51,13.91,1.343,1,1,0,0
TXN113777,6.29,11,27.08,2.92,1.522,0,1,0,0
TXN109617,13.49,15,10.77,2.43,2.066,0,1,0,0
TXN100403,55.22,19,13.16,6.02,1.554,1,1,0,0
TXN106096,24.79,15,3.37,1.5,0.46,1,1,0,0
TXN104907,115.11,17,4.94,11.13,1.677,1,0,0,0
TXN106524,37.32,7,7.48,7.73,1.264,0,1,0,0
TXN100560,82.56,10,8.55,1.52,1.24,0,1,0,0
TXN111083,4.46,15,16.5,2.15,0.49,0,0,0,0
TXN113439,47.16,10,6.95,2.3,1.329,1,1,1,0
TXN104965,139.26,19,4.65,4.66,0.34,1,0,0,0
TXN106035,14.42,14,16.73,3.61,1.07,1,1,1,0
TXN100643,34.45,22,14.71,6.52,1.289,1,1,0,0
TXN108341,18.01,17,13.12,15.53,0.704,1,0,0,0
TXN114480,17.97,0,2.72,21.87,0.915,1,0,0,0
TXN112935,9.44,4,4.98,8.72,0.82,1,1,1,0
TXN113103,252.1,10,4.2,3.29,1.764,1,1,0,0
TXN111054,32.16,12,3.65,0.03,1.041,1,1,1,0
TXN112221,37.35,13,0.73,11.0,2.191,0,1,1,0
TXN113414,60.03,17,4.83,5.25,0.752,1,0,0,0
TXN112500,17.25,18,3.04,6.29,1.083,1,0,1,0
TXN111002,22.61,11,13.44,11.48,1.021,1,1,1,0
TXN110141,6.47,19,14.02,6.57,1.806,1,0,0,0
TXN113402,108.19,15,3.49,8.08,0.54,1,1,0,0
TXN104039,6.44,10,9.62,5.18,0.353,1,1,0,0
TXN106762,23.43,8,7.85,12.96,0.18,1,1,1,0
TXN108947,32.61,17,17.7,4.01,0.293,1,1,0,0
TXN113424,25.43,19,15.84,17.86,1.814,0,0,1,0
TXN114058,35.79,14,17.59,8.29,1.51,1,1,0,0
TXN102030,20.76,9,6.44,1.19,0.174,0,0,0,0
TXN101543,20.56,20,13.81,2.51,1.451,1,1,0,0
TXN101209,22.28,3,20.01,3.31,0.898,1,1,0,0
TXN101678,88.85,15,8.04,10.63,1.37,1,1,1,0
TXN102228,38.69,0,8.05,16.6,1.036,1,1,0,0
TXN114229,43.34,13,1.83,0.64,0.098,0,0,0,0
TXN100882,15.86,17,12.6,1.54,0.446,0,0,1,0
TXN100316,13.67,14,0.43,3.3,2.092,1,1,0,0
TXN110070,11.23,12,12.71,9.75,2.098,0,0,0,0
TXN107178,120.9,17,11.02,0.97,0.951,0,1,1,0
TXN101389,30.12,16,2.14,4.67,0.181,0,1,0,0
TXN102269,38.44,0,0.59,13.48,0.127,1,0,1,0
TXN104960,44.61,11,1.95,6.62,1.332,1,1,1,0
TXN100840,10.41,19,20.59,2.99,1.628,0,1,1,0
TXN103655,44.82,10,9.61,4.08,1.611,1,0,0,0
TXN113539,25.74,6,20.28,6.14,0.922,0,1,1,0
TXN109674,76.67,13,3.94,2.86,0.648,1,1,1,0
TXN113536,24.15,21,22.16,15.19,0.64,1,1,1,0
TXN111269,3.9,15,0.84,14.26,1.04,1,1,0,0
TXN104925,17.11,19,26.07,3.48,1.423,1,1,0,0
TXN110243,33.09,0,4.7,2.1,0.445,1,1,0,0
TXN109058,5.94,14,16.11,6.92,1.196,1,0,1,0
TXN110793,43.21,18,2.1,4.43,0.397,0,1,1,0
TXN114812,28.61,21,10.15,36.55,1.112,1,0,1,1
TXN100409,8.86,18,21.48,8.82,1.262,1,1,1,0
TXN106456,20.05,15,1.95,18.47,1.599,0,1,0,0
TXN101981,90.04,17,10.66,20.35,0.101,1,1,0,0
TXN100854,14.51,9,12.74,5.11,0.603,1,1,0,0
TXN102695,28.92,10,18.13,17.14,1.707,1,1,0,0
TXN111368,38.97,18,3.66,8.72,1.317,1,0,0,0
TXN114745,44.34,6,29.55,12.21,1.812,0,1,1,1
TXN108464,74.98,9,6.73,7.2,1.277,1,0,0,0
TXN107445,70.11,17,13.92,4.32,1.757,0,1,0,0
TXN110247,11.33,18,0.1,0.77,1.535,0,0,0,0
TXN111315,36.12,8,2.02,2.05,1.519,1,1,1,0
TXN102441,169.02,11,8.32,7.13,0.35,1,1,0,0
TXN104063,114.66,14,12.39,12.17,1.123,1,1,0,0
TXN105296,10.1,3,21.48,1.53,1.139,1,0,0,0
TXN108176,25.84,12,8.88,1.36,1.136,1,1,0,0
TXN101060,10.29,11,7.49,12.4,1.357,1,0,0,0
TXN111280,42.93,5,0.68,0.53,0.014,0,1,0,0
TXN108442,27.35,13,3.72,6.58,1.084,1,0,1,0
TXN108906,103.33,2,17.4,7.16,0.845,1,0,0,0
TXN101741,161.89,0,13.97,1.71,0.505,0,1,0,0
TXN111742,66.15,14,10.88,17.22,1.078,1,0,0,0
TXN100464,66.04,2,6.89,1.71,1.391,1,1,1,0
TXN105619,7.58,19,0.24,11.84,1.55,1,1,1,0
TXN100722,21.81,11,5.04,10.51,1.622,0,1,1,0
TXN113292,51.25,14,13.36,4.45,0.687,1,0,0,0
TXN107671,23.35,22,11.12,5.9,0.715,1,1,1,0
TXN104940,438.79,23,2.77,4.19,2.105,1,0,0,0
TXN110861,94.84,15,6.47,12.28,2.092,0,0,0,0
TXN106836,228.93,13,14.32,13.86,0.941,1,0,1,0
TXN113203,61.71,16,9.65,0.88,0.763,0,0,0,0
TXN110357,34.46,6,16.44,10.2,1.284,1,1,0,0
TXN101356,47.24,15,4.33,7.6,1.075,1,1,0,0
TXN111619,485.61,7,12.3,12.83,1.072,1,0,0,0
TXN103488,8.74,14,3.84,13.08,1.147,0,1,0,0
TXN104389,35.79,20,2.78,8.31,0.553,1,0,0,0
TXN106671,23.68,11,1.96,6.01,1.674,1,1,0,0
TXN111601,98.37,18,4.17,17.25,0.967,1,1,0,0
TXN109958,31.18,16,2.47,1.06,1.195,1,0,1,0
TXN102659,66.85,2,7.23,7.9,1.058,1,1,1,0
TXN111587,98.78,14,2.97,5.03,0.919,1,1,1,0
TXN100698,69.53,5,16.95,0.53,1.223,1,1,0,0
TXN111164,112.95,23,20.66,11.9,1.175,0,1,0,0
TXN104283,75.96,14,23.86,13.77,1.625,1,1,1,0
TXN101752,24.83,5,3.02,2.67,2.086,1,1,1,0
TXN100086,124.81,21,10.13,2.39,1.473,1,1,0,0
TXN103456,129.26,15,0.68,6.57,0.462,1,1,1,0
TXN113459,26.69,9,11.03,4.27,1.467,0,1,0,0
TXN106448,22.77,17,16.37,12.48,2.121,0,0,1,0
TXN102062,120.95,7,1.84,1.29,1.491,1,1,0,0
TXN103982,18.69,15,11.24,8.44,1.369,0,1,0,0
TXN102425,3.71,11,1.64,3.64,0.73,0,0,0,0
TXN110176,9.44,15,7.38,9.51,1.566,1,1,1,0
TXN103670,56.05,23,3.06,2.7,0.997,1,0,0,0
TXN112547,10.28,8,19.02,9.92,1.263,1,1,0,0
TXN106314,126.07,16,1.26,1.99,1.617,1,1,1,0
TXN109546,10.41,4,22.73,10.53,0.872,1,0,1,0
TXN100397,46.35,20,18.75,0.1,1.011,0,1,0,0
TXN112840,39.13,15,11.22,13.43,0.809,0,1,0,0
TXN106530,32.5,3,5.14,1.42,0.772,1,1,0,0
TXN111165,26.71,15,1.72,4.48,0.908,0,1,1,0
TXN113223,82.45,23,6.24,0.97,1.922,0,1,1,0
TXN106012,137.49,13,17.62,2.36,0.544,0,1,1,0
TXN110264,117.65,16,6.98,4.84,0.794,0,1,0,0
TXN104142,11.7,21,5.87,6.63,1.571,1,1,1,0
TXN103125,90.24,19,12.07,6.74,1.984,1,1,0,0
TXN113985,103.41,10,12.5,1.47,0.704,1,1,0,0
TXN107193,86.95,16,5.88,9.25,1.139,0,1,0,0
TXN111883,8.43,19,7.92,1.65,1.095,0,0,0,0
TXN113832,274.66,9,2.6,1.06,1.467,0,1,0,0
TXN113936,106.86,9,0.95,0.79,1.657,1,1,1,0
TXN106390,21.21,14,11.66,18.75,1.432,1,1,0,0
TXN106986,14.55,14,0.74,2.41,0.801,1,1,0,0
TXN113378,6.29,11,11.35,5.68,0.905,1,1,0,0
TXN112196,14.07,16,11.54,2.99,0.651,1,1,1,0
TXN103849,170.49,16,24.81,12.72,0.264,1,1,0,0
TXN111737,29.18,11,3.99,5.09,1.065,1,1,0,0
TXN107751,34.71,8,0.3,9.15,1.7,1,1,1,0
TXN101230,231.94,17,7.89,2.02,0.551,1,0,0,0
TXN113881,44.2,16,11.16,7.28,1.852,1,1,0,0
TXN106041,130.92,20,3.27,10.74,1.559,1,1,1,0
TXN107871,281.11,13,4.03,1.81,1.119,1,1,1,0
TXN100919,84.28,11,10.92,7.88,1.694,0,1,0,0
TXN102784,51.35,8,1.95,1.47,1.469,0,0,0,0
TXN110868,19.8,18,5.7,5.51,1.566,1,0,0,0
TXN109345,51.8,15,20.64,1.11,1.772,1,0,0,0
TXN108172,37.97,10,21.48,7.21,1.161,0,1,0,0
TXN104255,6.95,14,7.48,10.39,2.178,1,1,1,0
TXN112906,33.21,23,0.5,8.66,2.526,1,0,0,0
TXN104431,4.76,13,3.47,1.27,0.969,0,1,1,0
TXN113373,17.96,20,31.41,0.28,0.696,1,1,0,0
TXN103293,35.3,9,5.83,1.04,1.048,0,0,0,0
TXN114376,24.55,13,0.05,1.54,0.51,0,1,1,0
TXN112879,44.12,9,13.81,5.88,0.682,1,1,0,0
TXN107754,11.56,21,9.08,8.42,1.417,1,1,0,0
TXN112329,35.05,10,1.59,8.28,0.875,0,1,0,0
TXN109340,18.32,16,21.63,6.06,0.013,0,1,0,0
TXN108875,13.44,10,16.13,21.73,1.111,1,1,0,0
TXN113327,26.9,17,15.13,0.1,1.018,1,1,0,0
TXN101550,61.56,23,11.27,15.33,0.927,0,1,0,0
TXN114124,41.45,13,20.23,7.15,0.865,1,0,0,0
TXN101138,12.83,12,13.67,2.49,0.948,1,0,0,0
TXN107660,70.59,0,2.79,5.69,1.038,1,1,0,0
TXN103588,129.61,9,2.83,1.77,1.366,1,1,0,0
TXN111756,70.24,23,9.84,0.99,1.337,0,1,0,0
TXN111182,6.75,12,12.74,8.88,0.74,1,0,0,0
TXN109924,14.84,19,1.13,7.07,0.738,1,1,1,0
TXN108480,125.61,22,5.16,10.33,1.877,1,1,0,0
TXN102376,24.41,14,4.44,4.33,1.484,1,1,0,0
TXN112839,19.82,5,11.02,1.52,2.409,1,1,1,0
TXN114352,17.23,7,23.12,2.62,1.06,1,0,1,0
TXN104060,22.7,4,2.43,6.71,0.268,1,1,0,0
TXN108258,160.85,15,7.34,0.96,1.987,1,1,0,0
TXN104566,172.3,11,0.66,11.42,1.827,1,1,0,0
TXN114384,65.05,9,8.57,4.17,0.789,1,1,0,0
TXN111582,98.64,5,23.09,9.87,0.673,0,1,0,0
TXN105801,26.78,16,12.3,10.38,1.413,1,1,0,0
TXN114500,12.96,17,14.09,6.7,0.093,1,0,0,0
TXN112262,25.84,1,13.98,2.25,2.058,0,1,0,0
TXN103335,153.53,16,1.62,8.62,1.894,0,1,0,0
TXN113778,46.44,10,9.52,2.33,0.921,0,1,0,0
TXN105775,51.54,11,14.42,3.63,1.496,1,1,1,0
TXN103692,150.26,15,1.31,13.14,1.115,1,1,1,0
TXN111037,19.83,17,25.86,7.53,1.05,0,0,0,0
TXN109302,166.86,5,12.32,12.95,0.645,1,1,0,0
TXN112940,142.88,21,1.06,9.91,0.818,1,1,0,0
TXN106782,11.29,12,10.95,3.16,0.818,1,1,0,0
TXN111190,21.21,14,3.91,6.81,0.277,1,0,0,0
TXN104318,18.34,9,27.7,10.18,1.407,1,1,0,0
TXN108229,44.66,3,12.31,11.5,2.393,1,1,0,0
TXN100750,138.06,13,5.03,1.33,0.677,1,1,0,0
TXN106695,42.51,20,16.25,9.75,1.409,1,1,1,0
TXN106776,55.77,14,12.27,12.92,0.203,1,1,0,0
TXN107730,122.3,10,4.39,1.68,1.352,1,1,1,0
TXN102501,81.57,21,0.21,1.93,0.413,1,1,0,0
TXN102558,17.8,7,11.15,1.12,0.574,1,1,1,0
TXN113617,64.24,3,13.33,11.26,0.763,1,1,0,0
TXN104250,124.26,21,13.85,0.73,0.645,0,1,1,0
TXN100256,16.48,13,1.85,5.43,1.523,1,1,0,0
TXN102449,5.81,19,9.36,12.9,1.868,1,0,0,0
TXN101659,27.37,9,1.61,7.37,1.154,0,1,0,0
TXN108898,445.67,14,15.33,2.6,1.627,1,0,0,0
TXN104453,24.81,12,3.51,10.81,1.092,1,1,1,0
TXN107508,61.35,13,6.62,1.3,1.92,0,1,0,0
TXN108537,83.94,23,0.45,14.86,0.483,1,1,0,0
TXN102641,16.4,22,2.0,10.15,0.442,0,0,0,0
TXN110115,9.96,14,4.32,7.45,1.732,1,1,0,0
TXN106965,92.95,12,1.27,9.11,1.212,0,1,1,0
TXN111104,58.79,10,33.17,2.91,0.886,1,0,0,0
TXN113913,45.43,12,10.62,2.37,0.801,1,1,1,0
TXN107770,88.01,8,5.34,12.68,0.713,1,1,1,0
TXN112316,37.12,8,31.02,17.87,0.495,0,0,0,0
TXN108030,56.37,16,10.23,4.35,1.303,1,1,0,0
TXN107933,104.35,13,19.08,7.32,1.701,0,1,0,0
TXN108917,6.07,18,10.71,5.85,0.828,1,1,1,0
TXN102454,22.51,0,1.75,4.42,1.259,1,1,0,0
TXN111751,28.07,6,5.1,2.38,2.108,0,1,0,0
TXN101151,56.49,6,13.8,4.83,1.026,1,1,0,0
TXN106229,85.28,3,8.93,8.78,2.331,1,1,0,0
TXN114256,102.93,18,17.54,0.3,0.828,1,0,1,0
TXN103423,39.51,23,7.24,10.32,1.195,0,1,0,0
TXN101645,68.6,11,9.64,6.6,1.498,0,0,0,0
TXN100562,65.86,15,7.68,7.01,0.976,1,1,1,0
TXN106547,37.52,19,12.0,3.51,0.705,1,1,1,0
TXN100805,11.18,15,6.33,4.41,0.991,1,1,0,0
TXN114215,30.67,7,11.03,0.28,1.577,0,0,1,0
TXN108029,24.48,11,2.11,2.66,0.779,1,1,0,0
TXN100799,48.85,11,11.21,5.67,1.593,0,1,0,0
TXN102460,5.72,19,1.1,3.8,2.496,1,1,0,0
TXN107437,71.1,18,4.03,1.48,1.339,0,1,1,0
TXN114650,209.54,6,8.07,28.18,1.863,1,0,1,1
TXN104919,18.41,21,1.86,4.51,0.974,0,0,0,0
TXN108574,48.51,13,5.99,17.02,1.543,1,0,1,0
TXN108820,35.03,17,13.52,1.6,2.132,1,0,0,0
TXN114184,8.32,5,0.49,9.72,1.183,1,1,1,0
TXN110754,47.85,21,10.59,2.4,0.797,1,0,0,0
TXN108494,9.32,10,7.5,3.7,1.695,1,0,0,0
TXN112218,52.24,21,5.25,5.21,1.305,1,1,0,0
TXN101790,53.29,18,29.47,13.99,1.33,1,1,0,0
TXN108183,63.58,23,4.66,11.63,2.166,0,1,1,0
TXN111178,100.14,0,7.08,2.46,2.162,1,1,1,0
TXN106807,21.54,16,14.64,6.29,0.931,1,0,1,0
TXN106891,9.72,14,6.52,15.39,0.187,0,0,0,0
TXN107898,24.6,12,7.5,1.59,1.633,1,1,0,0
TXN103268,19.17,13,5.95,7.19,0.726,1,1,0,0
TXN100890,172.02,0,6.89,2.49,1.586,0,0,1,0
TXN100376,43.15,17,5.4,10.63,0.743,0,1,1,0
TXN105256,24.17,10,10.75,12.63,1.177,1,1,0,0
TXN101731,29.55,18,2.25,5.91,0.082,1,0,1,0
TXN114686,16.73,1,48.99,13.66,2.385,1,1,0,1
TXN114205,18.38,9,5.05,2.37,1.067,1,1,1,0
TXN100636,27.26,5,9.08,2.62,1.163,0,0,0,0
TXN112101,64.59,14,10.6,2.94,1.671,0,0,0,0
TXN104906,70.43,0,2.92,4.57,2.218,1,1,1,0
TXN107646,147.27,17,10.93,23.08,1.084,1,1,0,0
TXN113377,73.07,14,4.04,2.9,1.267,0,1,1,0
TXN111440,11.77,11,16.78,6.02,1.378,0,0,0,0
TXN107388,18.42,20,14.07,4.15,0.808,1,1,0,0
TXN108829,60.35,9,19.71,0.6,0.756,1,1,0,0
TXN106216,11.74,1,13.74,4.46,1.365,1,1,0,0
TXN102266,179.69,7,12.17,10.52,1.599,1,0,0,0
TXN105810,98.89,18,6.75,6.95,1.305,0,0,1,0
TXN100785,41.99,23,5.66,2.86,1.111,0,1,0,0
TXN113546,15.45,13,13.7,1.77,1.526,1,1,0,0
TXN104000,3.39,17,3.69,15.64,0.941,0,0,1,0
TXN114970,73.23,19,6.74,13.6,0.1,1,0,1,1
TXN113403,83.76,18,13.32,9.18,1.125,1,1,0,0
TXN109313,56.3,16,3.56,0.64,2.094,1,0,0,0
TXN109033,19.68,13,4.78,4.05,1.326,1,1,0,0
TXN100928,29.35,13,16.37,5.9,1.361,0,1,0,0
TXN103172,26.64,2,18.01,8.38,0.067,1,1,1,0
TXN112990,77.02,15,6.1,5.12,2.377,1,1,0,0
TXN107140,54.37,18,6.5,4.31,1.73,1,0,1,0
TXN111533,15.75,17,3.92,4.05,2.192,1,0,0,0
TXN110852,75.97,8,4.49,3.04,0.933,1,1,0,0
TXN110181,5.67,15,6.27,7.28,2.49,1,0,1,0
TXN107148,47.04,17,2.96,4.1,1.37,0,1,0,0
TXN104929,36.21,14,3.25,0.36,1.145,0,0,0,0
TXN111473,24.88,17,0.68,16.09,0.353,1,1,0,0
TXN105193,25.8,14,16.08,7.84,0.754,1,1,1,0
TXN113438,18.77,6,6.47,3.9,1.324,1,0,0,0
TXN113241,15.29,20,16.86,8.78,0.784,1,0,0,0
TXN106063,9.85,12,1.56,17.63,1.723,1,1,1,0
TXN107349,113.61,11,0.54,8.27,2.017,0,1,0,0
TXN106531,33.96,8,5.25,0.88,1.409,1,1,0,0
TXN108773,17.47,13,5.3,4.75,0.601,1,1,1,0
TXN110219,1.88,23,16.05,6.55,0.218,1,1,1,0
TXN100776,18.02,9,3.72,0.26,0.535,1,0,1,0
TXN102745,49.99,3,8.52,2.84,1.297,0,0,0,0
TXN110261,17.91,18,20.82,16.3,2.016,1,1,1,0
TXN106723,19.94,14,11.91,5.75,2.135,1,0,1,0
TXN106356,16.03,19,15.24,8.03,0.824,1,1,1,0
TXN101281,83.55,5,0.03,13.51,1.701,0,0,0,0
TXN102614,53.67,12,9.92,11.91,0.827,0,1,0,0
TXN101314,34.74,20,14.16,3.74,0.887,0,0,1,0
TXN113840,27.21,3,2.02,7.91,0.737,0,1,1,0
TXN111034,135.78,21,16.86,8.44,1.932,1,1,0,0
TXN109485,98.13,20,19.78,2.42,1.595,1,1,1,0
TXN103176,68.26,21,16.07,0.19,1.641,1,1,0,0
TXN106604,39.29,11,6.25,1.14,0.757,0,0,0,0
TXN101643,368.55,10,7.49,4.36,1.733,1,1,0,0
TXN108661,49.07,18,5.12,3.68,0.864,1,0,0,0
TXN103822,29.32,3,16.4,13.7,1.023,1,1,0,0
TXN106895,3.0,13,13.85,2.94,1.032,1,0,0,0
TXN114583,45.79,22,1.75,22.48,1.94,0,1,0,0
TXN112606,15.48,14,9.32,9.22,0.836,0,0,0,0
TXN110084,35.79,19,9.02,10.79,1.693,0,1,0,0
TXN107746,30.68,21,11.03,8.22,1.69,0,1,0,0
TXN108346,9.38,9,4.4,11.15,1.718,1,1,1,0
TXN113637,8.67,19,4.67,2.36,2.131,1,1,0,0
TXN103407,36.7,6,6.05,1.59,0.904,1,1,0,0
TXN108962,32.77,9,5.64,1.24,0.675,1,1,1,0
TXN106179,74.14,5,12.97,14.61,1.418,0,0,0,0
TXN110161,36.22,14,10.41,13.54,1.533,1,0,1,0
TXN101995,28.14,23,6.19,16.21,1.391,0,1,0,0
TXN100334,65.92,17,2.03,7.13,1.748,1,1,0,0
TXN104984,87.81,17,11.27,0.13,0.27,1,1,0,0
TXN110944,81.96,12,8.46,2.67,1.799,1,1,0,0
TXN112560,24.38,3,2.92,5.79,1.118,1,1,0,0
TXN106450,157.35,20,0.24,7.16,1.0,0,1,1,0
TXN111062,343.91,16,5.76,1.04,1.795,1,0,1,0
TXN109518,49.96,17,3.33,3.27,1.477,0,1,1,0
TXN100344,15.04,8,0.05,3.17,1.19,1,0,0,0
TXN102310,54.43,17,21.73,4.16,0.827,1,1,1,0
TXN101242,64.13,19,1.96,1.9,1.451,1,1,1,0
TXN106641,52.11,13,17.35,17.5,0.023,1,0,1,0
TXN106004,51.6,15,4.85,4.46,1.631,0,1,1,0
TXN106628,171.17,16,0.3,1.39,0.744,0,1,1,0
TXN110947,9.41,13,0.34,17.09,1.535,1,1,0,0
TXN107500,22.98,9,10.16,3.25,0.997,0,1,0,0
TXN111134,107.25,18,6.43,2.78,1.067,0,0,0,0
TXN101208,35.15,18,9.28,3.74,1.089,1,1,0,0
TXN109290,45.27,9,6.48,9.46,0.169,0,0,1,0
TXN110821,5.65,15,0.45,5.06,1.757,0,1,0,0
TXN102609,48.8,8,21.28,0.13,0.978,1,1,0,0
TXN106666,82.1,8,6.05,2.43,1.7,0,1,1,0
TXN103119,52.53,7,8.9,10.09,0.604,1,1,1,0
TXN103302,49.5,18,16.5,2.88,0.36,1,1,0,0
TXN108365,47.39,0,6.77,6.46,0.594,1,1,0,0
TXN105972,18.15,16,8.62,12.5,1.871,1,0,0,0
TXN108376,21.44,12,6.7,0.7,1.483,1,0,0,0
TXN103943,21.84,14,13.13,1.13,0.933,1,1,0,0
TXN110013,19.2,13,0.04,2.35,1.485,1,1,1,0
TXN105618,40.6,16,10.92,14.58,0.758,1,1,1,0
TXN107888,34.71,5,10.38,8.69,0.73,1,1,1,0
TXN101499,87.92,11,14.85,13.51,0.742,1,1,1,0
TXN108427,5.03,16,31.7,3.51,1.664,0,0,1,0
TXN104531,44.31,15,17.11,1.95,1.713,0,1,0,0
TXN106079,91.68,16,11.6,1.55,0.94,1,1,0,0
TXN103435,21.52,12,2.67,3.08,0.736,1,0,1,0
TXN111117,45.17,17,7.85,5.7,0.532,0,0,1,0
TXN101104,18.83,11,2.4,10.78,0.144,1,0,0,0
TXN104876,23.54,13,0.76,11.06,0.107,0,1,0,0
TXN105214,16.74,14,5.93,5.79,0.188,1,1,0,0
TXN103548,63.52,10,5.2,11.85,2.328,1,1,0,0
TXN106285,90.75,4,14.72,5.67,1.451,0,0,1,0
TXN111224,3.81,16,5.15,3.61,1.042,1,0,0,0
TXN100964,45.18,12,3.36,7.65,0.378,0,0,0,0
TXN107765,27.24,5,0.41,14.13,1.274,1,1,1,0
TXN113418,15.41,20,10.04,4.14,1.185,0,1,0,0
TXN113291,68.67,15,6.49,4.83,0.741,1,1,0,0
TXN100917,15.6,8,8.43,14.46,0.76,1,0,0,0
TXN105024,88.72,22,2.44,0.37,1.336,1,0,0,0
TXN114222,45.64,17,11.82,14.6,1.644,1,1,0,0
TXN108680,37.15,4,1.16,6.03,0.884,0,0,0,0
TXN103840,24.62,1,14.95,1.14,1.203,1,0,1,0
TXN112346,59.31,15,2.89,3.43,0.339,0,1,0,0
TXN100603,28.15,12,0.14,3.09,0.956,0,1,0,0
TXN104451,46.22,19,13.01,6.65,0.562,1,1,0,0
TXN109656,26.49,18,12.83,10.71,1.219,1,1,1,0
TXN107541,13.51,15,5.56,5.42,1.755,1,1,0,0
TXN101713,75.11,10,5.81,8.18,2.167,1,0,1,0
TXN104890,36.21,8,7.5,13.06,1.809,0,1,0,0
TXN104054,19.07,18,20.48,3.2,0.177,0,0,1,0
TXN104307,48.18,13,22.02,4.9,1.615,1,1,0,0
TXN114331,125.98,21,12.86,5.6,1.395,1,1,0,0
TXN113165,77.87,14,7.06,14.07,1.274,1,0,0,0
TXN101213,10.89,15,8.05,2.0,0.924,1,0,0,0
TXN107253,36.52,17,2.52,8.1,0.696,1,1,0,0
TXN100116,95.02,16,8.06,17.7,1.827,1,1,0,0
TXN109218,46.14,8,3.96,11.18,0.455,1,1,1,0
TXN101830,96.42,10,12.37,0.83,1.043,1,1,1,0
TXN114022,13.32,9,11.66,8.21,0.751,1,0,0,0
TXN108234,26.33,18,17.43,1.52,1.363,1,1,1,0
TXN109262,11.95,0,8.5,5.34,0.094,1,1,0,0
TXN112557,49.72,14,11.76,3.71,1.827,0,0,0,0
TXN112865,8.88,15,12.26,6.96,0.834,0,1,0,0
TXN112958,39.82,8,2.85,3.29,1.391,0,0,0,0
TXN107216,7.99,17,21.5,3.1,0.713,1,0,0,0
TXN104208,67.43,12,20.41,16.14,0.74,1,1,0,0
TXN100982,27.77,17,24.84,7.1,0.301,1,1,0,0
TXN109454,138.75,21,6.6,2.96,0.918,0,1,1,0
TXN114927,1314.01,4,34.47,6.58,5.063,1,1,0,1
TXN100543,26.34,3,22.37,2.67,0.89,1,1,1,0
TXN109349,26.77,5,23.28,2.53,1.095,1,1,0,0
TXN109659,42.8,17,15.63,15.79,1.148,1,1,1,0
TXN114893,23.41,5,26.6,6.78,0.929,0,0,0,1
TXN103278,75.48,10,18.78,3.7,1.292,1,1,0,0
TXN107020,96.47,20,0.53,8.04,1.192,1,0,0,0
TXN107378,16.63,9,6.15,8.31,1.301,0,1,0,0
TXN111153,6.55,10,16.59,6.93,0.778,1,1,0,0
TXN108022,127.5,11,4.68,10.17,0.317,0,1,0,0
TXN113831,8.12,17,0.89,4.48,1.406,1,1,0,0
TXN101327,77.57,15,1.61,5.11,1.038,1,0,0,0
TXN114958,223.15,2,59.94,40.58,3.005,0,0,1,1
TXN110492,6.74,12,8.76,8.01,0.031,1,0,1,0
TXN103060,71.82,6,2.9,9.97,0.816,1,0,0,0
TXN106228,80.99,23,28.14,6.58,1.204,1,1,0,0
TXN107979,54.49,11,15.8,6.02,0.726,1,1,1,0
TXN112511,58.15,20,6.41,6.71,0.048,0,1,0,0
TXN111608,8.45,10,4.31,13.92,0.475,1,0,1,0
TXN104776,13.87,18,2.16,10.23,1.905,1,0,1,0
TXN110208,72.65,16,1.34,13.61,2.266,0,1,0,0
TXN102388,18.66,11,0.26,10.26,0.962,1,0,0,0
TXN105309,31.21,16,6.8,0.64,0.399,0,0,0,0
TXN110003,17.63,16,9.49,4.76,1.02,1,1,1,0
TXN103430,16.51,15,18.81,4.47,1.037,1,1,1,0
TXN100218,41.81,11,2.45,2.26,0.385,1,1,0,0
TXN106632,30.34,18,1.62,6.59,1.46,1,0,1,0
TXN108121,18.49,17,8.12,9.05,0.608,1,0,0,0
TXN103915,29.37,15,11.22,6.57,1.742,0,0,0,0
TXN101485,68.16,19,16.6,13.65,1.115,0,0,0,0
TXN106047,10.85,7,4.73,11.34,2.079,1,1,0,0
TXN103466,10.21,16,3.46,14.4,1.01,1,0,0,0
TXN111585,128.17,11,12.74,23.84,0.695,1,1,0,0
TXN104605,25.01,8,2.45,13.18,0.748,1,1,1,0
TXN108072,67.97,7,3.1,6.26,1.015,1,0,0,0
TXN100364,20.26,10,9.7,2.99,1.116,0,1,1,0
TXN114584,6.97,17,4.18,7.04,0.475,1,1,0,0
TXN110177,49.83,13,20.09,1.27,1.58,0,1,1,0
TXN114663,40.61,3,34.26,29.55,0.515,0,0,1,1
TXN108268,57.25,17,5.3,5.38,0.598,1,1,0,0
TXN108380,51.2,20,13.98,18.21,0.957,1,1,1,0
TXN103405,24.5,21,23.21,7.15,1.193,0,1,0,0
TXN114292,70.13,12,1.08,19.66,1.299,1,1,1,0
TXN102022,61.42,12,9.24,9.29,0.97,1,1,0,0
TXN106532,157.6,4,5.29,6.47,1.561,1,0,0,0
TXN112550,78.37,8,1.87,13.97,1.804,0,1,1,0
TXN107050,175.39,11,8.46,7.67,1.145,1,1,0,0
TXN104256,118.68,15,3.64,10.78,0.155,1,0,1,0
TXN107650,387.56,12,3.79,0.43,1.495,1,1,0,0
TXN112631,216.62,2,17.49,1.78,0.446,1,1,1,0
TXN104170,26.17,15,14.17,4.44,1.296,1,1,0,0
TXN110675,46.61,3,11.65,8.38,0.609,1,0,1,0
TXN110044,17.8,12,10.86,7.45,1.492,1,0,1,0
TXN114636,119.55,0,66.83,20.46,3.545,0,1,1,1
TXN111549,24.42,17,4.95,2.97,1.176,1,0,1,0
TXN112715,49.45,5,5.99,6.27,1.092,1,1,0,0
TXN103441,385.19,10,0.42,8.31,0.684,1,0,1,0
TXN103802,9.8,13,11.21,1.47,0.98,1,0,1,0
TXN102593,37.91,14,25.36,4.77,0.429,1,0,1,0
TXN107410,15.88,14,3.68,9.26,0.732,1,1,1,0
TXN108515,42.18,14,5.67,5.78,1.427,0,0,0,0
TXN111957,13.8,18,4.25,7.82,1.467,1,1,1,0
TXN102490,42.38,7,15.96,0.43,1.411,1,0,1,0
TXN114296,25.76,1,10.78,0.36,0.992,0,0,1,0
TXN105270,47.2,12,13.75,7.27,1.536,1,1,0,0
TXN108987,40.02,10,12.81,4.0,1.264,1,1,1,0
TXN106088,58.0,13,5.1,11.28,0.767,1,1,0,0
TXN102433,16.28,15,19.3,9.41,1.129,1,0,1,0
TXN111432,57.26,10,14.17,10.49,1.042,1,1,0,0
TXN106210,23.4,12,4.59,7.28,0.838,1,1,0,0
TXN105712,4.69,20,12.99,2.09,0.927,1,1,1,0
TXN113265,10.28,4,11.0,7.43,1.159,1,1,1,0
TXN107415,21.71,3,12.04,0.24,1.734,1,0,1,0
TXN108718,85.29,17,1.06,1.01,1.192,0,1,0,0
TXN113140,51.11,21,16.49,0.56,0.854,0,1,0,0
TXN108744,67.74,7,6.58,16.15,1.177,1,0,1,0
TXN106185,50.68,15,4.66,9.53,0.279,1,1,0,0
TXN102938,20.56,3,12.76,2.73,1.087,1,0,0,0
TXN107701,49.65,11,12.82,8.27,0.524,1,1,1,0
TXN106420,107.79,11,5.76,4.98,1.028,1,1,0,0
TXN112003,25.34,23,2.0,2.58,0.726,1,1,0,0
TXN114112,46.83,16,14.22,8.13,0.192,0,1,1,0
TXN106989,66.8,13,7.91,0.27,1.007,1,1,0,0
TXN103886,5.14,16,15.01,9.72,0.075,0,1,1,0
TXN110822,48.48,16,8.49,4.18,1.626,0,1,0,0
TXN108162,109.15,10,8.72,0.44,0.807,0,0,0,0
TXN114561,15.0,5,10.69,6.21,1.792,1,1,1,0
TXN105705,183.89,8,12.52,1.66,1.553,1,1,1,0
TXN111460,39.87,0,3.09,3.9,1.067,0,1,0,0
TXN102767,185.05,13,20.01,5.46,0.539,0,1,0,0
TXN111049,17.41,20,23.76,2.51,0.844,1,1,1,0
TXN100459,221.31,8,17.46,9.91,0.875,1,1,0,0
TXN101805,40.69,8,14.09,2.75,0.634,1,0,0,0
TXN105629,36.72,14,2.66,3.56,1.142,1,1,0,0
TXN102766,169.22,20,14.18,8.88,1.584,1,1,0,0
TXN100514,205.76,14,14.12,19.85,1.812,1,1,0,0
TXN106252,15.54,13,15.49,16.88,0.19,1,1,0,0
TXN102185,4.4,19,1.41,4.57,1.454,1,1,0,0
TXN107559,101.08,14,1.32,3.63,1.819,1,1,0,0
TXN104031,54.02,17,0.53,0.57,1.308,1,0,0,0
TXN108776,236.69,12,2.37,5.0,0.259,1,1,0,0
TXN100365,15.11,20,4.34,1.11,0.243,1,1,1,0
TXN102440,51.28,0,2.09,9.89,0.237,0,0,1,0
TXN111444,13.32,22,11.29,1.59,1.805,0,0,1,0
TXN103991,65.47,10,0.61,6.62,1.027,1,0,0,0
TXN105713,34.59,15,9.93,3.34,1.286,1,0,0,0
TXN102190,8.04,13,3.28,0.4,0.635,1,1,1,0
TXN110353,21.58,5,3.7,9.88,1.587,1,1,0,0
TXN111727,28.12,6,0.91,2.47,2.33,1,1,1,0
TXN106134,37.31,10,3.18,7.72,0.605,1,1,0,0
TXN102138,176.8,15,3.52,10.62,1.817,1,1,0,0
TXN105409,25.22,11,4.42,2.3,1.418,1,1,0,0
TXN112322,11.87,8,7.22,3.54,0.478,1,1,0,0
TXN111452,34.8,20,2.17,2.39,1.625,0,1,1,0
TXN107954,199.73,4,11.25,7.37,0.957,0,1,1,0
TXN104454,102.81,15,10.05,1.58,0.857,1,0,0,0
TXN104488,275.55,13,7.34,11.2,0.984,1,1,0,0
TXN113970,40.91,20,13.55,2.68,0.701,0,0,0,0
TXN110171,57.41,18,3.48,3.59,1.103,1,0,0,0
TXN112226,11.52,19,6.05,6.25,1.401,1,1,0,0
TXN113164,5.78,10,9.64,5.39,0.834,1,0,0,0
TXN114782,45.74,3,46.71,21.98,1.735,1,1,1,1
TXN100449,37.39,19,5.35,15.81,0.721,0,1,0,0
TXN105141,68.1,8,13.78,12.94,1.26,1,1,0,0
TXN111713,62.88,10,0.62,3.86,1.234,1,1,0,0
TXN113197,105.19,9,3.58,2.87,0.407,0,1,1,0
TXN110046,27.21,8,9.03,7.11,1.937,1,0,0,0
TXN103244,6.96,15,15.07,1.55,2.057,1,1,0,0
TXN106319,28.24,11,3.2,3.17,1.284,0,1,0,0
TXN114347,74.25,10,28.36,0.82,1.81,1,0,1,0
TXN111253,29.44,9,2.23,13.23,1.541,1,0,0,0
TXN109386,75.42,14,0.46,3.11,1.006,0,1,0,0
TXN113442,51.88,12,11.14,9.47,1.295,1,0,0,0
TXN106189,99.06,2,3.8,0.06,0.854,0,0,1,0
TXN103061,33.78,17,0.96,11.81,1.433,1,1,0,0
TXN104414,31.23,7,9.68,10.8,0.884,0,1,0,0
TXN109985,17.98,16,11.24,4.4,1.191,0,0,0,0
TXN108130,31.7,10,17.27,7.71,1.883,0,1,0,0
TXN103981,30.02,16,0.6,12.23,1.493,1,0,0,0
TXN101421,17.03,9,21.21,18.23,0.298,1,1,0,0
TXN104742,70.94,1,9.88,2.84,1.336,0,1,1,0
TXN113788,23.25,16,6.18,3.24,0.418,1,1,1,0
TXN100071,232.15,10,3.3,5.75,0.655,1,1,0,0
TXN100625,62.57,10,33.79,0.37,0.986,1,1,1,0
TXN106163,67.93,20,16.29,14.71,1.098,0,1,1,0
TXN106360,2.21,20,7.12,6.25,3.04,0,0,1,0
TXN110283,40.79,4,10.98,1.33,1.46,0,0,0,0
TXN106368,29.69,16,3.36,0.66,1.297,1,1,0,0
TXN108993,5.39,18,12.47,4.21,0.611,1,1,1,0
TXN111634,40.57,13,1.17,0.46,0.373,0,1,0,0
TXN107526,11.07,8,2.59,6.81,1.256,1,1,0,0
TXN111067,58.87,18,12.54,14.31,2.524,1,0,0,0
TXN106284,55.62,10,8.83,4.32,1.994,1,0,0,0
TXN110042,32.21,20,14.29,6.78,0.039,1,1,0,0
TXN106279,40.37,12,0.53,24.42,1.441,1,1,1,0
TXN113681,18.02,21,11.76,6.88,0.301,1,1,0,0
TXN108728,50.22,11,19.21,3.0,1.518,1,1,0,0
TXN104505,4.3,16,0.97,3.22,1.302,1,0,0,0
TXN101595,159.76,23,4.43,1.61,0.44,1,1,1,0
TXN100239,23.93,18,1.9,6.24,1.903,1,1,0,0
TXN108915,46.14,11,2.84,16.08,1.839,1,0,0,0
TXN106435,19.42,19,7.88,11.12,0.809,0,0,0,0
TXN110647,339.85,15,2.56,5.74,1.615,1,1,0,0
TXN102144,58.1,4,7.61,2.54,1.648,1,1,1,0
TXN112897,15.4,14,10.61,1.68,1.211,1,1,0,0
TXN109939,164.82,3,12.13,7.93,0.728,0,1,0,0
TXN100627,41.1,21,15.15,6.23,0.915,0,0,1,0
TXN101332,23.75,21,11.36,6.69,0.486,0,0,0,0
TXN107625,14.91,11,7.59,3.93,2.875,0,0,1,0
TXN111534,16.56,8,2.39,1.66,0.425,1,1,1,0
TXN110590,19.68,11,8.78,9.88,2.007,1,0,0,0
TXN100570,54.89,16,2.91,8.43,1.54,1,1,0,0
TXN113535,60.15,8,5.68,4.97,0.376,1,0,0,0
TXN109027,13.69,22,7.86,2.01,1.795,1,1,0,0
TXN101469,22.82,17,7.18,5.42,2.145,1,1,1,0
TXN109609,80.07,16,14.6,11.29,1.277,1,0,0,0
TXN101850,24.39,15,19.4,0.97,2.55,1,0,1,0
TXN114858,9.41,11,8.99,31.4,0.995,0,1,1,1
TXN102413,146.32,7,10.34,3.19,0.561,1,1,0,0
TXN114871,66.77,2,17.73,10.99,1.498,0,0,1,1
TXN114199,49.52,21,10.72,2.91,0.945,0,0,0,0
TXN114604,59.07,14,15.07,4.93,0.344,1,0,0,0
TXN105895,26.94,10,20.27,1.28,0.91,1,0,0,0
TXN103764,17.98,18,8.37,1.57,2.261,0,1,0,0
TXN102153,135.39,5,12.66,1.13,1.643,1,0,1,0
TXN100172,142.53,13,12.61,2.2,1.312,0,0,0,0
TXN110624,13.7,10,12.96,11.73,0.921,0,1,0,0
TXN111113,32.5,20,5.75,5.3,0.709,1,1,0,0
TXN113007,23.14,8,10.6,9.89,1.492,0,1,0,0
TXN101512,18.36,6,8.33,7.93,1.088,1,1,0,0
TXN108456,45.2,20,1.95,6.25,0.667,1,1,1,0
TXN111763,20.15,8,9.9,9.55,0.1,1,1,0,0
TXN103637,10.84,13,2.15,1.51,2.499,1,1,0,0
TXN107417,75.63,0,10.04,13.04,0.067,0,0,0,0
TXN103646,23.69,17,3.19,9.59,2.139,1,1,0,0
TXN112476,6.61,17,24.52,1.8,1.089,1,1,0,0
TXN111603,5.11,12,2.21,9.89,1.573,1,0,1,0
TXN113670,16.34,5,1.27,18.57,0.645,1,1,0,0
TXN102762,58.94,17,6.24,6.24,0.888,1,0,0,0
TXN109062,67.54,18,32.44,13.94,2.069,1,1,0,0
TXN110829,30.4,14,8.55,0.72,0.892,1,1,1,0
TXN104812,8.15,1,5.03,2.13,0.584,1,1,0,0
TXN100724,44.71,14,5.77,2.95,0.985,1,0,1,0
TXN111899,37.37,9,7.45,4.46,1.314,1,1,0,0
TXN104379,6.95,14,7.83,9.95,1.587,1,0,1,0
TXN109661,26.17,17,7.88,0.3,1.539,1,1,1,0
TXN102074,36.62,0,23.26,2.34,1.626,1,0,1,0
TXN112507,33.6,13,3.4,16.87,0.915,0,1,1,0
TXN104006,116.89,20,14.46,4.42,1.798,0,0,0,0
TXN100154,21.05,18,5.67,2.56,2.591,0,1,0,0
TXN109560,66.35,5,5.85,9.92,1.251,0,0,1,0
TXN109608,185.91,9,17.18,6.89,0.551,1,1,1,0
TXN109100,80.99,14,10.39,7.16,1.022,1,1,0,0
TXN100470,24.84,17,11.78,0.98,1.191,1,1,0,0
TXN103022,15.11,13,11.53,3.22,0.585,1,0,1,0
TXN100019,23.28,12,6.7,3.64,0.523,1,0,0,0
TXN103702,55.6,13,7.49,1.98,1.621,0,1,0,0
TXN110252,16.8,19,6.62,8.09,0.877,0,1,0,0
TXN104410,14.4,15,10.8,4.27,1.977,1,0,0,0
TXN108817,7.26,12,9.29,5.21,1.495,0,0,0,0
TXN111076,87.55,22,0.83,6.77,0.455,1,1,1,0
TXN106324,14.36,6,11.6,11.87,1.168,0,1,0,0
TXN112523,96.24,20,5.57,1.95,1.216,1,1,0,0
TXN104344,7.76,11,3.39,9.82,1.941,1,1,0,0
TXN105905,30.37,15,2.83,2.42,0.917,1,1,0,0
TXN111177,113.42,5,18.6,16.76,2.106,1,0,1,0
TXN107021,161.97,2,18.15,1.87,1.846,1,0,0,0
TXN113112,91.52,17,16.52,4.08,1.344,0,0,1,0
TXN113476,191.19,4,8.03,4.53,1.368,1,1,0,0
TXN101861,10.37,10,4.92,6.99,0.453,0,1,0,0
TXN107537,50.35,11,2.1,2.67,0.057,0,1,0,0
TXN108435,47.31,15,7.64,11.55,1.529,1,0,0,0
TXN113690,51.59,10,4.62,5.62,1.2,1,1,1,0
TXN111137,43.01,19,0.89,7.24,2.719,1,1,0,0
TXN110294,68.2,12,18.37,4.06,0.92,1,0,1,0
TXN101882,96.4,8,0.43,5.83,0.652,0,1,0,0
TXN111682,27.95,13,1.17,0.8,1.526,1,1,0,0
TXN100004,6.32,21,2.15,0.76,0.366,1,1,1,0
TXN101971,56.11,11,10.13,8.84,1.501,1,1,0,0
TXN106090,44.64,12,7.06,8.26,1.513,1,1,0,0
TXN114656,816.65,18,59.09,5.07,0.865,1,0,1,1
TXN109808,61.71,0,1.23,2.25,0.674,1,0,0,0
TXN101874,14.85,17,0.52,5.01,1.687,1,1,0,0
TXN103190,67.77,7,8.39,4.62,0.843,1,1,0,0
TXN114850,5.0,7,3.66,12.3,1.938,0,0,0,1
TXN107271,7.43,12,3.83,5.32,0.47,1,0,1,0
TXN114918,215.64,21,40.37,23.75,2.919,1,0,1,1
TXN106267,35.59,10,1.81,2.51,0.538,1,0,0,0
TXN113547,48.29,20,16.88,1.84,0.733,1,0,1,0
TXN106560,142.64,17,3.68,8.31,1.054,1,1,0,0
TXN100576,101.02,14,8.26,9.24,0.931,1,1,0,0
TXN104503,128.56,8,9.76,6.63,1.213,1,1,0,0
TXN103282,18.08,14,5.85,8.19,1.464,1,1,0,0
TXN110105,67.73,7,12.55,2.86,1.472,1,1,1,0
TXN107024,35.38,10,9.88,0.78,1.989,1,1,0,0
TXN100215,32.64,19,5.42,6.67,1.873,1,1,0,0
TXN109123,319.08,11,25.23,11.36,0.723,0,1,0,0
TXN105604,82.55,17,1.27,1.57,1.615,1,0,1,0
TXN110442,15.52,21,0.14,0.13,0.674,1,0,0,0
TXN109679,23.05,8,9.16,1.54,0.984,1,0,0,0
TXN107551,15.31,11,9.07,11.64,1.009,1,0,0,0
TXN108220,36.63,9,19.71,6.01,0.083,0,0,0,0
TXN100824,10.79,10,26.09,7.28,0.335,1,0,1,0
TXN105557,9.49,19,1.23,14.22,0.736,1,0,1,0
TXN110632,14.84,5,27.84,8.3,0.604,1,0,1,0
TXN113375,23.09,18,22.9,7.45,0.964,1,1,0,0
TXN103639,33.36,1,2.6,3.23,0.622,0,1,1,0
TXN104321,60.96,14,4.4,4.9,0.219,1,1,0,0
TXN111232,101.57,4,20.09,14.72,1.362,1,0,0,0
TXN100911,188.04,11,19.89,2.12,0.497,1,1,0,0
TXN108333,62.87,17,3.07,0.81,0.612,1,0,1,0
TXN110541,75.7,11,16.42,21.42,1.155,0,1,0,0
TXN110578,39.03,1,11.94,13.06,1.262,0,1,0,0
TXN110722,35.59,7,1.99,6.48,1.003,0,1,0,0
TXN107246,24.82,16,7.83,0.91,0.767,0,0,0,0
TXN106799,19.69,13,10.86,13.03,1.227,0,1,0,0
TXN101090,30.69,11,12.34,6.56,2.092,1,1,0,0
TXN108396,116.99,18,6.27,4.89,2.247,1,0,0,0
TXN108045,10.39,19,2.43,2.45,1.299,1,1,0,0
TXN109869,98.11,12,14.68,3.15,1.716,1,1,0,0
TXN101308,33.43,7,11.84,6.12,1.332,1,0,1,0
TXN114683,699.88,12,48.45,38.49,5.384,0,1,0,1
TXN114799,1149.07,0,58.98,26.99,1.519,0,0,0,1
TXN101413,6.23,9,11.64,0.64,0.908,1,0,0,0
TXN108516,338.99,21,4.31,2.88,0.993,1,1,0,0
TXN101312,15.81,10,4.02,0.38,1.513,0,1,0,0
TXN109156,16.26,11,5.14,12.0,0.608,1,1,0,0
TXN112015,9.22,13,13.32,6.1,1.893,1,1,1,0
TXN105936,165.17,15,13.67,1.42,0.405,1,1,1,0
TXN109708,69.99,8,13.18,4.49,0.04,1,0,1,0
TXN106485,15.63,10,6.91,2.35,1.903,1,1,0,0
TXN113218,44.82,8,6.88,2.35,0.276,0,1,1,0
TXN112660,12.02,1,15.03,3.22,0.721,1,1,0,0
TXN101766,77.69,20,21.95,5.43,0.095,1,1,1,0
TXN103776,44.48,8,5.99,6.8,0.481,1,1,0,0
TXN111325,23.33,8,27.89,8.29,1.359,1,1,1,0
TXN110027,31.88,2,11.92,10.02,0.73,0,1,1,0
TXN111671,13.3,10,0.75,6.37,1.191,1,1,1,0
TXN103115,44.04,2,7.01,8.94,1.049,1,0,0,0
TXN102506,115.42,18,16.61,6.2,1.899,0,1,0,0
TXN106938,67.12,2,19.18,18.72,1.492,1,1,1,0
TXN103825,11.08,14,11.03,2.03,1.556,0,0,0,0
TXN104953,28.12,16,20.22,7.11,0.982,1,1,1,0
TXN111057,4.53,16,8.87,3.92,1.615,1,1,0,0
TXN102474,46.73,15,11.13,0.75,0.979,0,1,0,0
TXN109304,49.45,10,17.58,2.81,0.786,0,0,0,0
TXN101489,83.82,15,3.56,0.44,0.832,1,1,0,0
TXN101330,60.49,11,10.93,11.63,2.762,1,1,1,0
TXN103938,37.98,12,8.75,4.89,0.859,1,1,0,0
TXN111579,37.2,16,20.78,0.32,1.096,1,0,1,0
TXN100620,52.44,13,12.16,3.67,2.293,1,1,0,0
TXN106805,55.57,20,3.93,3.41,1.293,1,0,0,0
TXN108593,5.49,16,7.23,6.73,2.049,0,0,0,0
TXN102923,26.05,15,1.89,3.54,0.648,1,1,0,0
TXN112278,48.76,17,14.13,3.12,1.177,0,1,0,0
TXN114527,103.44,4,30.57,11.39,1.705,1,0,1,0
TXN107568,114.78,8,20.16,10.48,1.26,0,1,0,0
TXN114728,24.48,2,1.36,13.24,1.474,0,1,0,1
TXN104524,107.05,14,2.72,8.37,0.61,1,1,0,0
TXN109883,158.54,11,0.28,5.63,0.152,1,1,1,0
TXN108927,19.2,17,3.82,9.38,0.666,1,0,0,0
TXN110482,36.48,14,10.18,7.78,1.253,1,1,0,0
TXN112421,61.88,6,4.95,0.18,1.078,1,0,0,0
TXN109093,16.31,3,0.96,3.26,1.03,1,1,0,0
TXN114518,53.57,14,2.83,3.33,0.518,0,1,0,0
TXN106704,25.63,16,11.62,3.6,1.985,0,0,1,0
TXN104243,36.49,16,11.4,12.33,0.61,1,0,1,0
TXN113624,59.31,12,5.68,2.79,2.414,1,0,0,0
TXN108112,28.73,14,15.52,1.04,1.299,0,1,1,0
TXN112481,69.94,8,8.0,10.06,1.056,0,0,0,0
TXN112947,14.96,2,1.4,7.4,1.015,1,1,1,0
TXN104317,173.04,16,14.58,8.45,1.051,1,0,0,0
TXN112967,39.2,18,7.79,5.39,1.683,0,1,1,0
TXN101816,51.08,11,6.03,8.85,1.457,1,1,0,0
TXN102757,37.87,12,6.72,3.4,0.478,0,0,0,0
TXN110886,64.98,4,0.55,7.71,0.375,1,0,0,0
TXN108470,14.32,10,18.28,0.92,1.438,1,1,0,0
TXN100508,12.96,18,2.83,3.81,1.298,0,1,0,0
TXN103721,40.36,12,1.68,1.97,0.687,1,1,1,0
TXN106987,8.5,10,6.19,5.25,0.97,1,0,1,0
TXN109991,71.62,1,8.72,9.82,1.112,1,0,1,0
TXN106626,47.36,5,11.13,1.79,2.088,1,1,1,0
TXN109590,23.96,7,13.39,0.34,1.006,1,0,0,0
TXN100700,5.11,1,13.41,3.34,0.232,1,0,1,0
TXN100436,41.53,7,1.69,12.93,1.637,1,1,1,0
TXN112471,2.94,15,5.64,8.35,1.794,1,0,0,0
TXN107221,31.83,6,12.44,7.31,1.075,1,0,0,0
TXN114110,21.42,11,0.34,1.68,0.16,1,1,0,0
TXN113270,19.45,19,2.15,8.39,0.019,1,1,0,0
TXN106751,10.62,0,2.29,12.68,2.11,1,1,1,0
TXN102374,34.34,21,3.55,2.51,1.676,0,1,0,0
TXN106732,34.55,14,9.3,5.86,0.438,1,1,0,0
TXN106169,15.3,14,2.18,4.87,2.004,1,1,1,0
TXN114594,23.91,21,2.07,4.92,0.557,1,1,1,0
TXN103273,18.51,14,3.59,4.18,1.305,1,1,0,0
TXN109639,384.24,17,15.88,6.25,1.381,1,1,0,0
TXN111929,4.87,5,20.72,13.14,0.993,0,1,0,0
TXN101062,49.12,9,15.23,14.5,0.405,1,0,1,0
TXN106217,31.39,17,6.45,12.83,0.887,0,1,0,0
TXN105920,79.66,16,2.57,7.78,0.578,1,1,0,0
TXN111385,38.13,9,3.8,4.63,0.516,1,1,1,0
TXN109453,36.43,16,1.39,15.23,1.223,1,0,0,0
TXN100061,40.78,16,22.49,0.45,1.124,1,1,1,0
TXN114475,104.85,8,23.94,8.18,0.42,0,0,0,0
TXN113852,70.29,9,12.42,2.16,0.913,1,1,0,0
TXN101005,28.16,21,22.39,18.57,1.255,1,1,0,0
TXN113922,28.35,7,13.62,1.69,0.634,1,1,0,0
TXN102365,7.78,8,1.41,1.13,1.176,1,0,0,0
TXN104238,9.9,15,7.0,4.14,0.472,0,1,1,0
TXN112026,113.0,9,8.17,9.84,1.029,0,1,0,0
TXN110837,76.05,6,8.41,5.67,0.154,0,1,1,0
TXN100546,8.68,20,7.2,5.52,1.116,0,1,1,0
TXN102655,67.05,14,11.7,9.86,2.062,1,1,0,0
TXN100149,18.14,2,2.26,1.15,1.086,1,1,0,0
TXN114468,100.33,15,7.44,0.25,0.263,0,1,0,0
TXN100648,121.97,13,1.94,1.9,0.968,1,0,0,0
TXN107923,219.54,12,13.4,17.87,1.208,0,1,1,0
TXN103408,34.97,16,4.82,3.25,0.932,1,1,0,0
TXN100775,64.85,18,10.65,10.61,1.196,0,1,0,0
TXN112729,32.63,10,8.94,15.59,1.245,1,0,0,0
TXN105494,140.42,18,0.66,4.09,1.478,1,1,1,0
TXN112347,191.1,12,4.6,0.18,1.768,0,1,0,0
TXN109948,4.71,5,21.43,4.99,1.357,0,1,0,0
TXN104209,30.06,7,10.47,1.29,0.765,1,1,0,0
TXN104199,103.91,9,17.89,2.27,0.775,1,1,0,0
TXN100888,47.75,8,4.24,4.14,1.778,0,1,0,0
TXN102503,19.65,20,29.75,2.05,0.006,1,1,1,0
TXN108147,44.04,3,9.25,7.31,1.202,0,1,0,0
TXN102338,109.89,1,6.7,6.95,1.64,1,0,0,0
TXN104823,45.55,8,15.86,4.14,0.926,0,0,0,0
TXN103836,28.41,4,0.15,0.92,1.06,1,1,1,0
TXN109207,156.61,21,5.13,8.94,2.615,1,1,0,0
TXN114922,22.95,20,9.54,8.01,2.136,1,0,1,1
TXN101047,10.17,8,3.37,10.57,2.612,1,1,1,0
TXN106015,20.95,14,18.38,10.49,1.879,1,0,0,0
TXN105383,24.77,9,0.59,2.26,1.473,0,0,0,0
TXN112315,29.83,7,13.89,3.98,1.035,0,1,0,0
TXN104155,107.84,14,9.09,3.89,1.88,0,1,0,0
TXN112020,13.17,11,8.76,15.6,0.654,1,1,0,0
TXN107479,84.27,10,3.9,16.24,1.26,1,0,1,0
TXN111663,35.37,6,14.24,7.1,0.582,0,0,0,0
TXN114567,117.73,11,1.4,17.93,1.671,1,1,0,0
TXN111185,296.81,20,18.76,1.22,0.255,1,1,1,0
TXN109789,46.91,16,21.19,17.41,1.082,1,1,1,0
TXN105992,32.6,10,9.78,4.73,1.245,1,0,0,0
TXN106296,247.99,14,20.14,5.38,0.413,1,1,0,0
TXN107385,10.43,13,13.63,11.91,1.685,1,1,1,0
TXN105192,126.79,16,6.62,4.86,0.57,1,1,0,0
TXN108850,401.03,8,6.75,8.11,0.919,0,1,0,0
TXN105413,23.82,17,4.3,13.67,1.01,0,0,0,0
TXN100419,63.47,10,14.57,13.98,0.546,1,1,1,0
TXN105980,20.88,19,0.04,1.58,0.723,1,1,1,0
TXN111782,241.71,16,6.62,1.91,1.414,1,1,0,0
TXN110210,115.53,22,9.38,12.76,1.498,1,1,0,0
TXN104571,16.78,4,4.36,6.1,0.061,1,1,0,0
TXN113160,53.67,17,9.16,8.78,0.255,1,0,0,0
TXN109916,25.61,17,14.79,1.46,1.387,0,1,0,0
TXN113207,20.83,13,11.31,3.02,1.491,1,1,1,0
TXN111005,21.69,20,9.65,8.53,0.502,0,1,0,0
TXN113038,4.21,3,8.9,1.78,2.056,1,1,0,0
TXN100597,19.16,22,18.02,13.43,0.811,0,1,0,0
TXN108550,19.16,17,7.18,7.62,1.557,0,1,0,0
TXN112887,31.6,11,7.9,16.08,1.664,1,1,0,0
TXN113429,66.58,4,14.77,9.65,0.322,1,1,1,0
TXN107045,9.96,16,0.88,10.22,0.892,0,1,0,0
TXN114690,207.62,20,33.36,1.38,4.504,1,1,1,1
TXN103470,12.74,0,6.98,9.32,1.137,0,1,0,0
TXN109383,120.7,11,21.98,4.62,0.986,1,0,0,0
TXN114677,13.69,21,1.17,13.99,2.815,0,0,1,1
TXN100612,15.33,1,7.52,13.65,0.548,1,0,0,0
TXN102046,128.03,20,5.77,8.91,1.365,0,1,1,0
TXN107354,75.14,14,6.13,0.96,0.006,1,1,0,0
TXN100002,38.49,14,20.59,7.7,0.319,1,0,1,0
TXN106144,76.16,14,4.33,2.92,1.364,1,1,1,0
TXN104542,32.51,11,1.78,18.06,1.862,0,1,0,0
TXN101547,209.0,11,13.56,6.76,1.14,1,0,0,0
TXN108823,76.68,11,1.74,5.77,2.324,1,1,0,0
TXN105249,168.26,6,0.71,1.01,1.471,1,1,0,0
TXN100855,121.84,18,1.17,18.1,0.838,1,1,0,0
TXN101637,31.74,14,2.98,7.11,1.389,1,0,0,0
TXN104494,53.79,4,1.36,1.74,2.083,1,1,1,0
TXN109574,119.96,20,13.58,1.77,0.939,1,1,0,0
TXN101042,53.53,6,19.54,5.75,0.404,1,1,0,0
TXN112711,6.48,11,0.19,1.61,1.524,1,0,0,0
TXN107477,25.98,14,4.34,0.41,0.908,0,1,1,0
TXN111404,60.45,13,18.66,12.73,1.628,1,0,0,0
TXN107643,25.98,11,9.27,0.15,1.31,1,1,0,0
TXN105438,78.43,10,5.09,4.77,1.902,1,1,0,0
TXN103039,25.3,15,7.66,12.24,1.898,0,1,0,0
TXN110347,237.18,10,4.41,0.22,1.473,1,1,0,0
TXN100846,25.85,8,0.0,9.26,1.881,1,1,0,0
TXN105110,34.9,1,1.96,17.69,0.81,0,1,0,0
TXN107472,16.2,14,9.43,9.63,1.614,0,1,0,0
TXN101325,12.78,17,5.89,1.49,0.057,1,0,0,0
TXN100553,11.35,4,8.31,3.88,1.016,1,1,0,0
TXN111715,18.06,7,6.89,11.5,1.192,1,1,1,0
TXN111199,25.42,9,19.37,10.89,0.673,0,1,1,0
TXN101725,91.08,16,5.93,0.13,0.7,0,1,0,0
TXN104035,27.97,14,21.18,6.15,1.038,1,1,0,0
TXN107211,29.44,13,3.75,0.14,0.389,1,1,1,0
TXN101244,26.28,15,2.97,14.35,2.079,1,1,0,0
TXN110611,10.03,12,17.53,5.71,0.545,1,0,1,0
TXN102263,22.02,11,6.4,4.71,1.18,1,1,0,0
TXN103954,38.51,16,15.21,3.96,2.082,1,0,1,0
TXN114447,28.35,9,23.59,4.27,1.005,1,1,0,0
TXN107483,28.64,15,2.34,0.51,1.376,1,1,0,0
TXN105188,29.78,9,5.75,11.66,1.338,0,1,1,0
TXN109860,188.81,14,1.18,3.28,0.236,1,1,0,0
TXN102220,37.79,5,3.78,3.25,1.119,0,1,0,0
TXN114860,141.8,23,51.56,20.2,2.396,1,0,1,1
TXN103124,13.76,17,11.51,0.37,1.381,1,1,0,0
TXN103184,18.39,7,3.66,3.47,2.063,1,1,0,0
TXN103561,112.27,9,6.43,3.29,1.924,1,0,0,0
TXN110585,5.73,3,8.82,3.31,0.145,1,0,0,0
TXN110265,62.6,14,2.35,9.87,1.3,1,1,1,0
TXN105447,24.47,22,4.75,4.55,0.566,0,1,0,0
TXN110131,24.81,19,8.11,8.11,1.832,1,1,1,0
TXN107994,58.64,14,13.83,11.7,0.284,1,1,0,0
TXN103105,36.14,19,0.84,8.99,0.56,1,1,1,0
TXN107995,10.41,18,10.89,9.86,0.889,1,1,0,0
TXN111010,25.72,22,5.54,13.58,2.52,0,1,0,0
TXN102830,52.18,23,8.25,0.79,1.502,0,1,0,0
TXN110831,24.54,13,7.2,9.73,0.574,1,0,1,0
TXN108068,6.57,4,7.42,11.53,0.153,1,1,0,0
TXN112080,14.82,21,29.01,4.39,1.623,1,0,0,0
TXN109403,30.5,7,2.96,4.57,0.857,1,1,0,0
TXN101083,12.11,20,8.84,2.34,0.906,1,1,1,0
TXN103843,43.3,12,3.8,12.63,1.448,1,1,0,0
TXN106588,97.65,5,1.15,3.08,1.192,1,1,1,0
TXN100416,41.01,19,7.76,10.03,1.058,0,1,0,0
TXN106032,39.05,13,4.29,7.54,2.684,1,1,0,0
TXN110237,14.65,21,9.47,8.23,1.789,1,1,0,0
TXN110086,25.5,16,8.08,14.25,0.825,0,1,0,0
TXN108039,148.23,20,17.62,5.04,1.755,0,1,1,0
TXN100871,75.27,20,1.53,4.36,1.614,0,1,1,0
TXN105755,26.66,10,9.38,5.47,1.608,1,1,1,0
TXN113151,69.62,16,11.69,5.25,1.713,0,1,1,0
TXN110974,15.24,3,1.93,11.61,1.073,1,1,0,0
TXN102001,54.14,14,2.43,8.15,1.122,0,1,0,0
TXN103395,174.25,12,15.18,3.13,2.466,1,0,1,0
TXN103818,90.08,0,11.42,2.79,1.453,0,0,0,0
TXN110009,16.98,19,16.11,1.42,0.387,1,1,1,0
TXN113715,38.76,22,3.64,2.06,0.6,1,0,0,0
TXN102817,49.99,15,4.09,1.22,2.629,0,0,0,0
TXN114809,86.57,11,57.52,9.21,0.591,1,1,1,1
TXN113583,28.89,17,10.95,8.31,1.566,1,1,0,0
TXN110662,74.26,18,11.64,13.37,1.357,0,1,1,0
TXN106394,52.46,21,6.22,23.83,2.118,1,1,1,0
TXN110872,18.14,15,0.77,17.67,0.656,1,1,0,0
TXN103553,148.18,1,6.6,13.24,0.695,1,1,0,0
TXN112753,7.04,21,15.24,1.41,0.095,0,0,0,0
TXN103519,6.44,15,3.3,1.87,0.234,0,0,0,0
TXN103964,17.38,1,6.18,1.21,0.851,1,0,0,0
TXN105127,13.48,19,3.6,3.35,0.895,1,1,0,0
TXN100065,51.83,14,19.12,0.84,0.949,0,1,0,0
TXN114797,1171.51,18,46.04,35.2,2.554,0,0,1,1
TXN101025,75.15,13,3.46,3.38,0.763,1,0,0,0
TXN105943,6.81,20,8.01,2.75,1.43,0,1,1,0
TXN109481,9.79,6,4.22,2.62,0.865,1,0,1,0
TXN113747,60.39,0,8.92,13.41,1.321,1,1,1,0
TXN114064,26.07,19,5.01,6.44,1.281,0,1,0,0
TXN113328,25.96,2,6.61,11.4,1.03,1,1,1,0
TXN106100,58.74,2,25.54,5.86,1.314,0,1,0,0
TXN105725,26.99,7,9.6,1.01,0.386,1,1,0,0
TXN106213,13.4,17,4.95,1.83,1.315,1,0,0,0
TXN108654,8.94,12,12.16,9.56,1.633,1,1,1,0
TXN110325,22.94,11,11.19,0.13,0.45,1,1,0,0
TXN100287,76.64,15,23.41,2.13,0.508,1,1,0,0
TXN103024,47.61,20,21.69,8.58,0.327,1,1,1,0
TXN105116,37.32,18,24.21,4.57,2.016,1,1,0,0
TXN110455,68.11,10,1.23,11.5,1.043,0,0,0,0
TXN103137,78.03,21,11.37,12.52,1.445,1,1,1,0
TXN100653,15.71,3,1.83,8.65,1.732,0,1,0,0
TXN101202,7.39,14,2.44,6.66,1.172,1,1,1,0
TXN113467,17.49,17,8.61,2.82,1.265,0,1,0,0
TXN113014,106.41,8,5.54,8.64,0.714,1,1,0,0
TXN112192,43.42,5,3.38,3.06,0.852,1,0,0,0
TXN101261,179.14,16,13.12,11.95,0.404,1,0,0,0
TXN105670,107.26,7,18.46,4.72,1.348,1,1,0,0
TXN108283,21.56,19,11.8,9.58,0.878,1,1,0,0
TXN102094,22.54,6,2.19,15.33,0.419,1,0,1,0
TXN102486,43.79,18,5.92,0.27,1.232,1,1,0,0
TXN114351,46.4,4,8.25,4.64,1.852,1,1,1,0
TXN112113,782.94,6,6.09,2.64,0.613,1,1,1,0
TXN111628,17.12,21,11.42,5.52,1.283,1,1,1,0
TXN112302,44.61,6,3.03,1.4,2.368,1,0,0,0
TXN111496,34.01,12,4.03,18.52,0.901,1,0,0,0
TXN101427,65.65,14,3.33,0.54,0.034,1,1,0,0
TXN104074,115.01,15,13.72,1.93,0.942,1,1,1,0
TXN112999,106.63,17,12.97,20.04,0.251,1,1,0,0
TXN111897,8.82,10,7.52,8.06,0.666,1,1,1,0
TXN105978,103.8,12,0.72,2.14,1.734,0,0,0,0
TXN109726,46.34,3,19.57,1.49,0.694,0,1,0,0
TXN101107,10.49,8,12.45,8.93,1.637,1,1,1,0
TXN114713,343.1,7,84.0,2.16,1.883,0,1,1,1
TXN109069,21.49,15,16.85,2.72,1.293,1,1,1,0
TXN105480,34.22,7,2.78,11.43,0.67,1,0,1,0
TXN106802,362.9,5,7.43,7.93,1.302,1,1,1,0
TXN109020,82.85,22,2.17,2.08,0.932,0,1,1,0
TXN112787,22.62,18,0.68,1.74,0.655,1,0,0,0
TXN113674,38.64,22,9.07,3.22,0.261,0,0,0,0
TXN114233,35.55,18,8.64,7.49,0.845,1,1,0,0
TXN112014,31.6,12,5.12,3.01,0.845,0,1,0,0
TXN114743,258.02,23,55.84,23.81,0.388,1,0,0,1
TXN110802,9.12,19,3.97,14.92,1.506,1,1,0,0
TXN107406,441.87,5,1.03,7.07,1.277,1,0,0,0
TXN108237,84.81,15,4.47,11.26,1.619,1,1,0,0
TXN112642,51.8,4,9.83,6.24,0.162,1,1,0,0
TXN106592,22.47,19,10.62,1.49,0.774,0,0,1,0
TXN105335,18.55,13,16.04,1.23,1.714,1,0,0,0
TXN102368,38.12,19,13.19,8.58,0.93,1,1,0,0
TXN103630,4.27,10,2.67,3.59,0.934,1,1,0,0
TXN102168,22.93,15,2.54,5.74,0.894,1,1,1,0
TXN111694,132.26,16,19.77,11.08,1.769,1,0,0,0
TXN106474,10.5,0,10.28,6.63,1.47,1,1,0,0
TXN105669,37.11,11,3.19,17.43,1.455,1,1,0,0
TXN100185,40.52,9,10.94,3.38,2.167,1,1,0,0
TXN102663,7.52,13,22.78,1.01,1.79,1,1,1,0
TXN112160,78.92,15,9.42,2.12,1.554,1,0,1,0
TXN104046,19.85,8,5.05,3.53,1.563,0,1,1,0
TXN107944,69.5,13,5.79,6.37,0.922,1,1,0,0
TXN104719,32.35,5,12.43,4.54,1.14,1,1,0,0
TXN105821,529.56,16,6.77,0.6,1.508,0,1,0,0
TXN113524,23.01,8,19.31,4.17,1.244,1,1,1,0
TXN107344,52.23,15,3.52,6.05,2.031,1,0,0,0
TXN102102,31.94,4,22.11,11.07,1.498,1,0,0,0
TXN104739,116.6,11,2.42,4.7,1.12,1,1,0,0
TXN110310,20.78,7,8.4,6.19,0.947,1,0,0,0
TXN104705,28.5,15,4.54,9.22,1.025,0,1,1,0
TXN104326,5.78,13,8.67,2.96,1.534,1,1,0,0
TXN105022,30.35,0,3.81,3.54,0.445,1,1,0,0
TXN111273,15.7,10,2.39,0.76,1.085,1,0,0,0
TXN108819,16.02,13,19.4,10.98,1.938,0,1,1,0
TXN102820,39.33,7,0.91,9.37,1.651,1,1,0,0
TXN111825,25.53,15,5.35,5.85,0.402,1,0,0,0
TXN110863,76.7,18,20.65,2.44,1.329,0,0,0,0
TXN102007,82.66,16,17.37,9.45,0.552,1,1,0,0
TXN101527,11.98,12,2.03,4.04,0.979,1,0,0,0
TXN108103,37.87,9,8.23,2.55,1.514,0,1,0,0
TXN109750,22.27,18,25.22,9.02,1.42,0,0,0,0
TXN108199,37.99,9,13.45,5.29,1.818,1,0,1,0
TXN101532,1.12,5,20.89,12.18,1.187,1,1,0,0
TXN108799,43.88,13,18.3,17.92,1.336,1,0,1,0
TXN104232,38.98,6,4.35,7.52,1.103,1,1,0,0
TXN114993,136.14,4,38.76,21.13,3.306,0,0,1,1
TXN114141,139.59,11,5.54,17.88,1.165,1,1,0,0
TXN101943,20.81,22,5.71,11.54,0.715,1,1,0,0
TXN101035,9.69,15,2.55,8.63,0.722,1,1,1,0
TXN113380,135.74,15,17.35,8.92,1.016,1,1,0,0
TXN112665,12.48,20,4.06,9.42,1.31,1,1,0,0
TXN106187,15.63,14,10.56,8.96,1.38,1,0,0,0
TXN103614,80.73,18,14.45,4.89,1.588,1,0,1,0
TXN113110,96.6,15,9.02,12.33,0.939,1,1,0,0
TXN104555,6.91,15,20.73,2.81,1.486,1,1,1,0
TXN114901,669.77,11,14.06,53.07,4.324,0,1,1,1
TXN102778,68.08,17,18.26,9.85,0.008,1,1,0,0
TXN110907,22.46,20,1.15,19.33,0.926,0,0,0,0
TXN100499,35.13,13,15.2,17.54,0.304,0,1,1,0
TXN105038,29.91,9,3.23,3.95,0.931,0,1,1,0
TXN109446,88.02,10,6.16,4.1,1.177,1,1,1,0
TXN102341,2.49,5,18.25,11.89,1.105,1,1,0,0
TXN103387,11.22,22,0.94,4.25,1.224,1,1,0,0
TXN108313,11.68,13,1.3,19.39,2.951,1,1,1,0
TXN101923,48.56,15,14.35,9.18,1.762,0,1,0,0
TXN105743,29.82,13,19.59,19.73,0.756,1,1,0,0
TXN100444,31.45,16,2.94,0.88,0.898,0,0,0,0
TXN103863,4.7,19,10.24,1.23,1.183,1,1,0,0
TXN107202,111.41,14,8.96,2.32,0.175,1,1,1,0
TXN103999,96.73,4,10.45,5.52,1.691,1,0,0,0
TXN114856,69.51,5,29.15,19.78,1.422,0,0,0,1
TXN107649,32.99,12,24.37,6.1,1.042,1,0,1,0
TXN110135,51.81,10,17.32,5.67,1.118,1,1,0,0
TXN107099,13.61,12,7.07,3.82,0.968,1,1,1,0
TXN103664,38.54,1,0.92,5.59,1.865,1,1,0,0
TXN103903,15.06,13,6.61,13.97,1.073,0,0,1,0
TXN111484,110.04,16,13.58,13.95,1.048,1,0,1,0
TXN112293,28.81,19,3.24,6.18,0.825,1,1,0,0
TXN114539,63.56,7,7.57,1.29,0.739,1,0,1,0
TXN109138,84.65,15,7.11,7.49,0.915,1,0,1,0
TXN108977,52.31,1,6.28,4.3,1.499,0,1,0,0
TXN101899,10.92,19,5.5,11.31,1.078,1,1,0,0
TXN111498,6.76,9,26.03,9.76,1.185,0,0,0,0
TXN106894,15.27,11,10.37,7.6,1.163,0,0,0,0
TXN111719,37.34,11,15.74,0.48,1.176,0,1,0,0
TXN106587,33.02,17,16.2,0.03,1.422,1,1,0,0
TXN112298,18.1,11,35.94,1.91,1.524,1,1,0,0
TXN106656,206.16,15,8.69,4.24,1.496,0,1,0,0
TXN109408,60.81,9,5.83,4.48,1.295,1,1,1,0
TXN109043,23.66,19,4.21,17.95,1.216,1,1,0,0
TXN101963,24.38,1,0.31,1.58,0.536,1,1,0,0
TXN114857,84.43,8,44.51,12.04,3.076,1,0,0,1
TXN100139,99.3,7,2.27,7.58,1.041,1,1,0,0
TXN114023,9.36,22,9.1,10.92,1.886,1,1,0,0
TXN100614,9.6,16,2.92,0.52,1.218,1,1,0,0
TXN113187,6.34,16,10.85,0.15,0.606,1,1,0,0
TXN110780,8.05,23,1.03,8.98,1.4,1,1,0,0
TXN100427,20.52,9,32.34,0.46,0.477,0,1,1,0
TXN109523,11.92,13,8.1,14.08,2.02,1,0,0,0
TXN109727,24.44,12,8.23,8.9,1.41,0,1,1,0
TXN104667,55.05,1,1.98,2.46,1.02,1,1,1,0
TXN103411,20.52,4,27.22,2.09,1.833,1,1,1,0
TXN110690,58.59,17,4.33,1.79,1.361,1,1,1,0
TXN105671,19.06,15,17.03,7.44,1.71,1,1,0,0
TXN105616,17.08,2,0.96,4.13,0.733,1,1,1,0
TXN103624,57.39,18,0.21,4.37,0.652,1,0,0,0
TXN104728,22.95,5,1.87,5.99,1.255,1,1,0,0
TXN112611,28.44,11,22.16,10.47,1.183,0,1,1,0
TXN102500,24.89,4,12.04,5.48,0.56,0,0,0,0
TXN103952,15.89,9,1.5,1.99,1.07,1,1,0,0
TXN110114,53.78,17,0.26,9.89,0.224,1,1,0,0
TXN101293,37.79,6,27.42,6.57,0.705,1,0,0,0
TXN109810,77.83,13,9.7,9.66,1.904,0,1,1,0
TXN106968,5.45,11,13.17,1.38,0.926,1,0,0,0
TXN107810,87.97,13,1.18,2.59,2.275,1,1,1,0
TXN110765,14.13,21,3.1,7.85,0.304,1,1,1,0
TXN106903,39.14,11,4.11,4.6,0.853,1,1,0,0
TXN108189,57.13,11,11.65,13.27,2.134,1,0,0,0
TXN114700,70.56,8,8.24,26.84,4.382,0,0,1,1
TXN108373,23.91,14,12.29,8.27,0.578,1,1,0,0
TXN112041,185.98,14,1.84,4.98,1.537,0,0,0,0
TXN113882,62.96,11,26.23,3.24,1.647,1,1,0,0
TXN103101,23.4,14,6.6,1.95,0.886,1,1,1,0
TXN107158,12.98,6,6.37,0.95,1.5,0,1,0,0
TXN107392,63.09,14,7.56,9.66,0.336,0,1,1,0
TXN109748,71.31,0,10.01,6.41,1.011,0,1,0,0
TXN110509,7.01,10,3.43,3.76,0.09,1,0,0,0
TXN114711,762.06,14,22.4,27.87,1.9,0,0,1,1
TXN114175,480.67,17,10.5,4.21,0.516,0,1,0,0
TXN100990,186.65,13,10.54,1.63,0.763,1,1,0,0
TXN104175,265.42,16,12.55,6.4,1.7,1,1,0,0
TXN105915,58.29,15,1.59,5.03,1.569,1,1,1,0
TXN103500,70.36,15,4.73,15.18,1.27,0,0,1,0
TXN108539,18.18,17,6.75,16.74,0.512,1,1,0,0
TXN110191,18.55,6,9.79,6.48,0.741,1,1,0,0
TXN108485,37.13,14,13.21,4.88,1.623,1,1,0,0
TXN113891,73.93,6,8.67,4.01,0.988,1,0,1,0
TXN111779,23.65,13,3.74,5.09,1.471,1,1,0,0
TXN110388,55.9,13,14.25,8.43,1.745,1,0,0,0
TXN107728,62.81,8,7.04,16.12,0.947,1,1,1,0
TXN111488,2.57,17,12.23,6.72,0.199,1,1,0,0
TXN114217,40.41,13,12.61,2.64,0.986,1,1,0,0
TXN112457,49.18,11,0.7,4.49,0.882,1,0,0,0
TXN113592,17.45,13,7.62,8.36,0.983,0,1,1,0
TXN103914,30.66,2,9.01,18.58,1.918,0,0,0,0
TXN107255,11.29,7,10.66,12.01,1.73,1,1,0,0
TXN103417,92.03,13,7.97,1.28,1.273,1,1,0,0
TXN111800,61.82,6,3.16,3.95,0.632,1,1,0,0
TXN106828,12.83,11,3.6,13.91,2.165,1,0,1,0
TXN112944,27.28,1,28.46,9.48,1.45,1,1,1,0
TXN101962,14.3,9,0.19,16.18,1.216,1,1,1,0
TXN114829,154.34,11,56.77,6.01,1.077,1,0,1,1
TXN107510,143.98,18,1.96,7.63,0.719,1,1,0,0
TXN110640,19.63,6,16.26,3.4,1.627,1,1,1,0
TXN100150,43.81,14,1.87,2.86,1.52,1,1,0,0
TXN102095,28.14,4,0.86,3.99,0.936,0,0,0,0
TXN112688,36.05,20,8.63,2.04,1.451,0,1,1,0
TXN109323,29.66,17,3.89,11.22,0.521,1,1,1,0
TXN108490,333.83,4,2.21,1.69,1.978,1,1,1,0
TXN101937,102.15,6,9.1,0.41,1.311,1,1,0,0
TXN109600,18.23,11,6.52,10.49,1.258,0,1,0,0
TXN102052,209.79,11,4.52,8.13,0.64,0,1,1,0
TXN102238,73.09,15,9.36,3.08,3.327,1,1,1,0
TXN102539,52.73,11,15.64,8.92,2.295,1,1,0,0
TXN105696,337.88,16,5.52,9.36,1.818,1,1,1,0
TXN112748,13.3,19,19.98,7.59,2.271,0,1,0,0
TXN100168,60.38,18,1.39,12.74,0.394,1,1,0,0
TXN105064,8.49,13,9.73,1.16,0.965,1,0,0,0
TXN104492,58.99,7,11.71,8.28,1.379,0,1,1,0
TXN110404,16.7,1,4.24,3.87,2.163,0,1,0,0
TXN106898,48.86,9,3.38,7.71,1.071,1,1,0,0
TXN108119,44.21,7,5.19,0.55,1.495,0,0,0,0
TXN110416,18.81,18,0.88,0.03,1.747,1,1,0,0
TXN110463,13.64,18,3.25,11.94,0.506,0,0,0,0
TXN108436,92.68,13,20.66,11.41,1.532,1,1,0,0
TXN112039,33.05,12,22.11,3.89,0.325,1,1,0,0
TXN113581,71.51,7,7.92,6.52,0.561,1,1,0,0
TXN100356,17.32,2,4.82,4.54,0.661,1,1,0,0
TXN100693,33.81,6,11.15,0.52,0.835,1,1,0,0
TXN103373,9.67,3,6.91,7.94,1.966,1,0,0,0
TXN100511,11.69,16,0.58,0.44,2.193,1,1,1,0
TXN103579,18.39,11,2.29,4.78,0.079,1,1,1,0
TXN100930,31.19,11,15.35,5.76,1.457,1,1,0,0
TXN102132,62.47,17,0.9,16.28,1.216,1,0,0,0
TXN104569,28.36,6,22.68,3.76,1.064,0,1,1,0
TXN100629,149.59,18,6.15,17.55,0.351,1,0,0,0
TXN108023,40.91,12,3.41,2.34,0.803,0,1,0,0
TXN105369,137.87,22,1.96,11.8,0.141,1,0,1,0
TXN104631,109.8,18,25.51,1.45,0.825,1,1,0,0
TXN100650,82.19,15,1.28,3.87,1.95,1,1,1,0
TXN113834,4.42,15,4.23,0.76,2.22,1,1,0,0
TXN103871,93.58,13,14.34,4.62,0.788,1,1,0,0
TXN111994,41.67,17,3.34,1.36,2.253,1,1,0,0
TXN110772,142.31,20,9.48,4.9,0.847,1,0,1,0
TXN105488,72.6,7,5.51,4.46,1.804,1,0,0,0
TXN102051,189.97,18,18.54,13.04,0.65,1,1,1,0
TXN109613,128.02,19,11.9,1.15,1.692,1,1,0,0
TXN105226,21.49,4,13.43,2.36,0.305,1,1,0,0
TXN106533,35.84,21,14.15,5.85,1.569,0,1,1,0
TXN110968,50.35,12,30.69,4.43,1.722,1,0,1,0
TXN111237,17.12,17,9.76,10.06,0.511,0,1,0,0
TXN103925,30.33,13,6.99,9.18,1.41,1,1,1,0
TXN107147,39.4,8,10.05,0.54,0.053,1,1,0,0
TXN101237,36.08,13,24.11,9.68,0.538,0,1,0,0
TXN113586,38.34,10,13.3,2.09,0.986,1,0,1,0
TXN104154,8.22,8,10.01,3.08,1.462,1,1,1,0
TXN101290,98.14,13,15.03,6.07,1.403,1,1,0,0
TXN107114,31.12,8,10.62,2.21,0.284,1,0,0,0
TXN105697,37.95,22,6.52,9.83,1.188,1,1,0,0
TXN101266,90.35,19,3.68,19.94,1.288,1,0,0,0
TXN106726,11.91,9,12.81,1.06,1.946,1,1,0,0
TXN102473,62.69,14,0.42,8.04,1.956,1,1,0,0
TXN106484,60.74,7,2.64,7.67,1.134,1,0,0,0
TXN102239,41.25,20,15.95,0.38,1.193,0,1,1,0
TXN113520,20.94,15,6.86,1.04,2.489,1,0,1,0
TXN107130,47.11,19,17.71,3.62,0.927,1,1,1,0
TXN107630,9.61,5,3.53,1.92,1.357,1,1,1,0
TXN101084,165.59,19,9.52,3.42,1.873,1,0,0,0
TXN109849,8.28,3,2.86,11.91,1.68,1,1,0,0
TXN105612,52.16,7,8.37,0.11,1.464,1,1,0,0
TXN114132,39.45,22,7.26,2.78,0.432,1,0,1,0
TXN111380,38.85,13,27.14,4.54,0.821,1,0,1,0
TXN101474,17.83,5,12.6,4.61,1.197,0,1,0,0
TXN112054,83.27,11,10.74,6.65,1.313,1,1,0,0
TXN104458,48.82,20,5.2,11.12,0.72,1,1,0,0
TXN111456,33.22,18,14.52,5.37,0.994,1,1,0,0
TXN112076,127.72,14,16.03,3.61,2.064,1,1,0,0
TXN111794,32.39,10,10.9,9.92,0.22,1,1,0,0
TXN109202,37.85,17,6.83,16.53,0.201,0,1,0,0
TXN110462,10.02,12,3.56,16.01,0.382,1,1,0,0
TXN113296,11.71,6,6.99,0.96,0.392,1,0,0,0
TXN113904,10.6,16,21.46,11.27,0.65,1,1,1,0
TXN100886,106.07,13,14.48,6.43,1.063,1,0,1,0
TXN109631,60.77,16,24.42,0.21,0.877,1,1,0,0
TXN113487,17.66,17,10.17,2.69,0.531,0,1,1,0
TXN101669,64.02,19,4.61,10.89,0.969,1,1,1,0
TXN114709,96.11,16,13.56,0.15,1.44,0,0,0,1
TXN101615,28.89,12,8.52,0.02,1.192,1,1,1,0
TXN108074,64.66,18,14.66,8.83,0.98,1,1,0,0
TXN108738,255.92,13,4.87,12.03,0.088,1,0,1,0
TXN113482,7.49,17,7.32,2.81,0.631,1,1,1,0
TXN103145,11.44,18,11.46,7.83,1.502,1,0,1,0
TXN103295,63.69,0,12.35,0.98,0.924,1,0,0,0
TXN111881,20.58,11,17.98,5.13,2.282,1,1,0,0
TXN114320,29.13,6,12.12,7.6,1.0,1,0,0,0
TXN113293,21.18,14,10.53,0.53,1.466,0,1,0,0
TXN105729,21.15,18,4.68,15.05,0.713,1,0,1,0
TXN109703,11.92,9,0.17,6.21,1.095,1,0,0,0
TXN111908,20.08,12,1.9,7.64,0.783,0,0,0,0
TXN103684,52.23,20,11.89,2.62,0.498,1,0,1,0
TXN112918,79.67,4,4.51,4.67,1.592,1,1,0,0
TXN110743,13.94,13,2.27,13.46,0.347,1,1,1,0
TXN112422,68.83,12,19.28,0.31,1.624,0,0,0,0
TXN102808,17.26,18,6.34,5.76,1.128,1,1,0,0
TXN114827,176.3,10,17.73,30.16,5.709,0,0,1,1
TXN108658,71.05,13,6.78,15.22,0.886,0,1,0,0
TXN102888,51.03,6,1.66,2.73,0.28,0,1,0,0
TXN110195,99.85,20,14.32,4.64,2.114,0,1,0,0
TXN105850,51.69,15,1.51,15.28,2.15,1,0,1,0
TXN110695,26.24,8,4.93,5.3,1.128,1,1,1,0
TXN109181,109.15,16,17.25,0.59,1.26,0,1,1,0
TXN103199,160.8,16,1.73,15.67,1.871,1,0,0,0
TXN103587,54.31,8,13.77,2.96,1.463,0,0,0,0
TXN108131,52.88,16,11.04,3.04,1.709,1,1,1,0
TXN109401,99.21,18,15.25,2.81,0.516,1,1,0,0
TXN101939,136.22,17,10.36,12.87,0.181,1,0,0,0
TXN110005,85.15,15,4.78,13.11,1.265,1,1,0,0
TXN112596,8.39,11,10.79,3.82,1.319,1,1,1,0
TXN100710,63.72,14,14.77,15.37,0.737,1,1,0,0
TXN108462,25.0,11,5.31,15.94,1.807,0,0,0,0
TXN110382,40.23,16,14.37,7.23,0.895,1,1,0,0
TXN103250,24.02,21,4.73,3.89,0.482,0,1,0,0
TXN110736,20.09,11,3.12,1.76,0.11,0,1,0,0
TXN100197,24.96,23,2.77,8.57,0.282,0,1,0,0
TXN110090,26.67,4,1.04,5.68,0.494,1,1,0,0
TXN113638,35.17,5,5.01,11.52,0.493,1,0,1,0
TXN111650,26.56,17,3.75,2.62,0.125,1,0,0,0
TXN113708,47.8,11,7.55,9.83,0.14,0,0,0,0
TXN106625,88.98,10,22.8,1.2,1.59,1,0,0,0
TXN112924,8.42,15,24.31,2.75,1.504,1,1,0,0
TXN113491,16.46,17,34.65,2.7,0.711,1,0,1,0
TXN108785,4.77,16,0.95,7.13,0.917,1,1,0,0
TXN102816,29.63,9,5.14,9.04,1.366,1,1,0,0
TXN103906,39.36,9,6.31,3.42,1.033,0,0,0,0
TXN105700,92.84,5,0.77,8.14,0.967,1,1,1,0
TXN114116,20.87,14,14.32,9.76,0.781,0,0,0,0
TXN103378,32.64,11,20.84,5.4,0.815,0,1,0,0
TXN101341,108.47,8,17.74,2.97,0.86,0,1,1,0
TXN103126,6.04,12,3.87,6.6,0.716,0,1,0,0
TXN112555,57.47,2,16.29,8.42,0.029,0,0,0,0
TXN111863,11.45,21,0.93,8.9,0.479,1,0,0,0
TXN103460,19.38,18,5.45,7.73,0.776,1,1,0,0
TXN102933,70.76,0,9.48,7.71,0.872,1,1,0,0
TXN106510,50.23,14,20.98,10.62,1.072,0,1,0,0
TXN104647,20.45,18,1.51,7.99,0.961,1,1,0,0
TXN104210,134.55,13,24.93,7.25,0.193,0,0,0,0
TXN104033,66.52,17,19.85,13.48,0.919,1,1,1,0
TXN104658,20.83,7,12.02,5.26,0.033,1,1,0,0
TXN104362,18.84,9,14.62,9.66,0.933,1,0,0,0
TXN104273,52.78,20,11.34,7.23,1.347,0,1,0,0
TXN113614,6.3,21,4.12,2.81,0.356,0,0,0,0
TXN100613,51.23,15,4.07,8.46,0.611,1,1,1,0
TXN109561,145.65,12,0.31,3.79,0.832,1,0,1,0
TXN109882,34.18,14,16.12,12.06,0.273,0,0,0,0
TXN103437,18.8,0,15.5,2.48,0.609,0,0,0,0
TXN110039,4.46,9,15.05,0.39,1.19,1,1,1,0
TXN100179,96.82,1,0.52,18.3,1.01,0,0,0,0
TXN114298,27.22,12,6.74,9.66,1.084,0,0,1,0
TXN114497,1.07,23,3.69,1.82,1.646,0,1,1,0
TXN112370,78.42,3,11.68,17.01,0.807,0,0,0,0
TXN104771,30.33,12,6.79,8.13,1.596,1,1,0,0
TXN110757,3.16,18,9.97,21.89,0.985,1,0,0,0
TXN107970,23.93,21,4.39,9.32,0.281,1,1,1,0
TXN107449,26.12,5,2.93,1.24,1.465,1,1,1,0
TXN109193,8.67,19,21.29,18.78,0.649,1,1,0,0
TXN100027,140.41,22,0.54,10.46,1.074,1,0,1,0
TXN113696,5.41,16,7.18,3.87,0.969,1,0,0,0
TXN111817,28.75,10,0.33,1.75,0.185,1,0,0,0
TXN106546,95.12,19,10.67,2.03,1.063,0,0,0,0
TXN101841,10.87,7,4.86,3.95,1.644,1,1,0,0
TXN102702,35.58,20,15.84,11.45,0.767,0,1,0,0
TXN104985,71.1,14,12.88,11.67,1.759,1,1,0,0
TXN107334,73.37,7,17.35,7.0,0.934,1,1,0,0
TXN107450,29.43,4,0.27,2.06,1.955,1,1,1,0
TXN108084,25.01,10,0.85,5.84,0.035,1,1,1,0
TXN112998,52.97,11,2.18,19.53,1.571,0,0,1,0
TXN104274,27.91,8,1.4,8.57,0.255,1,1,0,0
TXN102093,14.63,13,10.55,4.96,0.404,0,1,0,0
TXN101737,86.3,1,8.37,3.83,1.72,1,1,0,0
TXN103791,45.73,12,2.98,2.82,0.399,1,0,0,0
TXN111375,8.56,16,14.95,4.79,1.204,1,1,0,0
TXN110717,112.05,4,1.81,2.29,1.211,1,1,0,0
TXN108289,21.47,17,7.07,5.88,1.549,1,1,1,0
TXN103944,19.0,23,2.12,6.14,1.472,0,1,0,0
TXN101495,9.7,10,3.26,1.26,1.15,1,1,0,0
TXN113515,24.0,8,5.31,1.51,1.604,1,1,0,0
TXN105632,44.82,6,6.58,9.93,0.724,1,1,0,0
TXN107091,73.13,5,20.69,5.07,0.629,0,1,0,0
TXN109244,67.05,7,14.88,11.21,1.18,1,1,1,0
TXN114191,12.42,10,7.72,1.39,1.307,0,0,1,0
TXN102359,40.06,16,9.3,5.27,1.332,1,1,0,0
TXN110333,50.47,9,2.57,9.54,1.418,1,0,0,0
TXN112188,39.22,0,0.37,14.13,1.17,1,1,0,0
TXN101434,54.91,21,4.34,12.95,0.673,0,1,0,0
TXN101706,3.42,15,25.84,2.69,0.816,1,1,0,0
TXN107308,38.23,1,22.4,4.19,0.025,1,1,1,0
TXN113859,220.97,14,15.4,6.07,0.256,1,1,0,0
TXN106446,51.94,20,5.34,7.23,0.313,0,0,1,0
TXN106231,25.42,23,8.63,0.03,2.28,0,0,1,0
TXN111248,13.23,14,10.65,4.19,0.88,1,1,1,0
TXN102636,42.11,20,11.23,5.92,0.794,0,0,1,0
TXN104486,85.8,10,10.97,11.83,1.129,1,1,0,0
TXN108524,30.27,10,4.91,12.61,0.802,1,1,1,0
TXN110225,46.63,12,2.39,3.22,0.906,0,1,0,0
TXN112504,3.39,2,13.97,6.63,0.938,1,0,0,0
TXN102087,89.02,7,5.82,3.95,2.29,1,1,0,0
TXN103305,14.3,5,6.45,1.64,0.782,0,1,0,0
TXN103758,114.3,18,8.76,5.01,0.774,1,1,0,0
TXN100758,51.64,8,13.7,5.83,1.439,0,0,1,0
TXN109301,21.69,8,6.92,6.45,1.847,1,1,0,0
TXN101375,114.38,3,12.91,3.07,1.052,1,1,0,0
TXN111841,32.23,19,10.08,2.22,1.888,0,0,0,0
TXN113533,35.31,13,20.13,10.29,1.367,1,1,1,0
TXN110451,21.96,10,18.33,12.48,0.242,1,0,1,0
TXN103596,102.44,17,15.31,5.99,1.027,1,1,0,0
TXN101200,39.16,5,3.75,3.09,2.242,1,1,0,0
TXN112407,36.22,20,1.94,0.24,2.296,1,0,0,0
TXN100887,8.72,18,15.61,9.16,2.035,1,1,0,0
TXN114643,92.59,15,53.35,20.14,0.926,1,1,1,1
TXN109665,24.05,13,4.78,9.55,1.044,0,1,1,0
TXN110692,15.15,5,0.55,6.87,0.603,1,1,1,0
TXN114318,16.13,9,6.43,4.33,1.134,0,0,1,0
TXN105736,86.04,14,7.84,8.33,0.779,1,1,1,0
TXN107587,35.82,23,2.78,18.72,1.0,1,1,0,0
TXN108825,19.48,19,14.83,15.23,1.821,1,0,0,0
TXN105879,17.79,21,5.5,1.37,1.873,1,1,0,0
TXN102676,57.47,8,12.62,13.14,1.636,1,1,0,0
TXN103687,28.51,18,11.93,7.8,0.229,0,0,0,0
TXN103229,195.55,16,0.44,13.5,0.807,1,1,0,0
TXN110298,26.58,15,7.9,8.59,0.257,1,1,0,0
TXN105561,49.62,19,4.45,6.37,1.125,1,1,0,0
TXN101716,12.96,17,4.98,5.06,0.654,0,1,0,0
TXN108019,15.47,18,4.52,2.31,2.071,0,0,1,0
TXN109387,60.0,7,0.61,8.91,0.636,1,0,0,0
TXN114082,4.54,19,8.57,3.14,1.059,0,1,0,0
TXN105694,128.4,1,4.16,2.94,0.864,1,0,0,0
TXN113138,15.5,5,13.75,4.53,0.67,1,1,0,0
TXN105348,42.23,17,10.91,16.23,0.806,1,1,1,0
TXN105799,68.19,8,18.89,8.11,1.437,1,0,0,0
TXN106846,9.93,17,9.5,4.11,0.505,0,1,1,0
TXN104315,47.43,8,0.1,6.64,0.679,0,1,0,0
TXN101748,114.13,20,19.07,14.41,0.503,1,1,0,0
TXN106143,41.08,21,25.83,2.05,2.039,1,0,0,0
TXN100060,18.65,12,20.41,0.66,0.143,1,0,0,0
TXN106525,18.42,4,13.59,2.42,0.55,1,0,0,0
TXN104425,90.27,11,0.13,11.55,2.107,1,1,0,0
TXN114891,101.11,13,25.87,27.49,4.752,0,0,0,1
TXN101701,39.18,9,6.17,3.69,2.151,0,1,1,0
TXN110170,14.78,17,2.18,13.87,1.305,0,0,1,0
TXN106910,11.24,23,3.85,22.83,1.438,1,1,1,0
TXN107484,90.51,4,8.7,8.49,1.028,1,0,0,0
TXN111131,50.99,15,1.16,7.57,0.864,1,1,1,0
TXN105194,20.63,13,9.22,9.19,1.429,1,0,0,0
TXN108166,33.94,18,13.17,6.13,0.703,0,0,0,0
TXN100064,40.1,15,9.23,3.98,0.761,0,0,0,0
TXN104226,108.95,0,20.51,10.11,2.082,1,1,0,0
TXN112837,9.96,6,5.15,10.81,0.703,1,1,0,0
TXN100941,43.62,10,9.36,1.89,0.498,0,0,0,0
TXN111839,20.15,16,2.28,8.19,1.421,1,1,0,0
TXN113939,43.12,22,0.22,1.4,1.76,1,1,0,0
TXN111136,55.09,16,24.15,0.31,1.113,0,1,0,0
TXN103631,30.6,12,11.12,2.63,1.978,1,1,1,0
TXN106849,20.87,3,22.79,13.75,1.629,1,1,1,0
TXN105157,87.66,19,9.1,3.56,1.96,1,1,0,0
TXN106451,9.8,23,8.92,14.09,1.276,1,1,1,0
TXN103414,9.7,22,5.61,10.01,1.916,1,1,0,0
TXN105949,15.83,22,3.78,9.53,0.455,0,1,1,0
TXN108400,25.45,11,4.65,2.95,1.076,1,0,0,0
TXN107865,71.93,17,4.99,9.01,1.499,1,0,1,0
TXN107727,30.37,21,2.15,13.85,1.277,1,0,0,0
TXN104359,14.49,10,4.2,14.74,1.535,1,0,1,0
TXN114286,61.04,21,2.03,15.94,1.297,1,1,0,0
TXN102838,695.99,11,14.41,5.85,1.126,0,1,0,0
TXN109362,158.21,5,4.39,8.09,1.048,1,1,0,0
TXN110479,81.58,18,0.53,8.66,0.709,1,1,1,0
TXN114933,23.08,3,44.79,7.84,4.017,1,0,1,1
TXN111443,43.8,20,2.92,1.05,0.503,0,1,0,0
TXN102536,9.48,12,6.71,1.75,0.338,1,1,1,0
TXN104900,143.6,10,6.09,0.34,0.391,1,1,1,0
TXN113073,93.43,13,19.57,8.86,1.007,1,0,0,0
TXN101557,85.73,8,13.21,10.52,1.332,0,1,0,0
TXN112074,5.73,2,11.11,3.57,0.934,0,1,0,0
TXN107305,56.34,16,3.32,0.1,0.776,1,1,0,0
TXN101483,199.85,19,15.41,3.81,2.242,1,1,0,0
TXN103875,38.26,12,5.37,11.67,1.255,1,1,0,0
TXN113497,7.66,2,17.67,2.89,0.353,0,1,1,0
TXN101853,4.44,12,25.6,4.02,1.422,0,0,0,0
TXN109493,13.41,11,3.29,5.93,1.176,1,1,0,0
TXN104727,44.99,11,15.49,7.51,0.2,0,0,1,0
TXN108114,118.42,5,17.45,7.57,1.782,1,0,1,0
TXN110534,33.25,12,0.65,5.78,1.036,1,1,0,0
TXN103457,76.95,11,16.63,2.44,1.618,1,1,0,0
TXN111485,17.46,9,7.66,2.91,1.559,1,1,0,0
TXN108881,8.04,13,4.5,1.53,1.306,0,0,0,0
TXN112460,40.4,13,11.24,16.79,0.845,1,0,0,0
TXN104146,195.78,14,0.87,9.35,1.129,1,1,0,0
TXN109342,72.98,11,10.49,8.39,1.824,0,0,0,0
TXN111372,115.73,19,14.92,6.8,0.51,0,0,0,0
TXN104793,21.58,13,10.87,8.38,1.465,1,1,1,0
TXN102562,57.92,16,34.57,8.36,0.686,1,1,0,0
TXN102077,6.47,16,4.14,1.63,1.002,1,1,1,0
TXN107844,17.18,19,7.93,3.01,0.651,1,1,0,0
TXN109899,12.86,18,8.16,5.99,0.737,0,1,0,0
TXN111837,82.27,5,5.52,12.83,1.111,0,1,1,0
TXN107272,41.67,13,4.3,5.95,1.642,1,0,1,0
TXN104495,266.78,13,10.47,2.86,0.871,0,0,0,0
TXN107577,72.85,11,2.79,3.25,0.582,1,1,1,0
TXN110745,42.43,15,11.23,2.39,1.08,0,1,1,0
TXN101985,85.44,6,2.47,4.19,0.921,1,0,0,0
TXN114445,11.36,11,18.15,5.99,0.759,1,0,1,0
TXN105402,128.75,13,20.71,3.66,0.815,0,1,1,0
TXN114952,29.59,11,1.99,14.4,3.15,0,1,0,1
TXN111696,31.32,12,17.03,10.76,2.253,0,1,0,0
TXN100756,19.04,12,9.16,8.26,1.967,1,1,0,0
TXN104284,26.0,14,8.38,10.99,0.654,1,0,0,0
TXN108781,132.87,20,2.96,5.34,1.348,0,1,1,0
TXN110428,100.05,8,8.08,9.77,1.542,1,0,0,0
TXN110471,17.04,19,5.27,3.17,2.484,0,1,1,0
TXN110440,8.51,13,10.45,10.48,0.884,0,0,1,0
TXN109289,34.81,10,0.33,0.77,1.786,1,1,0,0
TXN101154,5.19,20,5.82,11.55,1.334,0,0,0,0
TXN112667,100.44,16,18.59,7.74,0.785,1,0,0,0
TXN107785,14.58,11,3.9,8.26,1.403,1,1,0,0
TXN103257,36.37,12,11.17,3.41,1.43,1,1,0,0
TXN106570,303.97,12,4.42,7.89,1.462,0,1,0,0
TXN106651,51.43,17,3.95,4.67,1.83,1,1,0,0
TXN106026,124.52,21,18.79,2.23,1.537,1,1,0,0
TXN107939,28.25,9,18.64,12.57,1.948,0,1,0,0
TXN110832,15.87,15,17.9,1.91,1.733,1,1,1,0
TXN102645,7.43,12,17.34,0.27,0.847,1,0,1,0
TXN100493,8.93,22,26.04,0.45,1.311,1,1,1,0
TXN114638,176.55,9,29.92,1.78,4.086,0,0,1,1
TXN107924,20.62,18,9.31,3.64,1.658,1,1,0,0
TXN104025,7.67,18,11.48,0.17,1.021,0,0,0,0
TXN112828,95.27,10,4.97,10.58,1.535,1,1,1,0
TXN112659,65.16,15,5.53,10.88,1.436,1,1,0,0
TXN112628,49.73,12,13.32,3.4,1.001,1,0,0,0
TXN108921,23.58,9,19.78,11.51,1.302,1,1,0,0
TXN105414,7.88,20,2.16,1.12,0.281,1,1,0,0
TXN112662,23.73,5,17.39,5.37,1.371,1,1,1,0
TXN109782,314.5,6,17.36,10.06,2.29,1,0,1,0
TXN109929,42.24,14,6.27,2.89,1.445,0,1,1,0
TXN104670,54.82,0,6.71,8.72,1.249,1,0,0,0
TXN104004,35.29,3,3.06,8.47,1.351,0,0,1,0
TXN110444,312.44,3,3.37,2.59,0.18,1,1,0,0
TXN100306,23.36,9,9.03,11.66,1.556,1,0,0,0
TXN112974,10.1,16,5.59,0.64,1.715,1,1,0,0
TXN108950,6.91,8,15.91,4.67,0.681,1,0,0,0
TXN108813,53.4,14,10.02,2.52,1.398,1,1,1,0
TXN103046,15.53,11,1.14,2.6,0.825,0,0,0,0
TXN100108,90.81,11,3.83,9.28,0.578,1,1,1,0
TXN101687,9.86,12,14.42,11.93,1.211,1,0,1,0
TXN102464,29.32,10,10.45,2.13,1.261,1,0,1,0
TXN105191,20.3,16,4.17,12.5,1.03,0,1,0,0
TXN110653,230.4,9,8.56,10.79,1.483,1,1,0,0
TXN108686,83.9,13,5.87,9.41,0.957,1,0,0,0
TXN101193,113.46,18,9.06,11.56,0.925,1,1,1,0
TXN104720,91.86,14,4.97,1.89,1.218,1,1,1,0
TXN113822,14.89,12,7.52,0.1,1.573,1,1,1,0
TXN114045,8.71,7,0.45,3.84,1.645,1,0,1,0
TXN114397,29.27,17,18.68,7.81,0.152,1,0,0,0
TXN105426,45.41,11,0.1,12.42,1.393,1,1,1,0
TXN106413,46.95,17,1.35,7.96,0.85,0,0,0,0
TXN113837,26.84,1,5.19,0.07,1.579,1,1,0,0
TXN100883,49.61,17,11.01,10.53,1.04,1,1,0,0
TXN113108,37.03,16,9.12,3.49,1.281,1,1,1,0
TXN108901,69.01,2,2.49,11.94,1.069,1,0,0,0
TXN101539,7.8,13,23.43,2.43,0.29,1,1,0,0
TXN108368,23.14,13,6.04,8.31,2.026,1,1,0,0
TXN106232,34.95,17,12.44,2.54,1.312,0,1,0,0
TXN112441,20.77,20,17.87,12.1,1.047,1,1,0,0
TXN104584,63.3,13,4.59,3.25,0.5,0,1,0,0
TXN112247,7.19,18,6.98,0.14,1.038,1,1,0,0
TXN101105,26.6,16,6.22,20.14,1.881,0,0,0,0
TXN100815,17.67,13,10.86,1.45,1.012,1,1,1,0
TXN109551,5.75,14,7.81,12.28,0.896,1,0,0,0
TXN109402,40.67,14,17.82,0.33,0.644,1,1,0,0
TXN112915,10.93,10,15.42,8.86,0.008,0,0,1,0
TXN114467,15.57,16,2.35,8.94,1.166,1,0,0,0
TXN113739,11.14,17,12.06,18.91,1.484,0,1,1,0
TXN104392,46.04,9,2.8,5.96,0.897,1,1,0,0
TXN104323,39.94,14,14.69,3.66,0.746,1,1,0,0
TXN109009,18.24,17,4.75,0.15,1.131,1,0,1,0
TXN104726,12.64,1,8.67,5.06,0.845,1,1,0,0
TXN113554,158.37,20,5.29,1.73,1.415,1,1,1,0
TXN110826,15.81,19,11.63,7.31,0.717,0,1,0,0
TXN104710,76.12,22,5.97,5.38,1.523,1,0,1,0
TXN109517,109.53,23,16.12,7.03,0.951,0,1,0,0
TXN102619,19.63,6,19.11,7.9,0.145,1,0,0,0
TXN111464,77.8,11,16.35,7.04,0.518,0,1,1,0
TXN100864,14.44,8,8.79,5.67,1.847,1,1,0,0
TXN107245,23.28,22,22.81,12.25,1.947,1,1,1,0
TXN106236,53.42,10,0.73,6.23,0.627,1,1,0,0
TXN112199,55.34,11,1.43,10.71,1.28,0,1,0,0
TXN103965,79.25,6,1.55,0.29,1.458,0,1,1,0
TXN110075,50.08,11,31.64,6.2,1.168,1,1,0,0
TXN104879,87.74,15,0.72,5.48,0.863,1,1,1,0
TXN111434,105.27,10,17.23,5.97,1.778,0,1,1,0
TXN104581,13.96,15,28.48,6.6,1.311,0,1,0,0
TXN112178,64.2,9,6.56,0.47,1.728,1,1,1,0
TXN104327,61.22,14,2.75,17.4,0.545,1,1,1,0
TXN114416,48.33,14,2.66,10.16,1.595,1,0,1,0
TXN102491,33.33,11,8.9,4.2,0.997,1,0,0,0
TXN103468,28.77,19,4.78,1.94,0.936,1,1,1,0
TXN112099,27.76,17,6.22,1.69,1.609,1,1,0,0
TXN112546,43.0,7,2.1,3.09,1.667,1,1,0,0
TXN109167,7.82,20,14.46,3.92,0.847,1,1,0,0
TXN112301,76.69,17,3.79,24.62,0.752,1,1,0,0
TXN106700,20.0,0,6.83,15.05,1.544,1,1,0,0
TXN113926,5.02,22,21.32,6.07,1.864,0,0,1,0
TXN112509,43.84,2,22.92,2.95,0.634,1,0,0,0
TXN103897,106.15,20,13.09,8.98,1.156,0,1,1,0
TXN104481,40.63,2,20.44,17.62,1.113,0,1,0,0
TXN100559,12.95,14,1.1,0.98,1.834,1,0,1,0
TXN102977,7.76,11,5.33,15.82,1.951,1,0,0,0
TXN100320,25.77,23,14.86,16.48,0.169,1,0,1,0
TXN112501,29.68,6,31.79,0.47,1.19,0,0,0,0
TXN111574,125.92,21,23.77,3.61,1.021,0,1,0,0
TXN108410,86.09,15,21.34,1.3,0.318,0,0,0,0
TXN109766,77.62,13,6.11,6.94,0.334,1,1,0,0
TXN112823,12.81,17,2.36,9.24,1.465,0,1,1,0
TXN104602,134.21,19,2.23,15.37,1.37,1,0,1,0
TXN106953,3.95,6,4.46,1.09,1.669,0,0,0,0
TXN109554,10.46,14,16.98,3.82,0.737,0,0,0,0
TXN100005,197.24,14,13.76,6.63,1.248,0,1,1,0
TXN104428,29.98,0,19.99,1.08,0.241,0,1,0,0
TXN114290,18.51,11,16.78,6.41,0.621,0,0,1,0
TXN107416,40.15,17,13.27,0.68,1.771,1,0,0,0
TXN102045,107.46,12,9.88,6.51,0.934,1,0,0,0
TXN102384,38.59,15,11.03,2.07,0.523,1,0,1,0
TXN112204,33.08,0,3.7,1.48,1.433,0,1,1,0
TXN103486,101.52,16,12.59,13.67,1.483,0,1,0,0
TXN109684,23.13,16,1.8,11.69,0.483,0,1,1,0
TXN104716,8.27,18,1.95,5.57,0.639,1,1,0,0
TXN103243,29.29,16,12.69,5.94,0.937,1,1,0,0
TXN103750,50.61,4,12.7,8.32,1.211,1,0,0,0
TXN110606,177.15,11,7.77,1.69,1.552,1,1,0,0
TXN107704,33.86,5,14.08,8.29,0.795,0,0,1,0
TXN111225,372.68,9,9.3,2.1,0.828,1,0,1,0
TXN106569,18.92,8,7.69,3.78,1.232,1,0,0,0
TXN109797,37.79,11,17.07,3.36,1.512,0,0,0,0
TXN111344,155.8,23,3.82,5.31,0.753,0,0,1,0
TXN102458,46.21,21,4.8,0.55,1.853,1,0,0,0
TXN106403,40.53,11,0.6,12.07,0.704,1,1,1,0
TXN101026,34.86,16,18.04,0.81,2.274,0,0,1,0
TXN111103,15.7,9,1.11,9.59,0.864,1,1,0,0
TXN109880,53.23,12,4.83,0.28,1.087,1,1,1,0
TXN106564,38.57,16,9.36,0.63,2.427,1,1,1,0
TXN106793,34.76,22,14.66,0.39,1.572,1,0,0,0
TXN102513,20.72,17,18.91,15.2,2.326,1,1,0,0
TXN114170,332.66,14,2.69,7.27,1.77,1,1,0,0
TXN100483,31.21,15,15.96,12.24,0.914,1,0,0,0
TXN105434,57.9,12,7.09,6.39,1.585,1,1,1,0
TXN114335,7.56,3,0.47,3.47,0.602,0,0,0,0
TXN113933,19.07,18,3.49,4.93,1.217,1,0,1,0
TXN108804,32.39,10,17.02,0.63,0.272,1,0,0,0
TXN101956,23.52,13,3.73,17.64,0.678,1,0,1,0
TXN111553,72.03,0,8.46,2.14,1.381,1,1,0,0
TXN112271,8.12,18,3.58,2.78,1.685,0,1,1,0
TXN101641,42.33,12,6.07,2.62,1.302,1,1,0,0
TXN111195,81.33,13,1.15,9.4,1.222,1,1,1,0
TXN110066,23.29,15,19.55,14.64,2.206,1,1,0,0
TXN104999,8.71,5,18.16,3.9,1.159,0,1,1,0
TXN105875,10.14,17,0.72,13.88,0.981,0,1,1,0
TXN103431,33.51,7,7.54,7.75,0.117,1,1,1,0
TXN101368,101.78,3,0.55,13.23,1.249,1,1,0,0
TXN102149,23.37,12,1.7,10.65,1.446,1,0,0,0
TXN112100,35.98,20,8.44,4.62,1.506,1,1,0,0
TXN105504,28.78,16,12.08,18.0,1.405,1,1,1,0
TXN114515,176.42,15,15.79,9.14,0.683,1,0,0,0
TXN112084,66.52,10,13.59,1.91,1.77,1,0,0,0
TXN110253,16.27,9,0.36,9.4,0.761,1,1,0,0
TXN112708,28.26,12,3.35,1.73,0.647,1,0,0,0
TXN111122,131.58,9,8.26,16.32,1.676,1,1,1,0
TXN107639,44.65,18,8.86,3.89,1.18,1,1,0,0
TXN113697,47.75,13,0.42,10.25,0.703,1,1,0,0
TXN106851,59.8,21,10.03,1.38,0.326,0,0,0,0
TXN101707,40.97,23,2.11,2.07,0.526,1,1,0,0
TXN104938,17.25,18,7.4,20.43,1.526,1,0,0,0
TXN106939,21.61,12,7.41,7.05,2.008,0,0,0,0
TXN111917,69.41,14,22.39,3.46,2.065,0,1,0,0
TXN113407,37.09,12,27.53,0.62,1.36,1,1,0,0
TXN102179,42.76,5,0.15,11.48,1.463,1,1,0,0
TXN103593,45.41,15,7.38,12.14,1.928,1,1,0,0
TXN113563,28.98,12,9.83,1.93,0.509,1,1,0,0
TXN103833,41.79,10,19.79,1.84,0.989,1,1,0,0
TXN111407,80.92,19,20.49,2.52,1.74,0,1,0,0
TXN103041,114.85,8,3.56,13.8,0.655,1,1,1,0
TXN108786,71.26,22,25.57,8.79,1.768,1,1,1,0
TXN104187,6.15,17,0.28,8.97,1.952,1,1,0,0
TXN107150,106.58,21,7.08,2.86,0.572,1,0,0,0
TXN101163,25.44,20,21.74,12.76,0.546,1,0,0,0
TXN107825,617.87,1,6.9,6.73,0.389,1,1,1,0
TXN106830,24.34,10,21.51,6.1,0.264,1,1,0,0
TXN109104,51.79,3,8.53,1.18,1.517,0,0,0,0
TXN113724,57.06,4,16.34,3.86,1.054,1,0,0,0
TXN113656,42.78,8,20.33,3.29,1.072,1,1,0,0
TXN110101,25.0,20,4.16,12.69,1.243,1,1,0,0
TXN101660,13.27,10,3.23,0.59,0.971,1,1,1,0
TXN110697,5.64,4,18.59,6.82,1.556,0,1,0,0
TXN101926,101.42,18,8.98,4.74,0.807,1,0,0,0
TXN108116,14.44,9,22.26,12.66,1.931,1,1,0,0
TXN102990,93.95,17,8.95,4.43,0.426,1,0,1,0
TXN101223,10.37,7,10.63,11.55,1.345,0,1,0,0
TXN108316,40.01,10,1.75,5.66,1.292,1,0,0,0
TXN111808,110.59,18,2.66,16.84,0.08,1,0,1,0
TXN106659,123.97,18,8.54,0.5,2.084,1,0,0,0
TXN102994,721.86,17,4.3,7.94,0.92,0,0,0,0
TXN109084,36.3,12,11.69,23.74,0.638,1,1,1,0
TXN113043,143.78,16,1.9,5.67,1.736,0,0,1,0
TXN108533,18.61,12,13.98,10.63,0.648,1,0,0,0
TXN111716,10.32,19,26.39,9.66,1.253,1,1,0,0
TXN114784,12.35,12,17.01,11.49,0.977,0,0,1,1
TXN111871,178.56,12,3.79,4.83,1.413,1,1,1,0
TXN100085,10.6,13,8.71,5.96,0.313,0,1,1,0
TXN112679,38.88,19,9.45,4.68,0.208,1,1,0,0
TXN102421,10.25,10,7.41,13.29,1.922,0,0,0,0
TXN109572,18.16,12,11.03,1.14,0.751,0,1,0,0
TXN104777,43.21,19,12.72,5.52,1.807,1,0,0,0
TXN114161,48.81,11,13.07,4.05,0.298,1,0,1,0
TXN102758,30.38,18,19.99,5.23,1.528,1,1,0,0
TXN111371,11.1,15,17.22,9.72,0.724,1,1,0,0
TXN104434,23.29,10,2.48,11.97,0.672,0,1,1,0
TXN114034,11.08,17,8.8,7.85,0.796,0,1,0,0
TXN108270,331.96,12,6.55,1.85,1.371,0,1,1,0
TXN106160,47.89,0,0.42,15.9,0.766,1,1,0,0
TXN107036,50.3,1,16.3,16.07,0.389,1,1,0,0
TXN103062,14.04,18,5.26,0.43,2.855,0,1,1,0
TXN108444,73.5,5,17.46,14.79,0.557,0,1,0,0
TXN107589,28.5,9,4.14,11.28,0.917,0,1,0,0
TXN102735,89.88,14,6.58,10.55,0.646,1,0,1,0
TXN113306,52.95,14,18.38,8.54,1.653,1,1,0,0
TXN102648,117.44,12,5.91,1.14,2.03,1,1,0,0
TXN107067,25.35,14,2.44,10.18,1.322,0,1,0,0
TXN105151,1.97,11,3.39,6.58,0.445,0,0,1,0
TXN104435,93.56,7,5.97,6.38,1.613,0,1,1,0
TXN101798,24.83,20,8.89,9.39,1.144,0,1,0,0
TXN106240,28.98,19,15.81,7.68,0.757,1,0,0,0
TXN110532,54.42,17,4.59,8.48,0.947,0,1,0,0
TXN106353,21.51,15,9.7,0.38,1.164,1,1,0,0
TXN104863,40.29,4,13.71,7.14,0.808,1,1,0,0
TXN101334,458.2,18,5.33,8.91,2.042,1,1,0,0
TXN114006,8.35,23,11.64,7.42,1.122,1,0,0,0
TXN101954,26.28,9,0.64,9.27,0.81,1,0,1,0
TXN100003,72.69,15,1.87,5.84,1.646,1,1,0,0
TXN100501,162.9,5,8.09,7.31,0.682,0,1,1,0
TXN107168,22.12,10,5.14,0.14,1.024,0,1,1,0
TXN108502,164.83,16,11.49,5.15,0.89,0,1,0,0
TXN111662,59.43,21,9.22,8.54,1.005,1,1,1,0
TXN112774,295.85,9,5.93,5.14,1.938,0,0,1,0
TXN100995,10.93,9,0.94,1.83,1.057,1,0,0,0
TXN106482,19.09,23,28.44,1.1,1.277,0,1,0,0
TXN100608,10.06,9,7.99,8.36,1.505,0,1,1,0
TXN111215,49.12,4,7.47,0.13,1.558,0,1,0,0
TXN114845,8.33,12,29.65,11.71,1.923,0,1,1,1
TXN103472,220.64,1,7.67,6.19,0.226,0,1,0,0
TXN114699,34.03,12,65.92,14.88,2.851,1,0,1,1
TXN112972,71.94,12,10.64,4.9,1.092,1,1,0,0
TXN103816,60.04,9,10.88,19.04,0.559,1,0,0,0
TXN112750,24.75,11,8.82,3.69,0.71,1,0,1,0
TXN109241,37.55,8,11.31,16.13,0.78,1,1,0,0
TXN104443,115.91,14,12.43,0.72,1.092,1,1,1,0
TXN110188,166.07,19,9.73,11.36,1.705,1,1,0,0
TXN108295,54.37,9,12.74,3.01,0.954,1,0,0,0
TXN113288,68.74,19,11.26,3.62,0.116,0,1,1,0
TXN106857,25.99,13,7.76,11.89,2.457,0,1,0,0
TXN109471,5.05,18,28.21,3.12,0.404,1,0,0,0
TXN105280,10.81,9,2.21,2.83,1.202,0,1,1,0
TXN107976,103.73,15,15.85,0.39,1.286,1,1,0,0
TXN104870,62.99,18,11.6,1.52,1.43,0,0,0,0
TXN111174,18.24,3,14.49,5.03,1.211,0,1,0,0
TXN114887,163.07,14,19.31,18.9,1.33,0,1,0,1
TXN109450,36.82,9,11.97,2.52,0.408,0,0,0,0
TXN112472,67.5,1,6.63,8.29,1.15,0,1,0,0
TXN113935,17.1,9,5.41,9.94,1.434,1,0,1,0
TXN106477,121.66,16,24.91,13.15,0.89,1,1,1,0
TXN100299,49.95,19,13.19,1.13,0.975,1,1,0,0
TXN110345,34.93,6,13.65,1.5,1.303,1,1,0,0
TXN111707,15.59,14,4.17,2.66,0.573,0,1,1,0
TXN109007,138.5,11,13.71,1.43,0.976,0,1,1,0
TXN108309,39.27,17,11.16,9.78,2.234,1,1,0,0
TXN103181,33.85,14,15.7,17.65,1.059,1,1,1,0
TXN105246,3.21,12,3.56,2.04,0.593,0,1,1,0
TXN102444,18.54,17,17.52,1.31,0.62,0,1,0,0
TXN111286,9.84,9,9.81,3.98,1.022,0,1,1,0
TXN110554,8.53,16,6.95,4.31,0.972,1,1,1,0
TXN106155,25.94,9,3.86,9.81,1.452,0,1,0,0
TXN105040,22.96,22,0.19,4.02,1.277,1,1,1,0
TXN114089,266.8,20,8.87,10.05,1.78,1,1,0,0
TXN113783,39.05,14,13.98,5.27,1.917,1,0,1,0
TXN113861,122.88,15,7.13,2.09,1.41,1,1,1,0
TXN112505,221.57,16,13.73,6.65,1.578,0,1,1,0
TXN108170,27.04,2,7.93,7.76,0.38,1,1,0,0
TXN104680,58.54,13,12.46,6.39,0.537,1,0,0,0
TXN114135,24.64,16,15.77,8.18,1.603,1,1,0,0
TXN103248,15.85,3,4.27,9.81,0.699,1,0,0,0
TXN110731,79.79,20,0.22,1.13,1.388,1,0,1,0
TXN100690,103.76,14,5.2,4.91,1.321,1,0,1,0
TXN102965,19.11,0,21.5,12.99,1.344,1,0,1,0
TXN110469,72.11,10,8.02,1.71,0.885,0,0,0,0
TXN102112,7.94,13,1.05,4.13,2.002,1,0,1,0
TXN107311,73.95,16,6.62,6.71,1.55,1,1,1,0
TXN110788,15.88,21,40.83,13.8,1.458,1,1,0,0
TXN114726,128.16,13,7.33,1.42,3.621,0,1,0,1
TXN111809,70.09,22,11.79,7.4,1.201,0,0,0,0
TXN106062,12.25,14,18.97,6.18,1.461,1,0,0,0
TXN101198,17.63,9,10.52,1.75,1.064,0,0,1,0
TXN104348,5.24,21,24.03,7.09,1.434,1,0,0,0
TXN107779,24.49,19,4.33,7.77,1.579,0,1,0,0
TXN107686,193.72,19,22.57,10.45,1.359,1,1,0,0
TXN112816,164.01,20,4.22,1.62,0.948,0,0,0,0
TXN106712,62.31,22,18.05,7.62,0.722,1,0,0,0
TXN109972,20.96,0,5.01,8.09,1.87,1,1,0,0
TXN101040,348.44,17,4.87,3.39,0.983,0,1,1,0
TXN105901,4.9,15,0.31,4.94,1.8,1,0,0,0
TXN102467,42.32,17,11.1,9.65,0.124,1,1,1,0
TXN107137,29.95,15,3.32,1.99,1.031,1,0,0,0
TXN114781,48.4,5,1.6,0.25,4.313,1,0,1,1
TXN113069,79.21,5,21.76,0.37,1.503,1,1,1,0
TXN106389,31.89,17,2.66,3.08,1.062,1,0,0,0
TXN112702,43.78,13,13.35,8.71,0.699,0,0,0,0
TXN112446,95.61,13,17.6,15.17,1.083,0,1,0,0
TXN100063,47.9,12,14.71,3.93,1.285,0,1,0,0
TXN108591,46.84,10,11.21,3.14,0.588,1,0,0,0
TXN101587,33.61,14,12.64,4.67,1.106,1,1,1,0
TXN110363,16.21,12,3.3,4.84,0.402,1,0,0,0
TXN101903,12.42,14,13.73,6.7,1.75,0,1,0,0
TXN100110,27.53,13,14.36,3.12,0.141,1,0,1,0
TXN110618,241.94,22,8.02,2.61,1.033,0,1,0,0
TXN101264,44.25,20,14.04,2.59,0.726,1,1,1,0
TXN113310,46.5,2,5.37,10.57,0.655,1,0,0,0
TXN107783,109.97,8,14.29,11.85,0.788,1,1,0,0
TXN111192,5.85,14,13.24,1.05,1.725,1,0,0,0
TXN103998,58.2,16,10.7,0.98,0.648,1,1,0,0
TXN110807,75.02,9,23.35,0.01,0.489,1,0,0,0
TXN113132,38.22,2,7.94,15.02,1.44,1,0,1,0
TXN101568,20.2,1,6.88,3.41,1.902,0,1,0,0
TXN102520,13.49,2,3.99,5.25,1.058,1,1,1,0
TXN109414,157.74,12,6.4,5.1,1.932,1,1,0,0
TXN105947,7.21,4,1.18,3.35,1.7,1,0,1,0
TXN109048,145.9,15,3.55,10.37,1.892,1,0,1,0
TXN114253,44.8,14,24.66,8.02,0.961,0,1,0,0
TXN105805,76.62,13,2.76,10.85,2.103,1,0,1,0
TXN109922,6.43,8,5.54,5.17,1.109,1,0,0,0
TXN102642,73.21,19,7.04,8.9,0.6,1,1,1,0
TXN106784,97.49,17,7.04,6.45,1.328,1,0,0,0
TXN114125,33.14,16,3.24,8.61,0.715,1,1,1,0
TXN101652,28.52,11,7.27,3.06,1.198,0,1,0,0
TXN112442,91.51,22,7.01,5.16,0.801,1,0,1,0
TXN104933,8.79,14,5.87,5.54,1.5,0,1,1,0
TXN104626,13.79,12,12.41,8.28,1.142,1,1,0,0
TXN114806,98.53,10,19.81,1.16,2.548,0,0,0,1
TXN107560,74.24,2,14.34,9.23,0.657,0,0,0,0
TXN102713,28.67,21,6.61,2.33,1.505,1,0,1,0
TXN100341,129.73,4,1.76,2.93,0.85,1,0,1,0
TXN114147,32.77,11,13.43,5.34,0.562,1,0,1,0
TXN113155,17.98,20,9.54,0.04,1.064,1,1,1,0
TXN108603,14.66,14,10.25,2.57,0.614,1,0,0,0
TXN101654,62.46,9,10.63,7.17,0.92,1,0,1,0
TXN102358,13.59,14,3.2,2.39,1.636,0,1,1,0
TXN105640,61.6,22,3.95,5.34,0.459,0,0,0,0
TXN114241,14.79,12,17.28,0.22,0.258,1,0,0,0
TXN100540,23.74,14,7.61,3.01,0.554,1,1,0,0
TXN102194,19.47,17,13.05,2.17,1.042,0,1,0,0
TXN109528,115.4,13,23.35,4.51,0.904,1,1,1,0
TXN106268,41.28,5,23.9,9.11,0.57,1,1,0,0
TXN109080,46.8,2,7.21,2.02,0.268,1,0,0,0
TXN102029,156.01,9,9.25,6.8,1.43,1,0,0,0
TXN102214,32.9,5,10.84,13.05,0.658,0,1,0,0
TXN114410,27.58,20,12.28,9.92,2.201,1,1,0,0
TXN104757,22.96,13,4.73,13.29,1.146,0,1,1,0
TXN102398,29.48,8,1.87,1.43,0.756,1,1,0,0
TXN103812,300.85,14,5.9,2.63,0.87,1,1,0,0
TXN112419,141.2,20,17.67,1.55,1.452,0,1,1,0
TXN110305,473.02,13,25.46,0.5,1.536,0,1,0,0
TXN102993,58.35,12,30.09,6.14,0.921,1,0,0,0
TXN113848,124.4,11,20.01,11.56,0.735,1,0,0,0
TXN101141,8.18,20,3.58,10.19,1.16,1,0,0,0
TXN103215,5.6,17,1.9,6.31,1.337,0,1,1,0
TXN112630,21.85,14,3.28,8.2,1.665,1,0,0,0
TXN107802,4.04,16,0.19,9.62,1.736,0,1,1,0
TXN108892,9.55,12,19.31,1.14,0.96,1,0,1,0
TXN105444,34.01,16,2.11,9.01,1.036,1,0,0,0
TXN110744,30.0,14,2.44,3.69,0.373,1,0,1,0
TXN106057,20.66,20,0.65,7.47,1.809,1,0,1,0
TXN106492,22.75,7,7.47,16.43,1.301,1,0,0,0
TXN103929,19.91,10,9.13,7.15,1.726,1,1,0,0
TXN104809,189.26,7,7.11,13.79,0.603,1,1,0,0
TXN102177,8.22,15,15.56,0.66,1.668,1,1,0,0
TXN114767,167.56,8,28.89,58.86,1.917,0,1,1,1
TXN100289,22.72,9,15.19,3.15,1.102,1,1,0,0
TXN111954,86.17,15,1.69,7.04,0.496,1,1,0,0
TXN112658,97.35,15,8.27,10.92,0.479,0,1,0,0
TXN101179,82.17,10,3.41,11.13,1.258,1,0,0,0
TXN102057,45.82,18,7.02,13.4,0.182,0,1,1,0
TXN106973,49.18,16,6.98,4.0,0.762,1,0,0,0
TXN114673,15.98,17,31.38,38.38,3.351,1,0,0,1
TXN101791,12.89,22,8.59,8.37,0.01,1,1,1,0
TXN107218,156.42,9,2.44,8.05,2.641,1,0,1,0
TXN105311,36.5,14,14.81,4.38,0.748,1,1,0,0
TXN102967,18.84,1,12.39,12.97,0.357,1,0,0,0
TXN111621,67.07,15,13.47,13.81,0.471,1,1,0,0
TXN112760,8.09,20,7.34,14.09,0.532,0,1,1,0
TXN101828,139.05,12,0.62,3.2,1.505,1,0,1,0
TXN102887,41.11,14,6.62,5.62,1.123,1,1,1,0
TXN106330,24.68,11,19.71,14.26,1.359,0,1,0,0
TXN113441,75.45,17,5.69,22.65,1.24,1,1,0,0
TXN103367,19.19,17,7.93,5.43,0.751,0,1,1,0
TXN106552,12.77,10,3.64,5.66,1.487,0,1,0,0
TXN103879,18.32,9,9.18,0.86,2.158,0,1,0,0
TXN113594,137.31,15,0.59,1.45,2.141,1,1,1,0
TXN105243,40.27,14,9.58,4.25,1.333,1,1,0,0
TXN111935,63.0,11,6.44,16.9,1.198,1,1,0,0
TXN103796,216.85,6,24.53,2.53,0.918,1,0,0,0
TXN104830,15.37,11,13.57,11.4,1.114,0,0,0,0
TXN107318,26.6,3,6.73,5.69,0.163,0,1,0,0
TXN114306,171.12,6,5.89,0.84,1.216,1,1,0,0
TXN109333,132.28,2,9.13,11.84,0.4,0,1,0,0
TXN104275,47.69,13,3.47,10.9,0.663,1,0,1,0
TXN104080,35.38,1,4.27,2.85,0.92,0,1,0,0
TXN100664,169.68,0,13.51,1.56,1.588,1,1,0,0
TXN108035,23.68,7,5.91,5.39,1.568,1,0,1,0
TXN114430,85.27,20,9.74,3.45,1.18,0,1,0,0
TXN110591,31.46,15,3.86,6.37,0.678,1,1,1,0
TXN110286,18.67,6,0.44,4.66,2.103,1,1,1,0
TXN110133,179.37,10,3.1,5.32,2.09,1,0,1,0
TXN101910,14.94,13,14.04,6.56,1.796,1,1,1,0
TXN103307,134.69,8,7.33,9.43,1.956,1,1,1,0
TXN110920,71.61,15,0.99,0.28,0.553,0,1,0,0
TXN109950,87.86,16,18.04,11.49,0.882,1,0,0,0
TXN110820,68.48,3,5.53,10.65,1.659,1,0,0,0
TXN106098,31.51,6,2.84,6.93,0.426,1,1,0,0
TXN111522,24.17,14,3.4,4.71,2.32,1,1,0,0
TXN104700,100.37,23,12.15,7.53,1.198,0,1,0,0
TXN107179,192.64,19,8.88,0.26,0.598,1,1,1,0
TXN107841,71.68,11,4.28,4.12,0.979,0,1,0,0
TXN108257,64.49,3,10.95,5.42,1.85,0,1,0,0
TXN100669,19.96,20,11.6,7.18,1.712,0,0,0,0
TXN104032,153.67,12,9.33,8.92,1.803,1,1,1,0
TXN102129,24.02,11,10.48,20.14,1.846,0,1,1,0
TXN103544,68.59,17,21.95,8.91,0.775,0,1,0,0
TXN110504,46.05,13,21.24,7.0,1.065,0,1,0,0
TXN109707,10.02,5,12.85,10.09,0.766,1,1,1,0
TXN104101,91.42,11,0.44,7.23,0.868,1,1,0,0
TXN104522,18.34,12,2.96,8.11,0.988,0,0,1,0
TXN106227,14.08,9,2.1,4.62,1.313,1,0,0,0
TXN108122,118.42,18,5.02,4.3,0.752,1,1,1,0
TXN114455,5.74,19,0.33,3.12,0.183,1,1,0,0
TXN108142,19.26,4,27.27,10.0,0.704,0,0,0,0
TXN113199,11.49,19,7.07,1.84,0.859,1,1,0,0
TXN114263,19.23,12,1.7,8.32,0.798,1,1,0,0
TXN114788,69.13,21,38.79,32.01,3.373,1,1,0,1
TXN100155,35.55,22,1.24,3.06,2.508,1,1,0,0
TXN100428,21.98,19,23.33,5.86,0.554,1,1,1,0
TXN112198,16.66,7,17.79,6.2,1.379,1,0,0,0
TXN108608,198.13,11,10.16,8.64,0.613,1,0,1,0
TXN109209,12.67,2,18.2,2.09,1.266,0,1,0,0
TXN110938,68.45,12,2.88,2.1,0.922,1,0,0,0
TXN104549,56.9,3,13.8,15.78,0.667,1,1,0,0
TXN112910,218.53,13,17.49,5.91,1.317,1,1,0,0
TXN111305,67.43,2,9.93,1.97,0.374,1,1,0,0
TXN113390,13.49,19,4.72,7.92,1.911,1,0,1,0
TXN108459,9.3,19,13.37,1.37,1.628,1,1,1,0
TXN104532,183.42,5,17.64,2.8,1.203,1,1,0,0
TXN102941,38.26,3,12.78,3.42,1.894,1,1,0,0
TXN100301,234.51,1,3.95,2.55,0.252,1,0,1,0
TXN107317,522.64,13,8.02,8.78,2.137,1,0,1,0
TXN105520,42.78,5,3.4,4.5,1.548,0,1,0,0
TXN104688,29.98,20,0.89,4.39,0.416,0,1,1,0
TXN106212,19.94,4,2.05,9.36,1.088,1,1,1,0
TXN110756,92.06,10,4.48,11.7,2.065,1,1,1,0
TXN109369,6.27,10,6.73,9.29,0.353,1,1,1,0
TXN110922,29.01,18,4.39,5.55,0.166,1,0,0,0
TXN108348,28.96,18,20.44,12.57,0.688,1,1,0,0
TXN103014,12.11,20,2.01,4.13,1.801,0,1,0,0
TXN111670,7.59,12,1.68,9.0,0.59,1,1,0,0
TXN108649,8.41,18,10.74,4.0,1.744,1,0,1,0
TXN100410,11.35,19,9.69,3.82,1.421,0,1,0,0
TXN106800,141.14,13,10.44,0.97,1.619,0,1,1,0
TXN100980,20.03,21,10.54,19.55,0.376,0,1,0,0
TXN110642,69.34,6,2.56,11.58,0.098,0,1,1,0
TXN102507,123.19,6,6.15,9.36,1.077,1,0,0,0
TXN109799,22.67,14,2.28,0.14,0.589,1,1,0,0
TXN106078,182.5,16,11.65,4.12,0.846,0,0,1,0
TXN102191,26.75,0,10.08,2.8,0.615,1,0,0,0
TXN106247,169.38,9,1.92,1.21,1.807,1,0,0,0
TXN107039,21.3,13,7.16,1.25,0.053,1,0,1,0
TXN100950,162.71,22,21.48,3.0,1.066,1,1,0,0
TXN103652,106.01,11,0.07,16.37,2.074,1,1,0,0
TXN111259,55.71,18,2.35,3.7,1.306,1,0,1,0
TXN107920,31.82,7,4.29,3.38,0.597,1,1,0,0
TXN113029,44.1,10,3.62,0.08,1.282,0,1,1,0
TXN101895,6.16,7,2.55,1.26,0.469,0,0,0,0
TXN100412,80.5,14,0.37,11.3,1.443,0,0,0,0
TXN104748,8.99,0,4.79,9.81,2.14,1,0,1,0
TXN112842,40.12,3,1.32,5.97,2.036,0,0,0,0
TXN108532,122.09,10,9.24,13.32,0.499,1,0,1,0
TXN105783,33.46,11,10.37,6.21,0.993,0,1,0,0
TXN102192,50.74,5,23.11,6.14,1.142,1,1,1,0
TXN103103,51.71,21,22.65,2.36,1.386,1,0,0,0
TXN112833,439.77,13,15.08,5.25,0.476,1,1,0,0
TXN111181,10.35,10,3.82,0.66,1.271,0,0,1,0
TXN104635,19.34,3,12.3,17.44,0.965,1,1,0,0
TXN106739,10.29,9,1.42,13.17,0.831,1,0,1,0
TXN111648,69.41,16,22.63,3.56,0.5,1,1,0,0
TXN107151,83.29,20,0.21,7.89,0.406,0,1,0,0
TXN104521,245.16,12,3.48,12.48,0.828,0,0,1,0
TXN107690,66.63,20,13.97,10.84,2.171,1,1,0,0
TXN103377,131.51,14,4.56,15.54,0.86,1,1,0,0
TXN100016,15.22,19,12.48,13.93,0.404,1,1,0,0
TXN114773,6.28,5,42.15,11.86,0.255,1,0,1,1
TXN109385,15.46,16,9.17,9.73,0.388,1,1,0,0
TXN100443,53.79,10,0.8,4.73,0.314,1,1,1,0
TXN101305,27.8,17,16.79,9.61,0.506,1,1,0,0
TXN108945,115.75,10,4.93,6.26,0.657,1,1,0,0
TXN108961,27.92,8,6.56,15.11,1.215,0,1,0,0
TXN114302,52.95,15,20.95,1.32,1.166,0,1,0,0
TXN114401,7.78,1,1.7,7.63,1.123,0,1,0,0
TXN108329,95.14,19,10.63,0.64,1.759,1,0,1,0
TXN106351,280.82,10,3.41,2.09,1.495,1,1,0,0
TXN105906,27.42,12,9.36,7.01,1.327,1,1,0,0
TXN114708,210.05,17,52.9,38.2,0.608,1,1,0,1
TXN108053,33.73,12,7.91,6.04,1.068,0,1,0,0
TXN105931,66.89,8,0.26,3.63,1.323,1,1,1,0
TXN111395,35.45,16,4.66,3.0,0.18,1,1,1,0
TXN113313,22.3,22,6.43,8.21,0.975,0,0,1,0
TXN105768,36.41,10,18.73,2.29,0.542,1,1,0,0
TXN102222,15.14,12,1.75,3.28,0.532,0,0,0,0
TXN110634,32.13,11,23.8,4.82,0.732,1,0,0,0
TXN108325,11.0,13,14.17,3.82,0.815,1,1,0,0
TXN108177,26.26,20,2.5,5.42,1.289,1,1,1,0
TXN107154,32.61,14,11.03,2.39,1.152,1,1,1,0
TXN105495,32.47,17,14.64,19.85,1.741,0,1,0,0
TXN109192,9.69,16,11.37,0.26,0.874,1,0,0,0
TXN109512,186.79,18,34.89,2.78,1.186,0,1,1,0
TXN110473,4.21,13,17.4,11.02,1.0,1,1,0,0
TXN105171,63.64,11,10.49,12.03,1.466,0,1,0,0
TXN111807,131.5,19,18.96,4.19,1.417,1,1,0,0
TXN109603,90.12,18,0.23,4.93,0.566,0,1,1,0
TXN104308,14.93,14,3.06,11.08,1.963,0,1,0,0
TXN100131,12.02,8,2.18,6.58,1.431,1,1,0,0
TXN113886,60.39,7,7.91,12.11,0.565,1,1,0,0
TXN101779,360.38,23,1.67,12.9,0.756,1,0,1,0
TXN113640,95.85,12,5.74,1.06,0.511,1,1,1,0
TXN101785,30.09,3,19.61,10.42,0.216,1,0,1,0
TXN107236,29.92,14,21.99,8.31,1.08,0,1,1,0
TXN101562,186.31,13,0.25,8.67,1.15,1,1,0,0
TXN109348,22.4,13,10.94,8.02,1.308,0,1,1,0
TXN113295,52.8,5,15.45,0.68,1.308,1,1,1,0
TXN104970,71.71,5,8.9,7.47,1.619,1,0,0,0
TXN100191,89.86,20,2.41,5.12,0.046,0,1,0,0
TXN113455,31.82,20,3.18,6.01,2.223,0,0,0,0
TXN107219,42.64,18,4.45,2.93,1.16,1,1,0,0
TXN101488,161.19,14,1.47,1.69,1.681,1,0,1,0
TXN100079,16.83,9,2.65,5.74,2.188,1,1,0,0
TXN105855,45.54,11,20.69,10.81,0.554,1,0,1,0
TXN108750,16.54,15,8.86,3.19,1.067,0,1,0,0
TXN111527,54.63,16,1.93,2.22,0.765,1,0,0,0
TXN109067,13.82,18,3.79,5.42,1.007,1,1,1,0
TXN112038,16.8,16,8.8,19.18,1.239,1,1,0,0
TXN114185,31.0,12,6.48,10.52,1.081,1,1,0,0
TXN101317,90.0,8,17.51,9.11,1.78,0,0,1,0
TXN110426,12.94,12,8.48,7.63,0.238,1,1,1,0
TXN110421,30.07,3,8.26,1.31,1.512,0,1,0,0
TXN114250,11.99,16,0.7,4.49,1.498,0,0,1,0
TXN106576,73.38,10,9.66,1.59,1.188,1,1,0,0
TXN110095,45.73,10,11.3,11.27,1.009,1,1,0,0
TXN114260,14.06,9,13.1,7.36,0.232,1,0,1,0
TXN101778,24.1,4,11.66,1.82,1.643,1,0,0,0
TXN102351,111.02,3,13.89,2.2,0.777,1,0,0,0
TXN110258,46.49,6,7.69,5.78,0.254,1,1,1,0
TXN114762,27.2,10,6.48,27.93,3.582,0,1,1,1
TXN107645,78.11,17,7.73,15.49,1.542,1,0,1,0
TXN114894,438.51,3,5.52,33.3,1.883,0,0,0,1
TXN112712,21.79,16,4.32,11.72,0.253,1,1,0,0
TXN103285,11.34,14,0.84,14.02,0.584,1,1,0,0
TXN113653,60.49,2,29.02,4.98,0.661,0,1,0,0
TXN100972,69.87,22,6.47,2.06,0.72,1,0,0,0
TXN100656,75.93,16,24.11,10.5,0.195,1,0,0,0
TXN100083,17.47,10,2.5,8.47,2.297,1,1,1,0
TXN109577,23.17,8,21.98,12.31,1.494,1,1,0,0
TXN107259,100.39,9,23.44,2.74,1.383,1,1,0,0
TXN114691,7.71,3,36.45,3.35,2.116,0,1,1,1
TXN112620,43.75,20,11.51,1.17,0.587,0,0,0,0
TXN108265,64.47,19,14.05,11.22,1.035,1,1,0,0
TXN107199,20.89,17,19.61,12.92,0.953,1,1,0,0
TXN114203,74.46,8,20.22,3.11,1.609,1,1,0,0
TXN110254,23.63,9,4.26,2.29,0.786,0,1,0,0
TXN103465,110.77,15,14.97,17.66,1.176,1,1,1,0
TXN100082,44.22,6,14.78,1.05,1.002,0,1,1,0
TXN104228,159.73,21,20.09,15.81,0.588,0,1,0,0
TXN105071,31.25,15,12.75,0.97,0.093,0,1,0,0
TXN110392,42.61,1,15.28,5.07,1.64,1,1,0,0
TXN101296,18.03,14,7.09,0.77,1.668,0,1,0,0
TXN107544,18.39,16,6.22,8.3,0.602,1,0,0,0
TXN107856,31.35,21,11.1,8.41,2.057,0,1,0,0
TXN113658,75.91,14,8.84,1.1,1.721,1,0,1,0
TXN109907,6.34,6,22.62,0.65,1.767,1,0,0,0
TXN111945,17.91,8,1.03,2.58,1.886,1,0,0,0
TXN105606,34.8,7,3.54,2.12,0.608,1,1,0,0
TXN101576,123.06,6,8.06,1.34,0.507,1,1,1,0
TXN105059,30.34,0,13.19,10.34,0.672,1,1,1,0
TXN102111,74.87,19,11.69,6.33,1.069,1,1,0,0
TXN109537,22.84,14,23.04,11.87,0.534,0,1,0,0
TXN100573,51.11,17,12.92,8.21,1.059,1,1,0,0
TXN111168,7.63,13,6.13,1.47,1.024,0,0,0,0
TXN100446,7.17,2,9.48,0.15,2.548,1,1,1,0
TXN102946,5.79,15,10.98,2.86,0.708,0,0,1,0
TXN112519,56.17,20,0.69,17.19,0.717,1,1,0,0
TXN114982,85.13,0,3.86,15.78,0.761,0,1,1,1
TXN109232,15.92,8,5.35,1.58,1.313,0,0,0,0
TXN111491,80.11,14,1.27,2.26,0.726,0,1,0,0
TXN102932,17.79,19,8.94,6.96,1.626,0,0,1,0
TXN110306,32.79,2,7.5,0.24,0.55,1,0,0,0
TXN113555,60.78,10,6.08,12.77,1.204,1,0,0,0
TXN102761,49.84,23,12.39,2.63,0.387,1,1,0,0
TXN109822,54.17,2,0.27,5.46,0.733,1,1,1,0
TXN109082,51.16,19,1.68,7.21,0.286,1,1,1,0
TXN114181,119.51,21,5.59,0.13,1.188,1,1,1,0
TXN106395,105.64,14,3.15,6.98,0.21,1,1,0,0
TXN108474,22.49,8,2.5,7.66,1.794,1,0,0,0
TXN113384,7.03,15,1.44,4.59,1.688,1,1,0,0
TXN104639,129.1,7,2.43,2.92,1.072,0,1,1,0
TXN114775,55.71,12,0.45,31.43,3.445,0,0,0,1
TXN112863,44.61,15,3.16,11.78,1.309,1,1,0,0
TXN112959,30.12,2,19.22,1.82,1.031,1,0,0,0
TXN105568,6.58,18,10.4,3.02,0.174,1,1,0,0
TXN111142,36.96,14,3.42,4.79,0.677,1,0,0,0
TXN114304,91.11,2,4.6,0.01,0.947,1,1,1,0
TXN101479,28.57,20,2.8,10.08,0.355,1,0,1,0
TXN111468,81.63,12,3.69,4.34,0.802,0,1,0,0
TXN110740,5.03,5,25.68,1.4,0.388,1,1,0,0
TXN109709,70.34,4,6.34,0.09,2.099,1,0,0,0
TXN112217,17.01,7,4.95,2.26,1.372,1,1,0,0
TXN105380,38.86,13,25.43,4.62,0.921,1,1,1,0
TXN106190,17.86,17,21.52,2.9,0.429,0,1,0,0
TXN114272,70.31,9,3.87,6.25,0.224,0,1,1,0
TXN114075,130.49,11,16.64,3.22,1.083,1,1,1,0
TXN101885,89.51,21,6.6,1.29,0.663,1,0,1,0
TXN113061,64.68,17,0.07,1.13,0.236,1,0,0,0
TXN108632,85.82,11,4.27,2.46,0.342,1,0,0,0
TXN112068,69.93,17,15.5,1.81,0.315,1,1,1,0
TXN110249,24.66,15,20.74,9.95,1.602,0,1,0,0
TXN106714,47.87,12,11.18,9.93,1.572,1,0,0,0
TXN103410,130.68,19,11.55,2.18,0.998,1,0,1,0
TXN113432,89.85,10,6.46,5.64,0.33,0,1,0,0
TXN110990,48.03,15,3.9,14.34,1.284,1,1,0,0
TXN101780,43.48,16,0.26,9.51,0.52,0,0,0,0
TXN106486,29.53,23,4.99,6.15,0.803,1,0,0,0
TXN110983,56.96,17,11.55,10.05,0.502,0,1,0,0
TXN101589,117.18,6,4.81,7.19,1.137,1,1,0,0
TXN111600,7.08,13,2.75,1.5,1.247,1,0,0,0
TXN113139,62.98,12,5.4,10.62,1.212,0,1,1,0
TXN105479,43.5,20,3.92,6.54,0.541,1,0,0,0
TXN107427,55.41,16,0.09,4.52,1.267,0,0,1,0
TXN104859,58.35,12,5.67,3.47,0.556,1,1,0,0
TXN100335,8.61,14,5.31,14.38,1.327,1,1,0,0
TXN104701,191.06,20,5.77,1.93,0.626,0,1,0,0
TXN110895,21.06,17,7.95,9.11,0.703,0,1,1,0
TXN107459,11.6,14,6.58,1.98,0.309,1,1,1,0
TXN110879,26.73,16,10.75,3.18,0.469,1,1,0,0
TXN109992,44.71,22,23.06,3.62,0.658,1,1,0,0
TXN105531,92.3,14,6.18,2.17,0.601,1,1,0,0
TXN100831,44.85,14,10.11,0.82,0.592,1,0,1,0
TXN103821,62.92,19,15.63,9.62,1.75,1,1,1,0
TXN112605,101.18,16,8.53,3.91,1.113,1,0,0,0
TXN103349,30.38,14,11.96,7.85,0.812,1,1,0,0
TXN108561,27.07,12,8.19,10.62,0.357,1,1,0,0
TXN100311,71.43,0,6.45,13.13,1.589,1,1,0,0
TXN112444,15.0,17,6.91,9.19,1.973,1,0,0,0
TXN105791,82.65,22,4.32,15.78,0.395,1,0,0,0
TXN114570,71.68,17,7.94,7.4,1.97,1,1,0,0
TXN107652,45.18,16,3.83,1.58,1.402,0,1,0,0
TXN104171,38.16,11,24.08,5.27,1.577,1,1,0,0
TXN107080,123.98,13,0.14,14.32,1.268,1,1,1,0
TXN101639,65.92,10,5.6,6.24,0.644,1,1,1,0
TXN104955,45.25,9,12.34,8.55,2.158,1,1,0,0
TXN107517,12.08,14,23.85,0.34,2.168,1,1,0,0
TXN113490,14.21,11,1.63,19.08,1.746,1,1,1,0
TXN114152,86.54,9,0.27,4.13,0.446,0,1,1,0
TXN108174,2.65,18,9.88,8.46,0.105,1,1,0,0
TXN105598,31.86,12,14.82,8.12,1.154,1,1,0,0
TXN109863,72.39,0,14.28,14.48,0.205,1,1,1,0
TXN109367,53.91,9,3.44,9.2,2.136,0,0,1,0
TXN105744,75.18,6,1.45,0.48,1.43,1,1,0,0
TXN104744,97.29,12,18.09,11.21,0.568,1,1,1,0
TXN100348,29.66,11,17.05,5.61,1.171,1,1,0,0
TXN111379,47.86,18,12.42,1.02,1.599,1,1,0,0
TXN103680,28.33,8,2.92,8.88,1.574,1,1,1,0
TXN111312,98.36,8,11.94,0.87,2.266,1,1,0,0
TXN110946,93.03,16,23.35,2.09,1.661,0,0,1,0
TXN106708,29.85,15,7.51,7.22,1.987,1,1,0,0
TXN110839,16.63,15,20.13,0.16,1.053,1,1,0,0
TXN108385,23.07,9,11.18,0.05,2.086,1,1,0,0
TXN102618,5.36,8,12.53,3.34,0.642,1,1,1,0
TXN113119,50.81,7,20.47,7.64,0.882,1,1,0,0
TXN109052,23.4,14,8.3,7.39,1.757,1,1,1,0
TXN107336,6.98,8,5.46,13.46,1.143,1,1,0,0
TXN103328,43.11,6,9.96,1.27,0.758,0,1,1,0
TXN103555,182.07,14,10.8,11.23,0.105,1,1,1,0
TXN102972,184.13,13,9.55,0.89,1.736,1,0,0,0
TXN108152,124.32,11,1.79,5.28,0.943,1,0,0,0
TXN114136,19.2,15,5.53,14.3,0.108,0,1,0,0
TXN106926,7.71,15,14.83,1.4,1.069,1,1,0,0
TXN108511,108.0,14,18.14,3.81,1.142,1,0,1,0
TXN110755,39.25,17,5.32,4.09,1.876,1,1,0,0
TXN114407,18.63,10,15.9,10.53,1.192,1,0,0,0
TXN100504,16.4,14,13.19,6.76,1.236,1,0,0,0
TXN113023,5.87,0,3.73,7.66,1.744,1,1,1,0
TXN103208,61.13,13,11.54,6.18,0.786,1,0,1,0
TXN104257,45.52,10,7.43,5.31,0.767,1,1,1,0
TXN105746,39.47,13,16.97,3.25,1.259,1,0,0,0
TXN101133,7.87,7,14.82,10.68,0.739,0,0,1,0
TXN107412,48.87,16,6.96,13.49,1.418,1,1,0,0
TXN111451,67.38,3,2.43,4.04,0.016,1,0,0,0
TXN108547,17.61,16,0.67,9.5,0.118,1,1,1,0
TXN108339,16.76,14,16.38,2.73,0.407,1,1,1,0
TXN112021,11.88,18,4.52,10.71,1.047,0,1,0,0
TXN101076,25.91,9,14.87,4.77,0.983,1,0,0,0
TXN113669,13.86,2,6.83,3.71,0.301,1,0,0,0
TXN106206,22.73,7,6.06,6.82,1.932,1,1,0,0
TXN110144,24.07,7,6.91,3.18,1.356,1,1,1,0
TXN101221,36.42,21,14.96,11.84,0.894,0,1,0,0
TXN105617,27.04,16,3.96,10.83,1.689,0,1,0,0
TXN105993,34.61,10,15.09,14.23,0.356,0,1,0,0
TXN106045,168.83,2,14.07,15.6,0.61,1,1,0,0
TXN108679,23.53,15,20.16,6.54,0.907,1,1,0,0
TXN106759,31.03,13,13.96,6.7,0.644,0,0,0,0
TXN112468,48.44,13,28.16,12.21,0.641,1,1,0,0
TXN107043,24.53,12,3.7,13.35,1.166,0,1,0,0
TXN103193,66.88,12,5.99,1.22,0.59,1,1,0,0
TXN113781,18.19,16,3.12,2.96,0.861,1,1,1,0
TXN100201,47.27,18,16.08,5.06,0.504,0,1,0,0
TXN109235,43.02,9,3.23,13.85,0.889,0,1,1,0
TXN108521,106.61,11,0.1,19.42,0.651,1,1,0,0
TXN109015,5.18,9,12.0,5.2,0.216,1,1,1,0
TXN101908,152.46,10,11.76,9.42,1.746,0,0,1,0
TXN106734,92.1,17,4.69,2.52,1.227,1,0,0,0
TXN100772,12.74,12,9.69,6.64,0.481,1,1,0,0
TXN114996,30.28,10,4.89,29.72,2.344,1,0,1,1
TXN100616,23.07,16,10.69,3.31,1.251,1,0,0,0
TXN109299,53.26,1,11.45,1.72,0.625,0,0,0,0
TXN103240,1.65,11,3.86,6.7,0.573,1,1,1,0
TXN100353,36.62,14,0.37,9.35,1.119,1,1,0,0
TXN108056,111.9,7,13.18,6.27,1.601,1,0,1,0
TXN100678,122.02,16,9.71,2.03,1.374,1,1,0,0
TXN100415,79.58,14,16.62,9.51,2.202,1,1,0,0
TXN100875,130.19,15,14.35,5.68,2.722,1,1,1,0
TXN104765,5.54,10,19.94,5.04,0.499,1,1,0,0
TXN109098,17.57,12,15.8,7.51,0.208,1,1,1,0
TXN101955,56.37,0,7.84,1.52,1.615,1,1,1,0
TXN105645,36.05,16,0.93,8.74,2.419,1,0,0,0
TXN106579,27.03,4,4.32,16.56,2.114,1,1,0,0
TXN104496,24.17,6,8.74,6.6,0.842,1,1,0,0
TXN108069,152.19,12,7.73,8.6,2.423,1,1,0,0
TXN107223,47.64,9,3.6,13.6,1.433,1,1,0,0
TXN104709,11.66,21,7.58,16.21,0.907,0,1,1,0
TXN101813,72.05,6,12.9,9.36,0.809,1,1,0,0
TXN106917,73.39,14,9.03,7.1,1.245,0,0,1,0
TXN105913,25.52,0,8.66,11.86,1.423,1,1,0,0
TXN104600,53.91,17,2.39,5.37,1.435,1,1,0,0
TXN100227,53.62,7,13.75,3.04,1.551,1,0,0,0
TXN104341,8.11,18,2.87,7.08,0.57,1,1,1,0
TXN111486,19.07,13,18.14,7.29,0.975,1,1,1,0
TXN109827,13.82,19,10.02,7.84,1.365,0,0,0,0
TXN103723,93.09,17,5.03,2.24,0.049,1,1,0,0
TXN100374,25.57,19,2.03,0.64,1.316,1,1,0,0
TXN104215,39.82,11,4.53,3.39,0.695,1,0,0,0
TXN100040,24.44,11,1.74,8.5,1.66,1,1,1,0
TXN108238,168.43,20,10.28,14.47,1.338,1,0,1,0
TXN108855,118.69,8,0.91,7.24,0.916,1,0,0,0
TXN104202,80.03,17,10.93,14.81,0.757,1,1,0,0
TXN100646,23.3,8,21.98,4.22,1.587,1,0,1,0
TXN110770,68.41,12,7.43,9.92,0.66,1,1,0,0
TXN109627,35.6,22,2.86,5.78,1.424,1,0,0,0
TXN112137,97.03,15,15.28,0.44,0.383,0,0,0,0
TXN111987,43.89,16,3.3,8.98,1.158,0,1,0,0
TXN107839,251.74,2,8.3,7.42,1.469,1,0,1,0
TXN107359,18.21,21,5.97,3.79,0.473,1,1,0,0
TXN102794,43.03,20,3.8,17.96,1.643,0,1,1,0
TXN102065,6.41,21,2.51,4.49,0.756,1,1,0,0
TXN103369,88.71,12,5.4,5.93,1.635,0,0,0,0
TXN104650,17.1,15,8.62,11.08,0.877,1,1,0,0
TXN102950,26.21,14,9.73,3.04,1.135,1,1,0,0
TXN106438,8.19,15,4.77,0.02,1.435,0,0,0,0
TXN113102,23.35,18,10.06,9.15,1.114,1,1,0,0
TXN102027,135.7,20,4.11,5.64,0.638,1,0,1,0
TXN105417,39.17,2,6.44,11.53,0.21,1,0,0,0
TXN105860,60.73,10,19.7,13.73,1.805,1,0,0,0
TXN100802,6.84,9,22.35,12.98,1.069,0,1,0,0
TXN112795,78.22,0,4.42,0.55,1.052,1,1,0,0
TXN101387,22.18,6,9.92,18.96,1.964,1,1,0,0
TXN106650,31.76,10,14.93,9.98,0.696,1,1,0,0
TXN114378,43.89,16,0.36,2.73,1.86,1,0,0,0
TXN106132,11.22,16,7.7,7.21,1.307,1,1,1,0
TXN108586,62.9,18,12.38,6.6,1.401,1,0,0,0
TXN114115,38.27,18,3.19,11.85,0.705,1,1,0,0
TXN108570,51.72,20,8.18,1.16,0.271,1,1,0,0
TXN103269,32.45,2,1.12,2.25,1.315,1,0,0,0
TXN100605,8.28,12,1.99,0.69,1.034,1,0,0,0
TXN106054,163.42,1,10.1,9.73,1.242,0,0,0,0
TXN109706,19.06,14,9.32,20.99,1.156,1,0,0,0
TXN108481,30.48,7,11.3,5.14,0.405,0,1,0,0
TXN107632,23.93,11,5.34,12.55,1.164,0,1,0,0
TXN101271,39.34,12,15.09,0.52,1.697,1,1,0,0
TXN110806,137.25,9,1.59,5.49,1.032,1,1,0,0
TXN111219,37.73,12,9.0,3.31,1.644,1,1,1,0
TXN108998,50.02,12,14.47,14.47,1.06,1,0,0,0
TXN100275,25.8,10,13.88,13.61,1.328,1,1,1,0
TXN107693,9.62,0,5.67,2.09,0.824,0,1,1,0
TXN114484,52.26,13,16.42,6.57,0.861,1,1,1,0
TXN108489,20.35,23,16.15,2.54,1.428,1,1,1,0
TXN101917,39.41,15,5.49,1.12,1.356,1,1,0,0
TXN114876,38.69,12,53.3,1.87,2.806,0,1,0,1
TXN102973,43.35,21,13.11,7.59,0.318,1,1,1,0
TXN112872,20.85,11,1.98,6.5,1.344,1,1,0,0
TXN105415,18.1,0,10.65,2.76,2.031,1,0,1,0
TXN112723,4.54,11,6.27,2.84,1.868,1,0,0,0
TXN114345,16.6,17,3.23,0.82,0.768,1,1,0,0
TXN109573,21.95,12,3.73,4.51,0.544,1,1,0,0
TXN114896,17.72,11,61.42,41.34,0.753,1,1,1,1
TXN104799,10.77,18,18.62,3.5,0.704,0,1,0,0
TXN105730,20.23,10,9.12,3.88,0.83,1,0,0,0
TXN114569,9.64,22,6.32,1.42,1.133,0,1,1,0
TXN105027,83.14,7,8.27,4.94,1.226,1,1,0,0
TXN101549,38.08,17,5.61,1.26,0.523,0,0,1,0
TXN110869,18.02,19,15.52,4.64,1.093,1,1,0,0
TXN102039,153.97,6,4.64,5.23,2.171,1,1,1,0
TXN110964,64.82,12,5.72,5.11,0.521,0,1,0,0
TXN108674,9.33,20,15.46,3.25,1.694,1,0,0,0
TXN106607,59.58,15,13.33,3.03,1.155,1,0,0,0
TXN111201,36.52,20,13.17,15.5,1.394,0,1,0,0
TXN111878,165.53,17,6.44,8.36,0.389,1,0,1,0
TXN114616,33.4,14,5.43,8.81,0.778,1,1,0,0
TXN109897,287.64,15,11.72,1.28,1.755,1,1,0,0
TXN104372,576.79,13,9.42,7.59,0.979,0,1,1,0
TXN101838,13.93,12,11.72,0.54,0.517,0,0,1,0
TXN109199,8.65,18,20.31,11.08,1.237,1,0,1,0
TXN102602,29.72,7,8.49,14.87,0.051,0,1,0,0
TXN106765,90.9,9,5.67,3.23,1.281,0,0,0,0
TXN105006,42.06,9,17.63,2.66,0.333,1,0,0,0
TXN112811,16.42,9,5.57,3.45,0.229,1,1,0,0
TXN110877,140.04,12,4.76,5.48,0.674,1,0,1,0
TXN113225,43.12,9,3.37,10.75,0.535,1,0,0,0
TXN105351,50.84,12,5.81,1.65,0.965,1,1,0,0
TXN114315,21.83,7,4.37,6.4,0.879,0,1,1,0
TXN101797,7.34,8,12.08,10.8,0.191,1,1,0,0
TXN114628,16.53,10,7.24,3.55,3.616,1,0,1,1
TXN101367,22.83,6,0.03,6.59,0.615,1,1,1,0
TXN111112,163.33,19,1.87,5.99,2.006,1,1,1,0
TXN105200,6.92,17,6.73,9.05,0.723,0,1,0,0
TXN107051,18.95,11,2.55,7.91,1.012,1,0,1,0
TXN101283,22.36,10,1.25,3.46,0.15,1,0,0,0
TXN112081,6.76,15,6.35,9.65,0.53,1,0,1,0
TXN111071,44.45,20,8.48,10.56,0.936,0,1,0,0
TXN103753,87.54,5,7.81,3.61,1.963,1,1,1,0
TXN105779,52.89,6,15.19,5.39,0.562,1,1,0,0
TXN107139,21.08,13,23.71,9.37,0.98,1,1,0,0
TXN104177,39.11,15,2.34,0.84,1.096,1,1,0,0
TXN102898,13.39,10,7.27,12.97,1.254,0,0,0,0
TXN102604,13.69,23,9.56,2.26,1.709,1,1,0,0
TXN109050,64.08,10,19.51,9.47,0.934,1,1,1,0
TXN113253,46.83,15,0.84,1.0,0.797,1,1,0,0
TXN107319,37.22,1,28.21,6.52,0.516,1,1,0,0
TXN107661,774.71,16,8.13,3.28,0.907,1,0,0,0
TXN113031,21.97,3,0.49,6.88,1.294,0,1,0,0
TXN101149,230.78,16,15.47,7.11,0.397,1,1,0,0
TXN112450,32.78,17,0.89,2.39,0.85,1,1,0,0
TXN100106,50.77,12,7.06,1.08,0.344,0,1,1,0
TXN100598,44.31,4,5.23,0.29,0.558,1,0,1,0
TXN112936,66.27,3,10.3,5.25,0.306,1,0,1,0
TXN104162,113.75,9,15.8,2.17,0.094,1,1,1,0
TXN106436,55.32,2,2.3,3.04,1.161,0,1,0,0
TXN110665,63.44,6,0.06,8.97,0.8,0,1,1,0
TXN108551,9.29,15,21.49,11.65,1.76,1,1,0,0
TXN110635,86.32,11,8.92,2.38,0.865,1,1,0,0
TXN103644,41.6,13,2.64,1.93,1.181,1,1,1,0
TXN108361,61.0,4,13.76,5.26,0.876,0,1,0,0
TXN105319,17.14,9,2.97,0.86,1.67,1,1,0,0
TXN105910,12.97,22,10.73,3.41,1.534,1,1,0,0
TXN101869,74.92,16,19.38,5.82,1.396,1,1,0,0
TXN110457,21.2,10,3.93,13.68,1.741,1,1,0,0
TXN111322,11.37,16,30.34,1.8,0.851,1,1,1,0
TXN102511,23.65,2,7.85,8.7,0.744,1,1,1,0
TXN114951,407.2,11,37.41,21.66,4.232,1,0,0,1
TXN114994,119.35,20,38.15,7.91,0.557,0,0,0,1
TXN100866,51.24,12,9.88,0.24,0.592,1,0,0,0
TXN112116,146.69,7,5.67,11.78,0.495,1,1,1,0
TXN104263,35.4,11,27.87,4.54,1.354,0,1,0,0
TXN105239,6.23,17,8.1,2.9,1.008,1,1,0,0
TXN102243,20.19,10,5.17,2.02,1.303,1,1,1,0
TXN113131,99.89,1,12.89,6.74,1.057,1,0,0,0
TXN104159,28.96,22,1.15,11.63,1.159,1,0,0,0
TXN113519,114.4,2,16.79,14.68,1.165,0,1,0,0
TXN103789,6.73,14,1.82,21.48,1.148,1,1,0,0
TXN111555,36.01,16,0.52,3.53,1.278,0,1,1,0
TXN113229,47.97,20,11.62,12.51,0.554,0,1,1,0
TXN111172,41.69,15,7.83,8.16,2.259,0,0,0,0
TXN108530,24.07,23,1.65,4.5,1.134,1,0,1,0
TXN113841,231.63,14,12.23,1.09,1.78,1,0,0,0
TXN102076,49.24,7,10.08,4.08,1.379,0,1,0,0
TXN114051,59.45,12,1.03,15.15,1.116,1,0,1,0
TXN112768,74.45,9,4.81,14.46,1.291,1,1,0,0
TXN108792,39.1,15,7.31,10.38,0.925,1,1,1,0
TXN113125,127.73,6,16.54,2.6,1.51,1,0,0,0
TXN112937,71.24,5,7.7,13.05,1.507,0,1,1,0
TXN102622,18.45,20,3.56,3.93,0.488,1,0,0,0
TXN105427,44.25,13,17.19,0.36,1.374,1,1,0,0
TXN113853,71.32,6,6.25,7.19,1.547,1,1,0,0
TXN114965,23.82,8,18.57,6.37,2.082,0,0,1,1
TXN100393,60.09,21,5.1,5.53,0.674,1,1,0,0
TXN111973,193.89,5,16.38,4.45,0.215,1,1,1,0
TXN100765,14.91,8,0.41,8.73,0.99,0,1,0,0
TXN114801,191.79,14,1.18,8.15,0.926,0,1,0,1
TXN102679,81.33,10,7.27,14.05,1.626,1,0,0,0
TXN108880,61.35,16,0.82,5.13,0.083,1,1,1,0
TXN112453,48.6,6,4.0,19.56,1.119,0,1,0,0
TXN106253,86.59,10,7.94,6.39,0.671,1,1,0,0
TXN106924,2.8,2,3.23,0.79,1.446,1,0,0,0
TXN109742,45.27,8,8.89,10.38,1.013,1,1,1,0
TXN102160,26.76,20,4.08,0.83,0.484,0,0,0,0
TXN114961,17.87,3,8.22,4.97,0.883,0,0,1,1
TXN103271,5.45,13,2.56,7.51,1.775,1,0,1,0
TXN114459,29.4,13,10.68,5.32,0.303,1,0,0,0
TXN103904,28.76,12,2.9,10.86,0.688,1,1,0,0
TXN104300,123.3,15,2.02,2.55,1.245,0,1,0,0
TXN111824,4.37,7,10.54,4.59,1.375,1,0,1,0
TXN110540,21.75,10,9.75,2.99,1.398,1,0,1,0
TXN102720,13.62,21,14.84,23.56,0.803,1,1,0,0
TXN113828,18.08,16,28.44,13.63,0.595,0,1,0,0
TXN108891,13.4,22,10.76,1.6,0.915,1,0,1,0
TXN113022,29.82,23,10.71,2.99,2.463,1,0,1,0
TXN104982,363.47,15,7.08,5.75,0.819,1,1,1,0
TXN105818,24.8,12,8.46,7.02,0.925,0,0,0,0
TXN113631,29.79,14,3.62,11.71,1.503,1,1,0,0
TXN102555,9.41,14,2.06,8.46,1.733,0,0,0,0
TXN106997,9.51,12,7.3,10.41,2.171,1,1,0,0
TXN114749,73.21,13,40.04,10.7,2.834,0,0,1,1
TXN101337,20.96,3,12.04,0.84,0.843,1,0,1,0
TXN103720,50.41,14,14.24,2.31,0.731,0,0,0,0
TXN101329,46.51,13,10.48,11.61,1.128,1,1,1,0
TXN101611,58.9,18,17.03,3.26,1.113,0,1,0,0
TXN101480,14.02,13,20.51,18.4,0.556,1,1,1,0
TXN109788,9.26,17,7.35,11.97,0.725,0,1,0,0
TXN100457,83.96,16,0.55,4.52,0.929,1,1,1,0
TXN112121,24.37,5,20.59,16.67,1.397,0,1,0,0
TXN100012,89.4,22,13.64,6.98,0.948,0,1,1,0
TXN106675,4.3,16,22.03,9.06,0.595,1,0,0,0
TXN107741,7.8,14,20.8,3.42,1.835,1,0,1,0
TXN114587,74.95,18,19.5,1.55,1.109,1,1,0,0
TXN109887,129.54,20,18.29,8.16,1.328,1,1,1,0
TXN103287,68.24,20,4.8,4.37,1.392,1,0,0,0
TXN110166,20.14,13,11.87,1.71,1.289,1,0,1,0
TXN107169,47.67,21,5.23,0.51,1.527,0,0,0,0
TXN111291,39.13,21,2.07,0.12,0.474,1,1,1,0
TXN101552,10.89,19,3.81,0.92,1.749,1,1,0,0
TXN112352,24.29,14,6.9,2.38,1.334,1,0,0,0
TXN113556,33.52,22,6.4,9.87,1.788,1,1,1,0
TXN103568,56.54,6,11.3,3.95,0.918,1,0,1,0
TXN108984,109.17,2,0.95,9.34,0.599,1,1,0,0
TXN109375,60.74,18,9.68,4.11,1.108,0,1,1,0
TXN107389,137.29,8,14.97,8.46,0.262,1,0,0,0
TXN112589,74.5,17,2.4,2.56,0.741,1,1,0,0
TXN100906,17.7,16,3.28,5.12,0.932,1,0,1,0
TXN102430,122.29,14,6.45,8.08,1.347,1,1,0,0
TXN104664,45.76,7,0.83,7.9,1.184,1,0,0,0
TXN107276,16.02,19,2.44,14.85,0.466,0,1,0,0
TXN102785,111.06,8,0.49,6.85,0.908,1,1,0,0
TXN112692,23.7,14,2.45,3.76,0.895,0,0,0,0
TXN101893,33.89,10,3.84,2.67,1.772,0,1,1,0
TXN113077,10.84,13,1.4,6.17,1.26,0,1,0,0
TXN112634,59.83,6,2.65,10.2,0.481,0,1,1,0
TXN104364,52.29,10,2.56,5.01,1.268,1,0,0,0
TXN113012,86.14,19,5.08,8.5,0.99,1,0,0,0
TXN107988,12.4,19,8.89,14.15,2.116,1,0,1,0
TXN100488,41.93,13,1.07,3.26,1.691,1,0,1,0
TXN104353,28.44,7,14.27,1.72,0.918,1,0,1,0
TXN100744,357.47,8,28.79,14.34,1.23,1,1,0,0
TXN100432,87.63,16,4.32,3.61,2.069,1,0,0,0
TXN104783,13.71,18,9.73,4.19,1.545,0,0,0,0
TXN110955,82.24,7,11.85,3.28,0.594,0,1,0,0
TXN114593,94.88,9,10.73,1.83,1.013,1,1,0,0
TXN101579,12.31,6,4.27,3.97,1.725,0,1,0,0
TXN107977,33.6,12,6.89,7.49,1.8,1,1,0,0
TXN106293,65.67,7,20.82,15.72,1.082,0,1,0,0
TXN103489,58.49,0,4.48,3.07,2.111,1,1,1,0
TXN110948,25.95,7,7.66,1.98,1.323,0,0,0,0
TXN106630,42.72,15,6.44,5.25,0.466,1,0,1,0
TXN101664,23.91,22,20.82,9.49,1.384,0,1,1,0
TXN102346,53.11,20,9.51,14.09,1.083,0,0,0,0
TXN101774,19.05,18,10.41,7.59,1.878,1,0,1,0
TXN106399,186.54,15,2.67,6.0,1.741,1,0,0,0
TXN106241,100.75,14,11.31,10.13,1.402,1,1,1,0
TXN106614,5.68,3,0.36,5.14,0.93,1,0,0,0
TXN105594,21.64,18,11.69,2.85,0.301,1,1,0,0
TXN100507,65.54,22,9.22,9.18,1.653,0,1,0,0
TXN100764,37.04,10,11.28,4.74,0.779,1,1,0,0
TXN101449,92.78,21,9.09,10.47,1.092,0,0,0,0
TXN108575,15.8,13,1.3,4.74,0.934,0,1,0,0
TXN111066,89.6,16,13.29,7.01,1.38,1,1,0,0
TXN109962,22.02,4,2.92,4.38,1.034,1,0,0,0
TXN102734,150.2,6,6.63,10.4,1.18,1,1,1,0
TXN104674,32.63,17,4.78,8.61,1.428,1,0,1,0
TXN113983,23.66,4,1.47,4.62,1.646,1,1,0,0
TXN113750,3.71,16,11.43,17.9,2.191,1,1,0,0
TXN100421,42.95,8,3.96,10.69,1.295,1,0,1,0
TXN102858,10.33,16,8.67,0.87,0.293,1,1,0,0
TXN114334,5.47,12,13.17,9.44,1.005,0,1,0,0
TXN109531,61.33,22,4.91,6.91,1.169,1,0,1,0
TXN101288,200.16,2,3.87,1.85,1.094,0,1,0,0
TXN104335,7.06,13,4.79,5.02,1.072,1,0,0,0
TXN110424,40.15,22,9.79,1.66,1.21,1,1,0,0
TXN114681,32.1,11,6.86,5.13,4.713,0,0,0,1
TXN106623,17.22,5,16.61,3.63,1.92,1,1,0,0
TXN110913,1.48,15,0.27,9.9,2.3,0,1,1,0
TXN105874,54.97,14,2.67,3.3,1.192,0,1,1,0
TXN103649,149.77,13,8.38,13.59,1.042,0,1,1,0
TXN114275,31.51,18,3.02,7.74,1.602,1,1,1,0
TXN102572,30.43,16,2.48,10.15,2.107,1,1,1,0
TXN109095,7.05,15,9.39,9.38,0.713,1,1,0,0
TXN105965,48.48,18,12.93,3.21,0.881,0,1,0,0
TXN105655,15.25,17,19.96,4.51,1.697,1,0,0,0
TXN101311,21.71,15,0.75,14.37,0.619,0,0,1,0
TXN104296,66.67,23,5.0,8.54,1.553,1,0,0,0
TXN103118,34.18,0,5.03,10.99,0.251,1,0,1,0
TXN108995,14.66,15,8.33,9.11,1.728,1,1,0,0
TXN111018,9.17,1,0.71,6.3,0.75,1,1,1,0
TXN111893,89.32,12,10.12,3.18,2.777,1,1,1,0
TXN104747,38.11,20,5.67,8.59,1.548,1,1,1,0
TXN106636,130.45,20,20.06,13.84,0.846,1,1,0,0
TXN103393,19.91,20,11.27,18.72,0.138,1,1,1,0
TXN110718,9.02,0,11.61,4.14,1.401,0,1,1,0
TXN100343,6.01,17,0.35,3.65,1.394,1,1,0,0
TXN109522,5.49,9,14.79,11.37,1.237,1,0,0,0
TXN103992,15.69,15,3.5,0.8,2.101,1,1,1,0
TXN112728,75.42,3,9.97,1.41,1.235,1,0,0,0
TXN102469,18.63,6,13.67,13.77,2.155,1,1,0,0
TXN114998,71.15,0,46.44,14.09,4.979,0,0,0,1
TXN104382,16.29,18,8.45,4.92,1.356,0,0,0,0
TXN106750,456.05,14,0.36,4.78,1.612,1,0,0,0
TXN100258,154.38,23,6.13,6.67,0.783,1,0,0,0
TXN110132,59.78,23,24.73,0.92,2.063,1,1,1,0
TXN103173,96.7,12,10.42,4.33,0.646,0,1,1,0
TXN102910,605.55,12,1.87,7.05,0.156,0,1,0,0
TXN100468,9.68,9,1.18,1.29,1.308,0,1,1,0
TXN107082,35.96,15,5.34,4.43,1.161,1,1,0,0
TXN113660,12.64,6,16.02,2.55,1.837,1,0,1,0
TXN109768,141.4,13,11.33,0.22,0.134,0,0,0,0
TXN107265,20.41,16,22.7,3.64,0.625,1,1,0,0
TXN106501,161.48,21,18.37,1.28,0.334,1,0,0,0
TXN110383,96.11,1,14.58,7.39,1.368,1,1,0,0
TXN108088,91.33,15,4.24,4.57,1.31,1,0,1,0
TXN114973,7.12,13,41.88,8.23,0.638,1,1,1,1
TXN102101,81.03,16,7.12,0.45,1.776,1,0,0,0
TXN109277,25.6,2,15.24,2.74,1.625,1,0,0,0
TXN110661,57.36,17,7.44,13.14,1.753,0,1,1,0
TXN111519,29.82,16,7.3,0.18,1.555,0,1,0,0
TXN108124,41.81,7,1.88,0.87,0.905,0,1,0,0
TXN113689,28.68,14,13.62,5.53,0.375,1,1,1,0
TXN112255,33.93,12,13.81,4.53,1.049,1,1,1,0
TXN114546,29.31,1,2.5,4.15,1.312,1,1,1,0
TXN101122,82.0,21,7.35,12.2,1.764,1,0,0,0
TXN111681,5.75,2,1.56,14.34,0.468,1,1,0,0
TXN113316,32.37,14,15.51,5.33,0.391,1,0,0,0
TXN109996,7.88,17,15.7,2.94,1.21,1,0,0,0
TXN100011,127.03,0,0.87,18.45,1.043,1,0,1,0
TXN106114,265.73,10,15.29,1.3,1.747,0,1,1,0
TXN111996,6.73,18,0.27,5.72,2.319,1,0,0,0
TXN103615,65.13,5,27.82,2.04,0.624,0,1,1,0
TXN102280,7.38,13,0.34,3.98,1.736,1,0,0,0
TXN114358,34.17,0,23.29,4.04,2.16,0,0,0,0
TXN100145,55.28,9,13.11,9.52,0.1,1,1,1,0
TXN101043,19.2,17,33.26,8.9,0.931,1,1,1,0
TXN112256,24.45,0,3.2,3.26,1.007,1,1,1,0
TXN111777,13.52,15,5.07,8.71,1.517,1,1,0,0
TXN105546,10.18,16,32.51,6.43,0.836,1,0,1,0
TXN110603,31.88,17,8.41,0.12,0.872,1,0,0,0
TXN103589,39.13,20,9.95,4.65,1.057,1,0,0,0
TXN111482,29.5,17,0.99,11.37,1.013,0,1,1,0
TXN103718,155.86,1,16.13,6.46,0.778,1,1,1,0
TXN110619,19.89,9,4.62,4.32,2.008,0,0,1,0
TXN102737,9.8,16,7.41,9.7,1.431,1,0,1,0
TXN108965,17.42,18,1.32,7.13,1.11,1,0,0,0
TXN105333,45.08,16,14.52,18.1,1.681,0,1,1,0
TXN110103,11.4,6,7.76,1.27,1.597,1,1,1,0
TXN103797,78.2,11,5.42,0.84,1.302,1,1,1,0
TXN112725,51.78,19,8.14,16.02,0.154,1,1,0,0
TXN101287,8.1,0,5.71,5.46,1.535,1,1,0,0
TXN111423,126.51,15,1.89,2.03,0.464,1,1,1,0
TXN114061,16.63,22,1.19,11.56,0.358,1,1,0,0
TXN103290,58.67,12,11.26,5.99,1.028,1,0,0,0
TXN113993,15.69,6,5.86,12.67,0.419,0,1,1,0
TXN100949,14.03,9,4.8,3.44,0.684,1,1,0,0
TXN102997,24.26,23,2.61,13.07,1.595,1,0,1,0
TXN112858,34.88,16,19.86,9.46,1.221,1,0,0,0
TXN107648,263.75,0,4.41,1.8,0.675,1,0,1,0
TXN112777,49.14,16,13.55,9.93,1.586,0,1,0,0
TXN100633,280.91,19,4.48,3.02,0.841,0,0,1,0
TXN103088,42.32,7,8.98,12.71,0.957,1,1,0,0
TXN105634,46.45,20,12.85,4.38,2.031,1,1,0,0
TXN111400,9.14,10,27.8,10.75,1.086,1,0,0,0
TXN104842,20.98,20,17.11,9.91,1.688,1,1,0,0
TXN105013,10.66,22,0.51,19.7,0.586,1,1,0,0
TXN108564,32.92,15,10.53,0.64,1.443,0,0,0,0
TXN108905,118.78,1,9.7,13.09,1.799,1,1,0,0
TXN111951,65.55,4,6.14,9.47,1.273,1,0,0,0
TXN113230,20.54,15,10.2,2.07,0.317,1,1,0,0
TXN112033,36.83,19,25.98,4.78,1.943,1,1,1,0
TXN109781,72.07,12,19.97,3.84,1.192,0,1,0,0
TXN106269,20.66,11,7.22,1.32,2.141,0,0,0,0
TXN103997,315.98,4,5.8,5.4,0.918,0,1,1,0
TXN111278,75.58,14,5.3,13.35,0.498,1,1,0,0
TXN110531,26.86,13,22.04,9.47,1.748,1,1,1,0
TXN109099,82.22,19,8.77,4.2,0.967,1,1,1,0
TXN114472,86.29,10,19.77,8.12,1.146,1,1,0,0
TXN106170,40.41,13,0.51,8.81,0.495,1,1,0,0
TXN100571,42.89,14,20.67,3.88,0.537,0,1,1,0
TXN102362,112.97,12,0.47,2.12,1.216,0,1,0,0
TXN113641,117.52,13,8.85,2.49,0.667,0,1,0,0
TXN110025,37.72,14,9.38,1.62,1.7,1,1,1,0
TXN105893,33.62,6,0.28,7.56,1.955,0,0,0,0
TXN114875,23.19,19,10.46,13.3,0.829,1,0,1,1
TXN112245,84.53,22,6.43,7.63,0.453,0,1,0,0
TXN100476,11.19,12,13.4,4.11,0.795,1,1,0,0
TXN114044,37.1,22,2.52,6.53,1.939,1,1,0,0
TXN105553,51.25,7,12.26,2.83,1.29,1,0,0,0
TXN114735,49.53,22,2.25,26.24,3.302,0,1,0,1
TXN104872,30.01,21,1.72,18.16,0.987,1,1,0,0
TXN114629,131.72,9,23.63,25.81,4.928,1,0,1,1
TXN107595,33.51,13,9.01,10.53,0.482,1,1,0,0
TXN110032,26.61,9,9.97,3.46,1.533,1,1,0,0
TXN100162,30.95,20,7.57,6.57,0.125,0,1,0,0
TXN109942,34.06,13,9.32,3.38,0.981,1,1,1,0
TXN109835,196.8,14,8.6,9.1,1.07,0,1,0,0
TXN108292,8.86,12,10.67,4.36,0.559,0,1,0,0
TXN110460,50.53,17,12.55,10.32,2.313,1,0,1,0
TXN107457,106.42,23,11.18,4.96,1.804,1,1,1,0
TXN101809,5.84,12,6.59,5.4,0.057,1,1,0,0
TXN112124,37.64,16,16.42,3.82,2.275,1,0,1,0
TXN110674,41.84,17,15.87,1.18,0.674,1,0,1,0
TXN100408,48.05,14,22.88,14.87,1.78,1,0,0,0
TXN105478,12.83,21,29.37,6.13,1.225,1,0,0,0
TXN112647,90.05,6,31.59,5.26,0.967,0,1,1,0
TXN109538,375.74,8,3.89,2.66,1.226,1,1,0,0
TXN102068,8.35,14,1.13,5.76,0.879,0,1,1,0
TXN102450,28.02,11,6.36,0.6,1.54,0,0,0,0
TXN105089,12.55,19,0.76,3.09,0.517,1,0,0,0
TXN107322,30.95,6,9.95,3.1,1.286,1,1,0,0
TXN101667,15.63,18,5.28,11.98,1.888,1,1,0,0
TXN103142,6.27,14,0.05,6.32,1.762,0,0,0,0
TXN111679,47.84,5,10.87,15.01,1.118,1,1,0,0
TXN103640,179.11,14,0.5,9.32,1.919,0,1,0,0
TXN104139,44.88,10,5.98,3.13,0.834,1,1,0,0
TXN105833,28.72,6,4.11,0.25,0.5,0,0,0,0
TXN114940,100.2,8,35.38,22.69,0.977,1,1,1,1
TXN109643,40.26,13,11.65,8.83,1.265,1,0,1,0
TXN112427,14.99,12,1.29,7.01,0.696,1,1,0,0
TXN109047,35.31,14,9.52,1.74,1.916,1,1,1,0
TXN108440,29.47,9,33.04,2.42,1.985,1,1,0,0
TXN105443,20.48,4,3.45,4.48,1.265,1,0,1,0
TXN101849,138.41,3,10.12,2.43,1.123,1,0,1,0
TXN111200,44.98,1,8.52,12.32,2.528,1,1,0,0
TXN103485,34.85,10,1.08,1.37,1.547,1,1,0,0
TXN112447,11.92,15,1.48,18.54,2.144,0,1,1,0
TXN105724,21.74,17,18.72,2.25,0.974,0,0,1,0
TXN114581,44.39,14,8.53,4.97,1.618,1,1,1,0
TXN113452,52.17,11,4.61,10.98,1.489,0,1,1,0
TXN101323,47.52,11,5.72,4.31,0.073,0,0,0,0
TXN110615,14.46,16,3.76,0.15,0.945,1,1,0,0
TXN109270,95.5,21,8.94,10.59,1.286,1,1,1,0
TXN104267,6.98,23,11.25,13.93,1.945,1,1,1,0
TXN108573,44.92,4,2.73,3.34,1.24,0,0,0,0
TXN103196,90.56,5,6.17,8.91,1.638,1,1,0,0
TXN100561,27.76,1,0.68,3.99,1.692,0,0,0,0
TXN113694,33.96,11,5.76,5.81,1.473,1,1,0,0
TXN114817,36.16,2,62.16,32.19,2.01,1,0,0,1
TXN101505,8.63,16,4.44,2.4,0.513,1,0,1,0
TXN111439,44.86,21,3.07,17.67,0.632,1,1,0,0
TXN101039,5.88,14,17.81,12.95,0.878,1,1,0,0
TXN104614,24.64,14,10.81,0.7,0.889,1,1,1,0
TXN108054,36.95,14,7.0,0.12,0.9,1,0,0,0
TXN107345,48.98,2,5.13,4.52,1.579,1,0,0,0
TXN113716,41.78,10,3.73,1.65,1.357,0,0,0,0
TXN109154,35.25,18,6.72,7.61,1.185,0,1,1,0
TXN106011,73.51,8,2.69,2.38,0.848,1,1,0,0
TXN100283,28.73,13,17.15,1.84,1.035,1,1,0,0
TXN101219,305.7,0,2.7,9.84,0.711,1,0,0,0
TXN102755,35.76,15,6.71,5.95,0.791,0,1,0,0
TXN108900,25.19,18,1.17,9.25,1.147,1,1,1,0
TXN114710,66.91,7,56.0,12.26,1.654,0,0,1,1
TXN105759,89.66,18,5.18,3.46,0.218,1,0,0,0
TXN100280,26.19,3,10.2,2.66,1.814,1,1,0,0
TXN104616,124.95,16,12.87,8.73,0.92,1,0,0,0
TXN111699,88.88,17,2.92,8.12,1.954,0,1,1,0
TXN109967,64.37,6,19.89,5.41,1.468,1,1,0,0
TXN108951,33.2,12,7.87,1.24,0.825,1,0,0,0
TXN113100,87.99,22,3.55,1.74,0.442,1,0,1,0
TXN113682,190.74,22,9.58,14.85,1.978,1,1,0,0
TXN102167,22.91,12,12.62,12.95,1.451,1,1,0,0
TXN113000,203.07,21,19.93,0.08,0.45,1,1,0,0
TXN104132,13.05,6,9.27,1.76,0.822,1,1,0,0
TXN112314,68.35,20,12.76,9.86,2.057,1,1,0,0
TXN109088,26.27,16,1.51,2.91,1.144,1,1,0,0
TXN112373,106.22,16,4.38,0.21,1.563,1,1,0,0
TXN107689,15.33,13,3.18,4.11,1.809,1,1,0,0
TXN114262,165.86,11,5.06,4.38,0.618,0,1,1,0
TXN100804,15.97,4,8.18,0.68,0.298,1,1,0,0
TXN102881,160.39,2,4.01,6.47,1.183,1,0,0,0
TXN112838,50.04,20,9.9,0.39,0.7,1,1,0,0
TXN113528,13.29,18,4.09,5.28,0.221,0,1,1,0
TXN101738,10.94,21,1.73,0.93,1.542,1,1,1,0
TXN110319,12.7,19,11.21,1.88,1.639,1,0,0,0
TXN100147,39.94,21,8.14,0.71,1.177,1,1,1,0
TXN114746,369.71,16,22.49,13.84,3.057,0,1,1,1
TXN101700,59.72,6,8.85,8.55,1.649,1,1,0,0
TXN109285,43.34,13,5.86,2.64,1.037,1,0,0,0
TXN105946,41.9,8,14.06,11.07,1.629,0,1,0,0
TXN100927,43.05,11,10.57,10.46,1.274,0,0,0,0
TXN103760,61.62,7,7.74,5.89,1.296,1,1,0,0
TXN100527,91.92,10,0.59,1.85,1.064,1,0,0,0
TXN101262,66.1,9,7.69,3.99,0.687,0,1,1,0
TXN114789,216.63,12,53.71,32.06,4.031,1,0,1,1
TXN114154,18.38,15,4.55,1.19,0.185,1,0,0,0
TXN111140,21.27,20,1.47,1.13,0.888,1,0,0,0
TXN104895,9.13,20,8.66,8.46,1.325,1,0,1,0
TXN110805,12.21,12,27.97,5.94,1.312,0,0,0,0
TXN102291,66.04,14,0.21,9.11,1.404,0,1,0,0
TXN113912,6.77,20,6.46,14.29,1.773,0,1,0,0
TXN106454,17.29,19,9.65,3.74,0.831,1,0,0,0
TXN114522,100.6,1,10.49,7.15,0.248,1,1,0,0
TXN100381,60.69,14,10.36,1.29,0.131,0,1,0,0
TXN108677,36.6,12,4.52,3.51,0.476,0,1,1,0
TXN113924,11.29,15,13.87,3.9,1.471,1,0,1,0
TXN102328,8.22,15,8.14,10.35,1.455,1,0,0,0
TXN105797,243.07,18,15.48,2.92,1.939,0,0,1,0
TXN108788,18.63,19,18.26,16.0,1.039,1,1,0,0
TXN108107,85.05,9,10.87,15.81,0.679,1,0,0,0
TXN109605,86.43,13,20.65,2.9,0.323,0,0,0,0
TXN105690,67.69,17,7.5,1.68,1.781,0,1,0,0
TXN111876,34.2,9,22.32,16.8,1.195,1,0,0,0
TXN105891,19.7,15,6.48,1.04,1.712,0,1,0,0
TXN110818,5.06,12,9.96,7.09,1.493,1,1,1,0
TXN108771,115.85,18,9.88,0.11,0.831,0,0,0,0
TXN105898,16.8,12,9.56,2.09,1.687,1,1,1,0
TXN110847,7.2,18,7.5,5.72,1.085,1,1,0,0
TXN104935,4.77,18,17.24,2.29,1.124,1,1,1,0
TXN109476,345.21,14,5.02,1.15,0.909,0,1,1,0
TXN103777,26.37,0,1.08,12.65,1.734,1,1,1,0
TXN110539,83.37,11,6.36,7.34,0.594,1,0,0,0
TXN111986,21.26,6,6.96,5.55,0.585,0,1,0,0
TXN110660,20.15,15,0.45,0.37,1.47,1,1,1,0
TXN107563,65.86,12,1.78,14.84,1.047,0,1,1,0
TXN113216,16.15,19,11.57,3.56,1.647,1,1,0,0
TXN110021,35.35,15,11.05,1.36,1.76,0,1,1,0
TXN100786,74.64,11,8.09,5.45,0.124,0,1,1,0
TXN102721,111.77,19,3.51,12.58,0.301,1,0,0,0
TXN110384,21.01,15,14.97,3.95,0.389,0,1,1,0
TXN102137,37.56,12,8.04,1.49,0.37,1,0,0,0
TXN102568,55.59,12,6.63,2.03,1.726,1,1,1,0
TXN110375,56.02,18,4.48,1.56,2.06,1,1,0,0
TXN110173,39.2,7,10.78,12.3,1.736,1,1,0,0
TXN109628,35.24,10,0.91,6.19,1.316,1,0,0,0
TXN106681,42.04,20,7.03,8.92,1.628,1,1,0,0
TXN101178,64.12,10,9.48,0.3,1.417,1,0,1,0
TXN111193,25.38,18,22.6,14.96,0.675,1,1,0,0
TXN105638,23.57,16,4.14,2.23,0.425,1,0,0,0
TXN111160,56.85,2,14.74,3.44,1.05,1,0,0,0
TXN114419,23.44,13,6.71,15.54,1.178,0,1,0,0
TXN103728,13.13,23,6.86,5.98,1.796,0,1,1,0
TXN109122,6.79,14,19.61,4.6,1.894,1,0,0,0
TXN112077,1160.24,8,12.59,3.17,0.976,1,1,1,0
TXN103845,68.93,8,1.34,6.28,0.54,1,1,0,0
TXN105220,26.47,2,18.82,19.0,1.472,1,1,1,0
TXN107189,22.11,14,0.58,6.7,0.207,1,1,1,0
TXN108016,33.06,0,11.92,3.74,0.517,1,0,1,0
TXN114566,9.94,12,15.63,0.2,1.098,1,1,1,0
TXN104490,30.24,20,10.3,6.1,0.982,1,1,0,0
TXN114293,203.77,12,7.57,3.54,0.318,0,1,0,0
TXN110998,50.31,9,13.25,11.85,1.289,1,0,1,0
TXN100327,113.12,9,17.03,6.6,1.266,1,1,1,0
TXN114043,103.63,16,19.27,9.17,0.288,1,1,0,0
TXN101936,62.08,1,18.03,6.17,0.807,1,1,0,0
TXN107126,36.08,1,4.4,10.83,0.56,1,0,0,0
TXN114426,22.47,6,2.34,12.24,1.292,0,1,0,0
TXN111300,19.33,8,6.81,6.04,0.996,0,1,0,0
TXN109857,69.71,14,26.14,2.97,2.012,1,1,0,0
TXN106009,38.01,11,4.22,7.08,1.254,1,1,1,0
TXN108190,41.32,12,13.94,2.65,0.865,0,1,1,0
TXN110447,29.28,17,12.48,5.07,0.756,1,1,0,0
TXN113099,64.55,10,14.26,8.36,0.579,1,0,1,0
TXN103792,31.5,4,3.16,10.88,0.461,1,0,0,0
TXN100114,33.22,1,30.32,5.44,0.291,0,1,0,0
TXN114519,26.37,8,16.17,4.83,1.042,1,1,0,0
TXN113645,51.86,16,0.41,4.88,0.961,0,1,0,0
TXN102780,36.35,12,15.53,1.75,0.51,1,1,1,0
TXN110988,84.05,18,5.83,4.98,1.08,1,0,0,0
TXN101538,119.4,16,5.03,11.94,1.688,1,1,0,0
TXN109337,51.28,11,15.98,7.87,0.245,1,0,1,0
TXN103574,5.64,9,2.63,0.49,0.425,0,0,0,0
TXN112118,8.39,2,1.57,4.21,2.362,1,1,0,0
TXN107071,92.02,6,2.41,8.86,1.062,1,0,1,0
TXN106788,26.24,12,0.66,3.17,0.559,1,0,1,0
TXN104610,90.04,12,7.74,3.07,1.481,1,1,1,0
TXN101322,18.87,16,22.99,7.0,1.282,0,0,0,0
TXN106883,34.05,16,8.64,6.92,0.382,1,1,0,0
TXN103888,12.92,15,9.03,4.21,1.209,1,1,0,0
TXN101508,43.02,15,5.47,9.42,0.85,1,0,0,0
TXN110260,62.64,2,1.08,1.6,0.602,1,1,1,0
TXN104072,61.4,10,16.3,10.78,1.207,1,0,0,0
TXN101864,66.49,11,0.97,6.95,1.184,1,0,1,0
TXN109060,10.36,16,2.68,14.41,1.439,1,0,0,0
TXN112384,54.71,9,15.56,6.84,1.102,1,0,1,0
TXN102169,33.62,21,10.52,6.85,1.581,1,1,1,0
TXN104730,119.5,12,16.09,5.57,1.206,1,1,0,0
TXN110439,46.03,15,8.54,2.36,0.607,1,1,0,0
TXN100220,13.14,14,1.87,7.51,0.501,1,1,0,0
TXN106847,16.59,4,21.55,4.91,1.457,0,0,1,0
TXN102999,44.5,6,9.04,2.68,1.296,1,1,1,0
TXN113284,12.56,22,4.3,0.5,0.492,1,1,0,0
TXN103920,41.71,9,5.31,10.72,1.183,1,1,0,0
TXN103212,39.91,14,2.72,0.55,1.152,1,1,1,0
TXN108178,71.55,22,6.73,8.56,1.012,1,1,1,0
TXN106888,23.54,22,18.8,9.94,1.178,1,1,1,0
TXN108913,70.73,4,23.54,3.17,0.401,1,1,1,0
TXN108496,31.99,5,3.05,14.96,1.458,1,1,1,0
TXN103097,51.22,12,16.78,9.51,0.408,0,1,0,0
TXN106665,134.77,10,6.61,17.97,1.649,1,1,0,0
TXN113842,127.77,12,12.28,4.59,1.239,1,0,1,0
TXN101851,36.1,13,2.79,3.03,0.956,0,1,0,0
TXN114434,31.52,18,12.89,8.05,1.921,1,1,0,0
TXN108974,33.2,1,12.91,5.1,1.6,1,0,0,0
TXN109288,18.07,17,3.69,11.83,1.561,1,1,0,0
TXN112888,80.18,14,24.23,1.09,1.365,1,1,0,0
TXN100046,24.81,1,8.07,5.24,0.56,1,0,0,0
TXN111403,94.61,10,1.85,21.43,1.726,1,1,0,0
TXN101145,378.29,21,5.82,8.08,0.811,1,0,1,0
TXN112953,33.14,5,1.49,16.49,1.568,1,1,0,0
TXN107562,12.49,19,12.13,8.9,1.095,1,0,1,0
TXN110725,63.42,18,7.81,1.89,1.31,1,1,0,0
TXN103770,77.08,4,12.59,2.67,1.902,1,1,1,0
TXN100717,14.77,22,4.12,2.57,0.138,1,0,0,0
TXN101494,30.35,15,7.85,0.7,0.441,0,1,0,0
TXN103110,116.21,15,15.44,1.74,0.69,1,1,0,0
TXN108787,4.26,2,23.73,24.49,1.089,1,0,1,0
TXN107894,136.98,3,9.53,7.59,1.257,1,1,0,0
TXN100589,9.28,22,2.5,4.45,0.981,0,1,0,0
TXN108714,36.09,3,13.66,1.42,1.148,1,1,0,0
TXN110942,80.86,11,21.54,6.76,1.833,1,1,0,0
TXN109780,15.13,6,5.4,15.49,0.292,1,1,0,0
TXN113860,38.17,19,10.28,2.39,1.288,1,1,0,0
TXN112366,21.12,12,6.16,0.97,0.261,1,0,0,0
TXN107163,64.05,14,14.24,10.51,0.389,0,1,1,0
TXN111438,26.06,12,4.96,9.81,0.3,1,0,0,0
TXN105996,35.67,15,16.32,8.91,0.951,1,1,0,0
TXN101068,250.94,14,9.3,6.55,1.115,0,0,0,0
TXN110815,15.15,21,1.85,2.92,1.444,0,0,0,0
TXN112731,9.49,9,8.6,11.05,0.192,1,0,0,0
TXN107149,78.12,0,15.29,1.36,0.481,1,1,0,0
TXN101531,75.65,10,6.23,1.26,0.862,0,0,0,0
TXN110972,68.72,12,1.34,2.63,1.644,1,0,0,0
TXN103053,91.71,2,19.93,1.42,0.783,1,1,1,0
TXN104644,35.72,21,8.23,9.32,0.977,1,1,0,0
TXN113111,60.42,11,11.2,3.93,1.41,0,1,0,0
TXN111995,42.87,6,7.41,0.6,0.165,1,1,0,0
TXN106648,95.26,9,10.48,11.19,1.206,1,1,0,0
TXN114406,43.72,0,21.6,9.08,1.387,0,1,1,0
TXN105970,80.33,12,6.93,3.98,1.167,1,1,0,0
TXN108144,128.0,10,7.01,8.95,0.014,0,0,0,0
TXN104402,70.44,16,10.23,10.88,0.861,1,0,0,0
TXN105714,40.42,11,3.27,11.91,0.051,0,1,1,0
TXN111814,6.24,16,11.44,3.66,0.814,0,0,0,0
TXN106006,43.21,7,11.17,1.69,0.63,1,1,1,0
TXN108607,7.6,15,8.17,9.17,1.204,1,0,0,0
TXN108676,19.53,15,2.0,5.41,1.28,1,0,0,0
TXN111944,84.82,19,0.69,4.92,0.222,0,0,0,0
TXN101683,31.43,19,9.32,2.75,1.591,0,1,1,0
TXN105689,82.04,11,16.01,9.58,0.374,0,0,0,0
TXN108622,48.36,15,6.58,12.69,0.998,1,1,1,0
TXN108138,28.47,11,5.57,1.09,1.258,1,1,0,0
TXN110782,10.67,11,13.12,6.13,1.372,1,1,0,0
TXN111214,32.34,13,25.28,3.6,1.135,1,1,0,0
TXN102585,72.98,17,8.55,1.93,0.862,1,1,0,0
TXN111205,8.71,13,14.07,0.13,1.842,1,0,0,0
TXN110149,20.95,18,17.78,3.56,1.18,1,0,0,0
TXN110028,4.71,18,3.85,17.81,0.465,1,1,0,0
TXN112173,12.51,20,13.12,7.56,0.565,0,1,0,0
TXN105792,30.07,22,2.56,5.05,0.966,1,1,1,0
TXN111949,29.53,17,4.81,0.1,0.865,0,1,0,0
TXN112478,95.61,9,15.18,1.56,1.536,0,1,0,0
TXN111197,29.63,5,4.11,18.37,1.037,0,1,1,0
TXN104848,16.64,0,4.93,4.37,1.239,1,0,0,0
TXN114531,57.18,16,8.81,6.19,0.393,1,0,1,0
TXN108076,28.29,12,11.79,13.69,0.901,0,1,0,0
TXN110483,172.4,5,15.89,13.26,0.884,1,1,0,0
TXN112424,49.3,17,7.15,9.84,0.844,0,1,0,0
TXN105773,74.14,2,0.86,15.51,1.649,1,1,0,0
TXN112820,4.18,12,14.1,14.39,1.001,0,1,0,0
TXN104622,23.86,23,12.88,7.19,0.688,1,1,1,0
TXN106152,17.07,4,2.33,0.87,1.138,1,1,0,0
TXN108546,42.82,16,19.51,10.22,0.626,1,1,0,0
TXN101265,62.05,13,6.93,0.9,1.9,1,0,1,0
TXN110528,120.33,12,25.36,12.18,0.128,1,1,1,0
TXN111133,91.88,19,5.19,0.47,0.818,1,1,1,0
TXN111762,43.32,12,13.34,11.12,0.008,0,1,0,0
TXN105419,4.18,22,12.79,5.98,1.145,1,0,0,0
TXN109667,27.58,21,9.21,7.85,0.858,0,1,1,0
TXN113727,4.96,21,3.86,15.92,0.977,0,0,0,0
TXN107738,21.44,21,5.33,13.05,0.689,1,1,1,0
TXN114889,643.61,2,12.84,25.33,2.354,0,0,1,1
TXN113752,2.78,15,3.21,3.67,1.814,0,0,1,0
TXN105403,349.44,0,13.98,11.72,2.04,1,0,0,0
TXN106258,49.34,11,11.15,10.23,0.461,1,1,0,0
TXN103660,17.51,8,5.83,0.36,1.405,0,1,0,0
TXN108194,11.48,16,14.11,2.63,1.407,1,1,1,0
TXN102097,21.3,7,13.38,12.04,0.319,1,1,0,0
TXN102615,139.7,12,13.82,3.57,0.874,1,1,0,0
TXN109259,20.19,5,13.55,5.68,0.622,1,1,0,0
TXN100180,14.85,8,10.01,0.7,1.454,1,1,0,0
TXN112434,58.15,20,16.35,0.98,1.418,1,1,1,0
TXN112280,7.17,20,27.19,12.14,0.909,0,1,0,0
TXN100401,62.01,0,3.52,13.62,0.576,1,1,0,0
TXN102907,80.72,15,0.38,5.62,0.523,0,1,0,0
TXN109641,44.99,1,0.21,12.62,1.188,1,1,1,0
TXN108364,78.0,17,5.08,9.34,1.515,0,0,0,0
TXN104763,21.53,10,11.72,15.24,0.404,1,0,1,0
TXN108429,151.55,13,2.82,0.81,1.487,0,1,0,0
TXN106371,25.02,14,2.12,1.11,1.222,1,0,1,0
TXN113988,25.45,11,27.67,4.31,1.362,1,1,1,0
TXN112048,94.64,19,15.05,6.6,0.78,1,0,0,0
TXN102523,54.8,15,2.55,2.44,0.722,1,0,0,0
TXN110108,4.13,13,1.4,9.27,1.035,1,0,0,0
TXN105009,122.96,21,20.24,18.22,1.547,0,0,0,0
TXN110727,114.47,7,4.66,7.69,0.6,0,1,0,0
TXN114586,62.37,7,21.41,8.93,1.139,0,1,1,0
TXN110882,63.28,9,5.56,4.06,0.454,1,1,1,0
TXN103299,13.81,12,4.54,2.46,0.575,1,1,1,0
TXN110220,5.37,16,8.59,0.08,1.049,1,1,1,0
TXN108967,91.57,11,16.86,6.21,0.247,1,1,1,0
TXN103214,67.84,13,3.83,5.79,0.543,1,1,0,0
TXN106992,50.99,9,14.65,2.2,0.915,0,1,0,0
TXN101004,23.39,3,1.2,0.81,2.644,0,0,0,0
TXN106046,25.89,10,2.66,2.57,1.558,1,0,0,0
TXN100411,22.02,18,11.24,0.78,1.122,1,1,1,0
TXN108450,14.07,20,10.82,5.0,1.183,0,1,0,0
TXN100900,20.84,17,3.24,8.24,0.695,1,1,0,0
TXN106093,73.61,11,13.34,0.27,0.539,1,0,1,0
TXN112028,70.15,17,16.99,1.02,0.546,0,1,0,0
TXN105702,18.9,2,2.43,4.16,0.594,1,0,1,0
TXN113235,40.59,13,3.23,7.38,0.944,1,1,1,0
TXN105760,163.82,10,9.84,7.5,0.19,1,1,1,0
TXN112250,17.93,5,21.98,9.52,1.661,0,1,0,0
TXN109607,5.98,12,7.96,1.49,0.858,1,0,0,0
TXN113900,8.21,17,6.46,14.25,1.961,1,1,1,0
TXN100791,70.53,8,13.04,6.32,0.076,1,1,1,0
TXN100530,68.88,8,0.55,7.15,1.967,0,1,0,0
TXN109089,28.45,9,16.32,14.12,0.226,1,1,0,0
TXN102354,54.12,19,11.74,6.04,0.191,0,1,0,0
TXN111481,20.86,14,7.79,1.4,1.142,1,1,0,0
TXN114108,50.56,21,5.37,3.02,1.767,0,0,1,0
TXN114342,15.62,11,2.35,12.86,1.189,1,0,1,0
TXN109157,13.76,14,14.26,4.0,0.317,1,1,0,0
TXN102514,61.23,17,10.19,12.58,0.335,1,1,0,0
TXN109025,72.51,6,2.16,7.69,1.085,0,0,1,0
TXN106140,19.32,13,1.07,0.12,1.274,0,0,0,0
TXN112671,185.98,22,30.8,0.57,0.632,1,0,1,0
TXN109625,22.23,8,7.48,15.76,1.367,1,1,0,0
TXN104886,85.25,13,2.45,14.45,1.197,0,1,0,0
TXN102598,12.8,8,6.28,3.48,0.727,1,1,0,0
TXN112075,6.88,4,3.07,0.55,0.903,1,1,1,0
TXN108972,38.54,0,5.54,5.3,1.652,1,1,0,0
TXN113185,36.87,20,14.85,4.41,1.066,0,1,0,0
TXN109371,43.91,11,21.67,9.47,2.057,0,1,0,0
TXN101108,6.43,0,11.21,7.91,1.517,1,1,0,0
TXN102851,54.9,18,4.46,1.16,0.133,1,0,0,0
TXN112853,115.13,10,1.03,8.86,1.687,1,1,1,0
TXN114554,63.37,20,18.2,13.05,0.242,1,1,0,0
TXN106130,1345.72,12,12.41,12.58,2.296,0,0,1,0
TXN100132,96.3,7,9.49,4.18,1.175,1,1,1,0
TXN110668,32.5,17,10.41,6.03,0.339,1,0,0,0
TXN107009,60.17,18,4.02,14.16,1.903,1,1,0,0
TXN106068,33.75,20,12.73,6.15,1.398,1,1,0,0
TXN114214,43.07,16,2.78,0.5,0.643,1,1,1,0
TXN107941,18.89,8,4.0,2.91,0.7,0,0,0,0
TXN113415,54.17,14,15.56,2.57,2.106,0,1,0,0
TXN102867,12.17,14,11.55,9.31,1.66,0,0,0,0
TXN110511,319.67,15,13.75,1.13,0.868,0,1,0,0
TXN111072,38.83,4,6.82,3.03,2.123,1,1,0,0
TXN112341,108.09,20,6.34,2.0,1.522,0,1,0,0
TXN100619,77.12,20,4.73,6.01,0.762,1,1,0,0
TXN101015,4.17,15,2.7,12.02,1.517,1,1,1,0
TXN112572,32.34,9,14.05,0.14,1.503,1,1,0,0
TXN111692,52.11,4,0.25,1.99,1.025,1,1,1,0
TXN104798,71.42,16,9.38,3.88,0.865,0,0,0,0
TXN101551,21.74,6,15.78,6.79,0.852,0,1,0,0
TXN107570,46.36,8,0.18,1.22,1.423,1,1,1,0
TXN109488,12.67,15,5.5,2.45,0.808,0,1,0,0
TXN107579,53.51,16,20.5,7.69,0.586,1,1,1,0
TXN111925,233.41,7,6.54,18.41,0.83,1,1,1,0
TXN101952,85.93,10,5.1,4.17,1.414,1,1,1,0
TXN111019,145.76,16,2.1,8.37,1.153,0,1,1,0
TXN106819,9.52,8,9.04,5.43,0.975,1,1,1,0
TXN112709,88.5,6,7.18,10.19,1.732,1,0,1,0
TXN102567,13.15,10,9.53,11.55,1.816,0,0,0,0
TXN108321,74.37,7,5.79,7.98,0.423,1,0,0,0
TXN105583,87.52,17,2.2,8.02,1.528,1,0,0,0
TXN111257,43.68,2,3.99,7.26,0.644,1,1,0,0
TXN100474,12.32,5,5.18,10.01,1.605,1,1,0,0
TXN112847,8.26,11,1.89,5.5,1.469,0,0,1,0
TXN103049,96.31,13,15.88,10.14,0.331,0,1,0,0
TXN110489,106.37,17,15.14,4.69,1.395,0,1,1,0
TXN113393,126.66,23,12.76,1.0,1.573,1,1,0,0
TXN112951,85.51,19,22.44,5.49,1.234,0,0,1,0
TXN110873,41.43,5,6.74,15.41,0.819,1,1,0,0
TXN114028,71.28,9,2.55,7.67,0.803,1,1,0,0
TXN106288,174.24,6,12.53,3.59,1.359,1,0,0,0
TXN100727,10.09,16,19.2,4.41,2.185,1,0,0,0
TXN114902,5.0,8,86.99,30.41,0.863,0,1,0,1
TXN114156,41.09,20,0.95,1.63,0.151,1,1,1,0
TXN106344,116.01,10,15.34,5.01,0.968,1,0,1,0
TXN107287,28.49,16,0.38,0.3,1.662,0,0,0,0
TXN111098,92.43,12,5.07,0.36,1.412,1,0,0,0
TXN105235,15.99,18,11.97,3.28,0.099,1,1,1,0
TXN114999,452.48,20,15.29,37.83,1.186,0,0,1,1
TXN108046,91.67,17,11.09,9.65,1.98,0,0,1,0
TXN113877,20.44,6,9.62,13.95,1.209,0,1,0,0
TXN103442,75.21,14,9.5,2.14,0.041,1,1,0,0
TXN107744,18.18,14,13.9,1.71,0.9,1,1,0,0
TXN102801,6.32,4,1.46,1.41,2.05,1,1,0,0
TXN113964,18.52,11,10.19,3.77,0.764,1,0,0,0
TXN111390,6.19,10,2.31,8.08,0.816,0,1,0,0
TXN106023,5.21,7,15.41,2.49,2.035,0,0,1,0
TXN112088,35.29,21,10.09,4.27,1.155,1,0,1,0
TXN101457,9.54,6,20.86,1.59,2.152,1,0,0,0
TXN100769,77.82,19,8.01,1.29,1.343,1,0,0,0
TXN111739,101.26,18,8.83,5.85,1.392,1,1,1,0
TXN110182,18.48,11,0.82,4.89,1.722,0,0,0,0
TXN112225,98.03,20,10.22,8.15,0.1,1,0,0,0
TXN101302,21.68,18,1.51,0.58,0.58,0,0,0,0
TXN103306,61.77,13,11.24,6.91,0.681,1,1,0,0
TXN112506,35.83,14,3.91,14.86,1.081,1,0,0,0
TXN109325,25.87,11,10.74,7.25,1.439,1,1,0,0
TXN112292,58.38,3,3.41,6.51,1.076,1,0,1,0
TXN108630,58.47,15,13.87,8.88,0.145,1,1,1,0
TXN105765,61.91,16,6.0,8.14,0.763,0,0,0,0
TXN100249,2.41,10,2.84,18.24,0.99,1,0,1,0
TXN111382,149.21,13,1.62,5.94,0.074,0,0,0,0
TXN114245,17.65,21,15.88,8.76,1.209,1,1,0,0
TXN104197,33.42,11,8.05,4.18,1.442,1,0,0,0
TXN110676,33.65,8,18.13,0.8,0.345,1,0,0,0
TXN100609,56.81,7,18.03,11.64,1.336,1,1,1,0
TXN113042,221.29,9,2.63,0.05,1.732,0,1,0,0
TXN109501,39.04,9,9.74,10.1,0.501,0,1,0,0
TXN109346,97.62,22,2.66,12.53,0.652,1,1,1,0
TXN114408,16.74,15,3.65,5.58,0.854,1,0,1,0
TXN105584,5.87,10,12.58,1.61,0.253,1,0,0,0
TXN100734,3.94,12,7.56,9.95,1.212,1,1,0,0
TXN111159,27.05,14,10.44,2.43,1.097,0,0,0,0
TXN105877,28.52,19,8.77,10.72,0.552,1,0,0,0
TXN112238,371.45,14,39.24,9.13,0.488,1,1,1,0
TXN101521,6.31,19,4.87,10.25,0.903,1,0,1,0
TXN103613,27.4,14,15.42,10.63,0.97,1,1,0,0
TXN112755,127.84,7,7.55,9.73,1.874,1,1,0,0
TXN111667,180.19,10,18.4,1.2,0.94,0,0,0,0
TXN111366,61.2,8,8.78,0.86,0.066,1,1,0,0
TXN103467,22.62,6,12.95,1.96,1.461,1,1,0,0
TXN114654,24.64,12,26.17,20.41,2.613,1,0,1,1
TXN111319,40.5,13,5.85,2.17,0.675,1,0,0,0
TXN110896,43.51,6,23.41,2.97,0.9,1,1,0,0
TXN107672,223.43,15,0.5,8.79,1.08,0,0,0,0
TXN105206,26.68,8,14.02,0.04,0.054,1,1,0,0
TXN110209,8.44,16,8.02,7.82,1.54,1,1,0,0
TXN113657,137.89,17,7.99,3.9,2.386,1,1,0,0
TXN108662,10.9,21,2.8,1.2,0.009,0,1,0,0
TXN110910,77.67,19,4.53,3.55,1.185,1,0,0,0
TXN109997,65.17,6,8.95,5.65,0.111,1,1,1,0
TXN105864,179.15,13,1.31,7.44,0.913,0,0,0,0
TXN107365,106.33,8,14.15,0.15,1.928,0,1,0,0
TXN111246,53.77,18,16.8,4.81,0.669,1,1,1,0
TXN103780,38.74,13,4.92,0.44,1.516,1,0,1,0
TXN103297,50.53,4,7.68,14.06,0.901,1,1,1,0
TXN108948,53.29,12,11.19,1.39,0.376,1,1,0,0
TXN114346,62.11,12,2.89,14.72,0.09,1,0,0,0
TXN110941,20.32,3,16.79,7.03,0.858,0,1,0,0
TXN100284,437.71,16,0.45,7.54,1.785,1,1,1,0
TXN105785,225.61,8,12.85,6.78,2.164,0,0,0,0
TXN112330,44.25,9,9.58,4.86,0.036,0,1,1,0
TXN107971,80.4,13,9.13,9.52,0.964,1,0,0,0
TXN112027,34.03,15,4.54,3.2,1.046,0,1,0,0
TXN111426,42.55,7,13.58,14.8,0.4,0,1,0,0
TXN108827,44.92,11,19.95,8.04,1.323,1,1,1,0
TXN104526,24.49,21,1.46,0.52,1.212,0,1,1,0
TXN100080,33.77,16,24.92,19.44,1.429,0,1,1,0
TXN102313,3.81,14,8.24,0.37,2.511,0,1,1,0
TXN114350,21.73,17,4.43,18.23,0.572,1,0,0,0
TXN104289,17.42,12,12.39,11.32,0.718,1,1,0,0
TXN113999,3.55,9,23.09,8.44,1.06,0,1,0,0
TXN106979,125.3,21,2.14,1.52,1.608,1,1,0,0
TXN100782,86.58,13,3.99,7.86,1.149,1,1,1,0
TXN113928,230.96,2,5.1,7.29,1.564,1,1,1,0
TXN100137,2.2,10,1.13,5.61,2.554,1,1,1,0
TXN101560,79.16,13,10.12,7.79,1.228,1,1,0,0
TXN100733,68.93,4,5.23,12.31,1.284,1,1,1,0
TXN102689,20.93,13,9.11,0.03,0.064,1,1,1,0
TXN106855,42.29,12,6.3,1.62,1.806,0,0,0,0
TXN105042,11.53,15,14.13,3.61,0.054,0,0,0,0
TXN100735,61.45,19,3.54,12.34,1.14,1,1,0,0
TXN111051,39.8,14,6.53,3.92,0.547,1,0,1,0
TXN110867,71.39,11,22.61,3.86,2.335,1,1,0,0
TXN103606,100.44,10,26.4,0.09,0.039,1,0,0,0
TXN112965,23.57,11,17.4,11.56,1.316,1,1,1,0
TXN114060,21.36,12,4.45,1.36,0.688,1,1,0,0
TXN114000,55.71,9,1.59,8.84,1.178,1,1,0,0
TXN113611,165.94,14,8.06,3.02,1.341,1,1,0,0
TXN106266,59.94,12,15.3,4.82,1.505,0,0,1,0
TXN109885,17.34,16,12.63,4.67,1.744,0,1,0,0
TXN111050,28.63,16,9.03,10.03,1.136,1,1,1,0
TXN113944,5.85,9,4.44,2.15,1.382,1,1,0,0
TXN105118,26.76,11,8.72,8.0,0.907,1,1,0,0
TXN101405,8.72,21,10.23,0.24,1.403,1,1,1,0
TXN101753,15.3,9,18.19,11.5,1.135,0,1,1,0
TXN105770,28.02,3,11.68,0.14,1.631,1,1,0,0
TXN108460,81.5,3,13.87,1.49,0.938,1,1,0,0
TXN107837,19.92,15,34.84,9.12,0.954,0,1,0,0
TXN113648,9.46,17,8.55,7.43,1.154,1,0,0,0
TXN112393,65.45,0,6.83,8.67,1.318,1,0,0,0
TXN107583,48.69,3,4.69,2.48,0.096,0,1,1,0
TXN102768,10.02,15,9.05,1.82,0.464,1,1,1,0
TXN109066,7.64,21,2.45,2.81,0.781,0,1,0,0
TXN110365,11.56,23,4.95,3.12,1.19,1,0,1,0
TXN103330,36.01,18,1.25,3.44,0.306,0,1,1,0
TXN111106,3.81,4,15.7,0.25,0.773,1,0,0,0
TXN112286,21.91,14,0.25,17.19,0.95,1,1,0,0
TXN101898,13.93,14,1.8,3.6,2.219,0,1,0,0
TXN101836,12.71,19,3.78,3.68,1.002,0,1,0,0
TXN109269,44.87,16,26.65,4.42,1.958,0,1,0,0
TXN110982,126.35,18,1.3,9.47,1.21,0,0,1,0
TXN102954,201.78,10,3.05,7.48,0.351,0,0,1,0
TXN103666,128.91,8,4.59,5.53,1.291,0,0,0,0
TXN104775,121.54,13,21.41,0.35,1.163,1,1,1,0
TXN103513,208.95,18,6.46,11.5,0.785,0,0,0,0
TXN110519,382.43,14,19.96,10.98,1.147,1,1,0,0
TXN109151,38.15,5,0.64,6.11,2.315,1,0,0,0
TXN114613,28.01,9,12.11,7.89,1.136,1,1,0,0
TXN112909,171.84,13,2.68,13.2,1.033,1,1,0,0
TXN106792,25.84,17,0.08,3.77,1.497,1,1,0,0
TXN102141,21.15,15,13.56,3.23,0.742,1,1,1,0
TXN114598,34.3,13,8.55,3.22,1.789,1,1,1,0
TXN111880,6.31,20,7.33,3.3,0.346,1,0,0,0
TXN109619,8.61,19,10.56,3.34,0.685,1,1,0,0
TXN104185,23.23,0,21.19,6.85,0.142,1,0,0,0
TXN104016,14.22,12,12.65,12.8,0.428,1,1,0,0
TXN108463,51.16,17,1.74,7.28,1.322,1,0,0,0
TXN104195,25.77,8,3.36,1.3,0.846,0,0,0,0
TXN106313,187.26,14,2.68,0.46,0.866,1,0,0,0
TXN113188,20.33,12,14.63,8.32,0.213,1,1,0,0
TXN105664,8.68,8,10.6,2.78,1.522,1,1,0,0
TXN105829,84.63,9,38.37,2.09,0.432,0,1,1,0
TXN106138,36.61,11,0.83,10.14,0.542,0,0,0,0
TXN112235,125.57,8,16.83,19.8,0.555,0,1,1,0
TXN105761,111.82,18,9.11,11.48,0.443,1,1,0,0
TXN110187,11.66,0,4.55,3.67,0.342,1,1,1,0
TXN101582,20.43,12,5.25,1.37,1.699,0,1,0,0
TXN102716,40.48,6,24.47,1.73,0.678,1,1,0,0
TXN114339,27.2,13,7.69,7.15,0.915,1,0,0,0
TXN104343,212.67,21,12.01,10.39,1.537,1,0,0,0
TXN100745,84.26,0,21.6,14.59,1.829,1,1,1,0
TXN109956,45.63,7,11.04,0.9,0.765,0,1,0,0
TXN104523,47.03,12,6.16,9.24,1.299,0,1,0,0
TXN101684,39.51,20,16.66,1.57,1.64,0,0,0,0
TXN105603,38.03,8,16.37,11.98,1.94,1,0,1,0
TXN108345,157.08,10,13.01,0.08,0.818,0,1,1,0
TXN106362,18.51,8,26.73,5.31,1.169,1,1,0,0
TXN110599,113.23,18,11.04,18.08,1.35,1,0,0,0
TXN104106,100.22,17,7.07,14.55,0.581,0,0,1,0
TXN110236,66.3,14,3.12,16.52,0.77,0,1,0,0
TXN109017,29.28,16,10.05,5.17,1.682,1,1,1,0
TXN109555,75.92,9,8.0,19.27,0.669,1,1,0,0
TXN107120,38.12,20,13.34,6.84,0.678,0,1,1,0
TXN107980,9.19,3,6.58,14.43,1.423,1,0,0,0
TXN114574,7.85,21,9.38,18.8,0.65,0,1,1,0
TXN114279,45.82,10,3.9,4.76,1.622,1,1,0,0
TXN100921,290.54,13,2.23,16.74,0.766,0,1,0,0
TXN112248,34.3,6,2.79,3.84,1.521,1,1,0,0
TXN113764,19.98,14,5.96,5.7,0.66,0,0,0,0
TXN111740,99.21,16,12.99,5.43,1.025,1,1,1,0
TXN107619,15.35,10,7.09,3.82,0.725,1,0,1,0
TXN108087,30.63,15,2.2,1.02,1.242,1,1,1,0
TXN101572,171.64,6,0.71,11.88,1.229,0,0,0,0
TXN104056,4.41,7,1.53,3.75,0.969,1,1,1,0
TXN105058,16.3,18,0.54,4.39,2.893,1,1,1,0
TXN105353,107.09,17,6.6,6.84,2.222,0,0,1,0
TXN109035,18.73,23,15.33,1.59,1.781,1,0,0,0
TXN107473,112.14,9,3.95,3.34,1.165,0,1,1,0
TXN104516,48.81,19,5.89,2.28,0.721,0,0,1,0
TXN110656,32.6,1,27.16,0.43,0.957,0,1,0,0
TXN106764,12.04,7,6.13,12.04,0.931,1,1,0,0
TXN103909,11.09,13,0.62,3.99,1.079,0,1,0,0
TXN105431,5.47,9,5.64,11.61,0.592,0,1,1,0
TXN113258,36.7,22,13.37,8.35,2.241,1,0,1,0
TXN100360,1.55,3,9.23,2.28,0.454,1,1,1,0
TXN105627,99.4,22,1.62,4.15,0.811,0,1,0,0
TXN107157,14.72,6,20.93,3.15,1.684,1,0,0,0
TXN109133,35.07,17,6.77,6.08,1.325,1,1,1,0
TXN105941,38.98,19,30.15,13.89,0.11,1,0,0,0
TXN108445,59.83,16,19.0,3.35,1.567,1,1,0,0
TXN101892,166.23,2,5.78,6.63,1.032,1,0,0,0
TXN104090,111.69,23,17.59,13.25,1.083,1,0,1,0
TXN104978,39.2,15,6.95,2.02,1.354,1,0,0,0
TXN108660,7.8,13,0.74,9.06,0.77,1,0,1,0
TXN111769,70.09,11,1.13,7.37,2.031,1,1,0,0
TXN102067,22.43,18,15.81,7.51,2.287,1,1,0,0
TXN110377,46.57,15,8.4,0.77,1.188,1,1,0,0
TXN103493,9.33,15,5.41,1.09,1.875,1,1,1,0
TXN107609,15.59,16,1.67,4.14,0.419,0,1,1,0
TXN106984,15.99,17,10.39,1.31,1.391,1,1,0,0
TXN109682,141.35,14,6.18,14.94,0.797,0,0,1,0
TXN103575,6.87,14,8.23,9.81,0.834,0,0,0,0
TXN101116,193.89,12,18.9,17.16,0.799,0,1,0,0
TXN104048,56.33,15,9.9,8.41,0.458,0,0,1,0
TXN110091,33.14,13,21.24,6.9,2.57,1,0,0,0
TXN111833,26.45,14,6.94,10.93,0.784,1,1,0,0
TXN111314,30.35,17,17.52,2.94,1.392,1,1,0,0
TXN114660,142.28,10,27.54,57.75,3.274,0,0,0,1
TXN102739,82.06,7,13.29,2.71,1.306,1,0,1,0
TXN114832,58.28,2,28.41,22.46,0.351,1,1,1,1
TXN110030,3.94,7,7.19,10.11,2.568,1,1,1,0
TXN101844,12.4,12,1.96,7.05,1.336,1,0,1,0
TXN105091,73.11,9,22.88,9.55,1.272,0,1,1,0
TXN108089,55.84,17,4.11,0.22,1.486,1,1,0,0
TXN110464,6.75,14,12.02,1.64,1.916,1,1,0,0
TXN101616,27.7,15,4.07,1.09,1.868,0,1,0,0
TXN111842,15.31,6,17.94,0.97,1.047,0,1,1,0
TXN101189,65.63,5,8.85,0.48,0.755,1,1,0,0
TXN105984,31.87,6,9.9,12.3,1.275,1,1,0,0
TXN100345,77.57,20,9.88,10.2,1.161,1,1,0,0
TXN105741,99.01,17,9.5,18.38,1.024,1,0,0,0
TXN107200,302.92,13,4.77,12.29,1.227,1,0,0,0
TXN110180,36.72,11,2.09,5.04,0.502,1,1,0,0
TXN109765,16.19,20,14.92,4.88,1.212,1,1,1,0
TXN109187,32.02,14,5.56,2.81,0.804,1,1,0,0
TXN114382,111.17,10,24.42,6.11,1.537,1,1,0,0
TXN100937,6.56,15,7.86,0.52,1.862,1,1,0,0
TXN108830,44.28,22,1.44,1.36,1.054,0,1,0,0
TXN112132,14.57,7,10.7,10.65,0.351,1,1,1,0
TXN104957,29.57,9,8.21,10.25,1.278,1,1,1,0
TXN114911,137.14,11,48.64,19.7,2.423,1,1,0,1
TXN110226,29.86,11,6.38,5.16,1.36,1,1,0,0
TXN110320,48.73,14,8.06,1.75,1.66,0,1,1,0
TXN103223,19.8,10,8.09,7.04,0.425,0,1,0,0
TXN101894,65.96,23,4.87,3.53,1.633,1,0,1,0
TXN114392,351.81,9,8.42,5.03,0.926,1,1,0,0
TXN109547,91.34,21,22.41,0.85,1.917,1,0,0,0
TXN101063,13.38,17,5.15,3.51,1.148,1,1,0,0
TXN114620,27.67,19,5.49,7.83,0.481,1,1,0,0
TXN103288,161.75,12,9.05,0.52,1.291,1,0,1,0
TXN103949,50.1,20,6.12,4.34,0.387,1,0,0,0
TXN112654,26.35,22,17.88,3.35,0.904,1,1,0,0
TXN104768,11.13,14,0.7,7.71,0.12,1,0,0,0
TXN105095,84.73,16,10.32,6.92,0.471,0,0,1,0
TXN102385,24.21,19,15.98,7.28,1.991,0,1,0,0
TXN100095,15.36,7,3.31,6.67,0.705,0,0,1,0
TXN109905,23.21,14,1.26,3.75,0.653,1,1,0,0
TXN113092,127.79,11,2.81,4.65,0.896,1,0,0,0
TXN102182,31.58,13,9.32,13.53,0.191,1,1,0,0
TXN112612,7.31,16,20.81,1.46,1.552,0,1,0,0
TXN112392,16.37,0,7.18,0.68,0.256,1,1,1,0
TXN109964,132.6,22,18.78,1.69,1.152,0,1,0,0
TXN102927,239.76,17,8.23,1.29,0.283,0,1,0,0
TXN109105,29.37,22,22.46,5.86,1.613,1,0,0,0
TXN101112,31.58,7,18.14,15.22,1.23,1,0,1,0
TXN102647,696.35,17,9.74,14.08,1.318,1,1,0,0
TXN103675,164.67,12,3.98,0.29,0.865,1,1,1,0
TXN104977,11.34,4,4.92,11.09,1.02,1,1,0,0
TXN105548,13.91,6,7.53,1.68,0.485,1,1,1,0
TXN106369,95.1,9,5.15,4.62,0.748,1,1,0,0
TXN111783,12.59,13,15.95,8.66,0.936,1,0,0,0
TXN113595,22.27,7,2.68,10.33,0.653,1,1,0,0
TXN110734,34.98,16,2.87,11.3,1.467,1,1,0,0
TXN113259,83.88,9,9.11,20.01,1.78,1,1,0,0
TXN107085,20.12,15,14.03,5.39,0.674,0,1,0,0
TXN101345,16.93,6,3.62,3.75,0.968,1,1,1,0
TXN104959,56.18,20,6.48,1.14,0.541,0,0,0,0
TXN110263,55.46,10,15.51,2.63,1.631,1,0,1,0
TXN102196,2.72,14,9.42,9.95,1.573,1,1,1,0
TXN112380,70.92,7,6.6,2.46,0.933,0,1,0,0
TXN103688,64.98,12,10.67,0.17,0.443,0,1,0,0
TXN114794,42.31,8,1.0,18.85,4.673,0,0,1,1
TXN109022,23.46,18,1.88,0.32,0.999,1,1,0,0
TXN104150,24.66,12,14.56,5.97,1.442,1,0,1,0
TXN111885,162.13,17,4.55,3.29,1.69,1,1,1,0
TXN111170,52.57,17,6.14,1.08,1.459,1,1,0,0
TXN110598,6.76,15,0.54,1.09,0.932,0,1,1,0
TXN106423,27.28,20,2.59,9.43,1.593,1,1,0,0
TXN113401,32.69,3,7.19,11.79,1.655,1,1,0,0
TXN106220,168.84,8,1.98,3.76,1.058,1,1,0,0
TXN113701,17.24,8,1.86,3.21,0.749,1,0,0,0
TXN110259,29.07,16,9.24,1.04,1.011,1,1,0,0
TXN100214,57.58,19,13.18,9.8,1.43,1,1,1,0
TXN109190,21.53,5,13.51,5.37,1.985,1,1,0,0
TXN109258,70.99,16,9.28,2.39,1.198,1,0,1,0
TXN101114,47.58,23,1.48,2.05,0.733,0,1,0,0
TXN102594,18.34,14,3.7,11.96,1.46,1,0,1,0
TXN113633,54.05,5,4.6,21.18,2.156,0,0,1,0
TXN102548,69.14,12,1.63,3.79,1.524,1,0,0,0
TXN103516,60.04,23,5.25,11.6,1.61,1,1,0,0
TXN112406,23.78,17,3.14,2.24,0.953,1,1,0,0
TXN102553,32.27,8,3.94,1.27,2.109,0,1,1,0
TXN113148,31.96,14,3.41,4.76,0.984,1,1,0,0
TXN105244,42.42,18,9.63,12.05,1.2,0,0,0,0
TXN110976,28.84,7,13.11,1.24,1.334,1,1,1,0
TXN103023,94.4,13,6.05,1.62,2.208,1,0,1,0
TXN108357,29.45,5,8.84,17.8,1.944,1,1,0,0
TXN108393,13.2,13,4.09,9.28,1.848,1,1,1,0
TXN113394,13.61,15,0.02,20.19,1.449,1,1,1,0
TXN104334,145.54,14,11.26,0.27,0.033,0,0,0,0
TXN106073,26.16,13,2.12,7.41,0.403,0,1,1,0
TXN107194,177.02,12,16.37,8.6,0.779,1,1,0,0
TXN100985,49.1,15,0.62,15.43,0.604,1,0,0,0
TXN104648,114.64,20,6.43,6.33,0.715,1,1,0,0
TXN110905,52.07,14,14.01,0.57,1.41,1,1,0,0
TXN110183,11.36,2,6.79,1.98,1.094,1,1,1,0
TXN108990,10.54,13,11.09,2.5,1.471,1,1,0,0
TXN110125,25.37,10,10.48,13.64,1.106,1,1,0,0
TXN114325,60.13,6,3.47,8.46,0.571,1,1,0,0
TXN111661,22.24,20,3.54,19.31,0.16,1,1,0,0
TXN101819,24.8,6,10.76,14.66,1.163,1,1,1,0
TXN107133,23.23,12,11.68,1.27,0.553,0,1,0,0
TXN105615,130.37,7,1.57,7.05,0.288,1,0,0,0
TXN101644,11.24,17,10.93,5.0,1.149,0,1,1,0
TXN107339,51.65,14,6.15,6.65,0.755,0,1,0,0
TXN106003,9.88,2,4.4,3.04,0.467,0,1,0,0
TXN101280,58.33,8,11.87,1.68,0.065,1,1,0,0
TXN109591,210.11,10,10.62,10.5,1.229,1,1,0,0
TXN102671,32.3,9,0.48,2.58,0.988,1,1,1,0
TXN110231,20.5,12,12.0,4.17,1.284,1,1,0,0
TXN108240,21.57,21,10.25,4.72,1.289,0,1,1,0
TXN101254,56.68,6,15.81,5.62,0.874,1,1,0,0
TXN108582,24.17,0,8.86,3.08,1.589,0,1,0,0
TXN100435,202.53,1,9.57,1.71,0.045,1,1,0,0
TXN103263,106.59,12,1.46,8.47,1.692,0,0,1,0
TXN100366,33.48,12,3.96,8.0,0.489,1,0,0,0
TXN110354,3.42,13,1.88,8.46,0.857,0,1,1,0
TXN114422,21.67,12,4.74,9.53,0.652,1,1,1,0
TXN109570,78.82,18,7.86,14.78,0.783,0,0,0,0
TXN106934,42.07,17,15.3,3.59,1.07,1,1,0,0
TXN102843,20.97,9,17.03,1.19,0.034,1,0,0,0
TXN113028,19.52,16,5.43,2.01,1.501,1,1,0,0
TXN102944,70.62,21,4.98,0.33,1.417,1,1,1,0
TXN103144,29.18,20,6.0,13.81,1.287,1,0,0,0
TXN103874,23.91,9,8.47,8.21,0.585,1,1,0,0
TXN103183,13.58,15,14.3,0.72,1.03,0,1,0,0
TXN107337,163.77,14,14.65,10.62,0.959,1,0,0,0
TXN107916,12.91,15,19.12,9.17,0.698,0,1,0,0
TXN114487,78.51,13,9.05,11.74,1.341,0,0,1,0
TXN112023,34.92,15,0.34,7.47,1.028,1,1,1,0
TXN112802,3.97,1,14.42,9.41,0.794,0,1,1,0
TXN109623,13.39,17,19.02,1.79,1.777,0,1,1,0
TXN102763,19.65,10,27.89,8.82,0.778,1,0,0,0
TXN101699,28.42,22,3.27,12.34,1.557,0,1,1,0
TXN111723,13.91,5,1.19,12.24,1.012,1,1,0,0
TXN104572,39.47,8,11.72,4.03,1.008,1,1,0,0
TXN105224,30.99,11,4.98,6.92,1.569,1,0,0,0
TXN106638,91.51,20,4.62,1.97,1.136,1,0,0,0
TXN107605,41.08,4,2.0,3.86,1.255,1,0,1,0
TXN103143,102.07,15,21.54,3.21,0.327,0,0,0,0
TXN103001,20.17,12,12.21,8.59,1.468,1,0,0,0
TXN111102,392.13,5,5.51,3.44,0.339,1,1,0,0
TXN108695,5.12,13,2.56,0.05,0.141,1,0,1,0
TXN107590,50.58,13,5.0,13.73,1.76,1,1,1,0
TXN101695,6.7,12,9.37,0.79,1.719,0,1,0,0
TXN113440,25.71,9,10.31,1.01,1.922,1,0,0,0
TXN102236,25.96,22,17.31,6.12,0.273,0,1,0,0
TXN105649,58.17,16,4.71,5.87,1.182,1,1,1,0
TXN113211,59.25,13,2.01,7.89,1.13,1,1,1,0
TXN101002,44.34,16,9.2,0.55,0.198,0,0,1,0
TXN106411,147.36,10,14.92,1.01,1.104,1,1,0,0
TXN109129,20.97,16,6.93,12.37,1.353,1,0,0,0
TXN108864,48.56,14,3.68,3.32,1.556,1,1,1,0
TXN114601,86.86,13,4.61,6.02,1.52,1,1,1,0
TXN111907,4.83,15,18.3,0.3,0.925,1,1,1,0
TXN101657,254.83,13,1.52,5.75,0.356,1,1,1,0
TXN112556,25.18,0,13.83,3.89,1.787,1,0,0,0
TXN110548,27.49,19,17.56,5.86,1.694,1,0,0,0
TXN111572,36.24,14,3.35,4.29,2.563,1,0,1,0
TXN105840,40.31,19,9.46,7.19,1.263,1,0,0,0
TXN109194,52.83,1,5.67,7.64,2.156,1,1,0,0
TXN105338,21.75,10,4.36,2.75,1.2,1,1,1,0
TXN101647,28.94,16,5.39,11.2,0.871,0,0,0,0
TXN100978,35.83,13,1.11,0.44,0.113,1,1,0,0
TXN102725,5.74,22,13.33,6.5,0.679,0,1,0,0
TXN107234,26.37,20,9.3,4.55,0.364,1,1,0,0
TXN102673,32.74,15,8.79,1.41,1.212,0,0,1,0
TXN104203,107.15,15,7.92,6.24,0.796,1,0,0,0
TXN107302,10.22,11,3.81,5.36,1.114,0,1,0,0
TXN106848,55.95,20,5.96,3.15,1.544,1,0,1,0
TXN112047,103.01,13,12.15,14.37,2.204,1,1,1,0
TXN106033,69.31,7,1.47,0.67,0.62,1,0,1,0
TXN100351,10.57,18,25.66,0.31,1.328,1,0,0,0
TXN103823,58.02,16,9.58,3.72,1.099,1,0,1,0
TXN102211,21.21,11,4.68,9.04,1.09,0,1,0,0
TXN104553,12.35,9,2.83,6.0,0.686,1,1,0,0
TXN103323,14.83,4,23.83,0.13,1.347,1,1,1,0
TXN106902,78.47,20,0.75,1.78,0.984,0,1,1,0
TXN102754,22.18,11,9.84,0.68,1.05,0,1,1,0
TXN108768,40.04,17,27.06,11.75,1.601,1,1,0,0
TXN107797,14.49,12,13.35,5.51,1.178,1,1,0,0
TXN103342,11.79,14,20.96,1.65,1.653,1,0,0,0
TXN110332,14.77,14,5.86,0.59,1.207,1,0,1,0
TXN109008,31.99,12,7.86,5.39,0.7,1,0,1,0
TXN113458,6.28,14,0.25,13.08,1.198,0,1,1,0
TXN112651,8.15,9,3.09,14.96,1.946,0,1,0,0
TXN104951,58.29,9,5.61,8.15,1.614,1,1,1,0
TXN102917,43.12,12,2.35,2.94,0.314,1,1,0,0
TXN100142,33.67,11,2.1,5.23,0.993,1,0,0,0
TXN110216,7.85,16,2.03,0.06,0.443,1,1,0,0
TXN105569,18.87,5,10.21,10.24,1.351,1,1,0,0
TXN102210,22.73,19,16.59,4.04,0.808,1,1,0,0
TXN100333,51.68,6,11.62,3.95,1.882,1,1,0,0
TXN109053,56.52,9,0.75,7.25,0.048,0,1,0,0
TXN106787,52.49,8,9.41,1.59,2.42,1,1,0,0
TXN112904,28.24,23,3.28,0.36,0.345,1,1,1,0
TXN105497,41.06,12,4.42,10.04,0.998,1,1,1,0
TXN107571,17.9,15,4.46,4.12,0.706,0,1,0,0
TXN111902,52.12,6,1.75,1.65,1.054,1,1,0,0
TXN107594,149.26,6,7.05,1.01,1.537,0,0,0,0
TXN105514,43.69,4,14.06,10.84,1.717,0,1,1,0
TXN103354,64.37,19,10.24,9.5,1.165,1,1,0,0
TXN108762,24.13,15,0.83,1.33,0.92,1,1,0,0
TXN106854,21.11,8,0.53,5.51,0.758,1,1,0,0
TXN107932,23.78,8,3.14,6.18,1.214,1,1,0,0
TXN107132,7.49,12,12.72,15.3,1.188,0,0,0,0
TXN113219,15.55,21,9.66,2.61,0.647,0,1,0,0
TXN112615,52.67,21,1.49,3.04,0.685,1,1,0,0
TXN101814,243.58,22,4.35,0.29,1.243,0,1,0,0
TXN101180,51.56,23,0.2,4.99,0.679,1,0,0,0
TXN110819,22.53,2,4.4,2.15,1.124,1,0,0,0
TXN101401,10.14,23,3.16,0.3,0.905,1,0,0,0
TXN113677,35.78,15,5.68,19.7,0.752,1,1,1,0
TXN101578,94.39,17,14.77,1.76,1.612,1,1,0,0
TXN102905,50.63,5,15.64,3.97,1.721,1,0,0,0
TXN103581,22.67,16,24.17,5.81,0.679,1,1,0,0
TXN109117,72.13,23,2.91,1.48,0.982,1,0,0,0
TXN107145,68.67,13,3.92,1.24,1.091,1,1,0,0
TXN100951,13.71,11,7.25,7.75,2.026,1,1,0,0
TXN102035,17.07,6,14.15,0.48,0.515,0,1,0,0
TXN107878,13.14,10,24.45,4.15,2.578,0,0,0,0
TXN111835,51.72,9,4.65,6.95,1.715,1,1,0,0
TXN106465,33.24,9,8.45,2.28,1.084,1,0,0,0
TXN100787,15.52,14,4.71,1.31,0.676,1,1,0,0
TXN104950,23.14,8,4.19,13.77,1.207,1,1,1,0
TXN113404,107.65,13,24.18,1.73,1.164,1,0,0,0
TXN104649,34.29,13,8.79,6.13,0.602,1,1,0,0
TXN103499,113.16,10,1.9,5.96,1.01,1,0,0,0
TXN104818,51.82,15,6.15,8.26,1.035,1,1,0,0
TXN114195,121.06,21,1.05,9.58,0.056,1,1,0,0
TXN105928,99.87,15,7.16,3.39,1.522,1,0,0,0
TXN108472,70.16,15,2.33,11.54,1.695,1,1,0,0
TXN107025,35.29,7,5.78,1.02,1.06,1,1,0,0
TXN110887,15.89,12,10.31,8.94,0.37,1,1,0,0
TXN111356,119.29,15,17.98,3.71,0.445,1,0,1,0
TXN105126,6.85,12,3.05,3.86,1.107,1,1,0,0
TXN110425,38.03,22,17.76,3.73,1.093,1,1,1,0
TXN101318,148.75,9,15.0,3.92,1.685,1,0,0,0
TXN103154,204.82,13,0.04,7.36,0.695,1,0,1,0
TXN108248,13.29,13,5.38,7.59,0.942,0,1,0,0
TXN111391,94.5,17,3.84,4.23,1.736,1,0,0,0
TXN109036,31.89,16,2.88,13.91,1.509,1,0,1,0
TXN110522,286.01,12,2.22,11.77,0.122,1,0,0,0
TXN100189,111.1,10,2.36,3.51,1.188,1,0,0,0
TXN113059,22.26,19,1.52,1.66,1.403,1,0,0,0
TXN109545,45.45,21,7.74,10.29,0.863,1,1,0,0
TXN102283,28.89,17,6.8,2.66,0.486,1,0,0,0
TXN104140,24.39,18,11.59,5.49,1.374,1,1,1,0
TXN103612,67.81,12,0.91,5.28,2.036,0,1,0,0
TXN101286,59.34,20,1.13,13.3,1.313,1,0,0,0
TXN100338,50.52,17,18.63,11.51,0.695,0,1,0,0
TXN107134,32.1,3,15.94,15.92,0.648,0,1,0,0
TXN101428,61.15,13,3.97,16.43,0.415,1,1,1,0
TXN101525,20.88,10,23.28,2.57,0.436,0,1,0,0
TXN106204,44.02,16,14.97,5.95,0.925,1,1,0,0
TXN100315,60.14,14,1.18,1.05,0.373,1,1,0,0
TXN114828,27.43,9,5.1,19.04,2.89,1,0,0,1
TXN107469,80.44,16,17.61,3.29,0.578,1,1,1,0
TXN112495,10.05,20,11.4,6.6,0.74,0,0,1,0
TXN101442,12.22,11,11.68,10.49,2.613,0,0,0,0
TXN112656,9.48,4,9.9,11.49,0.615,1,1,1,0
TXN107210,29.1,9,4.35,6.88,1.263,1,0,1,0
TXN110833,22.85,5,13.15,5.11,1.287,0,1,1,0
TXN102704,90.37,9,3.96,4.58,1.627,1,1,1,0
TXN109226,123.2,15,0.24,7.01,0.856,0,0,0,0
TXN107697,20.39,10,3.25,4.23,0.402,1,1,0,0
TXN114160,140.83,17,3.89,7.35,1.414,1,1,0,0
TXN103608,15.55,19,11.69,10.66,0.344,0,1,0,0
TXN100431,246.99,18,24.18,16.91,0.744,1,0,1,0
TXN105001,33.35,2,20.17,7.55,1.335,1,1,1,0
TXN102844,76.55,15,9.21,3.3,1.404,1,1,0,0
TXN102722,21.82,17,3.07,0.87,0.638,1,1,0,0
TXN112466,27.72,13,7.36,3.55,0.164,0,1,0,0
TXN113294,44.15,18,2.3,11.57,1.147,0,1,0,0
TXN110775,89.68,5,9.06,7.91,0.456,0,1,1,0
TXN112896,63.83,18,4.23,15.71,1.375,1,0,0,0
TXN107657,11.7,18,10.74,12.16,0.176,1,1,0,0
TXN108193,187.28,9,5.05,6.3,0.348,0,0,1,0
TXN102383,39.17,20,3.39,9.42,1.992,1,1,1,0
TXN103185,81.73,20,11.24,2.63,1.762,1,1,1,0
TXN104163,20.63,17,29.46,7.68,0.827,1,1,0,0
TXN109832,17.77,10,7.25,1.03,1.506,1,1,0,0
TXN105368,54.55,14,14.79,1.97,0.539,1,1,0,0
TXN109614,26.22,10,14.25,3.43,0.924,0,0,1,0
TXN107340,54.45,2,14.16,5.85,1.599,0,0,0,0
TXN108840,40.95,15,31.97,12.03,0.31,0,1,0,0
TXN110799,32.54,6,6.94,2.57,1.273,1,0,0,0
TXN113290,70.84,11,8.36,2.66,1.477,1,1,1,0
TXN101566,36.98,7,14.97,12.61,2.07,1,0,0,0
TXN112475,17.37,15,2.53,0.22,1.358,1,1,0,0
TXN103927,42.27,21,12.1,8.81,0.43,1,1,1,0
TXN105210,16.32,2,8.55,10.19,0.934,1,1,0,0
TXN101310,79.6,13,2.5,2.32,0.614,1,0,0,0
TXN102528,76.99,9,2.51,11.33,1.448,1,1,1,0
TXN109804,63.34,21,2.58,0.07,1.147,1,0,1,0
TXN113062,58.82,12,0.43,3.09,2.106,1,0,1,0
TXN112251,31.38,11,4.26,1.51,0.195,1,1,1,0
TXN111039,10.95,7,10.46,6.01,1.033,1,0,0,0
TXN114066,78.15,18,8.76,9.4,1.275,0,1,0,0
TXN103672,17.5,20,1.42,0.86,1.322,1,1,0,0
TXN110995,23.74,18,9.51,11.65,0.653,1,1,0,0
TXN109908,15.49,17,4.11,10.6,0.327,0,1,0,0
TXN113522,10.09,19,17.6,11.23,0.326,1,0,1,0
TXN113899,1202.87,14,6.22,14.41,1.734,1,1,0,0
TXN105345,50.04,10,6.97,4.88,0.705,1,0,0,0
TXN102662,67.0,10,18.51,13.2,0.94,1,1,1,0
TXN110954,252.33,7,23.36,8.0,1.102,1,0,1,0
TXN100352,24.95,19,2.52,0.02,1.38,1,0,1,0
TXN112852,8.03,21,15.93,2.7,0.815,1,1,1,0
TXN112674,137.16,13,4.18,0.23,1.526,0,1,1,0
TXN102234,71.44,16,14.26,2.65,0.837,0,0,1,0
TXN113602,188.91,6,8.93,4.75,0.069,1,0,0,0
TXN111847,59.54,5,10.29,22.23,1.423,1,1,0,0
TXN104040,51.71,15,4.34,3.2,1.31,1,1,1,0
TXN106123,26.71,20,19.04,13.76,0.725,1,1,1,0
TXN105609,5.7,12,3.87,16.36,0.89,1,1,0,0
TXN103324,32.98,3,27.51,11.84,0.658,0,0,0,0
TXN102309,48.28,16,17.68,3.98,1.544,0,1,1,0
TXN103727,35.38,15,5.15,1.53,0.329,1,1,0,0
TXN107048,130.28,13,15.33,6.16,1.043,1,0,0,0
TXN100385,10.95,12,3.75,3.7,1.434,1,1,0,0
TXN102300,28.63,15,12.06,5.25,1.121,1,0,0,0
TXN113978,6.58,16,7.54,5.38,0.433,1,1,0,0
TXN105754,5.26,9,1.03,2.48,1.995,1,1,1,0
TXN112966,25.23,17,17.82,1.21,0.241,0,1,1,0
TXN100074,60.56,8,2.75,11.82,0.526,1,1,1,0
TXN112886,99.9,16,4.36,4.21,0.886,1,0,1,0
TXN108508,120.89,3,8.6,9.89,0.516,0,1,1,0
TXN105033,242.84,7,5.13,10.64,1.228,1,0,0,0
TXN101468,149.54,11,10.99,5.69,1.32,1,0,1,0
TXN101454,100.81,20,10.65,6.05,0.955,0,1,1,0
TXN109339,1.41,12,13.34,11.63,0.481,1,0,0,0
TXN103087,168.28,14,0.21,5.04,1.355,1,1,1,0
TXN104021,63.72,19,4.67,2.38,2.587,1,0,1,0
TXN101306,171.66,16,3.96,8.16,1.4,1,0,0,0
TXN103810,51.96,11,0.04,6.74,0.439,1,1,0,0
TXN112128,83.1,19,16.42,1.37,0.748,1,1,1,0
TXN108615,57.53,14,2.1,17.05,0.324,1,1,0,0
TXN110563,118.6,9,8.16,2.67,1.986,1,1,0,0
TXN111781,13.19,15,6.17,10.45,1.471,1,0,0,0
TXN114049,357.73,14,12.23,5.31,1.379,1,1,0,0
TXN107260,27.48,2,17.87,8.57,0.647,1,0,0,0
TXN101472,56.69,5,13.07,6.65,0.838,0,1,1,0
TXN105174,85.86,7,11.72,9.53,0.064,0,0,1,0
TXN107353,22.96,18,6.01,4.06,0.434,1,1,1,0
TXN102432,16.77,15,2.76,3.17,0.534,1,0,1,0
TXN102791,114.2,14,15.95,5.82,1.155,0,0,0,0
TXN108478,32.23,16,9.04,0.23,1.306,1,1,0,0
TXN113243,5.85,9,4.89,8.23,1.267,1,1,1,0
TXN112440,89.68,10,15.99,7.2,1.044,1,1,0,0
TXN111029,11.18,14,3.9,6.17,0.921,1,1,0,0
TXN109208,3.35,8,1.07,1.72,1.28,1,1,0,0
TXN104857,62.04,14,10.62,5.98,0.278,1,1,0,0
TXN104573,19.54,21,4.06,10.63,1.517,1,1,0,0
TXN100984,30.21,23,8.21,7.05,1.191,1,1,1,0
TXN112051,13.12,18,21.63,2.24,0.88,1,1,1,0
TXN100262,69.43,16,6.64,3.04,1.502,1,1,0,0
TXN107225,114.29,10,2.27,2.38,0.97,1,1,0,0
TXN100429,53.57,9,26.8,7.27,1.004,1,1,1,0
TXN106110,252.05,5,3.46,0.31,1.521,1,0,0,0
TXN114945,51.53,5,29.15,28.91,2.354,0,0,1,1
TXN101792,25.32,4,16.25,14.94,0.744,0,0,1,0
TXN104115,34.37,2,13.52,14.01,0.982,1,1,1,0
TXN114803,31.32,1,15.87,13.62,2.435,0,0,0,1
TXN102706,20.12,4,15.55,9.01,0.633,0,1,0,0
TXN106692,19.99,10,4.78,4.38,1.285,0,1,0,0
TXN100806,7.81,10,0.49,2.57,1.175,0,1,0,0
TXN105605,38.81,17,17.82,5.97,1.754,1,1,0,0
TXN110963,409.83,1,16.59,8.8,1.347,1,0,0,0
TXN111161,2.88,18,1.87,16.83,0.843,0,1,0,0
TXN111666,19.72,22,12.46,5.57,1.197,1,1,0,0
TXN110227,18.79,11,8.94,0.98,1.106,1,1,0,0
TXN100342,255.7,8,6.98,2.12,1.048,0,1,1,0
TXN104449,85.97,5,13.71,12.07,1.024,1,0,1,0
TXN103974,56.06,1,3.59,1.79,1.347,1,0,0,0
TXN110917,17.86,16,8.0,3.65,0.979,1,1,0,0
TXN112303,51.83,2,0.45,8.01,1.289,1,0,0,0
TXN113214,29.63,19,4.99,18.33,1.653,1,0,0,0
TXN110079,9.7,19,25.7,8.91,1.209,1,1,1,0
TXN109034,25.61,3,22.68,1.25,1.035,1,1,0,0
TXN104905,51.62,16,11.28,8.89,1.245,1,1,1,0
TXN104433,128.43,19,7.08,3.57,1.047,1,1,0,0
TXN108243,32.75,10,10.43,7.95,1.494,1,0,0,0
TXN111611,40.0,4,0.55,1.3,0.997,1,1,0,0
TXN109943,18.31,14,12.01,17.35,1.44,0,0,1,0
TXN103132,13.95,11,9.38,15.83,1.684,0,1,0,0
TXN112159,35.57,11,7.77,1.77,0.117,1,1,0,0
TXN106937,56.67,22,9.53,3.28,1.207,1,1,0,0
TXN103642,134.36,6,5.94,12.25,1.027,0,1,0,0
TXN106538,28.55,14,5.88,2.14,0.753,0,1,1,0
TXN107177,155.09,23,1.86,11.51,1.265,0,0,1,0
TXN109023,53.17,10,3.79,14.65,1.997,1,0,0,0
TXN106591,109.97,13,16.69,8.32,1.635,1,1,1,0
TXN109515,7.97,9,9.03,7.41,1.261,1,0,0,0
TXN108752,85.05,15,13.84,5.84,0.404,1,1,0,0
TXN101855,21.31,16,20.31,4.34,1.244,1,1,1,0
TXN106186,37.12,13,14.93,8.8,0.775,1,0,0,0
TXN104388,184.02,15,17.41,2.91,1.76,0,0,1,0
TXN111627,16.74,7,6.69,7.02,0.719,1,1,0,0
TXN101758,132.9,15,7.84,4.53,0.998,1,0,0,0
TXN101383,36.1,23,2.63,12.11,0.145,0,1,1,0
TXN103424,68.67,10,23.65,1.47,0.456,1,1,0,0
TXN106127,11.6,12,5.34,8.5,0.968,1,0,0,0
TXN108518,21.02,13,18.92,13.15,0.565,0,1,0,0
TXN112718,4.57,13,8.84,0.99,1.393,1,1,0,0
TXN108267,9.56,22,8.73,18.1,0.22,1,1,0,0
TXN100638,36.07,11,12.17,7.61,1.785,1,0,0,0
TXN113567,39.74,14,7.54,6.6,0.911,0,1,0,0
TXN106191,12.71,22,20.64,4.95,0.262,0,1,0,0
TXN112443,5.2,17,14.57,8.61,1.07,0,0,1,0
TXN111416,143.15,7,13.31,2.67,1.059,0,0,1,0
TXN108136,46.56,10,6.6,10.92,1.486,1,1,1,0
TXN110592,40.53,20,19.91,9.33,1.216,1,1,0,0
TXN114436,41.98,18,7.5,10.24,1.495,1,1,0,0
TXN111166,222.04,20,29.12,6.77,0.614,1,1,0,0
TXN103419,82.16,12,9.92,1.49,1.431,1,0,0,0
TXN108005,150.03,7,7.9,10.94,0.503,0,1,0,0
TXN108886,9.38,5,15.55,20.51,0.271,1,0,0,0
TXN100813,10.83,14,0.35,4.0,0.321,1,1,0,0
TXN103545,18.48,0,18.35,3.82,1.006,1,1,0,0
TXN103841,61.42,21,2.04,13.13,0.285,1,1,1,0
TXN110359,77.67,16,2.38,12.63,1.686,1,1,0,0
TXN105919,121.69,12,7.53,4.73,1.127,0,1,0,0
TXN113521,20.1,16,14.54,6.17,0.935,0,0,0,0
TXN104254,9.15,15,6.48,1.88,1.262,1,1,0,0
TXN100746,35.95,18,10.08,3.18,0.818,1,0,0,0
TXN112477,47.81,18,19.35,0.15,1.889,1,0,0,0
TXN103035,31.8,2,16.41,9.53,1.052,1,0,1,0
TXN113479,259.25,11,22.13,3.74,1.761,1,0,0,0
TXN100956,27.37,21,0.98,1.02,0.66,0,1,0,0
TXN105662,41.47,3,23.81,13.25,0.708,1,0,0,0
TXN114454,20.38,2,7.74,14.57,0.907,0,1,0,0
TXN108239,37.67,21,13.42,1.63,1.772,1,1,0,0
TXN109417,82.16,11,1.1,3.31,1.38,1,0,0,0
TXN102006,8.36,17,1.46,5.15,0.942,1,1,0,0
TXN108050,42.95,8,6.58,8.73,0.315,0,1,0,0
TXN107986,12.24,15,15.99,14.45,0.763,1,1,0,0
TXN113792,101.49,13,4.61,1.9,1.267,0,1,0,0
TXN112154,30.04,17,3.23,12.52,0.55,1,1,1,0
TXN104160,47.43,10,6.61,1.22,1.225,1,0,0,0
TXN106993,51.94,22,8.07,5.29,0.022,1,1,0,0
TXN107346,32.15,5,9.51,1.15,2.235,1,0,0,0
TXN105897,98.89,17,9.75,3.31,0.737,0,1,1,0
TXN100986,50.27,11,1.92,10.15,0.813,0,1,0,0
TXN106884,23.57,10,18.58,5.61,1.05,1,1,1,0
TXN108715,27.45,14,2.73,9.52,1.709,1,1,0,0
TXN113242,18.54,0,2.21,1.04,1.44,1,1,1,0
TXN108653,29.76,20,5.6,4.78,0.949,0,1,0,0
TXN103509,33.53,18,14.82,0.76,1.71,0,0,1,0
TXN111856,55.66,5,26.06,7.42,1.301,1,0,0,0
TXN109406,48.84,16,1.53,18.67,1.028,0,1,0,0
TXN107506,5.64,9,5.27,2.17,0.619,1,0,0,0
TXN109610,29.67,21,14.85,0.49,0.223,1,0,0,0
TXN113931,8.53,13,11.3,12.67,0.954,1,1,0,0
TXN113174,20.02,17,8.28,10.81,0.667,1,0,0,0
TXN104030,48.25,4,0.67,7.26,1.649,1,1,0,0
TXN113127,34.08,18,1.13,1.51,0.748,0,0,0,0
TXN113526,30.23,15,14.59,7.87,0.967,1,1,1,0
TXN112597,8.0,15,2.97,10.62,2.822,1,1,0,0
TXN104683,24.81,16,1.55,3.02,0.696,1,0,0,0
TXN108255,57.95,10,18.37,6.04,1.921,1,1,1,0
TXN110536,65.45,10,21.01,3.46,0.84,1,1,0,0
TXN104015,9.78,5,4.82,0.77,0.587,1,0,0,0
TXN111338,116.76,7,5.94,3.26,1.186,0,1,0,0
TXN106498,11.96,13,1.78,6.84,1.097,0,0,1,0
TXN105217,163.71,12,20.59,15.71,1.443,1,0,1,0
TXN108869,67.47,13,9.76,3.12,0.342,1,1,0,0
TXN113309,61.53,22,0.78,1.87,2.027,0,1,0,0
TXN113231,6.54,11,12.92,1.49,1.412,1,0,1,0
TXN102542,28.6,20,6.37,4.25,0.845,1,1,0,0
TXN106594,24.42,14,9.31,13.34,0.866,1,1,0,0
TXN111406,25.3,11,6.99,4.77,0.287,0,0,1,0
TXN100442,34.38,11,23.2,21.2,1.555,0,1,1,0
TXN101554,111.26,9,3.57,4.11,0.564,1,1,0,0
TXN110212,25.91,19,13.62,14.94,1.031,1,1,0,0
TXN110403,41.91,21,2.83,3.7,1.496,1,1,1,0
TXN111802,89.19,12,15.75,10.49,0.218,0,0,1,0
TXN114016,152.15,16,7.35,5.07,0.871,1,1,0,0
TXN107914,17.2,11,0.51,3.31,1.475,1,0,0,0
TXN111688,66.21,17,3.4,2.04,2.112,0,0,0,0
TXN107183,27.93,4,12.8,4.92,1.933,0,1,1,0
TXN105856,21.99,13,2.22,11.82,1.284,0,1,0,0
TXN109411,18.5,17,1.03,18.53,1.254,1,0,0,0
TXN106795,16.76,12,30.29,0.96,1.307,1,0,1,0
TXN113359,30.61,11,9.42,12.92,0.126,1,1,0,0
TXN109039,30.06,18,16.66,0.8,0.835,1,1,1,0
TXN112420,22.47,17,14.71,0.52,1.237,0,1,0,0
TXN111811,26.99,14,3.9,6.98,1.091,0,1,0,0
TXN114733,36.15,5,37.54,16.56,4.151,1,0,1,1
TXN109800,42.0,11,23.98,14.07,2.269,1,1,1,0
TXN111594,43.59,9,6.83,3.29,0.714,1,1,0,0
TXN108335,5.8,17,2.97,3.27,0.629,1,1,1,0
TXN114511,18.74,1,0.83,2.21,0.151,1,1,0,0
TXN102080,29.14,21,18.97,8.43,0.708,1,1,1,0
TXN110542,60.82,15,5.19,9.03,0.06,1,1,0,0
TXN108645,8.42,2,6.84,4.96,1.764,1,0,0,0
TXN104347,42.39,23,23.94,4.96,1.09,0,1,1,0
TXN104476,44.91,11,15.46,11.15,1.072,1,1,0,0
TXN103398,169.55,8,9.4,1.89,0.885,1,0,0,0
TXN113089,14.83,22,14.6,13.39,1.522,1,1,1,0
TXN106458,14.15,17,3.18,0.29,0.059,0,1,0,0
TXN108227,147.9,13,8.32,0.65,2.259,0,1,0,0
TXN106503,40.04,9,20.95,11.4,1.001,0,1,0,0
TXN107680,39.38,15,2.04,7.06,0.933,1,1,0,0
TXN112542,52.5,10,15.81,4.1,0.705,1,1,0,0
TXN111918,136.89,3,12.25,0.09,0.406,1,1,1,0
TXN112270,412.76,5,0.98,1.53,0.908,1,1,1,0
TXN108912,61.3,11,11.14,11.64,0.845,0,0,1,0
TXN105374,19.51,13,0.05,0.07,1.048,0,0,1,0
TXN109111,114.55,8,11.29,1.3,1.289,0,0,0,0
TXN106756,73.22,15,7.4,6.64,1.103,1,1,0,0
TXN101017,84.91,14,3.14,4.8,1.68,1,1,0,0
TXN110370,20.59,12,26.76,5.61,1.224,1,1,0,0
TXN107781,17.33,9,10.02,11.74,1.099,1,1,0,0
TXN103738,42.37,14,6.97,3.48,0.333,1,1,0,0
TXN111993,160.7,15,21.34,5.67,0.11,1,0,0,0
TXN106831,68.91,3,10.72,1.61,1.161,1,1,1,0
TXN100007,20.16,5,28.49,6.64,0.86,0,1,0,0
TXN113885,150.1,18,22.94,4.37,0.922,1,1,1,0
TXN101877,6.36,19,9.25,6.24,1.054,1,1,0,0
TXN102164,21.14,6,0.22,3.26,2.24,1,1,1,0
TXN114729,256.52,0,19.83,13.42,3.138,1,1,0,1
TXN113266,39.71,11,10.41,2.91,0.551,1,1,0,0
TXN109762,4.9,13,2.49,9.56,1.41,1,0,1,0
TXN113550,16.15,15,4.82,9.78,1.567,1,0,0,0
TXN102126,66.42,13,11.45,21.24,0.902,0,1,0,0
TXN105859,138.85,11,0.06,4.95,0.174,1,1,0,0
TXN105484,6.03,12,4.73,6.1,1.504,0,1,1,0
TXN113428,90.21,1,16.49,12.96,1.85,1,0,0,0
TXN106467,52.15,18,15.76,0.2,0.941,1,0,0,0
TXN105778,122.32,5,1.04,1.21,0.362,1,0,0,0
TXN105559,45.39,14,14.32,5.83,1.047,1,1,1,0
TXN108740,43.65,10,4.47,12.3,1.724,1,1,0,0
TXN105020,40.63,10,9.31,17.5,0.485,0,1,1,0
TXN102221,60.22,13,10.29,5.77,0.945,1,1,0,0
TXN100547,11.06,16,2.05,3.28,1.002,0,1,1,0
TXN106879,21.83,9,4.53,4.92,1.712,1,1,0,0
TXN111822,50.8,12,14.51,21.45,0.119,1,1,1,0
TXN105858,27.47,21,16.02,8.78,0.777,1,1,0,0
TXN108851,201.34,15,8.67,2.08,1.143,0,1,1,0
TXN107582,35.37,16,10.05,5.41,0.53,1,0,0,0
TXN109881,86.06,3,4.83,0.7,1.052,1,0,0,0
TXN111046,9.82,8,10.94,10.69,0.451,1,1,0,0
TXN102987,39.26,13,0.19,2.13,0.837,0,0,1,0
TXN107162,32.69,9,10.76,10.18,1.628,1,1,0,0
TXN100052,59.04,16,7.41,5.73,1.284,1,1,1,0
TXN101247,21.42,22,5.61,10.37,1.108,0,0,0,0
TXN110350,57.85,3,4.93,9.23,1.231,1,1,0,0
TXN100237,37.0,12,3.02,1.85,0.505,0,1,1,0
TXN102299,14.44,22,0.88,6.78,1.327,1,1,0,0
TXN108451,337.89,12,5.32,17.39,1.031,1,1,1,0
TXN113035,56.16,3,4.41,0.37,1.045,1,1,1,0
TXN104191,40.89,11,11.29,5.4,1.323,1,1,0,0
TXN114338,292.73,16,15.78,9.99,0.796,1,0,1,0
TXN112333,24.55,11,12.22,11.16,1.778,1,1,1,0
TXN108919,39.14,11,5.11,7.92,1.596,0,0,0,0
TXN111938,26.71,12,1.09,1.62,1.516,1,0,0,0
TXN114633,34.39,20,42.16,7.68,3.56,0,0,1,1
TXN106102,19.18,11,20.29,8.23,0.826,1,1,0,0
TXN100970,12.47,6,15.04,9.19,0.534,1,1,0,0
TXN111240,19.94,8,0.47,9.67,0.845,1,1,1,0
TXN104993,60.8,3,1.6,5.72,1.085,0,1,0,0
TXN103835,138.75,7,5.01,12.21,1.686,0,0,0,0
TXN100952,131.4,20,3.05,7.16,1.143,1,1,0,0
TXN100817,26.84,15,24.93,6.23,1.715,1,1,1,0
TXN112036,4.34,7,5.25,1.64,0.004,1,0,0,0
TXN100190,76.03,19,12.34,3.14,1.465,1,1,0,0
TXN110723,42.04,7,2.12,8.84,2.08,1,1,0,0
TXN101751,198.95,5,3.96,2.63,2.181,1,0,0,0
TXN101018,26.9,20,12.12,4.77,1.282,0,1,1,0
TXN110454,9.88,15,13.46,6.84,0.737,1,1,0,0
TXN106350,7.09,16,14.54,1.5,1.551,1,1,0,0
TXN105800,110.02,1,15.72,7.93,0.314,0,1,1,0
TXN107423,38.63,20,19.38,14.37,1.562,1,0,0,0
TXN111989,62.44,3,22.78,6.27,0.859,1,1,0,0
TXN106841,155.71,12,10.18,11.94,0.191,0,1,1,0
TXN113975,169.44,6,10.65,1.7,1.512,1,1,1,0
TXN103505,28.05,12,20.94,10.43,1.155,1,1,0,0
TXN104858,78.56,12,2.65,0.1,0.742,1,0,1,0
TXN100502,14.07,1,20.36,15.32,1.059,1,1,0,0
TXN107538,19.77,12,14.53,7.94,0.974,1,1,1,0
TXN106512,90.18,18,6.99,13.95,0.143,0,0,0,0
TXN100681,68.17,17,5.39,3.09,0.605,1,0,1,0
TXN112873,14.97,11,7.34,12.49,2.627,1,0,0,0
TXN114678,435.83,6,55.59,7.96,1.643,0,1,1,1
TXN111816,22.94,13,24.95,21.29,1.341,1,0,0,0
TXN111855,36.08,17,15.39,3.27,0.424,0,0,1,0
TXN107794,5.65,17,17.63,7.82,2.433,0,1,1,0
TXN102953,8.64,9,8.67,10.13,1.654,1,0,0,0
TXN114299,21.01,13,3.26,4.45,1.657,1,1,1,0
TXN113753,19.36,8,17.47,9.63,0.861,1,1,0,0
TXN112056,59.17,12,2.18,9.31,0.755,0,1,0,0
TXN104519,100.92,19,5.28,2.36,2.663,1,0,0,0
TXN109637,10.55,13,18.28,5.14,1.289,1,1,1,0
TXN110761,11.68,11,5.16,16.33,0.855,1,1,0,0
TXN104145,115.32,1,2.69,0.98,1.266,1,1,1,0
TXN106300,61.58,21,8.8,4.43,0.562,1,1,0,0
TXN101484,38.01,23,22.11,13.59,1.001,0,1,0,0
TXN100127,19.22,14,10.51,8.92,1.662,1,1,0,0
TXN109458,22.65,17,12.51,2.86,0.699,1,1,0,0
TXN105129,40.47,17,5.72,2.71,1.756,1,1,0,0
TXN106440,17.9,23,18.28,2.68,1.964,1,1,0,0
TXN110340,49.73,7,11.24,3.14,1.326,1,1,0,0
TXN106101,58.51,1,9.21,13.71,0.862,0,1,0,0
TXN103187,12.62,6,12.31,4.58,0.687,1,0,0,0
TXN103880,16.36,3,3.65,9.33,1.624,1,1,1,0
TXN106612,207.58,7,1.53,17.15,0.707,0,1,0,0
TXN110928,18.9,7,8.28,2.62,1.831,0,1,0,0
TXN102327,20.88,9,2.46,0.79,0.947,0,1,0,0
TXN101870,15.75,6,13.02,1.61,1.856,0,1,0,0
TXN108102,9.94,4,13.27,2.65,0.525,0,0,1,0
TXN112827,68.96,17,14.52,7.03,0.334,1,1,1,0
TXN101284,18.63,12,8.03,7.46,0.677,0,1,1,0
TXN102551,150.29,5,14.32,9.6,0.456,0,1,0,0
TXN110414,13.43,16,13.43,10.33,0.616,1,1,0,0
TXN105041,51.68,10,26.54,2.72,1.008,1,0,0,0
TXN103586,170.88,17,0.97,0.94,1.547,1,1,0,0
TXN103554,209.19,10,0.69,6.5,1.6,1,1,0,0
TXN112862,3.93,15,2.74,0.26,1.071,0,1,0,0
TXN111538,13.3,18,2.61,6.92,2.13,1,1,1,0
TXN104214,58.07,11,0.4,12.4,1.381,0,1,0,0
TXN111708,81.4,22,0.51,14.56,1.82,1,0,0,0
TXN108978,49.61,9,14.33,8.7,0.87,1,1,1,0
TXN107555,14.6,17,1.01,15.95,0.622,1,1,0,0
TXN107915,56.35,12,2.35,4.42,0.551,0,0,0,0
TXN109418,28.04,16,2.33,0.9,1.185,1,1,0,0
TXN110768,23.28,5,4.12,14.61,0.347,1,0,0,0
TXN106234,62.96,10,5.67,3.15,0.504,1,1,0,0
TXN100109,11.56,11,3.52,6.41,1.227,0,1,0,0
TXN114280,66.14,19,3.07,6.62,0.121,1,1,0,0
TXN113071,11.9,11,10.83,17.8,1.101,0,1,0,0
TXN106333,8.68,17,10.55,2.73,1.496,1,1,0,0
TXN106545,24.29,22,17.19,3.34,1.513,1,1,1,0
TXN110398,126.52,8,8.48,10.65,1.591,1,0,0,0
TXN108133,44.88,17,16.39,6.98,0.61,1,1,0,0
TXN106589,28.97,8,11.15,15.35,1.362,1,1,0,0
TXN100556,9.04,8,26.82,3.51,0.665,1,1,0,0
TXN110811,40.21,13,9.99,3.48,1.087,0,0,0,0
TXN114621,13.42,1,11.66,14.4,1.56,0,0,0,0
TXN109310,58.98,14,5.66,2.55,1.24,0,1,0,0
TXN101101,139.62,15,7.4,8.27,1.774,0,1,0,0
TXN112502,80.68,13,16.12,3.27,0.949,0,0,1,0
TXN104874,25.74,23,3.25,11.37,1.087,0,1,0,0
TXN105646,46.16,12,3.19,4.69,2.168,1,0,1,0
TXN102240,62.77,13,2.14,11.31,1.347,0,1,0,0
TXN108501,18.75,15,16.89,6.2,0.957,1,1,1,0
TXN107694,61.34,8,25.35,2.09,0.413,1,0,0,0
TXN107498,29.31,19,18.47,3.86,0.89,0,1,0,0
TXN109352,15.25,12,14.48,6.73,0.958,1,0,1,0
TXN114364,17.72,8,10.08,15.37,0.49,0,0,1,0
TXN104314,111.43,0,8.32,9.63,0.244,1,0,1,0
TXN103708,81.44,5,7.95,8.89,0.299,1,0,0,0
TXN112716,12.63,9,0.39,0.48,0.152,1,1,0,0
TXN114482,42.15,10,23.62,11.05,0.559,0,1,0,0
TXN100712,19.8,16,14.51,4.05,0.133,1,0,0,0
TXN104527,132.96,18,8.37,6.16,1.709,1,1,0,0
TXN112624,2.44,16,1.55,1.1,1.109,0,1,0,0
TXN112112,104.54,22,11.72,0.96,1.175,1,1,0,0
TXN104104,8.3,21,11.74,0.56,0.607,1,1,0,0
TXN114395,17.52,22,25.91,3.11,0.964,1,1,0,0
TXN101220,21.26,15,8.88,2.16,1.228,1,0,0,0
TXN103353,18.22,14,8.18,0.77,1.569,1,1,1,0
TXN108764,11.75,11,0.23,11.96,0.918,1,1,0,0
TXN112883,20.9,16,3.75,7.71,2.373,1,1,1,0
TXN112219,32.47,17,13.92,12.78,0.842,1,0,0,0
TXN114101,116.91,23,26.9,16.79,1.234,1,1,0,0
TXN109663,161.74,8,13.8,7.56,1.065,0,1,1,0
TXN108556,14.96,18,17.69,1.38,1.53,0,1,1,0
TXN114223,14.26,20,14.9,2.4,1.517,1,1,1,0
TXN114247,23.74,10,3.27,0.19,1.42,1,1,1,0
TXN108708,183.23,10,10.46,1.84,0.845,1,0,0,0
TXN109779,8.71,19,4.65,0.91,0.345,1,0,0,0
TXN114056,25.96,16,4.94,2.08,0.482,1,0,0,0
TXN102015,88.49,12,3.23,14.07,2.036,1,0,0,0
TXN102806,12.48,2,3.77,0.78,1.226,1,1,0,0
TXN106416,27.81,14,0.03,0.61,0.919,0,1,0,0
TXN114246,126.73,21,20.81,10.86,1.078,1,1,0,0
TXN109854,16.28,10,9.85,13.42,0.665,1,1,0,0
TXN107906,22.06,9,6.36,2.3,0.368,1,1,0,0
TXN102187,17.87,11,3.61,17.55,1.753,1,1,0,0
TXN106913,29.33,20,0.32,12.17,0.075,1,1,1,0
TXN105312,12.32,18,3.97,0.95,1.763,1,1,1,0
TXN103939,43.1,11,16.74,3.6,1.904,1,1,0,0
TXN111506,46.18,23,20.01,3.91,0.796,1,1,0,0
TXN105428,32.65,7,21.0,8.02,1.805,1,1,0,0
TXN102833,12.81,14,6.33,8.9,1.265,0,0,0,0
TXN100674,41.11,13,5.2,2.11,1.559,0,1,0,0
TXN109011,22.27,23,5.76,15.17,0.675,1,0,1,0
TXN112063,74.12,7,5.67,2.92,1.816,1,0,0,0
TXN108623,16.5,15,9.13,10.1,0.245,0,1,0,0
TXN114664,29.76,22,48.98,28.35,2.843,1,0,0,1
TXN102729,26.9,7,4.11,9.96,1.016,1,1,0,0
TXN105164,11.95,16,14.38,0.66,1.479,0,0,1,0
TXN105869,8.15,4,3.33,2.66,1.306,1,1,0,0
TXN110395,14.96,18,11.9,4.6,1.061,1,1,1,0
TXN108505,48.39,14,8.73,0.89,0.237,1,1,0,0
TXN114009,72.62,17,12.93,9.22,0.333,1,1,0,0
TXN102988,556.87,17,6.15,6.02,1.719,0,1,0,0
TXN109018,5.19,18,11.79,4.93,1.272,0,1,0,0
TXN111937,72.78,14,8.94,8.57,1.992,0,1,1,0
TXN108252,971.18,18,0.7,6.08,1.345,1,1,0,0
TXN106339,36.28,12,0.8,5.46,0.575,1,1,0,0
TXN106058,24.1,7,6.88,20.18,0.861,1,1,1,0
TXN100682,116.28,16,7.98,4.57,0.454,1,1,0,0
TXN110973,47.49,19,8.56,6.08,1.761,1,1,1,0
TXN114595,7.46,19,10.34,12.37,1.611,1,1,1,0
TXN110516,27.3,21,10.7,4.86,0.891,1,1,0,0
TXN103484,21.61,13,16.53,6.46,1.105,1,1,1,0
TXN108491,48.57,16,8.35,0.7,1.773,1,1,1,0
TXN106386,78.62,11,3.63,4.5,0.724,1,0,0,0
TXN110960,36.62,22,9.8,4.53,0.474,1,1,1,0
TXN101152,35.8,20,2.57,1.87,1.742,1,0,0,0
TXN100889,30.75,20,16.26,10.69,0.417,0,1,0,0
TXN113232,13.45,17,19.66,2.63,0.816,1,1,0,0
TXN110248,47.28,23,4.76,9.55,1.407,0,0,0,0
TXN107142,28.44,1,8.1,4.21,2.021,0,0,1,0
TXN109527,23.31,13,7.44,8.72,1.598,0,1,1,0
TXN107127,47.32,21,7.3,1.48,0.643,1,1,0,0
TXN105957,35.9,14,0.74,4.7,0.782,1,1,0,0
TXN108836,46.0,17,3.42,4.4,2.593,1,1,0,0
TXN110513,66.43,7,5.24,4.87,1.205,1,1,0,0
TXN105982,26.48,13,2.3,17.88,0.936,1,1,0,0
TXN100526,70.07,5,9.63,5.98,0.565,1,0,1,0
TXN114597,6.15,18,8.04,0.46,0.042,1,0,0,0
TXN112794,30.82,9,2.14,1.54,1.446,1,1,0,0
TXN105326,44.48,20,3.7,1.72,0.008,1,1,0,0
TXN111141,42.48,19,0.29,9.56,1.81,1,1,1,0
TXN106146,189.1,15,3.59,5.05,0.736,1,0,0,0
TXN113004,14.63,8,4.12,15.31,2.196,1,0,0,0
TXN105937,190.78,17,19.28,0.4,0.841,1,0,0,0
TXN105112,16.68,20,1.47,2.71,1.537,1,1,0,0
TXN106064,23.01,22,12.42,2.89,0.23,0,1,1,0
TXN102732,22.22,21,0.46,9.17,1.604,1,0,0,0
TXN114493,171.94,6,7.68,1.97,1.34,0,1,0,0
TXN104003,27.07,10,4.05,1.96,1.385,0,0,1,0
TXN100054,27.34,21,9.56,5.18,0.787,0,0,0,0
TXN112237,127.82,4,2.81,1.0,0.439,1,1,1,0
TXN107656,226.9,8,19.07,4.05,0.861,0,1,0,0
TXN106684,19.25,6,20.62,6.2,2.184,0,1,0,0
TXN108241,32.57,6,16.55,8.19,1.0,0,1,1,0
TXN100766,28.78,12,10.1,7.89,0.708,1,1,1,0
TXN114278,58.78,6,0.16,13.95,0.671,1,1,0,0
TXN111228,32.49,7,6.55,3.38,1.171,1,1,0,0
TXN110348,11.32,21,4.06,15.67,1.651,0,1,0,0
TXN113097,64.37,16,19.46,6.72,1.321,0,1,0,0
TXN111785,11.45,16,3.02,2.25,2.216,1,1,0,0
TXN103622,20.24,18,3.43,16.46,1.103,1,0,0,0
TXN102070,73.12,20,17.66,14.04,0.006,0,0,0,0
TXN103756,308.53,6,20.65,13.19,1.177,1,1,0,0
TXN108568,18.12,23,10.67,11.84,0.286,1,1,0,0
TXN108167,109.76,6,2.7,9.49,1.383,1,1,1,0
TXN108928,78.14,18,1.89,11.83,1.278,1,0,1,0
TXN112860,90.46,6,9.1,1.37,0.048,1,1,0,0
TXN100594,134.79,22,0.69,7.11,0.506,1,1,0,0
TXN108540,18.38,6,2.94,13.1,0.74,1,1,0,0
TXN110445,5.42,12,15.96,10.75,0.735,1,1,1,0
TXN112381,58.41,8,6.85,9.42,0.516,0,1,1,0
TXN102855,9.94,6,4.87,5.8,1.313,1,1,1,0
TXN101248,35.04,19,0.67,4.27,1.317,0,1,0,0
TXN114720,265.68,6,4.46,17.58,1.91,0,0,0,1
TXN114841,109.49,11,28.51,25.55,0.307,0,0,1,1
TXN114354,343.61,8,5.52,5.01,1.413,1,1,1,0
TXN108206,103.22,4,5.56,1.67,1.545,0,1,1,0
TXN102992,34.79,19,5.12,5.16,0.776,0,1,1,0
TXN101299,17.47,1,13.5,1.49,1.096,1,0,1,0
TXN104034,56.14,7,6.04,8.52,0.964,0,1,0,0
TXN107608,31.44,14,12.21,11.87,1.765,1,1,0,0
TXN114823,250.46,7,70.05,29.69,1.361,1,0,1,1
TXN112287,42.2,9,2.41,3.25,1.716,1,1,1,0
TXN106590,18.19,15,7.65,0.03,1.0,1,0,0,0
TXN112423,10.29,11,3.62,10.24,2.314,1,0,0,0
TXN106711,7.23,7,2.01,6.04,1.284,1,1,1,0
TXN112812,9.13,15,1.04,12.22,0.96,1,0,1,0
TXN100935,280.59,12,15.91,8.39,0.78,1,0,0,0
TXN107438,10.82,17,6.19,10.92,1.176,1,1,1,0
TXN109906,45.64,21,4.27,10.04,1.452,0,0,0,0
TXN110496,128.65,16,8.86,5.32,1.867,0,1,1,0
TXN114353,38.44,14,0.17,0.15,1.24,1,1,0,0
TXN111339,35.37,17,5.38,5.76,0.739,1,0,1,0
TXN114460,6.05,4,2.78,1.96,1.987,1,0,0,0
TXN104873,31.0,15,1.12,2.37,1.88,1,0,0,0
TXN113422,287.45,11,2.95,2.83,1.329,1,1,1,0
TXN111244,236.11,18,9.68,11.31,1.773,0,0,0,0
TXN105774,39.22,21,16.38,0.14,1.425,1,0,0,0
TXN107512,37.47,2,4.12,7.32,1.639,1,0,1,0
TXN110638,97.18,12,11.66,7.9,1.159,0,0,0,0
TXN108899,26.69,11,22.2,1.31,0.715,0,0,1,0
TXN107882,84.55,13,3.53,7.3,2.133,0,1,0,0
TXN112848,23.95,18,13.61,13.42,0.521,0,1,0,0
TXN114052,76.92,19,2.36,5.73,1.351,1,1,0,0
TXN107891,147.06,11,11.56,4.13,1.264,1,0,0,0
TXN108105,12.6,21,11.34,8.89,1.93,0,0,1,0
TXN108845,45.42,22,13.04,2.28,1.531,1,1,1,0
TXN106527,29.43,10,13.38,1.09,2.035,0,1,1,0
TXN103003,572.75,17,5.42,11.8,1.085,1,0,0,0
TXN108034,11.57,9,27.93,8.02,0.972,0,0,1,0
TXN105366,68.23,4,3.12,5.34,0.506,1,1,1,0
TXN104313,12.9,12,11.84,9.12,2.109,1,1,1,0
TXN100417,5.04,8,15.24,8.43,0.913,0,1,0,0
TXN105974,49.44,7,15.58,1.12,1.675,1,1,0,0
TXN105082,42.77,1,0.43,6.11,0.749,1,1,0,0
TXN106481,7.26,19,17.38,0.15,1.329,1,1,1,0
TXN102857,44.73,6,15.33,1.41,1.487,1,1,0,0
TXN109231,13.2,3,12.44,15.88,1.583,0,1,0,0
TXN108322,130.53,19,18.07,5.03,1.687,1,1,0,0
TXN107125,152.01,10,3.58,5.53,1.728,0,1,0,0
TXN100847,30.39,17,7.91,0.46,1.809,1,1,1,0
TXN109341,10.63,16,2.19,9.39,1.791,1,0,1,0
TXN103911,11.63,18,4.96,0.23,1.389,1,0,0,0
TXN111184,7.95,20,6.83,4.0,1.99,0,1,0,0
TXN112312,20.95,5,18.02,1.36,0.715,0,0,0,0
TXN110823,16.99,2,2.65,3.26,1.282,1,1,0,0
TXN110582,20.27,16,5.36,2.11,0.325,1,1,0,0
TXN107691,98.4,12,12.26,3.11,0.825,1,1,0,0
TXN101889,36.48,14,12.62,0.22,0.543,0,0,0,0
TXN109719,8.81,9,6.11,2.95,1.269,1,1,0,0
TXN112060,36.17,13,12.73,13.39,1.782,1,0,0,0
TXN102203,23.38,11,9.42,12.33,1.685,1,1,0,0
TXN113980,31.9,14,0.02,4.77,0.583,1,1,0,0
TXN101022,37.04,8,7.87,8.63,0.594,1,1,0,0
TXN100872,8.6,0,7.5,2.66,2.585,1,0,0,0
TXN109758,34.03,23,7.98,0.39,0.677,1,1,1,0
TXN100225,15.12,12,8.07,4.38,1.35,0,1,1,0
TXN111970,59.16,12,0.71,2.56,1.566,1,0,0,0
TXN114950,101.32,8,78.25,37.76,4.329,0,0,1,1
TXN106118,34.55,14,8.35,1.92,0.727,0,0,0,0
TXN105565,103.93,22,8.11,12.57,1.176,1,1,0,0
TXN113749,24.01,13,2.25,1.32,1.858,1,1,1,0
TXN113344,66.3,2,11.69,0.39,2.184,1,1,1,0
TXN111120,36.09,4,4.74,15.45,0.912,0,1,1,0
TXN103976,80.69,19,1.53,6.04,0.588,1,1,1,0
TXN104621,17.95,14,20.31,12.75,1.72,1,0,0,0
TXN109980,208.7,15,13.53,22.61,1.288,0,1,0,0
TXN106323,65.59,15,3.69,12.13,1.631,1,1,1,0
TXN100947,14.7,13,1.65,26.95,1.172,0,1,1,0
TXN114375,51.0,11,3.6,9.29,0.266,1,1,1,0
TXN103701,22.39,13,6.39,9.31,1.364,0,1,0,0
TXN107719,46.14,8,2.62,15.31,1.194,1,0,0,0
TXN111327,17.26,17,8.67,4.4,1.054,1,0,1,0
TXN110100,18.07,14,1.52,8.88,1.32,1,0,1,0
TXN106154,17.14,16,6.35,1.2,0.853,1,1,1,0
TXN104450,47.71,0,16.33,6.64,0.109,1,1,0,0
TXN108259,70.62,6,3.86,8.56,1.414,1,1,0,0
TXN101697,10.53,18,7.01,6.46,1.836,1,0,0,0
TXN100721,177.25,15,10.78,8.22,1.197,1,1,1,0
TXN104241,51.69,9,0.59,9.14,1.425,1,1,1,0
TXN103092,146.04,15,11.04,2.44,0.761,1,1,1,0
TXN104511,14.88,19,5.45,1.31,1.677,1,1,0,0
TXN106536,130.01,15,23.42,0.65,1.047,1,1,0,0
TXN113818,156.64,10,9.17,7.54,2.249,0,1,0,0
TXN110763,100.41,23,11.47,0.67,0.903,1,1,0,0
TXN102213,30.76,20,18.04,9.29,2.061,1,1,0,0
TXN100171,63.18,18,8.28,8.33,1.945,0,0,1,0
TXN106581,28.72,17,8.16,0.29,0.565,1,1,0,0
TXN103676,109.34,11,8.79,3.46,1.866,1,1,1,0
TXN107282,62.82,22,31.55,0.93,0.341,1,0,1,0
TXN104822,234.41,15,15.45,0.03,1.301,1,1,0,0
TXN110087,26.59,11,8.75,0.24,0.53,0,1,0,0
TXN108247,38.87,21,14.92,0.95,0.518,1,0,1,0
TXN112426,29.47,16,3.82,1.34,0.987,1,0,1,0
TXN102856,72.68,13,5.63,0.81,1.746,1,1,0,0
TXN108641,44.09,14,18.04,2.92,0.842,0,1,0,0
TXN101997,40.76,12,10.83,11.86,2.622,1,1,0,0
TXN110786,70.57,20,6.8,3.0,1.131,1,1,1,0
TXN103397,2.35,16,9.84,6.76,1.465,0,1,1,0
TXN109180,53.35,13,7.21,1.46,0.792,0,1,1,0
TXN109161,15.2,13,2.88,5.13,0.416,1,0,0,0
TXN108328,57.69,9,11.18,3.4,1.723,1,1,1,0
TXN106582,72.87,10,8.52,9.1,0.245,1,1,1,0
TXN101896,15.4,7,2.3,2.22,0.784,1,1,0,0
TXN108366,11.92,8,3.54,4.91,1.262,1,1,0,0
TXN102302,79.78,9,5.22,16.53,0.732,1,0,0,0
TXN111397,41.13,19,16.04,9.3,1.049,1,0,0,0
TXN112673,17.76,11,16.67,0.26,1.346,0,1,0,0
TXN105820,4.42,8,8.17,3.88,0.308,0,1,0,0
TXN101932,33.36,6,2.73,17.52,0.944,0,1,0,0
TXN108636,40.54,8,3.75,12.83,0.786,0,1,0,0
TXN113389,28.77,16,2.06,4.85,1.3,1,0,1,0
TXN107766,156.65,9,15.47,12.26,1.383,1,1,0,0
TXN113346,5.21,6,19.72,3.11,0.398,1,1,0,0
TXN101827,18.62,13,16.46,5.31,1.321,1,1,0,0
TXN102885,5.99,11,2.4,4.97,0.911,1,0,0,0
TXN104780,27.83,0,20.19,6.38,0.421,0,1,1,0
TXN105385,24.9,23,12.55,13.59,0.75,1,0,0,0
TXN107056,547.9,7,4.36,16.35,0.694,1,1,1,0
TXN109773,7.31,19,5.25,2.39,0.244,1,1,0,0
TXN108281,2.3,15,12.36,19.51,2.036,1,1,0,0
TXN100794,7.52,2,19.03,2.24,1.792,0,1,1,0
TXN107945,41.63,10,3.03,2.44,1.238,0,1,1,0
TXN114038,299.35,19,2.24,0.29,1.486,1,1,1,0
TXN105401,20.64,0,19.51,12.79,0.935,0,0,1,0
TXN102048,119.32,15,7.09,13.66,2.552,0,1,0,0
TXN110369,104.33,17,2.95,8.56,0.972,1,1,0,0
TXN106966,10.62,12,3.47,5.48,0.037,0,1,0,0
TXN106757,17.04,12,1.55,11.86,0.955,1,0,0,0
TXN109221,127.56,0,6.28,18.22,1.841,0,1,1,0
TXN111606,59.03,15,3.41,2.93,0.501,0,1,1,0
TXN112145,8.07,13,19.05,0.02,0.903,1,0,0,0
TXN109521,40.27,13,17.65,1.32,1.667,1,1,1,0
TXN111365,23.76,18,1.61,16.46,1.507,1,1,0,0
TXN111316,33.9,23,17.25,8.24,0.967,1,0,0,0
TXN108231,15.95,21,1.42,6.22,1.376,1,0,1,0
TXN107062,43.63,8,7.68,4.11,1.647,1,1,0,0
TXN113300,33.04,8,5.15,7.73,1.056,0,1,0,0
TXN100943,112.39,11,16.34,6.05,0.658,1,0,0,0
TXN103600,102.68,19,17.8,3.81,2.333,0,1,1,0
TXN100665,54.56,8,9.59,7.98,0.701,1,0,0,0
TXN104011,19.3,19,1.63,0.98,0.685,0,1,1,0
TXN100452,22.78,20,17.84,0.07,1.429,1,0,0,0
TXN113068,60.64,12,8.52,13.36,0.953,0,0,0,0
TXN109876,116.01,13,24.51,1.06,1.131,1,0,0,0
TXN101148,9.24,11,16.62,0.64,0.037,1,1,0,0
TXN112465,78.73,17,5.81,8.2,1.114,1,1,1,0
TXN110376,16.73,13,6.62,10.09,0.917,0,0,0,0
TXN100336,13.79,13,10.08,22.32,0.685,1,1,0,0
TXN110358,157.05,21,28.3,2.7,0.859,0,1,0,0
TXN104930,46.35,12,15.02,11.25,0.866,1,1,0,0
TXN113844,28.83,19,0.82,2.31,1.157,0,1,0,0
TXN114853,28.14,11,30.17,12.49,2.812,1,1,1,1
TXN111169,21.94,18,10.81,5.5,1.302,1,1,0,0
TXN107673,104.94,14,18.98,0.67,0.491,1,0,0,0
TXN109792,38.29,12,12.19,1.52,2.598,1,0,0,0
TXN109833,77.46,15,17.96,12.11,1.414,1,0,1,0
TXN108543,13.55,18,17.47,0.09,0.945,1,0,0,0
TXN108816,9.96,14,1.87,7.37,0.725,1,0,0,0
TXN114926,20.8,14,38.56,1.42,0.995,1,1,1,1
TXN107394,31.47,23,12.37,4.3,1.419,1,0,0,0
TXN105647,42.07,13,10.05,5.53,1.697,1,0,0,0
TXN102183,15.08,12,9.46,4.69,1.562,1,1,1,0
TXN105364,32.08,15,0.09,10.22,1.274,1,1,1,0
TXN102508,34.99,0,12.94,0.4,0.942,1,1,0,0
TXN102089,34.45,20,4.52,2.37,1.924,1,1,0,0
TXN104819,104.86,18,3.58,1.69,1.498,1,0,0,0
TXN104794,262.21,18,15.94,8.99,0.788,0,1,0,0
TXN106780,25.8,14,23.42,9.39,0.178,1,1,1,0
TXN100358,276.73,3,22.12,2.32,0.427,1,1,0,0
TXN114825,8.48,1,74.15,18.53,4.26,1,0,1,1
TXN109513,12.64,11,4.52,2.45,1.067,1,0,0,0
TXN101613,71.57,19,1.57,4.93,0.604,0,1,0,0
TXN106876,115.14,10,2.79,9.26,0.597,1,1,0,0
TXN107926,17.25,21,11.65,3.15,1.014,1,0,0,0
TXN105637,59.67,14,15.24,9.1,0.734,0,0,1,0
TXN110048,29.85,14,7.81,5.9,2.285,1,1,1,0
TXN106702,112.13,8,9.34,4.82,0.773,1,1,1,0
TXN109717,24.86,18,1.78,0.99,0.638,1,0,0,0
TXN104714,10.81,12,22.32,7.59,1.735,1,0,0,0
TXN104561,135.86,20,20.02,4.26,1.06,0,1,0,0
TXN109626,22.62,12,8.3,5.18,0.497,0,0,0,0
TXN114580,42.78,13,4.24,1.83,1.372,1,1,0,0
TXN114763,68.08,21,1.2,19.26,2.146,0,0,1,1
TXN104173,49.98,7,16.42,10.26,1.662,1,1,0,0
TXN109611,3.81,22,0.98,11.94,0.868,0,1,1,0
TXN113350,15.94,11,14.1,2.46,0.977,0,1,0,0
TXN101702,112.72,10,1.22,8.77,2.24,0,1,0,0
TXN106083,9.53,5,1.97,14.23,1.432,0,0,0,0
TXN102649,145.21,20,9.46,6.24,1.898,0,1,0,0
TXN111950,22.51,12,17.75,7.48,1.036,1,0,0,0
TXN112779,76.56,10,0.5,4.98,0.556,1,1,0,0
TXN108968,31.47,13,11.88,4.02,0.732,1,0,0,0
TXN108067,36.32,12,0.42,10.25,1.245,1,0,1,0
TXN110767,3.15,11,9.16,3.51,0.199,0,0,0,0
TXN103754,163.11,20,9.84,2.09,0.586,0,1,1,0
TXN103831,10.89,11,2.38,8.17,0.416,0,0,0,0
TXN109957,22.2,10,7.4,1.74,1.488,1,1,0,0
TXN114696,65.94,17,63.24,13.31,3.459,1,1,1,1
TXN100473,25.28,14,14.91,7.44,2.616,0,0,0,0
TXN114474,82.51,21,3.56,1.26,0.443,1,0,1,0
TXN105816,77.76,4,9.99,7.03,1.483,0,1,1,0
TXN103492,60.15,9,1.77,10.1,2.007,1,0,1,0
TXN112095,23.2,13,15.5,5.85,1.467,1,1,0,0
TXN102414,117.79,18,12.1,13.13,1.34,0,1,0,0
TXN114915,32.67,0,52.29,11.85,1.008,0,1,1,1
TXN103662,43.31,13,15.86,3.2,1.093,1,0,1,0
TXN113769,77.33,13,5.92,5.13,1.346,1,1,0,0
TXN107934,59.73,8,20.83,2.07,0.755,1,1,1,0
TXN102026,243.21,22,0.06,14.58,1.186,1,0,1,0
TXN113423,54.08,22,11.09,1.56,0.536,0,1,1,0
TXN109622,91.68,2,8.67,2.73,0.554,1,1,0,0
TXN103534,58.44,9,2.54,2.41,1.443,1,0,1,0
TXN109772,16.28,16,2.2,6.04,1.896,1,1,1,0
TXN108671,4.4,8,12.07,1.07,0.911,0,1,1,0
TXN106361,40.55,14,6.79,4.43,0.638,1,1,1,0
TXN102637,22.49,13,11.03,15.3,0.683,1,0,0,0
TXN108294,80.26,12,6.28,2.81,1.142,1,1,0,0
TXN101478,66.38,14,6.66,4.87,1.43,0,1,0,0
TXN114517,46.3,23,14.57,4.05,0.244,1,1,0,0
TXN112257,131.38,14,2.03,3.62,1.798,1,1,0,0
TXN110903,18.87,19,3.59,13.1,1.315,0,1,0,0
TXN107547,8.59,14,2.32,15.62,0.197,1,1,0,0
TXN112138,43.36,17,2.7,1.13,1.243,0,1,1,0
TXN112017,62.25,20,3.73,0.43,1.508,1,1,1,0
TXN108934,14.58,0,5.7,10.74,0.54,1,0,1,0
TXN114470,14.45,19,18.29,3.01,1.36,1,0,0,0
TXN106611,233.8,5,20.14,13.28,0.467,0,1,1,0
TXN100053,72.86,7,16.14,4.79,1.078,1,1,1,0
TXN109179,20.46,6,19.28,5.07,1.9,1,1,0,0
TXN111948,24.14,12,13.04,6.59,1.238,0,1,1,0
TXN114193,26.2,15,7.72,11.82,0.847,1,1,0,0
TXN108260,20.37,9,8.65,15.23,1.402,1,0,0,0
TXN110643,33.02,10,9.28,12.85,0.725,1,0,0,0
TXN112228,35.21,15,17.87,1.74,0.291,0,1,0,0
TXN103618,68.18,4,12.2,7.3,0.64,1,1,0,0
TXN113005,13.92,2,5.61,15.17,1.384,0,1,1,0
TXN105196,17.72,12,28.42,3.82,1.073,1,1,1,0
TXN114127,237.44,9,5.24,9.36,0.667,1,1,1,0
TXN102774,165.91,0,3.59,3.22,0.715,0,0,1,0
TXN104429,4.99,14,9.62,1.79,0.967,1,0,0,0
TXN107817,20.73,12,8.29,2.6,0.973,1,0,0,0
TXN103343,8.47,14,11.73,1.44,0.313,1,1,1,0
TXN114197,47.38,8,3.34,7.18,1.648,1,0,1,0
TXN105487,38.83,12,1.58,13.33,1.718,1,0,1,0
TXN111516,14.34,16,4.13,6.26,0.024,1,0,0,0
TXN101239,69.55,19,5.95,22.55,1.364,1,1,1,0
TXN100784,26.74,19,3.73,3.12,1.237,1,0,0,0
TXN105269,30.75,6,12.5,3.87,1.365,0,1,0,0
TXN105254,62.93,12,6.24,2.5,0.54,0,1,0,0
TXN113603,33.33,22,9.28,3.13,0.06,1,1,0,0
TXN105233,25.04,4,0.95,10.81,0.246,1,1,0,0
TXN108126,59.51,1,4.24,3.32,0.471,0,0,1,0
TXN106689,102.21,13,9.03,6.47,1.172,0,0,0,0
TXN111964,150.34,15,10.22,3.0,1.624,1,0,0,0
TXN110898,197.51,8,0.65,0.88,1.373,1,1,0,0
TXN112415,112.59,12,15.38,2.32,1.38,1,1,0,0
TXN105679,37.94,17,12.28,8.89,0.237,1,1,0,0
TXN101974,106.04,18,9.5,2.7,0.934,1,1,0,0
TXN111162,217.74,15,8.29,7.4,1.137,1,1,0,0
TXN106563,61.86,14,8.04,0.7,0.596,0,1,1,0
TXN113549,25.74,20,9.13,0.04,1.043,0,0,1,0
TXN103580,76.07,14,7.98,10.24,0.816,1,1,1,0
TXN114886,9.99,13,20.5,4.69,4.163,0,1,1,1
TXN106603,14.35,11,20.27,6.35,2.339,0,1,1,0
TXN101106,123.32,20,5.63,3.08,1.104,0,1,1,0
TXN109142,43.38,5,1.61,4.42,2.175,1,1,0,0
TXN103127,181.09,19,11.45,0.05,2.319,1,1,1,0
TXN102122,40.02,18,2.22,4.65,0.001,1,1,1,0
TXN112029,162.82,18,3.52,5.68,0.27,0,0,0,0
TXN113417,97.91,23,10.36,4.13,1.166,1,1,0,0
TXN103235,90.3,16,6.52,5.27,1.615,1,1,0,0
TXN106188,10.63,3,9.18,11.44,0.519,1,0,1,0
TXN113846,28.59,15,5.2,6.05,1.566,0,1,0,0
TXN112749,14.81,15,0.24,10.08,1.081,1,1,0,0
TXN100639,13.89,1,0.04,0.84,1.562,1,1,0,0
TXN114985,78.85,18,27.01,3.49,1.566,1,1,0,1
TXN103382,69.82,0,20.32,2.83,1.576,0,1,1,0
TXN110758,16.35,11,4.76,0.67,2.062,1,1,0,0
TXN108949,28.74,10,7.68,12.28,0.899,0,1,1,0
TXN103663,5.86,15,12.66,0.3,0.398,1,0,0,0
TXN109070,36.14,15,11.84,2.52,1.635,1,1,1,0
TXN113217,23.65,16,10.12,4.08,0.358,0,0,0,0
TXN108422,18.39,14,24.75,3.3,2.699,1,0,1,0
TXN112034,93.61,11,13.12,0.95,0.662,1,0,1,0
TXN110652,45.0,10,11.45,10.61,0.188,0,1,1,0
TXN113607,35.38,7,14.21,5.35,1.741,1,0,0,0
TXN104059,16.35,20,15.53,13.08,1.6,1,0,1,0
TXN104651,22.61,6,0.96,6.6,0.578,1,0,0,0
TXN112831,16.36,3,11.12,6.55,0.182,1,0,0,0
TXN109752,38.87,14,4.57,6.75,0.314,0,1,1,0
TXN104928,69.56,8,2.78,5.4,1.043,0,0,0,0
TXN104110,21.85,17,5.77,1.16,0.899,1,1,0,0
TXN114295,133.15,16,1.57,4.53,0.775,1,0,0,0
TXN100098,16.47,21,24.52,2.31,1.847,1,1,1,0
TXN111888,47.27,16,6.99,5.37,1.621,1,1,0,0
TXN101430,280.7,14,12.58,2.52,1.608,1,1,1,0
TXN109442,227.44,12,2.65,1.12,0.052,1,1,0,0
TXN102692,52.08,23,3.55,12.57,1.14,1,0,0,0
TXN101887,65.86,16,5.11,10.6,0.221,1,1,0,0
TXN105101,30.75,21,3.67,15.7,0.321,1,0,0,0
TXN106540,257.98,9,3.77,3.3,0.826,1,1,0,0
TXN107102,58.77,14,22.68,3.94,0.913,0,1,0,0
TXN113758,26.64,16,8.59,3.5,0.688,1,0,0,0
TXN114311,25.66,18,0.7,8.62,0.866,0,1,1,0
TXN102900,61.1,8,2.72,13.54,0.318,0,1,0,0
TXN111743,68.47,13,4.49,2.05,0.516,1,1,1,0
TXN103651,37.34,20,24.92,0.85,1.048,1,1,0,0
TXN102060,295.74,17,3.25,12.15,0.604,1,0,1,0
TXN106405,52.71,22,2.08,7.08,0.431,0,1,0,0
TXN100294,35.44,15,7.47,0.05,1.402,0,1,1,0
TXN110961,45.85,15,14.54,21.42,1.015,1,0,1,0
TXN113734,33.41,0,2.37,1.81,0.512,1,1,1,0
TXN108411,18.88,14,11.94,3.6,1.033,1,1,0,0
TXN106091,124.18,2,11.36,10.23,0.407,1,1,1,0
TXN102353,13.04,17,5.74,13.78,0.716,0,0,0,0
TXN111445,82.4,10,5.52,3.66,1.738,1,0,0,0
TXN100159,20.57,15,8.74,3.56,2.457,1,0,1,0
TXN101236,43.13,12,2.32,0.71,1.342,1,1,0,0
TXN112938,11.49,15,2.36,3.52,0.342,0,1,0,0
TXN107777,14.05,17,0.3,0.12,1.671,1,0,1,0
TXN114642,1828.46,4,23.3,15.13,2.22,0,0,0,1
TXN107501,22.07,7,4.38,12.47,1.718,0,1,0,0
TXN106838,17.64,20,3.81,8.34,0.806,1,0,0,0
TXN100909,18.26,0,3.91,4.64,0.702,0,1,1,0
TXN107447,53.05,21,5.63,9.23,1.559,1,1,0,0
TXN114761,348.32,20,66.84,2.86,0.502,1,0,1,1
TXN107866,65.17,12,0.92,2.28,1.202,1,1,1,0
TXN110623,27.6,15,9.68,1.38,1.245,0,0,1,0
TXN107012,82.33,9,8.3,8.05,0.686,1,1,0,0
TXN113941,20.12,9,2.95,3.19,1.195,1,0,0,0
TXN109749,8.1,10,1.78,0.48,0.631,1,1,0,0
TXN108512,17.4,15,4.82,5.34,2.034,1,1,0,0
TXN103808,275.64,18,19.09,1.67,1.681,1,1,0,0
TXN100014,50.83,17,0.22,8.0,0.174,1,0,1,0
TXN113263,12.78,12,12.5,6.51,1.513,1,0,0,0
TXN114255,8.67,17,4.06,1.19,0.711,0,0,0,0
TXN103464,10.19,22,7.75,10.25,1.215,1,0,0,0
TXN109638,58.45,23,7.72,10.24,0.954,1,1,1,0
TXN103475,17.35,13,11.74,0.75,1.764,1,0,0,0
TXN104558,99.52,21,7.92,1.27,0.513,1,1,0,0
TXN109079,28.97,13,6.19,7.37,1.407,1,1,1,0
TXN101692,28.57,4,5.5,10.19,1.299,0,0,0,0
TXN103699,150.82,9,9.25,10.34,0.543,1,0,1,0
TXN103873,7.57,16,19.63,11.62,1.267,0,0,1,0
TXN101719,9.89,20,9.9,6.86,1.18,1,1,0,0
TXN112931,15.43,10,1.98,3.07,0.848,1,1,0,0
TXN114822,24.3,15,23.51,13.52,1.565,0,0,0,1
TXN112907,19.0,0,7.03,6.53,0.852,1,1,0,0
TXN108843,187.28,3,0.94,7.08,1.211,0,1,0,0
TXN112541,123.15,16,4.93,12.71,0.999,1,0,0,0
TXN105977,75.5,10,6.85,0.76,0.015,1,1,1,0
TXN104969,35.13,10,6.09,4.84,0.44,1,1,0,0
TXN104562,9.75,12,2.82,6.71,0.919,1,0,1,0
TXN113041,28.95,1,3.09,3.9,0.814,0,1,0,0
TXN109110,38.76,7,5.15,12.43,1.296,1,1,0,0
TXN105037,30.0,22,16.07,7.93,2.037,1,1,1,0
TXN109074,25.76,1,4.83,1.96,1.75,1,1,0,0
TXN108483,24.32,8,10.31,4.14,1.285,1,1,1,0
TXN100233,119.86,11,15.68,9.68,1.019,1,0,0,0
TXN110981,231.67,22,6.36,3.15,1.086,1,1,0,0
TXN111629,20.61,8,1.54,3.16,1.397,1,1,0,0
TXN103481,139.62,15,6.49,8.32,1.872,1,0,0,0
TXN110186,41.55,17,17.5,11.88,0.97,0,1,0,0
TXN108018,12.72,10,1.39,5.64,0.482,1,1,0,0
TXN101304,19.49,22,1.1,4.27,1.498,1,1,0,0
TXN111583,7.35,11,11.19,1.05,1.178,0,0,0,0
TXN114054,253.15,6,9.72,8.84,0.619,1,0,0,0
TXN113806,15.95,13,18.63,0.95,1.103,1,1,1,0
TXN102271,6.95,8,15.26,5.09,0.824,1,1,0,0
TXN107740,28.68,21,14.77,15.01,0.722,1,0,0,0
TXN106430,132.18,18,9.56,13.65,0.791,0,0,1,0
TXN106929,94.79,22,0.2,0.0,0.446,0,1,0,0
TXN103131,6.0,18,10.55,5.35,0.42,1,1,0,0
TXN106513,19.71,19,18.54,1.7,1.058,0,1,0,0
TXN102025,29.59,14,0.5,0.25,0.396,1,0,0,0
TXN103394,64.01,5,4.54,4.23,0.63,1,1,1,0
TXN109677,96.51,9,13.73,1.97,1.74,0,0,0,0
TXN105337,128.67,4,3.48,7.18,0.814,0,0,0,0
TXN112822,34.9,5,1.58,16.35,1.856,1,1,1,0
TXN106772,12.29,18,5.91,7.39,0.592,1,1,0,0
TXN102976,24.16,11,12.56,10.05,1.657,1,1,0,0
TXN112214,17.48,19,12.14,19.06,0.985,1,0,0,0
TXN100525,31.1,14,0.53,10.44,0.503,1,0,0,0
TXN107535,20.16,23,10.49,5.31,0.935,1,0,0,0
TXN113713,30.4,0,22.34,1.06,0.048,0,0,0,0
TXN101080,30.0,13,13.03,0.45,1.519,1,0,0,0
TXN103443,30.33,4,0.67,4.56,1.105,0,1,1,0
TXN110639,27.35,8,0.45,16.72,1.751,1,1,1,0
TXN100305,62.69,16,10.48,8.76,0.567,1,1,0,0
TXN106971,36.82,14,9.13,1.3,2.072,1,0,0,0
TXN104685,48.24,8,8.84,4.52,1.003,1,1,1,0
TXN108865,16.63,3,0.76,2.11,1.576,0,0,1,0
TXN108672,19.91,12,6.33,7.33,0.94,0,1,1,0
TXN110346,32.86,14,7.02,5.23,0.671,0,0,0,0
TXN105442,7.37,14,14.77,7.53,1.104,1,1,0,0
TXN105471,9.24,5,14.08,4.72,2.002,0,1,1,0
TXN107524,290.08,13,19.27,2.13,2.56,1,1,1,0
TXN113123,28.06,8,6.46,2.34,1.546,1,0,0,0
TXN103787,43.11,8,8.27,12.41,1.205,0,0,0,0
TXN100251,179.98,15,8.94,12.44,1.414,1,1,1,0
TXN112954,88.22,18,19.02,0.58,1.443,1,1,1,0
TXN106305,3.32,11,9.2,3.66,0.545,0,1,0,0
TXN114159,37.51,13,5.82,9.19,1.347,1,1,0,0
TXN100390,101.07,0,8.6,1.24,0.719,1,0,0,0
TXN101467,145.7,14,19.64,30.88,1.572,0,1,0,0
TXN114386,144.16,12,12.44,14.89,1.079,0,1,1,0
TXN111479,70.21,19,5.6,14.75,1.071,0,1,0,0
TXN105458,4.53,12,14.72,2.36,0.804,1,1,0,0
TXN113082,55.44,22,17.76,1.66,0.442,0,1,1,0
TXN101984,48.75,1,31.44,6.79,2.316,1,0,0,0
TXN101933,11.72,14,11.46,4.12,1.6,1,1,0,0
TXN102104,54.02,15,12.05,8.48,0.292,1,0,1,0
TXN107800,173.69,5,10.93,4.06,0.448,1,1,1,0
TXN112969,12.21,8,6.79,9.06,0.185,1,1,0,0
TXN109397,20.82,5,15.12,5.08,1.12,0,0,0,0
TXN113365,342.61,14,19.84,8.42,0.311,0,1,0,0
TXN111330,9.59,13,8.78,8.67,1.783,1,1,0,0
TXN102394,22.15,21,10.66,6.65,1.336,1,1,0,0
TXN104247,57.04,8,16.74,1.58,1.542,1,1,0,0
TXN105620,33.15,18,0.02,2.18,0.898,1,0,1,0
TXN114697,41.09,10,41.3,24.64,3.273,0,0,1,1
TXN100827,25.91,4,11.24,20.41,0.693,1,0,0,0
TXN113542,21.6,10,8.33,3.71,0.007,1,1,0,0
TXN108716,51.78,14,1.95,9.31,1.016,1,1,1,0
TXN109457,18.02,2,4.65,8.82,0.958,0,1,0,0
TXN102069,12.88,20,26.08,3.82,0.693,1,1,0,0
TXN108597,6.99,9,3.34,15.04,0.665,1,1,0,0
TXN112545,146.15,14,6.87,6.96,1.696,1,1,0,0
TXN114786,449.5,2,79.66,1.88,0.112,0,0,0,1
TXN106844,35.91,16,10.39,14.58,1.438,1,0,1,0
TXN102436,21.54,4,17.41,8.15,0.053,1,0,0,0
TXN111958,110.89,22,15.88,5.9,1.364,1,0,0,0
TXN108092,109.54,5,20.01,2.22,1.836,1,1,1,0
TXN112473,469.04,13,16.09,12.92,0.275,1,1,1,0
TXN108110,5.62,13,32.64,7.47,2.452,1,1,0,0
TXN112761,27.85,12,9.55,3.22,0.597,1,1,0,0
TXN111092,11.23,21,2.23,7.57,1.563,0,1,1,0
TXN104908,60.14,20,2.5,2.53,0.824,1,0,1,0
TXN110580,108.5,9,10.24,6.74,2.049,1,1,1,0
TXN105262,69.23,14,0.84,0.86,1.157,1,1,1,0
TXN102744,259.31,6,0.4,13.97,1.191,0,1,0,0
TXN104460,181.51,23,8.6,6.1,0.902,1,1,1,0
TXN107185,140.88,8,3.0,19.09,0.948,1,1,1,0
TXN113152,106.09,14,1.94,12.06,0.474,1,1,0,0
TXN103901,35.08,13,8.99,2.49,0.373,0,0,1,0
TXN110050,4.76,9,3.98,9.87,1.262,0,0,0,0
TXN103008,38.85,10,5.02,0.9,0.689,1,1,0,0
TXN106716,19.61,11,12.36,14.79,0.298,1,0,0,0
TXN114374,105.62,12,9.5,11.0,1.058,1,1,0,0
TXN101350,37.41,7,3.71,5.98,0.807,1,1,0,0
TXN106459,29.63,14,10.51,1.62,1.511,0,0,1,0
TXN112617,16.09,14,12.29,4.08,0.75,1,1,0,0
TXN108704,18.94,12,1.99,8.23,1.09,0,1,0,0
TXN108854,89.32,4,10.7,15.06,0.566,1,1,1,0
TXN112633,55.53,16,8.34,11.62,1.542,1,1,0,0
TXN109795,9.0,17,3.67,15.4,1.343,1,1,1,0
TXN113120,2.36,15,5.29,3.67,0.545,1,1,0,0
TXN104779,102.29,0,5.15,5.17,1.332,1,1,1,0
TXN113857,93.84,2,5.41,0.34,0.765,1,1,0,0
TXN109868,6.99,10,6.36,3.73,0.731,1,1,0,0
TXN108007,62.58,11,11.53,19.62,1.649,1,1,0,0
TXN107146,18.02,17,13.4,1.94,1.174,0,1,0,0
TXN104641,70.45,19,20.48,9.1,1.265,1,0,1,0
TXN114870,11.86,2,26.48,57.07,0.111,0,0,0,1
TXN113060,49.24,7,0.21,6.1,1.382,1,1,1,0
TXN107654,140.68,23,16.86,15.54,1.702,0,1,0,0
TXN100066,9.01,1,24.61,16.83,1.596,1,1,0,0
TXN101950,16.23,9,3.86,3.88,1.765,1,1,1,0
TXN105158,45.35,16,4.95,6.33,1.073,1,0,0,0
TXN105811,18.82,15,4.74,1.23,1.281,0,1,0,0
TXN110971,34.31,18,13.17,10.54,1.057,1,1,0,0
TXN102420,45.82,18,15.06,5.86,1.683,0,1,0,0
TXN102691,82.1,10,31.55,6.81,1.175,1,0,0,0
TXN104330,6.93,11,21.91,15.36,1.124,0,0,0,0
TXN103355,15.52,19,1.8,5.31,1.592,1,0,1,0
TXN100645,37.85,3,13.24,8.01,0.994,1,1,0,0
TXN102347,64.17,3,11.66,5.79,0.682,1,1,1,0
TXN109858,33.57,11,11.76,9.71,0.419,1,1,1,0
TXN105918,78.88,13,21.68,0.24,0.048,1,1,1,0
TXN109330,29.61,19,0.78,8.03,0.737,1,0,0,0
TXN100541,13.25,21,5.76,16.57,0.204,1,0,0,0
TXN109505,57.48,16,1.11,8.64,1.948,0,1,0,0
TXN114861,69.63,10,83.9,12.48,3.995,0,0,1,1
TXN112488,23.26,1,16.94,3.67,1.065,1,1,0,0
TXN110155,64.87,16,0.61,9.83,1.32,1,0,1,0
TXN105391,374.2,12,9.72,2.8,1.472,1,0,0,0
TXN110553,75.53,14,4.98,15.01,0.541,0,0,0,0
TXN108498,97.41,22,3.76,8.93,1.216,1,1,0,0
TXN112180,9.05,16,5.59,15.24,0.846,0,1,0,0
TXN107084,14.03,23,4.09,3.77,2.087,1,1,1,0
TXN105404,42.95,19,16.8,5.24,1.83,1,0,1,0
TXN100129,49.37,6,17.72,7.08,1.7,1,0,1,0
TXN108587,2.24,9,3.4,2.27,1.346,1,0,1,0
TXN114818,5.0,12,2.78,3.52,3.287,0,0,0,1
TXN101929,33.03,3,7.17,6.96,1.535,1,1,0,0
TXN104422,16.33,16,11.61,5.46,2.197,1,1,0,0
TXN112479,48.91,17,4.57,20.61,1.033,1,1,1,0
TXN108914,56.7,14,3.62,4.03,0.922,0,0,0,0
TXN111413,32.79,7,0.41,5.28,2.473,1,1,0,0
TXN114142,52.78,16,17.01,2.55,1.58,0,1,0,0
TXN103763,22.54,7,29.11,11.92,0.455,1,1,0,0
TXN100307,69.06,22,29.72,2.29,1.219,0,1,0,0
TXN113352,18.33,4,5.24,11.67,1.156,1,1,0,0
TXN113685,37.09,13,6.04,10.99,0.168,1,1,1,0
TXN107884,15.09,17,12.19,11.97,0.903,1,1,0,0
TXN107635,11.77,2,12.68,0.94,0.736,1,1,0,0
TXN104591,25.56,5,5.33,7.0,1.0,1,1,0,0
TXN107440,51.5,1,21.53,6.74,1.339,1,1,0,0
TXN103080,54.02,2,9.45,10.1,1.95,1,1,0,0
TXN108576,35.28,12,10.64,17.46,1.206,1,1,0,0
TXN110750,37.96,10,4.97,10.86,0.898,1,0,0,0
TXN102700,9.0,23,3.43,8.07,0.406,1,1,0,0
TXN108774,7.45,11,7.04,12.7,1.009,1,1,1,0
TXN104493,126.84,13,9.62,3.77,0.843,1,1,0,0
TXN109630,18.94,14,12.43,13.37,1.816,1,0,1,0
TXN107090,28.97,11,10.78,3.08,0.122,1,0,1,0
TXN107819,94.3,13,0.67,4.34,1.915,0,1,0,0
TXN114425,25.21,10,5.75,10.02,1.544,1,1,1,0
TXN111768,13.53,18,14.99,5.56,1.392,1,1,0,0
TXN106868,52.62,0,13.9,2.26,1.001,0,1,0,0
TXN102580,25.82,9,12.23,4.61,0.32,1,0,1,0
TXN102810,34.03,14,0.74,1.23,1.189,1,1,0,0
TXN113917,39.48,12,4.24,13.56,1.126,0,1,0,0
TXN100161,4.26,20,3.58,5.85,1.928,1,0,0,0
TXN109526,53.72,0,12.76,9.13,0.667,1,1,1,0
TXN114632,62.08,23,30.59,20.84,4.349,0,1,1,1
TXN107659,25.86,17,7.23,0.08,0.739,1,0,1,0
TXN113391,12.75,10,1.37,4.41,0.624,1,1,0,0
TXN109128,40.02,4,15.36,2.54,1.802,0,0,0,0
TXN105135,130.14,10,10.41,6.61,1.04,1,1,0,0
TXN109558,28.04,13,8.14,7.71,1.765,1,1,0,0
TXN114768,137.16,2,7.03,33.54,2.74,1,1,0,1
TXN107581,205.9,10,15.17,1.5,1.445,0,1,1,0
TXN103121,19.58,11,3.34,13.49,2.43,0,1,0,0
TXN104022,64.25,16,13.45,1.1,0.913,0,0,1,0
TXN113562,15.94,13,3.09,0.31,1.138,1,1,0,0
TXN104755,254.19,17,10.94,3.01,1.004,0,1,0,0
TXN106022,67.97,21,15.99,10.65,0.314,1,0,1,0
TXN101949,91.33,20,2.67,6.63,0.107,1,1,0,0
TXN106164,17.91,20,2.35,9.76,0.911,1,1,1,0
TXN104665,10.01,3,13.27,4.51,1.737,0,1,0,0
TXN112065,36.18,10,2.75,3.18,0.979,1,0,1,0
TXN109351,6.4,7,21.61,4.02,1.787,0,0,0,0
TXN105656,24.95,11,16.58,6.69,1.388,1,0,1,0
TXN112181,29.87,11,15.06,3.47,0.362,1,1,0,0
TXN101591,83.55,11,4.49,5.48,1.08,1,1,0,0
TXN102701,56.36,13,1.9,6.91,0.113,1,1,1,0
TXN110936,8.39,11,10.34,2.81,2.594,1,1,0,0
TXN110072,158.01,14,5.99,5.53,1.105,1,1,0,0
TXN111828,9.13,19,9.75,9.69,1.611,0,1,0,0
TXN102529,74.53,12,0.36,1.14,1.039,1,1,0,0
TXN102081,28.13,12,5.11,0.7,0.058,1,1,0,0
TXN111374,58.72,12,0.81,0.63,1.296,0,1,0,0
TXN107550,11.35,11,1.68,9.4,0.49,1,1,1,0
TXN104143,4.77,5,27.73,1.1,1.461,1,1,0,0
TXN112317,51.45,15,6.29,1.31,1.194,1,0,0,0
TXN105691,124.54,17,5.71,9.8,1.671,1,0,1,0
TXN111245,27.65,8,1.57,3.73,0.222,1,1,0,0
TXN106021,8.11,10,4.65,0.91,1.661,1,1,1,0
TXN111417,42.57,8,15.39,1.83,1.39,1,1,0,0
TXN112789,9.71,18,9.65,5.03,1.329,0,0,0,0
TXN101846,85.26,6,14.16,8.68,0.265,0,1,0,0
TXN106597,27.03,16,12.72,9.54,0.76,1,1,0,0
TXN114675,6.62,5,11.51,1.12,2.213,0,0,0,1
TXN113473,45.07,12,4.85,3.4,1.805,1,0,1,0
TXN101268,17.17,15,1.21,1.35,0.596,1,1,0,0
TXN106654,8.28,16,17.31,4.01,1.061,0,1,0,0
TXN114144,9.6,21,7.8,1.27,1.113,1,1,0,0
TXN103230,31.22,10,5.33,6.18,1.781,0,0,0,0
TXN114150,21.18,14,1.09,6.53,1.666,1,1,0,0
TXN105890,81.45,23,4.55,10.67,1.77,1,0,0,0
TXN106002,27.4,21,14.88,1.39,1.041,1,0,0,0
TXN112720,11.81,2,7.76,1.53,1.935,1,1,0,0
TXN110493,37.98,13,18.14,4.58,3.055,0,1,0,0
TXN100996,7.45,12,6.77,3.75,0.015,0,0,0,0
TXN100044,49.04,13,0.11,10.86,1.232,0,0,1,0
TXN105452,21.5,13,5.58,15.01,0.715,1,0,0,0
TXN110931,9.44,17,10.67,7.25,0.253,1,0,0,0
TXN106923,75.7,3,9.28,4.27,1.292,0,1,0,0
TXN104462,21.27,1,7.19,3.65,2.03,0,1,1,0
TXN113364,55.32,9,16.91,0.28,1.401,0,0,0,0
TXN113366,34.19,7,8.06,8.2,0.009,1,0,0,0
TXN107752,181.24,18,6.28,2.51,0.405,1,1,1,0
TXN112030,39.04,0,6.76,25.74,0.433,1,1,0,0
TXN106824,39.04,16,0.47,9.7,2.536,1,1,1,0
TXN108452,30.46,9,8.42,0.39,0.284,1,1,0,0
TXN107840,16.71,14,9.34,2.12,0.61,1,1,0,0
TXN102860,25.35,12,0.46,6.44,2.626,0,0,0,0
TXN110975,63.09,8,8.0,13.61,0.64,1,1,1,0
TXN111288,193.49,13,14.29,7.65,0.171,1,1,1,0
TXN106442,65.89,13,11.16,3.94,0.737,1,0,1,0
TXN112844,221.86,17,2.87,15.05,1.26,1,0,0,0
TXN102623,17.25,1,3.02,2.76,0.599,0,1,0,0
TXN106162,4.48,18,1.92,0.21,1.061,1,0,0,0
TXN104668,20.62,21,14.68,5.5,0.421,1,0,0,0
TXN114884,61.62,3,7.57,7.1,0.404,1,0,0,1
TXN103326,113.14,9,12.49,0.46,1.827,1,1,0,0
TXN100599,116.31,16,12.83,18.18,1.466,1,1,0,0
TXN114547,52.58,16,32.75,14.52,1.059,1,0,0,0
TXN114329,28.89,12,2.48,0.88,1.629,1,1,0,0
TXN108611,45.38,1,0.64,6.68,1.942,1,1,0,0
TXN110328,730.23,6,4.04,0.49,1.357,1,1,1,0
TXN105398,45.88,5,14.85,8.99,1.017,1,1,0,0
TXN109438,7.03,16,7.22,1.33,1.272,0,1,1,0
TXN109424,36.73,16,21.24,5.61,1.966,0,1,0,0
TXN113736,24.53,2,3.94,8.29,1.459,1,1,0,0
TXN110458,259.89,17,10.67,0.32,1.084,0,0,0,0
TXN102204,147.02,12,10.58,5.83,0.458,1,0,0,0
TXN101812,29.94,16,18.86,2.53,0.021,0,1,1,0
TXN106315,104.25,16,15.44,5.12,1.499,0,0,1,0
TXN113754,20.35,21,23.81,3.48,0.587,1,1,0,0
TXN108467,119.33,13,9.14,5.25,0.613,1,1,0,0
TXN100705,6.03,6,7.02,12.13,1.138,1,1,0,0
TXN103842,9.77,12,9.65,15.59,1.177,1,1,1,0
TXN112741,39.98,20,13.45,8.82,1.724,1,1,0,0
TXN108305,63.91,6,1.19,2.01,1.576,1,0,0,0
TXN112359,13.85,5,10.5,6.31,1.525,1,1,0,0
TXN107664,42.17,12,19.62,5.81,1.541,1,0,1,0
TXN106124,60.9,18,12.62,2.55,0.517,0,1,0,0
TXN104013,37.14,14,20.88,3.6,1.832,0,1,0,0
TXN110322,37.92,7,14.9,2.92,1.348,1,1,1,0
TXN103228,64.97,16,10.89,0.93,2.218,1,1,1,0
TXN111118,69.55,18,17.97,11.11,1.054,0,1,1,0
TXN100141,119.06,22,5.04,8.32,0.912,1,0,0,0
TXN106159,12.15,9,12.31,4.59,1.974,1,0,0,0
TXN114113,209.34,1,6.27,5.84,0.785,0,1,0,0
TXN113206,31.28,18,20.3,0.9,0.857,0,1,0,0
TXN112739,38.12,11,0.3,9.22,1.015,0,0,1,0
TXN107935,431.18,19,1.09,1.9,1.022,1,1,1,0
TXN112771,42.62,23,12.33,16.66,1.132,1,0,0,0
TXN113802,11.0,0,3.64,12.62,1.576,0,1,0,0
TXN108096,49.31,12,2.98,2.86,1.138,1,0,0,0
TXN101565,12.64,2,9.09,1.32,1.243,1,1,0,0
TXN103765,21.64,17,1.2,6.65,0.184,1,1,0,0
TXN113027,8.15,9,5.03,0.66,0.666,1,1,0,0
TXN103988,134.02,7,3.2,13.16,0.947,1,1,0,0
TXN102412,9.03,14,10.16,2.54,1.781,1,1,1,0
TXN109845,9.15,12,13.73,14.06,1.372,1,1,0,0
TXN103531,45.5,4,12.23,0.05,1.676,1,1,0,0
TXN108296,8.98,3,5.36,4.07,1.024,1,1,1,0
TXN112244,64.14,6,7.44,2.13,0.762,1,0,1,0
TXN110049,17.19,11,2.12,0.42,1.053,1,1,1,0
TXN107436,24.79,11,7.1,1.49,1.711,0,0,1,0
TXN109824,32.02,11,4.94,6.97,1.525,1,1,0,0
TXN114847,467.78,8,0.99,11.89,0.472,0,0,0,1
TXN102329,118.61,15,20.72,10.98,0.692,1,1,0,0
TXN112168,21.88,11,12.48,4.4,1.489,1,1,0,0
TXN103889,42.84,12,19.02,24.76,1.398,1,1,1,0
TXN110901,19.15,5,8.28,6.57,0.972,1,1,0,0
TXN112529,21.73,16,0.53,8.29,1.27,1,0,0,0
TXN110670,3.12,8,5.68,5.31,2.374,1,1,0,0
TXN102862,19.54,8,3.16,7.0,0.568,1,0,0,0
TXN107371,41.21,13,26.24,10.98,0.828,0,1,0,0
TXN114276,14.96,13,8.65,1.4,1.538,0,1,0,0
TXN105665,27.89,21,5.58,9.48,1.604,1,1,0,0
TXN105715,68.66,8,8.75,11.55,2.312,0,1,1,0
TXN104192,4.68,22,8.47,11.96,0.724,1,1,1,0
TXN102515,179.04,18,4.47,3.89,0.85,0,1,1,0
TXN114815,57.17,3,5.46,28.94,2.638,1,0,1,1
TXN103564,156.97,20,6.46,11.12,0.54,0,1,0,0
TXN113478,17.39,7,3.07,20.17,0.359,1,1,1,0
TXN100084,37.24,6,15.41,4.55,1.235,1,0,0,0
TXN106845,34.91,12,20.43,9.28,1.455,1,0,0,0
TXN109910,67.5,11,17.27,3.32,0.36,1,1,1,0
TXN104105,88.69,7,4.0,9.38,0.778,1,0,0,0
TXN110844,13.07,21,12.26,3.7,1.174,0,0,0,0
TXN113166,26.58,17,2.41,7.07,1.825,0,1,1,0
TXN101339,69.82,13,2.72,11.24,0.102,1,1,1,0
TXN104869,77.22,11,18.02,12.04,1.226,1,0,0,0
TXN105481,14.76,19,4.31,0.31,0.866,1,1,0,0
TXN107306,9.58,15,11.45,3.78,0.01,0,1,0,0
TXN112087,22.54,12,10.4,2.02,0.944,1,1,0,0
TXN100276,68.37,8,15.7,2.94,1.321,0,0,1,0
TXN101408,20.33,9,4.51,5.34,1.037,0,1,0,0
TXN113880,195.32,14,3.52,5.42,1.43,1,1,1,0
TXN101372,43.74,20,0.48,7.71,0.99,1,1,0,0
TXN103844,12.57,16,7.55,5.45,1.295,1,1,0,0
TXN103994,287.18,11,11.23,8.78,1.319,1,1,0,0
TXN112376,317.08,12,19.99,11.85,1.414,0,1,0,0
TXN108282,13.97,6,8.39,0.75,0.029,0,0,1,0
TXN106909,19.73,8,8.31,5.56,2.06,1,1,0,0
TXN112568,12.5,18,13.67,2.24,0.088,1,1,1,0
TXN111247,29.86,2,9.11,10.14,1.235,1,0,1,0
TXN101906,19.48,13,3.17,7.18,1.066,1,0,0,0
TXN102699,16.1,3,16.87,6.06,0.676,0,1,0,0
TXN113772,58.69,18,12.83,6.86,1.675,0,1,0,0
TXN107387,51.25,8,4.8,4.48,2.274,1,1,0,0
TXN101823,13.07,2,5.26,0.78,1.12,1,1,1,0
TXN105420,47.66,7,13.54,10.78,1.344,0,0,0,0
TXN111609,6.82,21,13.06,3.73,1.893,1,1,0,0
TXN108184,5.33,10,18.08,2.38,0.772,0,0,0,0
TXN107370,13.99,18,14.04,15.37,1.374,1,1,1,0
TXN101426,28.44,12,4.52,5.05,2.422,0,1,0,0
TXN111604,19.06,12,25.7,7.51,0.824,1,1,0,0
TXN105088,307.18,13,8.01,13.63,0.784,1,1,0,0
TXN104461,44.11,14,13.97,1.93,1.117,1,1,1,0
TXN102071,30.04,5,7.89,17.21,1.626,1,1,1,0
TXN107513,104.98,22,12.07,6.02,0.756,1,1,1,0
TXN112964,26.22,13,4.96,6.03,0.757,0,0,0,0
TXN110218,130.96,12,12.5,8.64,1.299,1,1,0,0
TXN100998,32.93,12,17.14,7.23,0.769,1,1,0,0
TXN113477,10.75,12,26.27,2.77,0.57,1,0,1,0
TXN107502,38.23,13,6.24,8.84,1.804,1,0,0,0
TXN110550,55.48,10,16.95,9.68,0.308,1,0,1,0
TXN103108,38.85,10,2.97,2.68,2.058,1,1,0,0
TXN111617,7.37,14,14.55,3.16,0.942,1,1,0,0
TXN109951,18.06,14,5.16,18.96,0.778,1,0,0,0
TXN111643,16.45,7,12.8,2.3,0.499,1,1,1,0
TXN102288,8.01,18,4.93,4.48,1.3,1,0,1,0
TXN102714,75.28,14,16.46,17.04,0.952,1,0,0,0
TXN101342,10.15,5,10.7,3.29,0.225,1,1,0,0
TXN112382,12.7,20,7.38,7.85,0.293,1,0,0,0
TXN113574,65.72,16,2.35,7.68,0.558,1,1,0,0
TXN108108,11.18,12,6.75,4.33,0.942,0,1,0,0
TXN102146,106.67,17,6.51,10.89,1.604,1,0,1,0
TXN100167,68.03,2,8.62,15.4,0.389,1,0,0,0
TXN108688,12.05,9,1.68,6.03,1.231,0,0,1,0
TXN105845,47.45,20,1.38,4.67,1.155,1,0,0,0
TXN106419,49.76,5,3.75,4.17,0.94,0,1,0,0
TXN103161,56.48,3,5.17,12.42,0.964,1,1,1,0
TXN113002,52.24,6,8.3,8.89,1.487,1,1,1,0
TXN113827,65.16,16,24.58,5.72,0.557,0,1,0,0
TXN106911,7.0,15,16.45,2.44,0.915,0,1,0,0
TXN112619,45.34,13,6.18,6.86,2.021,0,1,1,0
TXN100219,27.74,21,0.51,0.01,1.928,1,1,1,0
TXN102481,48.74,2,8.94,9.84,1.878,1,1,0,0
TXN114913,37.91,19,83.95,42.89,2.885,0,0,0,1
TXN106469,11.77,10,10.08,1.37,0.85,1,0,0,0
TXN110726,7.92,0,0.12,7.68,0.044,0,0,1,0
TXN103730,45.65,2,0.75,7.7,1.467,0,0,0,0
TXN101537,154.93,5,10.28,3.08,1.271,1,0,0,0
TXN112819,96.54,16,7.47,8.55,1.014,1,1,0,0
TXN105960,20.49,12,14.8,0.29,0.67,1,1,0,0
TXN114731,348.32,0,58.76,25.98,3.397,1,1,1,1
TXN114268,28.81,3,10.62,18.88,1.298,0,1,0,0
TXN106954,26.92,16,7.63,8.74,0.542,1,0,1,0
TXN108497,22.88,14,7.83,11.57,0.684,0,0,0,0
TXN108044,398.86,21,4.92,19.81,1.85,0,1,0,0
TXN106946,11.49,19,1.74,0.73,1.33,1,0,0,0
TXN112035,11.81,13,8.22,0.12,1.52,1,1,0,0
TXN105745,66.43,0,7.38,9.71,0.793,1,1,0,0
TXN108388,5.07,13,13.19,1.44,0.065,1,1,0,0
TXN105260,20.45,11,11.89,20.41,2.741,1,1,0,0
TXN113906,55.64,12,2.8,5.47,0.707,0,0,0,0
TXN109338,9.36,9,12.09,1.99,1.48,1,0,0,0
TXN112782,7.11,17,21.24,1.43,2.26,1,1,0,0
TXN107989,58.96,8,7.25,8.07,1.223,0,0,0,0
TXN108302,8.32,19,3.45,2.73,1.56,1,0,1,0
TXN113396,37.44,16,9.05,8.16,1.015,1,1,0,0
TXN113557,52.34,9,2.66,7.85,1.109,0,0,0,0
TXN106657,14.6,17,29.15,0.21,1.075,1,1,0,0
TXN106835,59.85,15,9.3,0.71,1.873,0,1,0,0
TXN111746,9.2,14,2.32,4.01,0.954,1,0,0,0
TXN104465,20.61,16,5.06,4.18,1.231,1,0,0,0
TXN103683,69.89,14,11.28,4.41,1.277,0,1,1,0
TXN104889,56.69,13,11.87,5.82,0.557,1,1,0,0
TXN107687,33.73,16,22.82,3.48,1.394,1,0,1,0
TXN107460,113.03,14,10.36,9.2,0.645,0,1,1,0
TXN100926,37.02,23,10.24,2.93,2.065,1,1,0,0
TXN101815,19.77,15,12.53,7.89,1.832,1,1,1,0
TXN112684,120.25,8,20.87,14.25,0.615,1,0,0,0
TXN105274,156.97,20,14.62,6.26,0.782,1,0,0,0
TXN106933,107.31,13,14.8,6.49,1.195,1,1,0,0
TXN113503,87.05,12,5.05,7.39,0.767,1,1,1,0
TXN100797,6.69,15,7.77,12.84,0.579,1,0,0,0
TXN101298,42.44,7,22.98,4.02,2.023,0,1,0,0
TXN103259,121.46,15,12.02,11.21,1.525,1,0,0,0
TXN109254,53.82,16,4.07,5.71,1.283,1,1,1,0
TXN107105,153.55,9,6.14,3.08,1.663,1,1,1,0
TXN112706,116.09,14,16.99,12.91,1.011,0,0,1,0
TXN103280,38.77,10,3.2,0.6,1.49,0,1,0,0
TXN104471,73.29,8,6.22,7.64,0.948,1,1,0,0
TXN112758,16.99,20,10.84,8.93,2.266,0,1,0,0
TXN113829,34.32,3,22.29,7.82,1.773,0,1,1,0
TXN107243,97.24,14,22.16,1.46,0.853,1,0,0,0
TXN103320,30.87,19,7.41,4.32,0.972,0,0,0,0
TXN112163,51.87,14,19.67,1.36,1.905,0,0,0,0
TXN103317,113.17,14,15.46,2.35,1.272,1,1,0,0
TXN101359,269.52,14,17.43,2.19,0.882,1,0,0,0
TXN101761,40.04,8,12.06,7.06,0.565,1,1,0,0
TXN104894,16.76,6,0.82,15.03,1.95,1,0,1,0
TXN102059,5.3,5,13.18,3.71,0.915,1,0,0,0
TXN111084,108.86,17,15.95,1.11,1.255,0,0,0,0
TXN103734,58.66,13,3.3,4.02,0.962,0,1,0,0
TXN111749,46.72,0,10.52,1.88,1.283,1,0,0,0
TXN109678,76.36,12,0.39,2.41,1.122,1,1,1,0
TXN112826,61.85,17,7.28,2.19,1.76,1,0,0,0
TXN106771,114.15,9,5.17,13.27,1.055,0,1,0,0
TXN106425,112.72,7,1.77,1.61,1.001,0,1,0,0
TXN113271,12.93,10,6.75,0.09,1.69,1,1,0,0
TXN103779,95.76,15,4.41,5.2,1.46,0,0,1,0
TXN104576,20.39,11,4.23,1.32,0.853,1,1,0,0
TXN105575,93.26,14,5.53,17.05,0.345,1,0,0,0
TXN104319,31.45,15,13.23,4.46,0.45,1,1,0,0
TXN100672,30.92,20,1.84,6.86,2.101,0,1,0,0
TXN107981,16.56,8,22.15,2.86,1.163,1,1,1,0
TXN107110,51.06,4,7.82,4.53,0.845,1,0,0,0
TXN107593,40.79,16,0.44,5.05,0.217,1,1,0,0
TXN104071,4.7,18,8.12,6.46,0.799,1,1,1,0
TXN109585,25.02,11,8.72,8.23,0.985,1,0,0,0
TXN103141,41.55,11,0.03,2.86,0.148,0,1,0,0
TXN110845,34.89,11,4.85,3.85,0.708,0,1,0,0
TXN113282,62.88,11,2.06,2.13,0.367,0,0,1,0
TXN108772,80.21,22,14.42,11.74,0.373,1,1,0,0
TXN109237,22.41,0,17.42,2.71,1.672,1,1,0,0
TXN112365,45.5,8,7.84,10.18,0.893,1,0,1,0
TXN110787,36.71,16,9.26,0.58,1.501,0,1,1,0
TXN114592,17.32,23,1.46,9.71,0.998,1,1,1,0
TXN102796,43.11,11,12.99,16.95,0.037,0,0,1,0
TXN103477,55.64,12,4.69,16.13,0.88,0,1,1,0
TXN105854,55.19,15,10.37,1.7,0.801,1,1,1,0
TXN113114,18.32,14,10.59,0.1,1.314,0,1,0,0
TXN104221,7.97,3,23.67,0.82,1.966,0,1,0,0
TXN113540,42.83,15,19.56,13.36,0.474,1,1,0,0
TXN103114,48.77,8,14.06,7.94,1.458,1,0,1,0
TXN111780,58.77,20,2.34,2.72,0.401,1,1,0,0
TXN112153,46.03,8,8.12,6.03,0.619,1,1,1,0
TXN101960,220.59,21,17.2,18.36,1.595,1,1,0,0
TXN110124,82.65,9,0.78,4.52,0.833,0,1,0,0
TXN101596,32.86,3,17.32,3.7,1.273,1,1,0,0
TXN104672,64.3,19,2.54,2.47,1.077,0,0,0,0
TXN113863,5.34,17,1.58,19.89,1.495,1,1,0,0
TXN104717,16.32,4,0.34,1.8,0.485,1,1,0,0
TXN100767,118.9,17,4.81,9.96,1.048,1,1,0,0
TXN105325,11.13,11,2.0,7.25,1.664,1,1,0,0
TXN113628,165.3,14,28.08,8.9,1.769,1,0,0,0
TXN100659,19.93,18,6.01,6.82,0.867,1,1,0,0
TXN107174,57.83,17,15.52,0.31,1.548,1,0,1,0
TXN104956,40.17,12,20.09,2.67,0.205,1,1,0,0
TXN114098,78.25,17,9.13,1.21,1.705,0,1,1,0
TXN105613,16.17,13,4.57,0.17,0.577,1,0,1,0
TXN102682,27.69,19,17.37,3.78,1.433,1,1,0,0
TXN103572,4.13,21,23.9,5.52,0.224,1,1,1,0
TXN108814,65.09,14,9.09,0.31,2.2,1,1,1,0
TXN100277,5.99,12,3.67,5.98,1.677,1,0,1,0
TXN108101,148.44,13,3.59,2.92,1.666,1,1,0,0
TXN104355,53.79,22,10.67,8.42,1.721,0,1,1,0
TXN104378,64.56,12,6.53,2.28,1.534,1,1,0,0
TXN104051,43.49,8,2.16,1.61,0.815,1,1,1,0
TXN110874,15.88,16,15.42,3.35,1.053,0,1,0,0
TXN113902,130.15,6,5.87,0.07,0.61,1,1,1,0
TXN109376,149.37,15,7.37,3.86,1.316,1,0,1,0
TXN101973,148.33,12,8.78,1.81,0.688,1,0,1,0
TXN106618,11.77,16,2.34,12.6,0.092,1,0,1,0
TXN104551,18.04,14,0.91,2.01,1.186,1,1,0,0
TXN106464,17.47,3,2.39,0.35,0.27,1,1,0,0
TXN103858,57.08,7,3.02,3.54,0.224,1,0,0,0
TXN112722,60.11,19,18.83,2.2,0.577,0,1,0,0
TXN103735,42.83,12,3.58,4.85,0.759,1,0,0,0
TXN102935,54.35,18,4.23,8.21,0.291,1,1,0,0
TXN104395,12.03,15,3.84,2.11,0.944,0,0,0,0
TXN114050,24.85,13,6.38,4.02,0.233,1,1,0,0
TXN106580,32.03,20,10.43,4.76,1.898,1,0,0,0
TXN112184,17.11,5,2.61,4.75,1.125,0,1,1,0
TXN114819,578.91,9,41.48,19.75,3.013,0,0,0,1
TXN114220,87.83,13,6.08,5.76,0.107,0,1,1,0
TXN104534,131.05,19,13.43,0.66,2.257,1,0,1,0
TXN110565,31.42,20,8.16,10.62,0.367,1,0,0,0
TXN106120,129.73,9,5.19,0.67,1.0,1,0,0,0
TXN102451,53.37,7,4.23,4.47,0.688,0,0,0,0
TXN111529,29.22,6,1.19,11.93,0.444,0,1,1,0
TXN113914,48.56,13,4.15,12.76,1.589,0,1,0,0
TXN112200,61.12,13,4.15,7.03,2.05,1,0,1,0
TXN112580,7.94,15,6.31,4.68,1.715,0,1,0,0
TXN101837,31.37,15,1.97,5.24,1.748,1,0,0,0
TXN104374,22.9,9,13.95,9.22,0.972,1,0,0,0
TXN100655,29.04,13,12.71,3.56,1.296,1,0,0,0
TXN101058,31.51,5,6.66,1.29,1.845,1,0,0,0
TXN108924,33.71,23,20.71,15.97,0.628,0,0,1,0
TXN111975,41.68,4,2.73,6.22,1.102,1,1,0,0
TXN108745,20.41,8,16.64,10.54,1.528,1,1,0,0
TXN102142,35.35,13,6.37,6.24,1.708,1,1,0,0
TXN108469,16.7,22,30.81,5.3,1.398,1,1,1,0
TXN107852,39.57,18,9.02,4.56,2.368,0,1,0,0
TXN101900,25.98,23,10.44,12.29,1.045,1,1,0,0
TXN111495,30.02,7,16.09,0.91,1.959,1,1,1,0
TXN102293,7.58,6,13.76,6.37,2.329,1,1,1,0
TXN107089,58.23,11,4.75,7.25,0.251,1,1,1,0
TXN112089,5.89,3,1.76,16.81,1.577,1,1,0,0
TXN101191,19.32,19,6.93,1.61,0.198,1,1,1,0
TXN113814,144.9,15,10.3,2.71,2.054,1,1,1,0
TXN114283,60.64,18,2.33,4.86,1.597,1,0,0,0
TXN109548,11.01,15,0.83,1.43,2.219,1,1,1,0
TXN101694,237.29,13,0.42,7.25,1.511,1,1,1,0
TXN111998,30.42,8,16.47,3.45,1.73,1,1,1,0
TXN113063,43.66,12,3.74,19.07,2.179,0,1,0,0
TXN100426,109.04,6,9.34,5.88,0.154,0,1,0,0
TXN107709,116.9,10,13.41,11.0,1.431,1,1,0,0
TXN105882,23.81,19,7.62,2.2,0.708,0,1,0,0
TXN109378,14.88,8,9.75,11.01,1.712,1,1,0,0
TXN114485,21.66,21,14.03,6.66,1.882,1,1,0,0
TXN114562,149.25,14,7.26,3.65,2.01,1,0,0,0
TXN109057,24.24,10,9.95,6.69,1.308,0,0,0,0
TXN103015,34.35,13,6.47,7.83,1.437,0,1,0,0
TXN101709,61.63,9,0.89,3.87,1.063,1,1,0,0
TXN107262,90.46,15,9.06,8.55,0.676,1,1,1,0
TXN108120,3.45,1,17.28,5.67,1.233,1,1,0,0
TXN105888,128.21,7,8.67,6.14,1.317,1,0,1,0
TXN109437,30.48,17,3.11,0.59,0.557,0,0,0,0
TXN103669,10.4,9,2.73,6.08,0.122,1,1,0,0
TXN104996,60.31,7,1.67,2.96,1.242,1,0,1,0
TXN107641,21.49,17,10.94,6.69,2.164,1,1,0,0
TXN109720,7.64,3,21.84,10.52,0.798,0,0,0,0
TXN112889,3.67,12,8.82,3.6,0.226,1,1,0,0
TXN113579,146.4,16,4.48,2.63,0.378,1,0,1,0
TXN111298,57.72,7,11.11,5.55,1.005,1,1,1,0
TXN108409,3.97,17,12.14,1.88,1.23,0,1,0,0
TXN107240,13.37,11,7.24,6.5,1.689,1,0,0,0
TXN106364,44.3,9,10.17,20.76,1.604,1,0,1,0
TXN104309,21.68,9,16.24,3.61,0.135,1,1,1,0
TXN112323,16.65,23,4.38,8.81,1.896,1,0,0,0
TXN102955,100.37,9,6.14,3.31,0.95,0,1,0,0
TXN114730,28.0,5,34.44,13.25,1.735,0,0,1,1
TXN103694,14.41,19,10.28,13.79,1.203,0,0,0,0
TXN104463,15.57,12,0.49,0.93,0.655,0,0,0,0
TXN112300,417.42,15,6.42,0.51,0.867,1,1,1,0
TXN108668,25.29,14,12.35,8.62,1.232,0,0,0,0
TXN103415,99.06,14,14.22,1.75,0.784,0,0,0,0
TXN111462,74.61,0,1.83,11.03,1.243,1,0,0,0
TXN107893,10.5,16,7.82,2.84,1.288,1,1,0,0
TXN114008,14.23,18,12.78,4.51,1.644,1,1,0,0
TXN102282,10.72,0,18.0,1.0,1.887,1,1,0,0
TXN102743,6.37,15,3.91,1.49,0.546,0,1,0,0
TXN108111,12.52,18,15.61,4.08,0.294,0,0,1,0
TXN113372,30.0,9,26.91,2.12,0.935,0,0,0,0
TXN100728,32.05,15,1.57,9.49,1.706,1,0,1,0
TXN101632,108.27,14,9.03,1.42,1.363,1,1,1,0
TXN104045,69.02,14,5.03,1.52,1.567,0,0,0,0
TXN108205,75.48,10,9.76,1.76,1.32,1,1,0,0
TXN107465,50.15,9,26.25,3.1,1.21,1,1,0,0
TXN106207,12.31,16,3.73,7.91,0.678,0,1,1,0
TXN101023,14.84,4,31.55,9.74,0.572,1,1,1,0
TXN113252,50.92,5,0.34,0.25,1.172,1,1,1,0
TXN104703,66.06,14,9.05,2.12,1.24,0,1,1,0
TXN106157,9.4,12,10.55,8.78,0.719,1,1,0,0
TXN108627,10.82,12,12.32,11.42,1.149,1,0,0,0
TXN112305,17.97,9,10.23,7.26,1.247,1,1,1,0
TXN101782,76.82,14,0.38,5.46,0.298,1,0,0,0
TXN109995,7.23,13,10.77,11.35,2.484,1,1,0,0
TXN114684,42.92,17,7.7,49.37,0.4,0,0,0,1
TXN114543,56.09,12,11.89,2.62,1.506,1,0,0,0
TXN109306,57.34,13,11.1,7.67,0.25,0,1,0,0
TXN111571,29.35,8,0.01,0.02,0.472,0,1,0,0
TXN102389,14.36,12,12.84,0.47,0.379,1,1,0,0
TXN107548,24.87,6,5.54,0.17,1.845,1,1,1,0
TXN101953,122.94,1,17.64,0.67,1.316,1,1,0,0
TXN108536,70.98,22,12.13,8.86,0.827,1,1,0,0
TXN100032,34.93,22,5.48,1.77,0.772,0,1,0,0
TXN103935,12.97,17,17.51,7.11,0.564,1,1,1,0
TXN114833,21.45,5,39.94,7.03,1.247,1,0,1,1
TXN110791,3.57,3,5.49,1.86,1.38,0,0,1,0
TXN110838,23.65,18,27.4,3.09,0.988,1,0,1,0
TXN105813,7.3,14,10.34,3.7,0.315,0,1,1,0
TXN112320,19.02,19,5.81,10.06,1.136,0,0,0,0
TXN100372,7.78,6,9.1,3.26,0.742,1,1,0,0
TXN108849,31.74,9,1.81,5.89,1.089,1,0,1,0
TXN103742,35.22,18,2.21,12.67,1.868,1,0,0,0
TXN106316,210.53,12,10.34,11.94,0.622,1,1,1,0
TXN109278,229.37,14,19.74,3.42,1.441,0,1,0,0
TXN114744,309.92,9,12.29,28.88,4.805,0,0,0,1
TXN103098,16.05,12,8.06,8.74,1.201,0,0,0,0
TXN104604,1.17,14,4.2,6.98,1.147,1,0,0,0
TXN102248,62.05,15,11.0,4.83,1.011,1,1,1,0
TXN108106,14.1,16,19.74,0.68,0.674,1,1,1,0
TXN113604,247.65,15,9.91,8.96,0.972,0,1,0,0
TXN100860,26.73,7,6.55,7.79,0.351,0,1,0,0
TXN105703,487.54,20,5.53,2.31,2.089,1,0,0,0
TXN112332,75.9,13,2.76,0.84,1.73,1,0,0,0
TXN101534,34.66,16,19.54,7.41,0.437,0,1,0,0
TXN107309,86.85,19,10.52,10.28,0.554,1,0,1,0
TXN102592,10.84,20,15.82,6.9,0.373,0,1,0,0
TXN114960,24.67,16,16.44,14.23,1.574,0,1,1,1
TXN100489,21.27,2,8.44,5.54,1.544,1,1,0,0
TXN112791,72.19,13,6.7,6.7,1.101,0,1,0,0
TXN114548,27.92,12,11.98,0.45,1.618,1,1,1,0
TXN100133,38.41,19,3.8,5.58,1.186,0,1,0,0
TXN102108,51.85,13,3.92,14.71,0.219,1,1,0,0
TXN108882,15.86,13,14.43,5.15,2.059,1,0,1,0
TXN110266,65.62,11,2.56,7.81,0.989,0,1,0,0
TXN108073,18.34,12,7.85,0.75,1.427,1,1,0,0
TXN102148,51.31,2,15.21,17.0,1.202,1,1,1,0
TXN103603,29.78,15,19.89,7.36,0.814,1,0,0,0
TXN107756,16.93,9,20.73,3.98,0.879,1,1,1,0
TXN113262,20.47,0,5.79,2.19,1.136,1,1,1,0
TXN105784,195.92,17,3.86,10.66,1.584,0,0,0,0
TXN113064,11.39,12,11.06,2.5,2.977,1,0,0,0
TXN104884,22.51,20,21.24,4.02,0.203,1,1,0,0
TXN106664,21.89,14,17.07,7.19,1.577,1,1,0,0
TXN100363,6.11,17,14.86,23.81,1.483,1,1,0,0
TXN114645,188.24,18,33.34,26.39,1.05,0,0,1,1
TXN104891,31.53,11,7.79,13.08,0.084,1,0,0,0
TXN114224,32.58,8,7.8,0.28,0.942,0,1,0,0
TXN106972,12.01,13,9.18,2.12,0.985,1,1,0,0
TXN109820,41.47,17,0.7,1.9,1.513,1,1,1,0
TXN109468,36.72,23,11.78,13.32,0.894,1,0,1,0
TXN106688,8.45,18,27.86,12.53,1.682,1,0,0,0
TXN105035,46.37,5,10.56,4.03,0.664,0,0,1,0
TXN113793,53.07,3,5.8,12.78,1.158,1,0,0,0
TXN102489,70.25,19,3.25,9.71,0.686,0,0,0,0
TXN108839,43.57,16,3.83,2.59,1.477,1,0,0,0
TXN101003,147.08,16,21.73,6.3,0.273,1,1,0,0
TXN102524,44.72,21,5.72,15.13,0.143,1,0,0,0
TXN107190,22.08,20,13.11,4.54,1.412,0,1,0,0
TXN108145,73.52,10,6.35,11.0,1.566,0,1,1,0
TXN110302,70.97,17,3.68,10.45,0.61,0,1,0,0
TXN109364,12.88,14,4.55,3.34,0.176,0,1,0,0
TXN108675,30.9,16,8.19,0.8,0.856,1,0,0,0
TXN107895,6.77,11,0.54,6.24,1.877,1,0,1,0
TXN107170,16.42,20,10.46,4.53,1.373,0,0,1,0
TXN110002,57.07,15,24.26,9.16,0.283,1,0,1,0
TXN103329,60.74,4,12.46,6.39,1.307,0,0,1,0
TXN112340,6.03,18,7.25,3.98,1.574,1,1,0,0
TXN108434,77.81,16,3.17,10.66,0.581,1,1,0,0
TXN107341,50.11,13,3.34,9.95,0.2,1,1,0,0
TXN110275,59.14,2,2.01,1.13,1.267,1,1,0,0
TXN106081,41.07,11,11.86,7.18,1.037,1,1,0,0
TXN109394,34.98,12,9.49,0.29,2.166,0,1,1,0
TXN111943,42.45,7,0.72,5.76,0.868,1,1,0,0
TXN104834,75.66,21,6.07,2.28,0.833,0,1,0,0
TXN110360,33.79,11,4.19,2.47,0.282,1,0,0,0
TXN113587,177.37,18,25.63,6.4,0.852,1,0,1,0
TXN101019,5.81,17,3.8,9.25,2.221,1,1,0,0
TXN110284,31.1,14,12.57,7.84,0.879,1,0,0,0
TXN103372,27.71,15,4.17,0.65,0.117,1,1,1,0
TXN104932,8.29,9,15.87,3.13,0.431,0,0,0,0
TXN110316,28.9,21,12.28,2.16,0.506,1,1,1,0
TXN109936,43.7,10,9.91,2.4,1.534,0,1,1,0
TXN104464,19.17,9,5.97,17.72,1.205,1,1,0,0
TXN111146,111.98,16,17.63,1.48,0.81,1,1,1,0
TXN103284,232.84,12,15.96,0.83,0.533,1,0,1,0
TXN104363,119.35,22,10.54,14.22,1.948,1,1,0,0
TXN111575,17.85,3,23.0,5.7,0.491,1,0,1,0
TXN113016,7.16,10,1.52,5.79,0.892,1,0,1,0
TXN102492,58.34,13,1.99,16.57,1.863,1,0,0,0
TXN114839,35.23,4,23.43,5.65,1.456,1,0,0,1
TXN109711,9.16,6,5.38,4.49,0.511,1,1,0,0
TXN107201,29.59,4,7.46,17.29,1.376,0,1,1,0
TXN109225,114.82,15,11.97,0.77,2.586,1,1,0,0
TXN101712,29.07,12,2.1,2.83,2.073,1,1,0,0
TXN107328,41.9,7,3.43,16.99,1.054,1,1,0,0
TXN106429,52.13,15,4.8,6.12,1.002,1,1,1,0
TXN108487,11.2,13,4.14,0.75,1.489,1,1,1,0
TXN107784,78.21,17,0.81,3.44,1.002,0,1,0,0
TXN101848,47.12,20,13.63,22.53,1.547,1,0,1,0
TXN104721,18.52,11,14.0,5.3,1.344,1,1,1,0
TXN112565,36.11,20,11.15,9.75,1.109,1,0,0,0
TXN108689,75.69,16,2.68,2.34,0.536,1,1,0,0
TXN111867,91.6,19,1.1,5.79,1.035,1,1,0,0
TXN100484,232.35,16,13.08,4.33,0.94,1,1,1,0
TXN101520,126.2,15,16.33,0.95,0.191,0,1,1,0
TXN108374,42.68,20,2.05,2.21,1.206,1,1,0,0
TXN105066,29.41,11,2.96,0.75,1.164,0,1,0,0
TXN114139,58.78,13,10.18,2.76,0.806,1,0,0,0
TXN114512,81.15,15,15.25,4.35,0.888,0,1,1,0
TXN100684,8.85,13,5.32,8.76,0.297,1,1,0,0
TXN101768,25.91,9,7.44,2.3,0.947,0,1,0,0
TXN113146,177.58,8,4.52,1.03,1.93,1,1,1,0
TXN106180,48.45,17,15.34,4.73,1.505,1,1,0,0
TXN105276,22.17,8,13.56,4.73,1.719,1,1,1,0
TXN102050,57.49,17,15.38,0.3,0.283,1,0,0,0
TXN100754,17.6,11,7.63,6.75,1.748,1,1,0,0
TXN112796,17.34,16,8.94,11.05,0.377,1,0,0,0
TXN110737,105.44,12,21.27,3.73,1.571,1,1,1,0
TXN114644,26.85,13,28.64,2.48,1.63,1,1,0,1
TXN103361,31.49,15,8.23,9.78,1.453,0,1,1,0
TXN114269,10.99,12,7.15,1.54,1.815,1,1,0,0
TXN103632,30.7,9,12.34,3.46,1.755,1,1,0,0
TXN101438,13.85,16,23.13,3.54,0.199,1,0,1,0
TXN101445,9.09,19,5.61,4.92,1.015,1,1,1,0
TXN104237,62.18,4,18.37,8.67,0.319,1,1,1,0
TXN107391,17.44,9,14.78,8.9,0.145,0,0,0,0
TXN109056,428.71,12,8.28,8.01,1.028,1,1,0,0
TXN102231,212.49,10,1.37,6.59,1.105,0,0,0,0
TXN108011,20.56,7,3.98,5.09,0.952,1,0,0,0
TXN110514,36.27,7,11.42,6.48,1.148,1,1,1,0
TXN105106,25.59,14,8.24,5.31,0.637,1,1,1,0
TXN111152,75.44,10,7.45,2.2,1.452,1,1,1,0
TXN103744,32.69,14,6.85,16.72,1.33,1,1,1,0
TXN113136,16.23,21,0.02,8.58,1.398,1,1,0,0
TXN106655,31.71,11,5.71,0.74,1.696,1,1,0,0
TXN112176,255.24,18,4.71,0.24,0.185,1,0,0,0
TXN102779,37.01,9,7.03,3.07,2.209,1,0,0,0
TXN111875,37.78,4,22.36,4.17,0.993,0,1,0,0
TXN103044,35.03,18,14.56,11.89,0.994,0,0,1,0
TXN108060,23.48,9,11.79,6.7,0.782,1,0,0,0
TXN114282,47.84,1,4.96,3.02,1.531,1,1,0,0
TXN113175,29.95,3,4.87,1.14,1.505,1,0,1,0
TXN112405,20.23,13,0.83,15.99,1.135,1,0,0,0
TXN108021,6.62,22,2.43,12.2,1.824,1,0,0,0
TXN111265,15.19,17,23.56,12.92,1.637,1,0,1,0
TXN102161,18.99,23,12.68,0.6,1.155,1,1,0,0
TXN100545,118.84,15,0.34,3.0,0.843,1,1,1,0
TXN109981,49.81,10,10.04,4.35,1.144,1,0,1,0
TXN110405,46.12,9,21.26,13.8,1.425,0,1,0,0
TXN112231,19.96,10,0.17,10.9,1.926,0,1,0,0
TXN114264,23.03,0,6.51,14.44,1.481,1,1,0,0
TXN102232,42.58,7,2.74,9.07,1.06,0,1,1,0
TXN114271,147.36,17,0.43,11.05,0.179,0,1,0,0
TXN101396,57.05,15,1.45,2.63,0.559,0,0,1,0
TXN108466,20.92,19,3.63,4.64,1.488,1,1,0,0
TXN108896,48.64,7,1.14,6.34,0.807,1,1,0,0
TXN101024,5.44,18,12.84,13.86,0.852,0,1,1,0
TXN105686,96.6,2,0.31,9.47,0.324,0,0,0,0
TXN108055,26.59,8,13.39,0.69,0.664,1,0,1,0
TXN105660,35.25,11,13.83,4.69,1.603,1,1,0,0
TXN105838,57.75,8,1.5,4.04,0.841,1,1,0,0
TXN100383,72.04,15,1.43,8.73,0.039,1,1,1,0
TXN105525,257.59,19,28.47,12.17,0.637,1,0,0,0
TXN110801,127.05,15,12.42,0.2,0.299,0,1,0,0
TXN107188,30.06,16,1.29,4.18,1.131,1,0,1,0
TXN105925,52.13,19,24.14,3.79,0.141,0,1,0,0
TXN104272,22.3,17,5.71,15.57,2.022,1,0,1,0
TXN113647,63.7,12,0.09,8.78,1.557,0,1,0,0
TXN106523,35.76,23,2.81,2.99,0.823,1,1,0,0
TXN107713,15.29,21,15.42,6.35,0.941,1,1,0,0
TXN111435,5.69,21,12.41,5.94,1.917,1,0,0,0
TXN110759,203.89,18,4.78,16.22,1.032,1,1,1,0
TXN104926,19.74,16,2.97,1.61,0.831,1,0,0,0
TXN114843,5.0,0,0.65,9.22,2.013,1,1,1,1
TXN109834,87.84,20,5.01,6.78,0.828,0,0,0,0
TXN106557,25.83,9,10.39,15.77,1.046,0,1,0,0
TXN113921,44.88,9,3.17,3.42,0.802,1,0,1,0
TXN104718,71.82,8,11.48,5.09,1.389,0,1,1,0
TXN107016,18.48,11,1.06,3.88,1.441,1,1,0,0
TXN107749,49.56,3,9.44,4.66,1.854,0,1,0,0
TXN100858,197.75,14,7.55,2.3,2.593,0,1,1,0
TXN104019,6.2,0,14.35,2.35,1.28,1,0,0,0
TXN112929,5.18,18,30.89,2.19,1.436,0,1,0,0
TXN111580,60.91,22,6.88,3.93,0.466,1,1,0,0
TXN108127,33.01,11,23.52,13.68,1.715,1,1,0,0
TXN102306,46.03,13,0.73,19.7,1.966,0,0,1,0
TXN109026,32.44,12,1.13,1.26,1.362,1,0,0,0
TXN102710,32.06,11,10.05,7.4,1.557,0,1,0,0
TXN101498,28.37,22,15.82,1.46,1.076,1,1,0,0
TXN112625,14.65,15,2.07,11.25,2.06,0,1,1,0
TXN103610,35.98,3,1.84,5.96,1.253,1,0,0,0
TXN103576,15.16,13,13.11,6.79,1.191,0,1,1,0
TXN106542,23.6,3,2.97,6.77,1.527,1,0,0,0
TXN101447,20.2,14,8.8,19.24,0.842,1,1,1,0
TXN114941,46.36,5,23.88,60.55,0.631,1,0,1,1
TXN114252,24.07,10,6.71,5.76,0.821,1,1,1,0
TXN113972,81.93,8,13.55,10.22,0.736,0,0,1,0
TXN110720,43.62,19,16.04,11.44,1.04,0,1,0,0
TXN113431,62.68,12,12.79,4.84,0.338,1,1,0,0
TXN107061,23.18,18,7.52,0.02,1.383,1,0,0,0
TXN107818,23.55,17,13.95,9.46,0.777,1,1,0,0
TXN101705,21.98,11,5.57,2.85,2.28,1,1,0,0
TXN107161,14.88,13,21.44,5.93,1.556,1,0,0,0
TXN111115,13.15,10,7.17,3.6,0.783,1,0,1,0
TXN114026,149.79,7,16.93,9.4,1.986,0,0,1,0
TXN102707,24.7,14,2.03,3.92,0.17,1,1,1,0
TXN111261,41.43,15,18.28,19.12,1.265,1,0,0,0
TXN108981,26.67,13,5.75,7.51,0.786,1,1,1,0
TXN106400,31.2,16,4.48,4.62,1.777,1,1,1,0
TXN109160,42.75,9,10.55,3.9,0.85,0,1,1,0
TXN109859,73.47,11,13.55,9.11,2.203,1,0,1,0
TXN111513,176.36,13,0.28,1.15,1.033,0,0,1,0
TXN101688,6.76,20,27.19,14.14,0.561,0,1,0,0
TXN105994,66.02,11,14.69,3.22,1.424,1,0,1,0
