review_text,sentiment
"Good phone, works well most of the time and I'm satisfied overall.",neutral
"The mouse stopped working within a week, very disappointed.",negative
"Excellent build quality on this keyboard, worth every penny.",positive
"Excellent build quality on this backpack, worth every penny.",positive
"A fairly standard keyboard, similar to others I've owned before. Setup was straightforward.",neutral
"The blender is functional, though the design feels a little outdated.",neutral
"Best jacket I have ever bought, highly recommend to anyone looking for one. It took a while to arrive.",positive
The sofa works flawlessly and the customer service was fantastic too.,positive
"This mattress is a game changer, so glad I purchased it. Customer support responded quickly.",positive
"Fantastic monitor, easy to set up and performs beautifully. It took a while to arrive.",positive
"This air fryer broke after just two days, complete waste of money.",negative
I love this backpack! Works perfectly and looks even better than the photos. It took a while to arrive.,positive
"Awful experience with this jacket, arrived damaged and support ignored me. It took a while to arrive.",negative
I love this monitor! Works perfectly and looks even better than the photos.,positive
"It's a decent mouse for the price, though I expected a bit more.",neutral
"I regret buying this router, poor quality and flimsy materials. Customer support responded quickly.",negative
"Wonderful keyboard, comfortable and durable, will buy again. Not sure if I'd repurchase.",positive
"The sofa arrived on time, packaging was standard, quality is acceptable.",neutral
"Not bad, not great — this mattress does the job adequately.",neutral
"The phone arrived on time, packaging was standard, quality is acceptable. Packaging could be better.",neutral
"Fantastic vacuum cleaner, easy to set up and performs beautifully.",positive
"The keyboard works as expected, no complaints but nothing outstanding either.",neutral
"This keyboard is fine for occasional use, wouldn't call it exceptional.",neutral
"Reasonable mattress overall, meets basic requirements without any surprises. The instructions were unclear.",neutral
"Best watch I have ever bought, highly recommend to anyone looking for one. It took a while to arrive.",positive
"This shoes is fine for occasional use, wouldn't call it exceptional.",neutral
I love this monitor! Works perfectly and looks even better than the photos.,positive
I love this mouse! Works perfectly and looks even better than the photos. Not sure if I'd repurchase.,positive
"Good blender, works well most of the time and I'm satisfied overall.",positive
"This keyboard is fine for occasional use, wouldn't call it exceptional.",neutral
"The blender arrived on time, packaging was standard, quality is acceptable.",neutral
The blender works flawlessly and the customer service was fantastic too.,positive
"This laptop is a game changer, so glad I purchased it. Not sure if I'd repurchase.",positive
"The keyboard is good enough I suppose, but also somewhat underwhelming.",neutral
"Great quality monitor, exceeded my expectations and arrived quickly. Customer support responded quickly.",positive
"Fantastic mouse, easy to set up and performs beautifully.",positive
"This phone broke after just two days, complete waste of money. Shipping was fast.",negative
"I regret buying this air fryer, poor quality and flimsy materials.",negative
"This jacket is fine for occasional use, wouldn't call it exceptional. Would consider buying again.",neutral
"The monitor stopped working within a week, very disappointed.",negative
"Good vacuum cleaner, works well most of the time and I'm satisfied overall. It took a while to arrive.",positive
I love this watch! Works perfectly and looks even better than the photos.,positive
"I regret buying this backpack, poor quality and flimsy materials.",negative
"The tablet is functional, though the design feels a little outdated. The instructions were unclear.",neutral
The air fryer works flawlessly and the customer service was fantastic too. Not sure if I'd repurchase.,positive
"Fantastic mattress, easy to set up and performs beautifully. Would consider buying again.",positive
"Good keyboard, works well most of the time and I'm satisfied overall.",positive
"The air fryer arrived on time, packaging was standard, quality is acceptable.",neutral
The tablet works flawlessly and the customer service was fantastic too. It took a while to arrive.,positive
"The headphones is functional, though the design feels a little outdated.",neutral
"This shoes is average, works fine for basic use. Setup was straightforward.",neutral
"The shoes stopped working within a week, very disappointed.",negative
"Not bad, not great — this shoes does the job adequately.",neutral
"Do not buy this mattress, it is overpriced and badly made.",negative
"Fantastic watch, easy to set up and performs beautifully.",positive
"Good air fryer, works well most of the time and I'm satisfied overall.",positive
"Excellent build quality on this monitor, worth every penny.",positive
"A fairly standard shoes, similar to others I've owned before.",neutral
"Good mouse, works well most of the time and I'm satisfied overall.",positive
"The shoes is good enough I suppose, but also somewhat underwhelming.",neutral
"Worst router I've purchased, malfunctioned right out of the box.",negative
"The charger is functional, though the design feels a little outdated.",neutral
"Great quality router, exceeded my expectations and arrived quickly.",positive
"Very disappointed with this headphones, nothing like the description.",negative
"Excellent build quality on this blender, worth every penny. Setup was straightforward.",positive
"This backpack is fine for occasional use, wouldn't call it exceptional.",neutral
"Best camera I have ever bought, highly recommend to anyone looking for one.",positive
"This jacket is fine for occasional use, wouldn't call it exceptional. Not sure if I'd repurchase.",neutral
"Reasonable sofa overall, meets basic requirements without any surprises.",neutral
"Terrible laptop, does not work as advertised and support was unhelpful.",negative
"Wonderful keyboard, comfortable and durable, will buy again.",positive
The blender is okay in some ways but honestly kind of disappointing overall.,negative
"The headphones arrived on time, packaging was standard, quality is acceptable.",neutral
"Reasonable speaker overall, meets basic requirements without any surprises.",neutral
"This camera is fine for occasional use, wouldn't call it exceptional.",neutral
"Good vacuum cleaner, works well most of the time and I'm satisfied overall.",positive
"Wonderful mattress, comfortable and durable, will buy again.",positive
"This router broke after just two days, complete waste of money.",neutral
"Excellent build quality on this speaker, worth every penny. Setup was straightforward.",positive
"Not bad, not great — this tablet does the job adequately. Setup was straightforward.",positive
"This camera is a game changer, so glad I purchased it.",positive
"Awful experience with this jacket, arrived damaged and support ignored me. It took a while to arrive.",negative
"The speaker is good enough I suppose, but also somewhat underwhelming.",negative
"The jacket arrived on time, packaging was standard, quality is acceptable. Not sure if I'd repurchase.",positive
"Awful experience with this backpack, arrived damaged and support ignored me.",negative
"The blender is functional, though the design feels a little outdated.",neutral
"Very disappointed with this laptop, nothing like the description.",negative
"This blender is a game changer, so glad I purchased it. Setup was straightforward.",positive
"I regret buying this phone, poor quality and flimsy materials. Would consider buying again.",negative
"Very disappointed with this charger, nothing like the description.",negative
"Worst headphones I've purchased, malfunctioned right out of the box.",negative
"The mouse is functional, though the design feels a little outdated.",neutral
"The sofa is okay, does what it says but nothing special. Shipping was fast.",neutral
"Super happy with this monitor, it solved exactly the problem I had.",positive
"The phone works as expected, no complaints but nothing outstanding either.",neutral
"The router is good enough I suppose, but also somewhat underwhelming.",negative
"Terrible headphones, does not work as advertised and support was unhelpful. The instructions were unclear.",negative
"Not bad, not great — this air fryer does the job adequately. The instructions were unclear.",neutral
"Very disappointed with this keyboard, nothing like the description.",negative
"Awful experience with this router, arrived damaged and support ignored me.",negative
The blender is okay in some ways but honestly kind of disappointing overall.,negative
"This sofa broke after just two days, complete waste of money. Would consider buying again.",negative
"This phone is fine for occasional use, wouldn't call it exceptional.",negative
"The blender arrived on time, packaging was standard, quality is acceptable.",neutral
"The monitor stopped working within a week, very disappointed.",neutral
I love this charger! Works perfectly and looks even better than the photos.,positive
"This keyboard is absolutely amazing, I use it every day and it never disappoints.",positive
"Wonderful blender, comfortable and durable, will buy again.",neutral
"The vacuum cleaner stopped working within a week, very disappointed.",negative
"The phone is noisy, slow, and generally a frustrating experience. The instructions were unclear.",negative
I love this jacket! Works perfectly and looks even better than the photos.,positive
I love this router! Works perfectly and looks even better than the photos.,positive
"Super happy with this laptop, it solved exactly the problem I had. Not sure if I'd repurchase.",positive
I love this mouse! Works perfectly and looks even better than the photos.,positive
"The router arrived on time, packaging was standard, quality is acceptable.",neutral
I love this mattress! Works perfectly and looks even better than the photos.,positive
"Wonderful camera, comfortable and durable, will buy again. Packaging could be better.",positive
"The shoes is noisy, slow, and generally a frustrating experience.",negative
"Super happy with this speaker, it solved exactly the problem I had.",positive
"This tablet is fine for occasional use, wouldn't call it exceptional.",neutral
"This phone is fine for occasional use, wouldn't call it exceptional. Shipping was fast.",neutral
"Not bad, not great — this shoes does the job adequately. Setup was straightforward.",neutral
"Great quality watch, exceeded my expectations and arrived quickly. It took a while to arrive.",positive
"This shoes is fine for occasional use, wouldn't call it exceptional.",neutral
"The vacuum cleaner is good enough I suppose, but also somewhat underwhelming.",neutral
"This phone is fine for occasional use, wouldn't call it exceptional.",negative
"Worst backpack I've purchased, malfunctioned right out of the box.",neutral
"A fairly standard sofa, similar to others I've owned before. The instructions were unclear.",neutral
"This watch is absolutely amazing, I use it every day and it never disappoints.",positive
"Super happy with this camera, it solved exactly the problem I had.",positive
"Great quality tablet, exceeded my expectations and arrived quickly.",positive
"Wonderful vacuum cleaner, comfortable and durable, will buy again. Customer support responded quickly.",positive
"The laptop arrived on time, packaging was standard, quality is acceptable.",neutral
"Not bad, not great — this phone does the job adequately.",neutral
"Fantastic backpack, easy to set up and performs beautifully.",positive
"The blender arrived on time, packaging was standard, quality is acceptable.",neutral
"Fantastic shoes, easy to set up and performs beautifully. Customer support responded quickly.",positive
"It's a decent jacket for the price, though I expected a bit more. Would consider buying again.",neutral
"Great quality mattress, exceeded my expectations and arrived quickly.",positive
"This watch is absolutely amazing, I use it every day and it never disappoints. Packaging could be better.",positive
"A fairly standard router, similar to others I've owned before.",neutral
"Excellent build quality on this sofa, worth every penny. Customer support responded quickly.",positive
"Awful experience with this camera, arrived damaged and support ignored me.",negative
"The monitor is okay, does what it says but nothing special.",neutral
"Awful experience with this speaker, arrived damaged and support ignored me.",negative
"Excellent build quality on this backpack, worth every penny.",positive
"Worst mouse I've purchased, malfunctioned right out of the box.",negative
"Fantastic mattress, easy to set up and performs beautifully.",positive
"Awful experience with this monitor, arrived damaged and support ignored me.",negative
"Reasonable vacuum cleaner overall, meets basic requirements without any surprises. Customer support responded quickly.",positive
"Great quality shoes, exceeded my expectations and arrived quickly.",positive
"It's a decent headphones for the price, though I expected a bit more. Packaging could be better.",neutral
"Terrible watch, does not work as advertised and support was unhelpful.",negative
I love this watch! Works perfectly and looks even better than the photos.,positive
"The mattress is okay, does what it says but nothing special.",neutral
"The air fryer is functional, though the design feels a little outdated.",neutral
"Worst shoes I've purchased, malfunctioned right out of the box.",negative
"The shoes works as expected, no complaints but nothing outstanding either.",neutral
"The headphones is noisy, slow, and generally a frustrating experience.",negative
"This router is uncomfortable and cheaply built, would not recommend.",negative
"This monitor is a game changer, so glad I purchased it.",positive
"Awful experience with this headphones, arrived damaged and support ignored me.",negative
"Not bad, not great — this laptop does the job adequately.",neutral
"Reasonable router overall, meets basic requirements without any surprises. Would consider buying again.",neutral
"This mouse is fine for occasional use, wouldn't call it exceptional.",neutral
"Excellent build quality on this mattress, worth every penny. Shipping was fast.",positive
"Terrible camera, does not work as advertised and support was unhelpful. Customer support responded quickly.",negative
The charger works flawlessly and the customer service was fantastic too. Not sure if I'd repurchase.,positive
"The headphones is okay, does what it says but nothing special.",neutral
"Super happy with this tablet, it solved exactly the problem I had. Would consider buying again.",positive
"The monitor is noisy, slow, and generally a frustrating experience.",negative
"Awful experience with this headphones, arrived damaged and support ignored me.",negative
"Super happy with this monitor, it solved exactly the problem I had.",positive
"This headphones is absolutely amazing, I use it every day and it never disappoints. Shipping was fast.",positive
"Best watch I have ever bought, highly recommend to anyone looking for one.",positive
"The backpack works as expected, no complaints but nothing outstanding either. Packaging could be better.",neutral
"It's a decent router for the price, though I expected a bit more. Customer support responded quickly.",neutral
"Very disappointed with this charger, nothing like the description. Not sure if I'd repurchase.",negative
"The shoes is noisy, slow, and generally a frustrating experience.",neutral
"I regret buying this backpack, poor quality and flimsy materials.",neutral
"This watch broke after just two days, complete waste of money.",negative
"Reasonable keyboard overall, meets basic requirements without any surprises.",neutral
"A fairly standard headphones, similar to others I've owned before.",neutral
"This phone is a game changer, so glad I purchased it.",positive
"Best shoes I have ever bought, highly recommend to anyone looking for one. Shipping was fast.",negative
"The backpack is functional, though the design feels a little outdated.",neutral
"This keyboard is fine for occasional use, wouldn't call it exceptional.",neutral
"Excellent build quality on this charger, worth every penny.",positive
"Fantastic phone, easy to set up and performs beautifully.",positive
I love this charger! Works perfectly and looks even better than the photos. It took a while to arrive.,positive
I love this speaker! Works perfectly and looks even better than the photos. Packaging could be better.,positive
"The phone is okay, does what it says but nothing special. Would consider buying again.",neutral
"The tablet is functional, though the design feels a little outdated.",neutral
"This vacuum cleaner is uncomfortable and cheaply built, would not recommend.",negative
"This router is a game changer, so glad I purchased it.",positive
"Fantastic router, easy to set up and performs beautifully.",positive
"The sofa arrived on time, packaging was standard, quality is acceptable.",neutral
"Super happy with this vacuum cleaner, it solved exactly the problem I had.",positive
"The air fryer works as expected, no complaints but nothing outstanding either.",neutral
"Worst router I've purchased, malfunctioned right out of the box.",negative
"Best mattress I have ever bought, highly recommend to anyone looking for one.",positive
"This charger is absolutely amazing, I use it every day and it never disappoints.",positive
"Worst phone I've purchased, malfunctioned right out of the box.",negative
"The phone is okay, does what it says but nothing special.",neutral
"This headphones is a game changer, so glad I purchased it.",positive
"Do not buy this keyboard, it is overpriced and badly made. Shipping was fast.",negative
"The shoes is good enough I suppose, but also somewhat underwhelming. Customer support responded quickly.",neutral
"The tablet is good enough I suppose, but also somewhat underwhelming.",neutral
"Excellent build quality on this phone, worth every penny. Customer support responded quickly.",positive
"It's a decent air fryer for the price, though I expected a bit more. Would consider buying again.",neutral
"Very disappointed with this jacket, nothing like the description.",negative
"Fantastic router, easy to set up and performs beautifully.",positive
The charger works flawlessly and the customer service was fantastic too. Would consider buying again.,positive
"It's a decent tablet for the price, though I expected a bit more. Customer support responded quickly.",neutral
"I regret buying this keyboard, poor quality and flimsy materials.",negative
"Do not buy this watch, it is overpriced and badly made.",negative
"Super happy with this watch, it solved exactly the problem I had.",positive
"The mouse works as expected, no complaints but nothing outstanding either.",neutral
"The phone is noisy, slow, and generally a frustrating experience.",negative
"Great quality air fryer, exceeded my expectations and arrived quickly.",positive
I love this vacuum cleaner! Works perfectly and looks even better than the photos.,positive
The sofa is okay in some ways but honestly kind of disappointing overall.,negative
"Best tablet I have ever bought, highly recommend to anyone looking for one. The instructions were unclear.",positive
"Do not buy this jacket, it is overpriced and badly made.",negative
"The monitor is good enough I suppose, but also somewhat underwhelming. It took a while to arrive.",neutral
"Great quality jacket, exceeded my expectations and arrived quickly.",positive
"Excellent build quality on this vacuum cleaner, worth every penny.",positive
The tablet is okay in some ways but honestly kind of disappointing overall.,negative
"Good mouse, works well most of the time and I'm satisfied overall. Shipping was fast.",positive
"This tablet is uncomfortable and cheaply built, would not recommend.",negative
"This tablet is a game changer, so glad I purchased it. Packaging could be better.",positive
"The camera is okay, does what it says but nothing special.",neutral
The phone is okay in some ways but honestly kind of disappointing overall. Would consider buying again.,negative
"The monitor is okay, does what it says but nothing special. Customer support responded quickly.",neutral
"Awful experience with this backpack, arrived damaged and support ignored me.",negative
"Worst tablet I've purchased, malfunctioned right out of the box.",negative
"Not bad, not great — this keyboard does the job adequately.",neutral
"This vacuum cleaner is uncomfortable and cheaply built, would not recommend. Not sure if I'd repurchase.",negative
"Great quality backpack, exceeded my expectations and arrived quickly. Setup was straightforward.",positive
"The vacuum cleaner arrived on time, packaging was standard, quality is acceptable.",neutral
"The shoes is okay, does what it says but nothing special.",neutral
"The keyboard works as expected, no complaints but nothing outstanding either.",neutral
I love this laptop! Works perfectly and looks even better than the photos.,positive
"A fairly standard backpack, similar to others I've owned before.",positive
"Reasonable air fryer overall, meets basic requirements without any surprises.",neutral
The shoes is okay in some ways but honestly kind of disappointing overall.,negative
"Best speaker I have ever bought, highly recommend to anyone looking for one. Shipping was fast.",positive
"This mattress is a game changer, so glad I purchased it.",positive
"It's a decent headphones for the price, though I expected a bit more.",neutral
The keyboard is okay in some ways but honestly kind of disappointing overall.,negative
"The router is okay, does what it says but nothing special. Packaging could be better.",neutral
"The backpack is good enough I suppose, but also somewhat underwhelming.",neutral
"Terrible keyboard, does not work as advertised and support was unhelpful. The instructions were unclear.",negative
The keyboard works flawlessly and the customer service was fantastic too.,positive
"Fantastic blender, easy to set up and performs beautifully.",positive
"This backpack is absolutely amazing, I use it every day and it never disappoints. Shipping was fast.",positive
"Good watch, works well most of the time and I'm satisfied overall. The instructions were unclear.",positive
The shoes is okay in some ways but honestly kind of disappointing overall.,negative
The speaker is okay in some ways but honestly kind of disappointing overall. Customer support responded quickly.,negative
"This sofa is absolutely amazing, I use it every day and it never disappoints.",positive
"Not bad, not great — this tablet does the job adequately.",neutral
"Wonderful vacuum cleaner, comfortable and durable, will buy again.",positive
"Wonderful laptop, comfortable and durable, will buy again.",positive
"Awful experience with this camera, arrived damaged and support ignored me.",negative
"Fantastic air fryer, easy to set up and performs beautifully.",positive
"Reasonable watch overall, meets basic requirements without any surprises.",positive
"This watch is a game changer, so glad I purchased it. Would consider buying again.",positive
"Do not buy this camera, it is overpriced and badly made. Would consider buying again.",negative
The jacket is okay in some ways but honestly kind of disappointing overall. Shipping was fast.,negative
"Awful experience with this phone, arrived damaged and support ignored me.",negative
The backpack is okay in some ways but honestly kind of disappointing overall. Would consider buying again.,negative
"Awful experience with this tablet, arrived damaged and support ignored me. Packaging could be better.",negative
"Worst sofa I've purchased, malfunctioned right out of the box. Shipping was fast.",neutral
"The router stopped working within a week, very disappointed.",negative
"This shoes broke after just two days, complete waste of money.",negative
"This phone is fine for occasional use, wouldn't call it exceptional.",neutral
"Worst camera I've purchased, malfunctioned right out of the box. Not sure if I'd repurchase.",negative
"Do not buy this blender, it is overpriced and badly made.",neutral
"Great quality laptop, exceeded my expectations and arrived quickly.",positive
I love this mattress! Works perfectly and looks even better than the photos.,positive
"I regret buying this tablet, poor quality and flimsy materials.",negative
"This air fryer is uncomfortable and cheaply built, would not recommend. Shipping was fast.",positive
"Not bad, not great — this shoes does the job adequately.",neutral
"This laptop is uncomfortable and cheaply built, would not recommend.",negative
"Do not buy this tablet, it is overpriced and badly made. Would consider buying again.",negative
"Awful experience with this shoes, arrived damaged and support ignored me.",positive
"The jacket is noisy, slow, and generally a frustrating experience.",negative
"Wonderful laptop, comfortable and durable, will buy again.",positive
"Do not buy this router, it is overpriced and badly made. It took a while to arrive.",negative
"This router is a game changer, so glad I purchased it.",positive
"I regret buying this watch, poor quality and flimsy materials.",negative
"Wonderful vacuum cleaner, comfortable and durable, will buy again.",positive
"Good blender, works well most of the time and I'm satisfied overall.",positive
"Terrible laptop, does not work as advertised and support was unhelpful. Would consider buying again.",negative
"Excellent build quality on this shoes, worth every penny.",positive
"This shoes broke after just two days, complete waste of money.",negative
"The monitor is noisy, slow, and generally a frustrating experience.",negative
"Good camera, works well most of the time and I'm satisfied overall. It took a while to arrive.",positive
"The watch is good enough I suppose, but also somewhat underwhelming. Would consider buying again.",neutral
The headphones works flawlessly and the customer service was fantastic too. Setup was straightforward.,positive
"The sofa is noisy, slow, and generally a frustrating experience.",negative
"It's a decent monitor for the price, though I expected a bit more. It took a while to arrive.",neutral
"Great quality watch, exceeded my expectations and arrived quickly.",positive
"This watch is uncomfortable and cheaply built, would not recommend.",negative
"Reasonable sofa overall, meets basic requirements without any surprises. Shipping was fast.",neutral
"This monitor broke after just two days, complete waste of money.",negative
"Terrible keyboard, does not work as advertised and support was unhelpful. The instructions were unclear.",negative
"Do not buy this router, it is overpriced and badly made.",negative
"This sofa broke after just two days, complete waste of money.",negative
"Best jacket I have ever bought, highly recommend to anyone looking for one.",positive
"This air fryer is uncomfortable and cheaply built, would not recommend.",negative
"This sofa is a game changer, so glad I purchased it.",positive
"Super happy with this mouse, it solved exactly the problem I had. The instructions were unclear.",positive
"The monitor is good enough I suppose, but also somewhat underwhelming.",neutral
"Awful experience with this mattress, arrived damaged and support ignored me.",negative
"This keyboard is average, works fine for basic use. Setup was straightforward.",neutral
"The speaker is okay, does what it says but nothing special.",neutral
"This phone is a game changer, so glad I purchased it.",positive
"The mattress works as expected, no complaints but nothing outstanding either.",neutral
"This laptop is absolutely amazing, I use it every day and it never disappoints.",positive
"This tablet is average, works fine for basic use. It took a while to arrive.",negative
"Good vacuum cleaner, works well most of the time and I'm satisfied overall. It took a while to arrive.",positive
"Awful experience with this jacket, arrived damaged and support ignored me.",negative
"Fantastic sofa, easy to set up and performs beautifully.",positive
"Excellent build quality on this sofa, worth every penny. It took a while to arrive.",positive
"The jacket is okay, does what it says but nothing special.",neutral
"The mattress works as expected, no complaints but nothing outstanding either. Would consider buying again.",neutral
I love this jacket! Works perfectly and looks even better than the photos.,positive
"The backpack works as expected, no complaints but nothing outstanding either. It took a while to arrive.",neutral
"Fantastic monitor, easy to set up and performs beautifully.",positive
"This mouse is average, works fine for basic use. Would consider buying again.",neutral
"Very disappointed with this jacket, nothing like the description.",negative
"I regret buying this headphones, poor quality and flimsy materials.",negative
The router is okay in some ways but honestly kind of disappointing overall.,negative
"This monitor is average, works fine for basic use.",neutral
"It's a decent tablet for the price, though I expected a bit more.",neutral
"Wonderful blender, comfortable and durable, will buy again.",positive
"The backpack is good enough I suppose, but also somewhat underwhelming.",neutral
"Best blender I have ever bought, highly recommend to anyone looking for one.",positive
"It's a decent phone for the price, though I expected a bit more.",neutral
"Terrible camera, does not work as advertised and support was unhelpful.",negative
"This backpack is uncomfortable and cheaply built, would not recommend. The instructions were unclear.",negative
The charger is okay in some ways but honestly kind of disappointing overall.,negative
"Fantastic backpack, easy to set up and performs beautifully.",positive
"This keyboard is fine for occasional use, wouldn't call it exceptional. Packaging could be better.",neutral
The shoes is okay in some ways but honestly kind of disappointing overall.,negative
"Awful experience with this jacket, arrived damaged and support ignored me.",negative
"The watch is good enough I suppose, but also somewhat underwhelming.",neutral
"Best blender I have ever bought, highly recommend to anyone looking for one. Setup was straightforward.",positive
"Not bad, not great — this keyboard does the job adequately. Setup was straightforward.",neutral
The backpack is okay in some ways but honestly kind of disappointing overall.,negative
I love this mouse! Works perfectly and looks even better than the photos. Packaging could be better.,positive
"The headphones is functional, though the design feels a little outdated.",neutral
"Super happy with this camera, it solved exactly the problem I had.",positive
"I regret buying this sofa, poor quality and flimsy materials. Not sure if I'd repurchase.",negative
"Best sofa I have ever bought, highly recommend to anyone looking for one.",positive
"This shoes is fine for occasional use, wouldn't call it exceptional.",neutral
"The headphones arrived on time, packaging was standard, quality is acceptable. Shipping was fast.",neutral
"Very disappointed with this blender, nothing like the description.",negative
"Reasonable shoes overall, meets basic requirements without any surprises.",neutral
The mouse is okay in some ways but honestly kind of disappointing overall. Customer support responded quickly.,negative
"Fantastic tablet, easy to set up and performs beautifully. Setup was straightforward.",positive
"This air fryer is absolutely amazing, I use it every day and it never disappoints. The instructions were unclear.",positive
"Reasonable sofa overall, meets basic requirements without any surprises.",neutral
"Not bad, not great — this mouse does the job adequately. Setup was straightforward.",neutral
"Fantastic monitor, easy to set up and performs beautifully.",positive
"Super happy with this vacuum cleaner, it solved exactly the problem I had. Packaging could be better.",positive
"Wonderful blender, comfortable and durable, will buy again.",positive
The router works flawlessly and the customer service was fantastic too.,positive
The camera works flawlessly and the customer service was fantastic too. Not sure if I'd repurchase.,neutral
"The keyboard arrived on time, packaging was standard, quality is acceptable.",neutral
"The monitor is noisy, slow, and generally a frustrating experience.",negative
"Super happy with this monitor, it solved exactly the problem I had.",positive
"The mouse is good enough I suppose, but also somewhat underwhelming.",neutral
"Terrible keyboard, does not work as advertised and support was unhelpful.",negative
The mattress is okay in some ways but honestly kind of disappointing overall.,negative
"The router is okay, does what it says but nothing special. Not sure if I'd repurchase.",neutral
"Fantastic air fryer, easy to set up and performs beautifully.",positive
"Best sofa I have ever bought, highly recommend to anyone looking for one.",positive
"Worst router I've purchased, malfunctioned right out of the box. Setup was straightforward.",negative
"Best blender I have ever bought, highly recommend to anyone looking for one.",positive
"Terrible laptop, does not work as advertised and support was unhelpful.",negative
I love this charger! Works perfectly and looks even better than the photos. Packaging could be better.,positive
"Super happy with this router, it solved exactly the problem I had. Setup was straightforward.",positive
"Wonderful shoes, comfortable and durable, will buy again. It took a while to arrive.",positive
"Reasonable charger overall, meets basic requirements without any surprises.",neutral
"Not bad, not great — this laptop does the job adequately.",neutral
"Worst monitor I've purchased, malfunctioned right out of the box.",negative
"The mouse works as expected, no complaints but nothing outstanding either.",neutral
"Fantastic vacuum cleaner, easy to set up and performs beautifully. Would consider buying again.",positive
"Worst phone I've purchased, malfunctioned right out of the box.",negative
The laptop works flawlessly and the customer service was fantastic too. Would consider buying again.,positive
"The mouse is okay, does what it says but nothing special.",neutral
"Not bad, not great — this mouse does the job adequately.",negative
"Awful experience with this headphones, arrived damaged and support ignored me. Customer support responded quickly.",negative
"Wonderful sofa, comfortable and durable, will buy again.",positive
"The air fryer is okay, does what it says but nothing special. Packaging could be better.",neutral
"The tablet is functional, though the design feels a little outdated.",neutral
"Wonderful mattress, comfortable and durable, will buy again.",positive
"The camera is good enough I suppose, but also somewhat underwhelming.",neutral
"Wonderful mattress, comfortable and durable, will buy again.",positive
"Not bad, not great — this router does the job adequately. Customer support responded quickly.",neutral
"Reasonable air fryer overall, meets basic requirements without any surprises.",neutral
"This mattress is absolutely amazing, I use it every day and it never disappoints.",positive
"Awful experience with this headphones, arrived damaged and support ignored me.",negative
"Reasonable vacuum cleaner overall, meets basic requirements without any surprises.",neutral
"The tablet works as expected, no complaints but nothing outstanding either.",neutral
"Not bad, not great — this watch does the job adequately.",neutral
"This headphones is uncomfortable and cheaply built, would not recommend.",negative
I love this charger! Works perfectly and looks even better than the photos. Customer support responded quickly.,positive
"Best backpack I have ever bought, highly recommend to anyone looking for one. Not sure if I'd repurchase.",positive
"Terrible router, does not work as advertised and support was unhelpful.",negative
"This jacket is absolutely amazing, I use it every day and it never disappoints.",positive
"I regret buying this headphones, poor quality and flimsy materials.",negative
"This charger is fine for occasional use, wouldn't call it exceptional. Setup was straightforward.",neutral
"Very disappointed with this speaker, nothing like the description.",negative
"The backpack is noisy, slow, and generally a frustrating experience.",neutral
"A fairly standard monitor, similar to others I've owned before. It took a while to arrive.",neutral
The monitor is okay in some ways but honestly kind of disappointing overall. The instructions were unclear.,negative
"Best air fryer I have ever bought, highly recommend to anyone looking for one. Packaging could be better.",positive
"Great quality phone, exceeded my expectations and arrived quickly. The instructions were unclear.",positive
"This camera is absolutely amazing, I use it every day and it never disappoints.",positive
"Excellent build quality on this tablet, worth every penny. Would consider buying again.",positive
The camera works flawlessly and the customer service was fantastic too. Packaging could be better.,positive
"The jacket is good enough I suppose, but also somewhat underwhelming. Packaging could be better.",neutral
"It's a decent mattress for the price, though I expected a bit more.",neutral
"Wonderful monitor, comfortable and durable, will buy again. It took a while to arrive.",positive
"Wonderful camera, comfortable and durable, will buy again.",positive
"This blender is absolutely amazing, I use it every day and it never disappoints. Shipping was fast.",positive
"The shoes stopped working within a week, very disappointed.",negative
"The headphones is okay, does what it says but nothing special.",neutral
The speaker is okay in some ways but honestly kind of disappointing overall.,negative
"This monitor is uncomfortable and cheaply built, would not recommend. Customer support responded quickly.",negative
I love this air fryer! Works perfectly and looks even better than the photos. Shipping was fast.,positive
"The jacket works as expected, no complaints but nothing outstanding either. Packaging could be better.",neutral
"This blender is a game changer, so glad I purchased it.",positive
"Not bad, not great — this shoes does the job adequately.",neutral
"This mouse is average, works fine for basic use. Would consider buying again.",neutral
"The jacket is noisy, slow, and generally a frustrating experience.",negative
"Worst mouse I've purchased, malfunctioned right out of the box. Packaging could be better.",positive
"A fairly standard sofa, similar to others I've owned before.",neutral
"The charger is okay, does what it says but nothing special.",neutral
"This charger is a game changer, so glad I purchased it.",positive
"This headphones is absolutely amazing, I use it every day and it never disappoints.",positive
"The sofa is good enough I suppose, but also somewhat underwhelming. The instructions were unclear.",neutral
"The mattress arrived on time, packaging was standard, quality is acceptable. It took a while to arrive.",neutral
"Excellent build quality on this monitor, worth every penny. Packaging could be better.",positive
"Very disappointed with this blender, nothing like the description. Would consider buying again.",negative
"Worst tablet I've purchased, malfunctioned right out of the box.",negative
"Do not buy this keyboard, it is overpriced and badly made. The instructions were unclear.",positive
"This charger broke after just two days, complete waste of money. It took a while to arrive.",negative
"Reasonable headphones overall, meets basic requirements without any surprises. It took a while to arrive.",neutral
"Super happy with this headphones, it solved exactly the problem I had. The instructions were unclear.",negative
"This tablet is uncomfortable and cheaply built, would not recommend. The instructions were unclear.",negative
"Reasonable camera overall, meets basic requirements without any surprises. Shipping was fast.",neutral
"Fantastic mouse, easy to set up and performs beautifully.",positive
"Do not buy this vacuum cleaner, it is overpriced and badly made.",negative
The vacuum cleaner is okay in some ways but honestly kind of disappointing overall.,negative
"Worst headphones I've purchased, malfunctioned right out of the box. Customer support responded quickly.",negative
"Good laptop, works well most of the time and I'm satisfied overall.",positive
"The router arrived on time, packaging was standard, quality is acceptable.",neutral
"I regret buying this jacket, poor quality and flimsy materials.",negative
"This charger broke after just two days, complete waste of money.",negative
"This phone is a game changer, so glad I purchased it. The instructions were unclear.",negative
The phone works flawlessly and the customer service was fantastic too. Setup was straightforward.,positive
"This keyboard is fine for occasional use, wouldn't call it exceptional. Customer support responded quickly.",neutral
"Excellent build quality on this router, worth every penny. Would consider buying again.",positive
"Fantastic vacuum cleaner, easy to set up and performs beautifully.",positive
"It's a decent phone for the price, though I expected a bit more. Packaging could be better.",neutral
"Excellent build quality on this watch, worth every penny.",positive
"This speaker is uncomfortable and cheaply built, would not recommend. Not sure if I'd repurchase.",negative
"Good mouse, works well most of the time and I'm satisfied overall.",positive
"Very disappointed with this keyboard, nothing like the description. Setup was straightforward.",negative
"This blender is fine for occasional use, wouldn't call it exceptional. It took a while to arrive.",neutral
"The blender is noisy, slow, and generally a frustrating experience.",negative
"Excellent build quality on this phone, worth every penny.",positive
"I regret buying this backpack, poor quality and flimsy materials.",negative
"A fairly standard mattress, similar to others I've owned before.",neutral
"This speaker broke after just two days, complete waste of money. Not sure if I'd repurchase.",negative
"This router is uncomfortable and cheaply built, would not recommend.",negative
The camera is okay in some ways but honestly kind of disappointing overall.,negative
"The speaker stopped working within a week, very disappointed. Customer support responded quickly.",negative
"This blender is absolutely amazing, I use it every day and it never disappoints.",positive
"Best headphones I have ever bought, highly recommend to anyone looking for one.",positive
"This tablet is absolutely amazing, I use it every day and it never disappoints.",positive
"Worst phone I've purchased, malfunctioned right out of the box. Shipping was fast.",negative
"The keyboard works as expected, no complaints but nothing outstanding either. The instructions were unclear.",neutral
"A fairly standard charger, similar to others I've owned before.",neutral
"Excellent build quality on this charger, worth every penny. Customer support responded quickly.",positive
"Good mattress, works well most of the time and I'm satisfied overall.",positive
"Wonderful shoes, comfortable and durable, will buy again.",positive
"The monitor is noisy, slow, and generally a frustrating experience. It took a while to arrive.",negative
"Super happy with this vacuum cleaner, it solved exactly the problem I had.",positive
"Fantastic keyboard, easy to set up and performs beautifully.",positive
"The mattress works as expected, no complaints but nothing outstanding either.",neutral
"Reasonable phone overall, meets basic requirements without any surprises.",neutral
"The vacuum cleaner stopped working within a week, very disappointed. The instructions were unclear.",neutral
"Not bad, not great — this speaker does the job adequately.",positive
"Reasonable speaker overall, meets basic requirements without any surprises. Would consider buying again.",neutral
"The keyboard is good enough I suppose, but also somewhat underwhelming. Would consider buying again.",neutral
"I regret buying this charger, poor quality and flimsy materials. Would consider buying again.",negative
"Fantastic mouse, easy to set up and performs beautifully.",positive
"Wonderful jacket, comfortable and durable, will buy again. The instructions were unclear.",positive
"This headphones is average, works fine for basic use.",neutral
"This laptop is uncomfortable and cheaply built, would not recommend.",negative
"Good router, works well most of the time and I'm satisfied overall.",positive
"Terrible tablet, does not work as advertised and support was unhelpful.",negative
"Good keyboard, works well most of the time and I'm satisfied overall. It took a while to arrive.",positive
"A fairly standard laptop, similar to others I've owned before.",positive
"The watch is noisy, slow, and generally a frustrating experience. Packaging could be better.",positive
"Best mouse I have ever bought, highly recommend to anyone looking for one.",positive
"Not bad, not great — this speaker does the job adequately.",neutral
"Excellent build quality on this mouse, worth every penny.",positive
"I regret buying this monitor, poor quality and flimsy materials. Setup was straightforward.",negative
The speaker works flawlessly and the customer service was fantastic too.,positive
"I regret buying this speaker, poor quality and flimsy materials. The instructions were unclear.",positive
"This sofa broke after just two days, complete waste of money.",negative
"Best laptop I have ever bought, highly recommend to anyone looking for one. Not sure if I'd repurchase.",positive
"I regret buying this camera, poor quality and flimsy materials.",negative
"Great quality jacket, exceeded my expectations and arrived quickly. The instructions were unclear.",positive
"The blender is functional, though the design feels a little outdated. Setup was straightforward.",neutral
"Do not buy this blender, it is overpriced and badly made. Shipping was fast.",negative
"This vacuum cleaner is uncomfortable and cheaply built, would not recommend. Setup was straightforward.",negative
"The charger arrived on time, packaging was standard, quality is acceptable.",neutral
"Terrible tablet, does not work as advertised and support was unhelpful.",negative
The air fryer works flawlessly and the customer service was fantastic too.,neutral
"Best charger I have ever bought, highly recommend to anyone looking for one.",positive
"This camera is fine for occasional use, wouldn't call it exceptional.",neutral
"The backpack arrived on time, packaging was standard, quality is acceptable.",neutral
"The sofa stopped working within a week, very disappointed.",negative
I love this speaker! Works perfectly and looks even better than the photos.,positive
"This mattress is a game changer, so glad I purchased it. It took a while to arrive.",positive
"Good keyboard, works well most of the time and I'm satisfied overall.",positive
"The air fryer works as expected, no complaints but nothing outstanding either.",negative
"It's a decent shoes for the price, though I expected a bit more.",neutral
"Very disappointed with this backpack, nothing like the description. It took a while to arrive.",negative
"Fantastic router, easy to set up and performs beautifully. The instructions were unclear.",positive
"Terrible tablet, does not work as advertised and support was unhelpful.",negative
I love this backpack! Works perfectly and looks even better than the photos.,positive
"Very disappointed with this tablet, nothing like the description.",negative
"Very disappointed with this vacuum cleaner, nothing like the description.",neutral
"This air fryer is uncomfortable and cheaply built, would not recommend.",negative
The blender works flawlessly and the customer service was fantastic too.,positive
"Best phone I have ever bought, highly recommend to anyone looking for one.",positive
"It's a decent monitor for the price, though I expected a bit more.",neutral
"This camera is average, works fine for basic use.",neutral
I love this jacket! Works perfectly and looks even better than the photos. Setup was straightforward.,positive
"This keyboard is a game changer, so glad I purchased it.",positive
The phone works flawlessly and the customer service was fantastic too. Shipping was fast.,positive
"This sofa broke after just two days, complete waste of money.",negative
"I regret buying this laptop, poor quality and flimsy materials.",negative
"The vacuum cleaner is good enough I suppose, but also somewhat underwhelming.",neutral
"Do not buy this mattress, it is overpriced and badly made.",negative
"Worst monitor I've purchased, malfunctioned right out of the box. The instructions were unclear.",negative
"Awful experience with this sofa, arrived damaged and support ignored me. Setup was straightforward.",negative
"Super happy with this monitor, it solved exactly the problem I had.",positive
"The charger is okay, does what it says but nothing special.",neutral
"This vacuum cleaner is absolutely amazing, I use it every day and it never disappoints.",positive
"Very disappointed with this air fryer, nothing like the description. Packaging could be better.",negative
"The blender arrived on time, packaging was standard, quality is acceptable. It took a while to arrive.",neutral
"This mattress is absolutely amazing, I use it every day and it never disappoints.",positive
"This speaker is a game changer, so glad I purchased it.",positive
"Terrible vacuum cleaner, does not work as advertised and support was unhelpful.",negative
"Not bad, not great — this mouse does the job adequately.",neutral
"The monitor arrived on time, packaging was standard, quality is acceptable.",negative
"Worst camera I've purchased, malfunctioned right out of the box.",negative
"Reasonable speaker overall, meets basic requirements without any surprises.",neutral
"Great quality keyboard, exceeded my expectations and arrived quickly.",positive
"Best laptop I have ever bought, highly recommend to anyone looking for one. It took a while to arrive.",positive
"The mouse stopped working within a week, very disappointed.",negative
I love this vacuum cleaner! Works perfectly and looks even better than the photos.,positive
"Very disappointed with this jacket, nothing like the description. Packaging could be better.",negative
"Best shoes I have ever bought, highly recommend to anyone looking for one. The instructions were unclear.",positive
I love this air fryer! Works perfectly and looks even better than the photos. Shipping was fast.,positive
"The backpack works as expected, no complaints but nothing outstanding either.",neutral
"Wonderful camera, comfortable and durable, will buy again.",positive
"This air fryer is fine for occasional use, wouldn't call it exceptional.",neutral
"Best monitor I have ever bought, highly recommend to anyone looking for one.",positive
The charger works flawlessly and the customer service was fantastic too.,positive
"Fantastic headphones, easy to set up and performs beautifully. The instructions were unclear.",positive
"Not bad, not great — this headphones does the job adequately. Customer support responded quickly.",neutral
"Super happy with this shoes, it solved exactly the problem I had.",positive
"Terrible blender, does not work as advertised and support was unhelpful.",negative
"The vacuum cleaner stopped working within a week, very disappointed.",negative
"This camera is a game changer, so glad I purchased it.",positive
The vacuum cleaner works flawlessly and the customer service was fantastic too. It took a while to arrive.,positive
"Worst speaker I've purchased, malfunctioned right out of the box. Would consider buying again.",negative
The phone works flawlessly and the customer service was fantastic too. It took a while to arrive.,positive
The headphones is okay in some ways but honestly kind of disappointing overall.,negative
"Great quality watch, exceeded my expectations and arrived quickly. Shipping was fast.",positive
"The blender arrived on time, packaging was standard, quality is acceptable.",neutral
"The speaker stopped working within a week, very disappointed. Would consider buying again.",negative
"This backpack is a game changer, so glad I purchased it. It took a while to arrive.",positive
"Great quality sofa, exceeded my expectations and arrived quickly. The instructions were unclear.",positive
"This air fryer is average, works fine for basic use.",neutral
"It's a decent charger for the price, though I expected a bit more.",neutral
The mattress works flawlessly and the customer service was fantastic too. Not sure if I'd repurchase.,positive
"Reasonable camera overall, meets basic requirements without any surprises. The instructions were unclear.",neutral
"This jacket is fine for occasional use, wouldn't call it exceptional.",neutral
"The keyboard is functional, though the design feels a little outdated.",neutral
"Fantastic backpack, easy to set up and performs beautifully.",positive
"This laptop is fine for occasional use, wouldn't call it exceptional.",neutral
"This charger is fine for occasional use, wouldn't call it exceptional.",neutral
"Very disappointed with this shoes, nothing like the description.",negative
"Excellent build quality on this keyboard, worth every penny. Setup was straightforward.",positive
"Best router I have ever bought, highly recommend to anyone looking for one. Customer support responded quickly.",positive
"Very disappointed with this monitor, nothing like the description.",negative
"Worst charger I've purchased, malfunctioned right out of the box.",negative
"This watch broke after just two days, complete waste of money.",negative
"The keyboard stopped working within a week, very disappointed.",negative
"Great quality headphones, exceeded my expectations and arrived quickly. Would consider buying again.",positive
"This headphones broke after just two days, complete waste of money. Shipping was fast.",negative
"Excellent build quality on this backpack, worth every penny. Would consider buying again.",positive
The shoes is okay in some ways but honestly kind of disappointing overall. Packaging could be better.,negative
"Terrible laptop, does not work as advertised and support was unhelpful.",negative
"Great quality keyboard, exceeded my expectations and arrived quickly.",positive
"This jacket is absolutely amazing, I use it every day and it never disappoints.",positive
"This camera is absolutely amazing, I use it every day and it never disappoints.",positive
"The mattress is good enough I suppose, but also somewhat underwhelming.",neutral
"This vacuum cleaner is absolutely amazing, I use it every day and it never disappoints.",positive
"Worst watch I've purchased, malfunctioned right out of the box. Shipping was fast.",negative
"Worst headphones I've purchased, malfunctioned right out of the box.",negative
The vacuum cleaner works flawlessly and the customer service was fantastic too. Setup was straightforward.,negative
"Terrible charger, does not work as advertised and support was unhelpful.",negative
"This air fryer broke after just two days, complete waste of money.",negative
"This mattress is a game changer, so glad I purchased it.",positive
"The speaker works as expected, no complaints but nothing outstanding either.",neutral
The charger works flawlessly and the customer service was fantastic too. Would consider buying again.,positive
"The keyboard arrived on time, packaging was standard, quality is acceptable.",neutral
"Fantastic tablet, easy to set up and performs beautifully.",positive
"The monitor arrived on time, packaging was standard, quality is acceptable.",neutral
"Great quality headphones, exceeded my expectations and arrived quickly.",positive
"The watch is noisy, slow, and generally a frustrating experience. Not sure if I'd repurchase.",negative
"Best air fryer I have ever bought, highly recommend to anyone looking for one.",positive
"I regret buying this camera, poor quality and flimsy materials.",negative
"Best charger I have ever bought, highly recommend to anyone looking for one. Setup was straightforward.",positive
"I regret buying this mouse, poor quality and flimsy materials. Packaging could be better.",negative
"Wonderful tablet, comfortable and durable, will buy again.",positive
"Good keyboard, works well most of the time and I'm satisfied overall. Setup was straightforward.",neutral
"The keyboard stopped working within a week, very disappointed.",negative
"Worst shoes I've purchased, malfunctioned right out of the box.",negative
"The keyboard arrived on time, packaging was standard, quality is acceptable. Not sure if I'd repurchase.",neutral
"I regret buying this router, poor quality and flimsy materials.",negative
The air fryer works flawlessly and the customer service was fantastic too.,positive
The headphones is okay in some ways but honestly kind of disappointing overall.,negative
"This tablet is a game changer, so glad I purchased it.",positive
"Reasonable monitor overall, meets basic requirements without any surprises.",neutral
"Worst backpack I've purchased, malfunctioned right out of the box.",negative
"Awful experience with this keyboard, arrived damaged and support ignored me.",positive
"This phone broke after just two days, complete waste of money.",negative
I love this mattress! Works perfectly and looks even better than the photos.,positive
I love this blender! Works perfectly and looks even better than the photos.,positive
"The tablet works as expected, no complaints but nothing outstanding either.",neutral
"The shoes is good enough I suppose, but also somewhat underwhelming.",neutral
The mouse works flawlessly and the customer service was fantastic too.,positive
"Good laptop, works well most of the time and I'm satisfied overall.",positive
"This router is fine for occasional use, wouldn't call it exceptional.",neutral
"The air fryer is noisy, slow, and generally a frustrating experience.",negative
"The vacuum cleaner is noisy, slow, and generally a frustrating experience.",negative
"This keyboard is uncomfortable and cheaply built, would not recommend.",negative
"The keyboard is functional, though the design feels a little outdated.",neutral
I love this mouse! Works perfectly and looks even better than the photos. Setup was straightforward.,negative
"I regret buying this mattress, poor quality and flimsy materials.",negative
"This monitor is average, works fine for basic use.",neutral
"Not bad, not great — this mouse does the job adequately.",neutral
"The mattress is good enough I suppose, but also somewhat underwhelming.",neutral
"Great quality camera, exceeded my expectations and arrived quickly. Shipping was fast.",positive
"This backpack is fine for occasional use, wouldn't call it exceptional. Shipping was fast.",neutral
"Good keyboard, works well most of the time and I'm satisfied overall.",positive
"The monitor is functional, though the design feels a little outdated. It took a while to arrive.",negative
"The mouse works as expected, no complaints but nothing outstanding either.",neutral
The mouse is okay in some ways but honestly kind of disappointing overall. Setup was straightforward.,negative
"The keyboard is good enough I suppose, but also somewhat underwhelming. Setup was straightforward.",neutral
"This shoes is fine for occasional use, wouldn't call it exceptional.",neutral
The mouse works flawlessly and the customer service was fantastic too. Would consider buying again.,positive
"I regret buying this mouse, poor quality and flimsy materials.",negative
"This keyboard is average, works fine for basic use. Shipping was fast.",neutral
"The watch is functional, though the design feels a little outdated.",neutral
"Wonderful sofa, comfortable and durable, will buy again.",positive
"Excellent build quality on this laptop, worth every penny.",positive
"The air fryer is functional, though the design feels a little outdated.",neutral
"Super happy with this keyboard, it solved exactly the problem I had.",positive
"Very disappointed with this laptop, nothing like the description.",negative
The mattress works flawlessly and the customer service was fantastic too.,positive
The vacuum cleaner is okay in some ways but honestly kind of disappointing overall.,negative
"Excellent build quality on this sofa, worth every penny.",positive
"This jacket is average, works fine for basic use.",neutral
"The speaker stopped working within a week, very disappointed. Shipping was fast.",negative
"This blender is a game changer, so glad I purchased it.",positive
"The shoes is noisy, slow, and generally a frustrating experience. Not sure if I'd repurchase.",negative
"The backpack works as expected, no complaints but nothing outstanding either. Packaging could be better.",neutral
"Wonderful watch, comfortable and durable, will buy again.",positive
"Super happy with this sofa, it solved exactly the problem I had.",negative
"Worst blender I've purchased, malfunctioned right out of the box. Packaging could be better.",negative
The camera is okay in some ways but honestly kind of disappointing overall. Packaging could be better.,negative
"I regret buying this watch, poor quality and flimsy materials. It took a while to arrive.",negative
The blender is okay in some ways but honestly kind of disappointing overall.,negative
"The charger stopped working within a week, very disappointed.",negative
"Fantastic air fryer, easy to set up and performs beautifully.",positive
"The jacket is noisy, slow, and generally a frustrating experience. The instructions were unclear.",negative
"This watch is absolutely amazing, I use it every day and it never disappoints.",positive
"Great quality headphones, exceeded my expectations and arrived quickly. Packaging could be better.",positive
"Super happy with this vacuum cleaner, it solved exactly the problem I had.",positive
"I regret buying this keyboard, poor quality and flimsy materials.",negative
"Wonderful laptop, comfortable and durable, will buy again. Setup was straightforward.",negative
"Excellent build quality on this watch, worth every penny.",positive
The watch is okay in some ways but honestly kind of disappointing overall.,negative
"This camera is a game changer, so glad I purchased it.",positive
"Best router I have ever bought, highly recommend to anyone looking for one. Setup was straightforward.",positive
I love this laptop! Works perfectly and looks even better than the photos. Would consider buying again.,positive
"The tablet works as expected, no complaints but nothing outstanding either. Not sure if I'd repurchase.",neutral
"It's a decent vacuum cleaner for the price, though I expected a bit more.",neutral
"This blender is a game changer, so glad I purchased it.",positive
"The shoes stopped working within a week, very disappointed.",negative
The charger works flawlessly and the customer service was fantastic too.,positive
"Good shoes, works well most of the time and I'm satisfied overall.",positive
"Do not buy this charger, it is overpriced and badly made.",negative
"Best tablet I have ever bought, highly recommend to anyone looking for one. The instructions were unclear.",positive
"This camera is average, works fine for basic use.",neutral
"A fairly standard vacuum cleaner, similar to others I've owned before.",neutral
"This phone is a game changer, so glad I purchased it. Not sure if I'd repurchase.",positive
"This keyboard is a game changer, so glad I purchased it.",positive
I love this vacuum cleaner! Works perfectly and looks even better than the photos. The instructions were unclear.,positive
"Super happy with this air fryer, it solved exactly the problem I had. Setup was straightforward.",positive
"The mouse arrived on time, packaging was standard, quality is acceptable. Customer support responded quickly.",neutral
"Awful experience with this sofa, arrived damaged and support ignored me. Not sure if I'd repurchase.",negative
"Super happy with this shoes, it solved exactly the problem I had.",positive
I love this watch! Works perfectly and looks even better than the photos.,positive
"This sofa is absolutely amazing, I use it every day and it never disappoints. Shipping was fast.",positive
"Wonderful backpack, comfortable and durable, will buy again.",positive
"Wonderful headphones, comfortable and durable, will buy again.",positive
"The backpack stopped working within a week, very disappointed.",negative
"This watch is absolutely amazing, I use it every day and it never disappoints.",positive
"Super happy with this blender, it solved exactly the problem I had. Not sure if I'd repurchase.",neutral
"This watch broke after just two days, complete waste of money.",negative
"Good shoes, works well most of the time and I'm satisfied overall. Customer support responded quickly.",positive
"The watch is good enough I suppose, but also somewhat underwhelming.",neutral
"Excellent build quality on this keyboard, worth every penny.",positive
"A fairly standard headphones, similar to others I've owned before.",neutral
"Great quality backpack, exceeded my expectations and arrived quickly.",positive
"Excellent build quality on this backpack, worth every penny. Not sure if I'd repurchase.",positive
"Best camera I have ever bought, highly recommend to anyone looking for one. It took a while to arrive.",positive
"This vacuum cleaner is average, works fine for basic use. The instructions were unclear.",neutral
I love this mouse! Works perfectly and looks even better than the photos.,positive
"Not bad, not great — this speaker does the job adequately. Setup was straightforward.",neutral
"Good air fryer, works well most of the time and I'm satisfied overall.",positive
"Very disappointed with this jacket, nothing like the description. Customer support responded quickly.",negative
"This air fryer is a game changer, so glad I purchased it.",negative
"The mattress is okay, does what it says but nothing special. The instructions were unclear.",neutral
The backpack works flawlessly and the customer service was fantastic too. It took a while to arrive.,positive
"Super happy with this sofa, it solved exactly the problem I had.",positive
"This vacuum cleaner is absolutely amazing, I use it every day and it never disappoints. It took a while to arrive.",positive
"Do not buy this laptop, it is overpriced and badly made.",negative
"The tablet is functional, though the design feels a little outdated.",neutral
"The tablet is functional, though the design feels a little outdated. It took a while to arrive.",neutral
"This mattress is a game changer, so glad I purchased it.",positive
"This mattress is uncomfortable and cheaply built, would not recommend.",negative
"This tablet is a game changer, so glad I purchased it.",positive
"This charger is average, works fine for basic use. Customer support responded quickly.",neutral
"This mouse is absolutely amazing, I use it every day and it never disappoints.",positive
"Awful experience with this backpack, arrived damaged and support ignored me.",negative
"This laptop is a game changer, so glad I purchased it.",positive
"Not bad, not great — this backpack does the job adequately.",neutral
"A fairly standard air fryer, similar to others I've owned before. Setup was straightforward.",neutral
"Terrible camera, does not work as advertised and support was unhelpful. Shipping was fast.",negative
"Fantastic shoes, easy to set up and performs beautifully. Would consider buying again.",positive
The air fryer works flawlessly and the customer service was fantastic too.,positive
The watch is okay in some ways but honestly kind of disappointing overall. Packaging could be better.,negative
"Terrible blender, does not work as advertised and support was unhelpful. Shipping was fast.",negative
"The phone works as expected, no complaints but nothing outstanding either.",positive
"The headphones is okay, does what it says but nothing special. It took a while to arrive.",neutral
"Fantastic blender, easy to set up and performs beautifully. The instructions were unclear.",positive
"Excellent build quality on this watch, worth every penny.",neutral
"The keyboard is okay, does what it says but nothing special.",neutral
"This jacket is uncomfortable and cheaply built, would not recommend.",negative
"Wonderful tablet, comfortable and durable, will buy again.",positive
"The vacuum cleaner is noisy, slow, and generally a frustrating experience.",negative
"Do not buy this backpack, it is overpriced and badly made.",negative
"The shoes is okay, does what it says but nothing special.",neutral
"Fantastic speaker, easy to set up and performs beautifully.",positive
"Great quality camera, exceeded my expectations and arrived quickly.",positive
"A fairly standard headphones, similar to others I've owned before.",neutral
"Very disappointed with this blender, nothing like the description.",negative
I love this vacuum cleaner! Works perfectly and looks even better than the photos.,positive
"Not bad, not great — this router does the job adequately.",neutral
"Fantastic speaker, easy to set up and performs beautifully. Would consider buying again.",neutral
The keyboard is okay in some ways but honestly kind of disappointing overall. Not sure if I'd repurchase.,negative
"Terrible jacket, does not work as advertised and support was unhelpful.",negative
"Good router, works well most of the time and I'm satisfied overall. The instructions were unclear.",positive
"This backpack is uncomfortable and cheaply built, would not recommend.",negative
"Excellent build quality on this router, worth every penny.",positive
"This camera is fine for occasional use, wouldn't call it exceptional.",neutral
"Awful experience with this air fryer, arrived damaged and support ignored me.",negative
"Reasonable keyboard overall, meets basic requirements without any surprises.",neutral
"Not bad, not great — this router does the job adequately.",neutral
"The keyboard is okay, does what it says but nothing special. Shipping was fast.",neutral
"The router is functional, though the design feels a little outdated. Packaging could be better.",neutral
"Good mouse, works well most of the time and I'm satisfied overall. Customer support responded quickly.",positive
"Best mouse I have ever bought, highly recommend to anyone looking for one. Customer support responded quickly.",positive
"The headphones stopped working within a week, very disappointed.",negative
"Fantastic monitor, easy to set up and performs beautifully. Not sure if I'd repurchase.",positive
"The shoes arrived on time, packaging was standard, quality is acceptable. Not sure if I'd repurchase.",neutral
"Not bad, not great — this shoes does the job adequately. Would consider buying again.",neutral
"Worst jacket I've purchased, malfunctioned right out of the box.",negative
"I regret buying this sofa, poor quality and flimsy materials. Setup was straightforward.",negative
"Worst camera I've purchased, malfunctioned right out of the box.",negative
"The keyboard is functional, though the design feels a little outdated. The instructions were unclear.",neutral
"Do not buy this watch, it is overpriced and badly made. Would consider buying again.",negative
"The camera stopped working within a week, very disappointed.",negative
"The vacuum cleaner is good enough I suppose, but also somewhat underwhelming.",neutral
"This sofa is average, works fine for basic use.",neutral
"Do not buy this vacuum cleaner, it is overpriced and badly made. It took a while to arrive.",negative
"The router is good enough I suppose, but also somewhat underwhelming.",neutral
"Do not buy this charger, it is overpriced and badly made. It took a while to arrive.",negative
"Good camera, works well most of the time and I'm satisfied overall.",positive
"Awful experience with this phone, arrived damaged and support ignored me. It took a while to arrive.",negative
"The phone is noisy, slow, and generally a frustrating experience.",negative
"This charger is absolutely amazing, I use it every day and it never disappoints.",positive
"The mouse is noisy, slow, and generally a frustrating experience. The instructions were unclear.",negative
"Reasonable backpack overall, meets basic requirements without any surprises.",neutral
"The tablet works as expected, no complaints but nothing outstanding either. Packaging could be better.",neutral
"It's a decent monitor for the price, though I expected a bit more.",neutral
"The router is good enough I suppose, but also somewhat underwhelming.",neutral
"This router is uncomfortable and cheaply built, would not recommend.",negative
"Reasonable laptop overall, meets basic requirements without any surprises. Not sure if I'd repurchase.",neutral
"This mouse is a game changer, so glad I purchased it. It took a while to arrive.",positive
"This laptop is fine for occasional use, wouldn't call it exceptional. Would consider buying again.",neutral
"The vacuum cleaner is good enough I suppose, but also somewhat underwhelming. Not sure if I'd repurchase.",neutral
"This blender is absolutely amazing, I use it every day and it never disappoints. Shipping was fast.",positive
"The vacuum cleaner stopped working within a week, very disappointed.",negative
"The keyboard stopped working within a week, very disappointed.",negative
"The camera is good enough I suppose, but also somewhat underwhelming.",neutral
"Fantastic backpack, easy to set up and performs beautifully.",positive
"A fairly standard keyboard, similar to others I've owned before.",neutral
"The keyboard is noisy, slow, and generally a frustrating experience.",negative
"Not bad, not great — this mouse does the job adequately.",neutral
"Awful experience with this mattress, arrived damaged and support ignored me.",negative
"Great quality phone, exceeded my expectations and arrived quickly.",positive
"A fairly standard charger, similar to others I've owned before. The instructions were unclear.",neutral
"Good vacuum cleaner, works well most of the time and I'm satisfied overall.",positive
"This mattress broke after just two days, complete waste of money. Not sure if I'd repurchase.",negative
"Do not buy this mattress, it is overpriced and badly made.",neutral
"This tablet is absolutely amazing, I use it every day and it never disappoints. Setup was straightforward.",positive
"This vacuum cleaner is absolutely amazing, I use it every day and it never disappoints. Shipping was fast.",positive
"Wonderful watch, comfortable and durable, will buy again.",positive
"I regret buying this mouse, poor quality and flimsy materials. Not sure if I'd repurchase.",negative
"This sofa is uncomfortable and cheaply built, would not recommend.",negative
"Super happy with this laptop, it solved exactly the problem I had.",positive
"This tablet is average, works fine for basic use.",neutral
"Not bad, not great — this keyboard does the job adequately. Packaging could be better.",negative
"Terrible air fryer, does not work as advertised and support was unhelpful.",negative
"Excellent build quality on this jacket, worth every penny.",positive
"Very disappointed with this mattress, nothing like the description.",negative
"This watch is a game changer, so glad I purchased it.",positive
"The phone is functional, though the design feels a little outdated.",neutral
The jacket is okay in some ways but honestly kind of disappointing overall.,negative
"This tablet is absolutely amazing, I use it every day and it never disappoints.",positive
"Excellent build quality on this tablet, worth every penny.",positive
"This headphones is absolutely amazing, I use it every day and it never disappoints.",positive
"Excellent build quality on this backpack, worth every penny. The instructions were unclear.",positive
"The shoes is good enough I suppose, but also somewhat underwhelming. Packaging could be better.",neutral
"Wonderful jacket, comfortable and durable, will buy again.",positive
"Reasonable shoes overall, meets basic requirements without any surprises.",neutral
"Awful experience with this headphones, arrived damaged and support ignored me. Not sure if I'd repurchase.",negative
"Very disappointed with this router, nothing like the description.",negative
"Super happy with this backpack, it solved exactly the problem I had.",positive
"Best speaker I have ever bought, highly recommend to anyone looking for one.",positive
I love this phone! Works perfectly and looks even better than the photos.,positive
The phone works flawlessly and the customer service was fantastic too.,positive
"This sofa is average, works fine for basic use. Packaging could be better.",neutral
"This sofa is absolutely amazing, I use it every day and it never disappoints. Shipping was fast.",positive
"Excellent build quality on this backpack, worth every penny.",positive
"Do not buy this phone, it is overpriced and badly made.",negative
"This keyboard is absolutely amazing, I use it every day and it never disappoints. It took a while to arrive.",positive
"Reasonable router overall, meets basic requirements without any surprises.",neutral
"This air fryer is average, works fine for basic use. Setup was straightforward.",neutral
"Worst watch I've purchased, malfunctioned right out of the box.",negative
"Best shoes I have ever bought, highly recommend to anyone looking for one.",positive
"This headphones broke after just two days, complete waste of money. Customer support responded quickly.",negative
"A fairly standard blender, similar to others I've owned before.",neutral
"The camera arrived on time, packaging was standard, quality is acceptable. Shipping was fast.",neutral
I love this router! Works perfectly and looks even better than the photos. Packaging could be better.,positive
"This laptop is average, works fine for basic use.",neutral
"This sofa broke after just two days, complete waste of money.",negative
"Terrible headphones, does not work as advertised and support was unhelpful.",negative
"This charger is average, works fine for basic use. Would consider buying again.",neutral
"The speaker is noisy, slow, and generally a frustrating experience.",negative
"Good camera, works well most of the time and I'm satisfied overall.",positive
"The keyboard is noisy, slow, and generally a frustrating experience.",negative
"This blender is uncomfortable and cheaply built, would not recommend. Setup was straightforward.",negative
"Fantastic tablet, easy to set up and performs beautifully. It took a while to arrive.",positive
"Super happy with this monitor, it solved exactly the problem I had.",positive
"The shoes is good enough I suppose, but also somewhat underwhelming.",neutral
"Wonderful jacket, comfortable and durable, will buy again. The instructions were unclear.",positive
"The router is good enough I suppose, but also somewhat underwhelming. Setup was straightforward.",neutral
"This headphones is a game changer, so glad I purchased it.",positive
"This speaker is absolutely amazing, I use it every day and it never disappoints. It took a while to arrive.",positive
"Not bad, not great — this blender does the job adequately.",neutral
"Super happy with this mattress, it solved exactly the problem I had.",positive
"This tablet is absolutely amazing, I use it every day and it never disappoints.",positive
"A fairly standard monitor, similar to others I've owned before.",neutral
"It's a decent phone for the price, though I expected a bit more.",neutral
"This monitor is uncomfortable and cheaply built, would not recommend.",negative
The charger is okay in some ways but honestly kind of disappointing overall.,negative
"This charger is fine for occasional use, wouldn't call it exceptional.",neutral
"This backpack broke after just two days, complete waste of money.",negative
"It's a decent backpack for the price, though I expected a bit more.",neutral
"The blender stopped working within a week, very disappointed.",negative
"Super happy with this backpack, it solved exactly the problem I had.",positive
The laptop works flawlessly and the customer service was fantastic too.,positive
"The mattress is noisy, slow, and generally a frustrating experience.",negative
"Reasonable charger overall, meets basic requirements without any surprises. Packaging could be better.",neutral
I love this speaker! Works perfectly and looks even better than the photos.,positive
"Wonderful monitor, comfortable and durable, will buy again.",positive
"Excellent build quality on this charger, worth every penny.",positive
"Excellent build quality on this watch, worth every penny. Packaging could be better.",positive
"This laptop is average, works fine for basic use.",neutral
"Wonderful phone, comfortable and durable, will buy again.",positive
"Very disappointed with this vacuum cleaner, nothing like the description. Not sure if I'd repurchase.",negative
"Not bad, not great — this blender does the job adequately. Packaging could be better.",neutral
The keyboard is okay in some ways but honestly kind of disappointing overall. It took a while to arrive.,negative
The backpack is okay in some ways but honestly kind of disappointing overall.,negative
"This camera is absolutely amazing, I use it every day and it never disappoints. The instructions were unclear.",positive
"This vacuum cleaner is a game changer, so glad I purchased it. Setup was straightforward.",positive
"This camera is a game changer, so glad I purchased it. Would consider buying again.",positive
"The mattress stopped working within a week, very disappointed.",neutral
The jacket is okay in some ways but honestly kind of disappointing overall. Packaging could be better.,negative
"A fairly standard phone, similar to others I've owned before.",neutral
"The tablet arrived on time, packaging was standard, quality is acceptable. Customer support responded quickly.",neutral
"The router arrived on time, packaging was standard, quality is acceptable.",neutral
"A fairly standard headphones, similar to others I've owned before.",neutral
"Best backpack I have ever bought, highly recommend to anyone looking for one. Would consider buying again.",positive
"Wonderful camera, comfortable and durable, will buy again. It took a while to arrive.",positive
"The blender stopped working within a week, very disappointed.",negative
"The watch is okay, does what it says but nothing special.",neutral
"Awful experience with this backpack, arrived damaged and support ignored me.",negative
"The phone is functional, though the design feels a little outdated.",neutral
"Super happy with this phone, it solved exactly the problem I had. It took a while to arrive.",positive
"The keyboard works as expected, no complaints but nothing outstanding either. Setup was straightforward.",neutral
"A fairly standard router, similar to others I've owned before. It took a while to arrive.",neutral
"This air fryer is a game changer, so glad I purchased it.",positive
"The keyboard is noisy, slow, and generally a frustrating experience. Packaging could be better.",negative
"Do not buy this jacket, it is overpriced and badly made.",negative
"Great quality monitor, exceeded my expectations and arrived quickly.",positive
"Do not buy this router, it is overpriced and badly made. The instructions were unclear.",negative
"The router stopped working within a week, very disappointed. It took a while to arrive.",negative
"A fairly standard camera, similar to others I've owned before.",neutral
"The monitor arrived on time, packaging was standard, quality is acceptable.",neutral
"Very disappointed with this mouse, nothing like the description. It took a while to arrive.",negative
"A fairly standard jacket, similar to others I've owned before.",neutral
"Great quality mattress, exceeded my expectations and arrived quickly. It took a while to arrive.",positive
"This keyboard is a game changer, so glad I purchased it. The instructions were unclear.",positive
"The phone is good enough I suppose, but also somewhat underwhelming.",neutral
"Very disappointed with this camera, nothing like the description.",negative
"I regret buying this tablet, poor quality and flimsy materials.",negative
"This shoes is uncomfortable and cheaply built, would not recommend.",negative
"This air fryer is average, works fine for basic use.",neutral
"Awful experience with this speaker, arrived damaged and support ignored me.",negative
The jacket is okay in some ways but honestly kind of disappointing overall.,negative
"Terrible laptop, does not work as advertised and support was unhelpful.",negative
"This mouse is uncomfortable and cheaply built, would not recommend.",negative
"Do not buy this blender, it is overpriced and badly made.",negative
"This charger is uncomfortable and cheaply built, would not recommend.",negative
"Very disappointed with this shoes, nothing like the description.",negative
"This keyboard broke after just two days, complete waste of money.",negative
"This speaker is absolutely amazing, I use it every day and it never disappoints.",neutral
"Excellent build quality on this sofa, worth every penny.",positive
"Best mattress I have ever bought, highly recommend to anyone looking for one. The instructions were unclear.",neutral
"This mouse is fine for occasional use, wouldn't call it exceptional. Would consider buying again.",neutral
"Super happy with this air fryer, it solved exactly the problem I had.",positive
"Terrible monitor, does not work as advertised and support was unhelpful. Would consider buying again.",negative
"Super happy with this jacket, it solved exactly the problem I had.",positive
"I regret buying this vacuum cleaner, poor quality and flimsy materials. Would consider buying again.",negative
The shoes works flawlessly and the customer service was fantastic too. Not sure if I'd repurchase.,positive
"Awful experience with this mattress, arrived damaged and support ignored me.",negative
"Good monitor, works well most of the time and I'm satisfied overall. Customer support responded quickly.",positive
"Super happy with this camera, it solved exactly the problem I had. Packaging could be better.",negative
"Not bad, not great — this blender does the job adequately.",neutral
"The watch stopped working within a week, very disappointed.",negative
"Terrible tablet, does not work as advertised and support was unhelpful. Would consider buying again.",positive
The shoes works flawlessly and the customer service was fantastic too.,positive
"This monitor is uncomfortable and cheaply built, would not recommend. It took a while to arrive.",negative
"Do not buy this charger, it is overpriced and badly made.",negative
"Good mouse, works well most of the time and I'm satisfied overall.",positive
"Great quality mattress, exceeded my expectations and arrived quickly. Would consider buying again.",positive
The jacket works flawlessly and the customer service was fantastic too.,positive
"It's a decent charger for the price, though I expected a bit more. Setup was straightforward.",neutral
"Excellent build quality on this backpack, worth every penny.",positive
"Super happy with this phone, it solved exactly the problem I had. It took a while to arrive.",neutral
I love this air fryer! Works perfectly and looks even better than the photos.,positive
"The vacuum cleaner stopped working within a week, very disappointed.",negative
"A fairly standard monitor, similar to others I've owned before. Would consider buying again.",neutral
"Wonderful mouse, comfortable and durable, will buy again.",positive
The jacket is okay in some ways but honestly kind of disappointing overall.,negative
"A fairly standard vacuum cleaner, similar to others I've owned before. Customer support responded quickly.",neutral
"Not bad, not great — this keyboard does the job adequately.",neutral
"Awful experience with this air fryer, arrived damaged and support ignored me.",negative
"Fantastic backpack, easy to set up and performs beautifully.",positive
"Fantastic headphones, easy to set up and performs beautifully.",positive
"Super happy with this phone, it solved exactly the problem I had. It took a while to arrive.",negative
"Awful experience with this speaker, arrived damaged and support ignored me.",negative
"Wonderful charger, comfortable and durable, will buy again. Customer support responded quickly.",positive
"This mattress is absolutely amazing, I use it every day and it never disappoints.",positive
"Best speaker I have ever bought, highly recommend to anyone looking for one.",positive
"The headphones arrived on time, packaging was standard, quality is acceptable.",neutral
"The charger arrived on time, packaging was standard, quality is acceptable.",neutral
"This camera is absolutely amazing, I use it every day and it never disappoints.",positive
"Reasonable sofa overall, meets basic requirements without any surprises.",neutral
"Excellent build quality on this phone, worth every penny.",negative
"The sofa is good enough I suppose, but also somewhat underwhelming.",neutral
"The charger arrived on time, packaging was standard, quality is acceptable.",neutral
"Fantastic jacket, easy to set up and performs beautifully. Shipping was fast.",positive
"This keyboard is uncomfortable and cheaply built, would not recommend.",negative
I love this phone! Works perfectly and looks even better than the photos. It took a while to arrive.,positive
"A fairly standard mattress, similar to others I've owned before.",neutral
"The mouse is good enough I suppose, but also somewhat underwhelming.",neutral
I love this mattress! Works perfectly and looks even better than the photos.,positive
"This laptop is fine for occasional use, wouldn't call it exceptional.",neutral
"The mattress is noisy, slow, and generally a frustrating experience.",negative
"This watch is absolutely amazing, I use it every day and it never disappoints.",positive
"Best keyboard I have ever bought, highly recommend to anyone looking for one.",positive
"This keyboard is a game changer, so glad I purchased it. Shipping was fast.",positive
"Good tablet, works well most of the time and I'm satisfied overall.",neutral
"Wonderful mouse, comfortable and durable, will buy again.",positive
"Terrible monitor, does not work as advertised and support was unhelpful. Shipping was fast.",negative
"I regret buying this router, poor quality and flimsy materials. The instructions were unclear.",negative
"Fantastic vacuum cleaner, easy to set up and performs beautifully.",positive
"This watch is absolutely amazing, I use it every day and it never disappoints. The instructions were unclear.",positive
"It's a decent jacket for the price, though I expected a bit more.",neutral
"The router works as expected, no complaints but nothing outstanding either.",neutral
The tablet is okay in some ways but honestly kind of disappointing overall.,negative
"Very disappointed with this backpack, nothing like the description.",negative
"Super happy with this backpack, it solved exactly the problem I had.",positive
"Very disappointed with this backpack, nothing like the description.",negative
The sofa is okay in some ways but honestly kind of disappointing overall. It took a while to arrive.,negative
"A fairly standard speaker, similar to others I've owned before. Packaging could be better.",neutral
"This blender is fine for occasional use, wouldn't call it exceptional. Would consider buying again.",neutral
"Good shoes, works well most of the time and I'm satisfied overall.",positive
"Terrible air fryer, does not work as advertised and support was unhelpful.",negative
"The jacket is functional, though the design feels a little outdated. The instructions were unclear.",neutral
"I regret buying this mattress, poor quality and flimsy materials. Shipping was fast.",negative
"A fairly standard mouse, similar to others I've owned before.",neutral
"The laptop stopped working within a week, very disappointed.",negative
"I regret buying this blender, poor quality and flimsy materials.",negative
"Good camera, works well most of the time and I'm satisfied overall.",positive
"The headphones is okay, does what it says but nothing special.",neutral
"Do not buy this watch, it is overpriced and badly made. Setup was straightforward.",negative
"This speaker broke after just two days, complete waste of money. Shipping was fast.",negative
"The speaker works as expected, no complaints but nothing outstanding either. Setup was straightforward.",neutral
The jacket works flawlessly and the customer service was fantastic too.,positive
"Great quality jacket, exceeded my expectations and arrived quickly.",positive
"Wonderful headphones, comfortable and durable, will buy again.",positive
"Fantastic mouse, easy to set up and performs beautifully. Packaging could be better.",positive
"Wonderful mouse, comfortable and durable, will buy again.",positive
"Worst keyboard I've purchased, malfunctioned right out of the box.",negative
"This monitor is a game changer, so glad I purchased it.",positive
"The jacket is noisy, slow, and generally a frustrating experience.",negative
"A fairly standard shoes, similar to others I've owned before.",neutral
"Excellent build quality on this tablet, worth every penny.",positive
"A fairly standard phone, similar to others I've owned before. Not sure if I'd repurchase.",neutral
"I regret buying this air fryer, poor quality and flimsy materials. Packaging could be better.",negative
"This mattress broke after just two days, complete waste of money.",negative
"Do not buy this backpack, it is overpriced and badly made.",negative
"Do not buy this keyboard, it is overpriced and badly made. Shipping was fast.",negative
"Fantastic air fryer, easy to set up and performs beautifully. Setup was straightforward.",positive
"A fairly standard charger, similar to others I've owned before. Would consider buying again.",neutral
"This headphones broke after just two days, complete waste of money.",negative
"Terrible router, does not work as advertised and support was unhelpful.",negative
"This laptop broke after just two days, complete waste of money.",negative
"This charger is uncomfortable and cheaply built, would not recommend.",negative
"This keyboard broke after just two days, complete waste of money.",negative
"Reasonable router overall, meets basic requirements without any surprises.",neutral
"Do not buy this camera, it is overpriced and badly made.",negative
"The tablet is okay, does what it says but nothing special.",neutral
"Do not buy this mouse, it is overpriced and badly made.",negative
"Worst headphones I've purchased, malfunctioned right out of the box. Shipping was fast.",negative
"I regret buying this jacket, poor quality and flimsy materials. Setup was straightforward.",negative
"Good charger, works well most of the time and I'm satisfied overall.",positive
"This phone is uncomfortable and cheaply built, would not recommend.",negative
"Terrible router, does not work as advertised and support was unhelpful.",negative
"Fantastic router, easy to set up and performs beautifully. Setup was straightforward.",positive
"Worst mattress I've purchased, malfunctioned right out of the box. Packaging could be better.",negative
I love this monitor! Works perfectly and looks even better than the photos.,positive
The tablet works flawlessly and the customer service was fantastic too.,positive
"Good keyboard, works well most of the time and I'm satisfied overall. Would consider buying again.",positive
"Best laptop I have ever bought, highly recommend to anyone looking for one.",positive
"The backpack is good enough I suppose, but also somewhat underwhelming. It took a while to arrive.",neutral
"Wonderful blender, comfortable and durable, will buy again.",positive
"Wonderful mouse, comfortable and durable, will buy again.",positive
"This laptop is absolutely amazing, I use it every day and it never disappoints.",positive
The laptop works flawlessly and the customer service was fantastic too.,positive
"This phone is a game changer, so glad I purchased it.",positive
The headphones works flawlessly and the customer service was fantastic too.,positive
"I regret buying this watch, poor quality and flimsy materials.",negative
"Great quality phone, exceeded my expectations and arrived quickly.",positive
"The laptop arrived on time, packaging was standard, quality is acceptable.",positive
"It's a decent camera for the price, though I expected a bit more. It took a while to arrive.",neutral
"Best air fryer I have ever bought, highly recommend to anyone looking for one.",positive
"Reasonable camera overall, meets basic requirements without any surprises.",neutral
"Super happy with this mouse, it solved exactly the problem I had.",positive
"Great quality laptop, exceeded my expectations and arrived quickly.",positive
"This air fryer is uncomfortable and cheaply built, would not recommend.",negative
"Best camera I have ever bought, highly recommend to anyone looking for one.",positive
The vacuum cleaner is okay in some ways but honestly kind of disappointing overall.,negative
"Worst sofa I've purchased, malfunctioned right out of the box. Customer support responded quickly.",negative
"Excellent build quality on this camera, worth every penny.",positive
"I regret buying this air fryer, poor quality and flimsy materials.",negative
"This headphones is uncomfortable and cheaply built, would not recommend.",negative
"This mattress is uncomfortable and cheaply built, would not recommend.",negative
The jacket is okay in some ways but honestly kind of disappointing overall. Would consider buying again.,negative
"The charger is okay, does what it says but nothing special. Not sure if I'd repurchase.",neutral
"Reasonable blender overall, meets basic requirements without any surprises. Customer support responded quickly.",neutral
"Super happy with this monitor, it solved exactly the problem I had. Shipping was fast.",positive
"I regret buying this tablet, poor quality and flimsy materials.",negative
"Wonderful router, comfortable and durable, will buy again. Would consider buying again.",positive
"This backpack is a game changer, so glad I purchased it.",positive
"The mattress is okay, does what it says but nothing special. Would consider buying again.",neutral
The tablet is okay in some ways but honestly kind of disappointing overall.,negative
"This speaker is fine for occasional use, wouldn't call it exceptional.",positive
The jacket works flawlessly and the customer service was fantastic too.,negative
"This mattress is absolutely amazing, I use it every day and it never disappoints. Packaging could be better.",positive
"This shoes is absolutely amazing, I use it every day and it never disappoints.",positive
The camera works flawlessly and the customer service was fantastic too. The instructions were unclear.,positive
"Wonderful vacuum cleaner, comfortable and durable, will buy again.",positive
"The laptop works as expected, no complaints but nothing outstanding either.",neutral
"Do not buy this charger, it is overpriced and badly made.",negative
"A fairly standard jacket, similar to others I've owned before. Setup was straightforward.",neutral
"The laptop stopped working within a week, very disappointed.",negative
"This headphones is absolutely amazing, I use it every day and it never disappoints. Would consider buying again.",positive
"The headphones is functional, though the design feels a little outdated.",neutral
"The headphones is noisy, slow, and generally a frustrating experience. The instructions were unclear.",neutral
"The keyboard stopped working within a week, very disappointed. Would consider buying again.",negative
"This backpack is fine for occasional use, wouldn't call it exceptional.",neutral
"Not bad, not great — this charger does the job adequately. Not sure if I'd repurchase.",neutral
"Super happy with this tablet, it solved exactly the problem I had.",positive
"Great quality jacket, exceeded my expectations and arrived quickly. Not sure if I'd repurchase.",positive
"Good charger, works well most of the time and I'm satisfied overall. It took a while to arrive.",positive
I love this mouse! Works perfectly and looks even better than the photos.,positive
"Terrible monitor, does not work as advertised and support was unhelpful. Would consider buying again.",negative
"The camera is noisy, slow, and generally a frustrating experience.",negative
"Great quality blender, exceeded my expectations and arrived quickly.",neutral
I love this camera! Works perfectly and looks even better than the photos. Customer support responded quickly.,positive
"The monitor is okay, does what it says but nothing special. Not sure if I'd repurchase.",neutral
"The headphones is functional, though the design feels a little outdated.",neutral
"The phone is good enough I suppose, but also somewhat underwhelming.",neutral
"Not bad, not great — this tablet does the job adequately. It took a while to arrive.",neutral
"Good tablet, works well most of the time and I'm satisfied overall.",positive
"Do not buy this monitor, it is overpriced and badly made.",negative
"This monitor is absolutely amazing, I use it every day and it never disappoints.",positive
"Fantastic mouse, easy to set up and performs beautifully. Packaging could be better.",positive
"Worst jacket I've purchased, malfunctioned right out of the box.",neutral
The phone works flawlessly and the customer service was fantastic too. It took a while to arrive.,positive
"This shoes is fine for occasional use, wouldn't call it exceptional. Setup was straightforward.",neutral
"This phone is average, works fine for basic use.",negative
"Not bad, not great — this speaker does the job adequately.",neutral
The charger is okay in some ways but honestly kind of disappointing overall. Would consider buying again.,negative
"Not bad, not great — this backpack does the job adequately.",neutral
"Super happy with this camera, it solved exactly the problem I had.",positive
"I regret buying this jacket, poor quality and flimsy materials.",negative
"Reasonable vacuum cleaner overall, meets basic requirements without any surprises.",neutral
"Not bad, not great — this laptop does the job adequately.",neutral
"Terrible charger, does not work as advertised and support was unhelpful.",negative
"Great quality camera, exceeded my expectations and arrived quickly.",positive
"This jacket broke after just two days, complete waste of money.",negative
"This blender is absolutely amazing, I use it every day and it never disappoints.",positive
"I regret buying this laptop, poor quality and flimsy materials.",negative
"Not bad, not great — this phone does the job adequately. Setup was straightforward.",neutral
"Wonderful phone, comfortable and durable, will buy again.",positive
"The headphones stopped working within a week, very disappointed.",negative
"Not bad, not great — this speaker does the job adequately. Packaging could be better.",neutral
The laptop is okay in some ways but honestly kind of disappointing overall.,negative
"Do not buy this monitor, it is overpriced and badly made.",negative
"Not bad, not great — this vacuum cleaner does the job adequately.",neutral
"Best mouse I have ever bought, highly recommend to anyone looking for one.",positive
"The router is noisy, slow, and generally a frustrating experience.",negative
"The keyboard stopped working within a week, very disappointed.",negative
"The shoes works as expected, no complaints but nothing outstanding either.",neutral
"The air fryer is functional, though the design feels a little outdated.",neutral
The keyboard is okay in some ways but honestly kind of disappointing overall. Customer support responded quickly.,negative
"This tablet is absolutely amazing, I use it every day and it never disappoints.",positive
"This phone is absolutely amazing, I use it every day and it never disappoints.",positive
"Great quality laptop, exceeded my expectations and arrived quickly. It took a while to arrive.",negative
"Not bad, not great — this monitor does the job adequately.",neutral
"Worst sofa I've purchased, malfunctioned right out of the box.",positive
"The jacket is okay, does what it says but nothing special. Shipping was fast.",neutral
"Awful experience with this watch, arrived damaged and support ignored me.",negative
"Fantastic keyboard, easy to set up and performs beautifully.",positive
"The air fryer stopped working within a week, very disappointed.",negative
I love this blender! Works perfectly and looks even better than the photos. Customer support responded quickly.,negative
"This vacuum cleaner broke after just two days, complete waste of money. The instructions were unclear.",negative
"Wonderful blender, comfortable and durable, will buy again. Packaging could be better.",positive
The sofa is okay in some ways but honestly kind of disappointing overall. Shipping was fast.,negative
The keyboard is okay in some ways but honestly kind of disappointing overall. Setup was straightforward.,negative
I love this camera! Works perfectly and looks even better than the photos.,positive
I love this phone! Works perfectly and looks even better than the photos.,positive
"Terrible camera, does not work as advertised and support was unhelpful.",negative
"It's a decent tablet for the price, though I expected a bit more. Would consider buying again.",neutral
"It's a decent speaker for the price, though I expected a bit more.",neutral
"This mattress broke after just two days, complete waste of money. It took a while to arrive.",negative
"This camera is average, works fine for basic use.",neutral
"The charger is functional, though the design feels a little outdated.",neutral
"This monitor is uncomfortable and cheaply built, would not recommend.",negative
"This air fryer is absolutely amazing, I use it every day and it never disappoints.",positive
"A fairly standard router, similar to others I've owned before.",neutral
"Excellent build quality on this phone, worth every penny. Customer support responded quickly.",positive
"Worst router I've purchased, malfunctioned right out of the box. It took a while to arrive.",negative
"Fantastic speaker, easy to set up and performs beautifully.",positive
"This sofa is absolutely amazing, I use it every day and it never disappoints.",positive
The vacuum cleaner works flawlessly and the customer service was fantastic too. It took a while to arrive.,positive
"Excellent build quality on this tablet, worth every penny.",positive
"Best vacuum cleaner I have ever bought, highly recommend to anyone looking for one. Customer support responded quickly.",positive
"The speaker is good enough I suppose, but also somewhat underwhelming.",neutral
The laptop works flawlessly and the customer service was fantastic too. Not sure if I'd repurchase.,positive
"This router broke after just two days, complete waste of money. Shipping was fast.",negative
"Worst mouse I've purchased, malfunctioned right out of the box.",negative
"Awful experience with this shoes, arrived damaged and support ignored me. The instructions were unclear.",negative
"The jacket works as expected, no complaints but nothing outstanding either.",neutral
"This router is a game changer, so glad I purchased it.",neutral
"Do not buy this sofa, it is overpriced and badly made. Would consider buying again.",positive
"The charger is good enough I suppose, but also somewhat underwhelming.",neutral
"Super happy with this monitor, it solved exactly the problem I had.",positive
"Worst backpack I've purchased, malfunctioned right out of the box.",negative
"This router is fine for occasional use, wouldn't call it exceptional. Packaging could be better.",neutral
"It's a decent air fryer for the price, though I expected a bit more.",neutral
"The blender arrived on time, packaging was standard, quality is acceptable. It took a while to arrive.",neutral
"This backpack is a game changer, so glad I purchased it.",positive
"This keyboard broke after just two days, complete waste of money.",negative
"Great quality monitor, exceeded my expectations and arrived quickly.",positive
"Worst speaker I've purchased, malfunctioned right out of the box. Shipping was fast.",negative
"Not bad, not great — this router does the job adequately.",negative
"Awful experience with this backpack, arrived damaged and support ignored me. The instructions were unclear.",negative
"Super happy with this camera, it solved exactly the problem I had.",positive
"Very disappointed with this router, nothing like the description.",negative
"Super happy with this router, it solved exactly the problem I had.",positive
"Do not buy this camera, it is overpriced and badly made. Not sure if I'd repurchase.",negative
The shoes is okay in some ways but honestly kind of disappointing overall. Packaging could be better.,negative
"The shoes arrived on time, packaging was standard, quality is acceptable. Would consider buying again.",neutral
"Great quality jacket, exceeded my expectations and arrived quickly.",positive
The blender works flawlessly and the customer service was fantastic too. Would consider buying again.,positive
"Very disappointed with this phone, nothing like the description. Would consider buying again.",negative
"Super happy with this jacket, it solved exactly the problem I had. Setup was straightforward.",positive
"Do not buy this phone, it is overpriced and badly made.",neutral
"The mattress is okay, does what it says but nothing special. Not sure if I'd repurchase.",neutral
"This keyboard is average, works fine for basic use. Shipping was fast.",neutral
"Terrible router, does not work as advertised and support was unhelpful. Shipping was fast.",negative
"Not bad, not great — this charger does the job adequately.",neutral
"This tablet is absolutely amazing, I use it every day and it never disappoints.",neutral
The tablet is okay in some ways but honestly kind of disappointing overall.,negative
"This mouse is absolutely amazing, I use it every day and it never disappoints.",positive
"Do not buy this tablet, it is overpriced and badly made. Not sure if I'd repurchase.",negative
"Do not buy this headphones, it is overpriced and badly made.",negative
"This monitor is average, works fine for basic use. Customer support responded quickly.",neutral
"The phone is good enough I suppose, but also somewhat underwhelming.",neutral
The charger works flawlessly and the customer service was fantastic too.,positive
"Do not buy this sofa, it is overpriced and badly made.",negative
"Wonderful blender, comfortable and durable, will buy again.",positive
"The mattress is okay, does what it says but nothing special.",neutral
"Do not buy this backpack, it is overpriced and badly made.",negative
The sofa is okay in some ways but honestly kind of disappointing overall.,negative
"Not bad, not great — this router does the job adequately. Setup was straightforward.",neutral
"This tablet is uncomfortable and cheaply built, would not recommend.",negative
"The monitor is okay, does what it says but nothing special.",neutral
"This blender is a game changer, so glad I purchased it.",positive
"Do not buy this vacuum cleaner, it is overpriced and badly made.",negative
"Reasonable keyboard overall, meets basic requirements without any surprises.",neutral
"It's a decent vacuum cleaner for the price, though I expected a bit more.",neutral
I love this headphones! Works perfectly and looks even better than the photos.,positive
"Reasonable backpack overall, meets basic requirements without any surprises.",neutral
"Very disappointed with this sofa, nothing like the description.",negative
"Super happy with this tablet, it solved exactly the problem I had.",positive
"Excellent build quality on this tablet, worth every penny. The instructions were unclear.",positive
"Wonderful phone, comfortable and durable, will buy again.",positive
"The monitor arrived on time, packaging was standard, quality is acceptable.",neutral
"The air fryer is noisy, slow, and generally a frustrating experience.",negative
"Not bad, not great — this charger does the job adequately.",neutral
The backpack is okay in some ways but honestly kind of disappointing overall.,negative
"Worst watch I've purchased, malfunctioned right out of the box.",negative
"This speaker is a game changer, so glad I purchased it. The instructions were unclear.",positive
"A fairly standard keyboard, similar to others I've owned before.",neutral
I love this phone! Works perfectly and looks even better than the photos.,positive
"The jacket works as expected, no complaints but nothing outstanding either.",neutral
The keyboard works flawlessly and the customer service was fantastic too. Packaging could be better.,positive
"The blender works as expected, no complaints but nothing outstanding either.",neutral
"The blender stopped working within a week, very disappointed. Not sure if I'd repurchase.",negative
"The blender is noisy, slow, and generally a frustrating experience.",negative
The camera is okay in some ways but honestly kind of disappointing overall. The instructions were unclear.,negative
"Good charger, works well most of the time and I'm satisfied overall.",positive
"Very disappointed with this vacuum cleaner, nothing like the description. Packaging could be better.",negative
"Very disappointed with this charger, nothing like the description. Would consider buying again.",negative
"Reasonable mouse overall, meets basic requirements without any surprises.",neutral
"The backpack works as expected, no complaints but nothing outstanding either. Would consider buying again.",neutral
"Terrible mattress, does not work as advertised and support was unhelpful.",negative
"Do not buy this tablet, it is overpriced and badly made. Packaging could be better.",negative
"The laptop works as expected, no complaints but nothing outstanding either.",neutral
"The jacket stopped working within a week, very disappointed.",negative
"The charger is functional, though the design feels a little outdated. Not sure if I'd repurchase.",neutral
"This tablet is absolutely amazing, I use it every day and it never disappoints. Customer support responded quickly.",positive
"This router broke after just two days, complete waste of money. Shipping was fast.",negative
The camera is okay in some ways but honestly kind of disappointing overall.,negative
"Very disappointed with this phone, nothing like the description. Customer support responded quickly.",negative
"Super happy with this headphones, it solved exactly the problem I had. The instructions were unclear.",neutral
"The monitor works as expected, no complaints but nothing outstanding either. Shipping was fast.",neutral
"I regret buying this watch, poor quality and flimsy materials.",negative
"The phone works as expected, no complaints but nothing outstanding either.",neutral
"Fantastic vacuum cleaner, easy to set up and performs beautifully. Packaging could be better.",positive
"A fairly standard headphones, similar to others I've owned before. Not sure if I'd repurchase.",neutral
The jacket works flawlessly and the customer service was fantastic too. Not sure if I'd repurchase.,positive
"Reasonable sofa overall, meets basic requirements without any surprises.",neutral
"The charger arrived on time, packaging was standard, quality is acceptable. Shipping was fast.",neutral
"The monitor is noisy, slow, and generally a frustrating experience.",neutral
The camera works flawlessly and the customer service was fantastic too.,positive
"Reasonable router overall, meets basic requirements without any surprises.",neutral
"I regret buying this tablet, poor quality and flimsy materials. Packaging could be better.",negative
"Do not buy this tablet, it is overpriced and badly made. It took a while to arrive.",negative
"The router is noisy, slow, and generally a frustrating experience. Setup was straightforward.",negative
"This monitor is a game changer, so glad I purchased it. It took a while to arrive.",positive
"Good mattress, works well most of the time and I'm satisfied overall.",positive
"Very disappointed with this router, nothing like the description.",negative
"Reasonable speaker overall, meets basic requirements without any surprises.",neutral
"Reasonable backpack overall, meets basic requirements without any surprises.",neutral
"Fantastic vacuum cleaner, easy to set up and performs beautifully.",negative
"Wonderful headphones, comfortable and durable, will buy again.",positive
"This laptop is absolutely amazing, I use it every day and it never disappoints.",positive
"Best tablet I have ever bought, highly recommend to anyone looking for one.",positive
"Very disappointed with this shoes, nothing like the description.",negative
"The watch works as expected, no complaints but nothing outstanding either.",neutral
"Best sofa I have ever bought, highly recommend to anyone looking for one. Customer support responded quickly.",positive
"This jacket broke after just two days, complete waste of money.",negative
"Good camera, works well most of the time and I'm satisfied overall.",positive
"I regret buying this tablet, poor quality and flimsy materials.",negative
"Terrible router, does not work as advertised and support was unhelpful. Shipping was fast.",negative
"Worst shoes I've purchased, malfunctioned right out of the box.",negative
I love this vacuum cleaner! Works perfectly and looks even better than the photos.,positive
I love this mattress! Works perfectly and looks even better than the photos.,positive
"Fantastic keyboard, easy to set up and performs beautifully.",positive
"This monitor is absolutely amazing, I use it every day and it never disappoints.",positive
"Wonderful watch, comfortable and durable, will buy again.",positive
The laptop is okay in some ways but honestly kind of disappointing overall.,negative
"Fantastic shoes, easy to set up and performs beautifully.",positive
"This camera is uncomfortable and cheaply built, would not recommend.",negative
"Reasonable headphones overall, meets basic requirements without any surprises.",neutral
The tablet works flawlessly and the customer service was fantastic too.,positive
"The air fryer stopped working within a week, very disappointed. Packaging could be better.",negative
"This sofa is fine for occasional use, wouldn't call it exceptional.",positive
"Excellent build quality on this speaker, worth every penny.",positive
"The router is okay, does what it says but nothing special.",neutral
The monitor is okay in some ways but honestly kind of disappointing overall.,negative
"This headphones broke after just two days, complete waste of money.",negative
"Excellent build quality on this mattress, worth every penny.",positive
"Terrible watch, does not work as advertised and support was unhelpful.",negative
I love this mattress! Works perfectly and looks even better than the photos. The instructions were unclear.,positive
"The mouse is okay, does what it says but nothing special. Shipping was fast.",neutral
"Terrible keyboard, does not work as advertised and support was unhelpful. Packaging could be better.",negative
"The router works as expected, no complaints but nothing outstanding either.",neutral
The camera is okay in some ways but honestly kind of disappointing overall. The instructions were unclear.,negative
"Do not buy this headphones, it is overpriced and badly made.",negative
"This laptop broke after just two days, complete waste of money.",negative
"This headphones is a game changer, so glad I purchased it.",positive
"Fantastic air fryer, easy to set up and performs beautifully.",positive
"Very disappointed with this phone, nothing like the description.",negative
"The air fryer arrived on time, packaging was standard, quality is acceptable.",neutral
"Super happy with this charger, it solved exactly the problem I had.",negative
"The camera is okay, does what it says but nothing special.",neutral
"Very disappointed with this keyboard, nothing like the description. It took a while to arrive.",neutral
"Not bad, not great — this laptop does the job adequately.",neutral
"Very disappointed with this air fryer, nothing like the description. Would consider buying again.",negative
"Best speaker I have ever bought, highly recommend to anyone looking for one. Customer support responded quickly.",negative
"This blender is fine for occasional use, wouldn't call it exceptional.",neutral
The mouse works flawlessly and the customer service was fantastic too.,positive
"Best air fryer I have ever bought, highly recommend to anyone looking for one. The instructions were unclear.",positive
"Reasonable sofa overall, meets basic requirements without any surprises. Shipping was fast.",neutral
"Do not buy this jacket, it is overpriced and badly made.",positive
"Great quality charger, exceeded my expectations and arrived quickly.",positive
"Excellent build quality on this jacket, worth every penny. The instructions were unclear.",positive
"I regret buying this router, poor quality and flimsy materials.",negative
"The speaker is functional, though the design feels a little outdated.",neutral
"Terrible keyboard, does not work as advertised and support was unhelpful.",negative
"Awful experience with this backpack, arrived damaged and support ignored me.",negative
"The blender stopped working within a week, very disappointed.",negative
"Fantastic headphones, easy to set up and performs beautifully.",positive
"Wonderful headphones, comfortable and durable, will buy again. It took a while to arrive.",positive
"The camera works as expected, no complaints but nothing outstanding either.",neutral
"Worst mouse I've purchased, malfunctioned right out of the box.",negative
"Super happy with this speaker, it solved exactly the problem I had.",positive
"The headphones stopped working within a week, very disappointed. Not sure if I'd repurchase.",negative
"The laptop is okay, does what it says but nothing special.",neutral
"This headphones is average, works fine for basic use.",neutral
"This backpack is fine for occasional use, wouldn't call it exceptional.",neutral
"This backpack is uncomfortable and cheaply built, would not recommend.",negative
"This backpack is a game changer, so glad I purchased it. Shipping was fast.",negative
"Good speaker, works well most of the time and I'm satisfied overall.",positive
"The backpack is functional, though the design feels a little outdated. Would consider buying again.",neutral
"Wonderful laptop, comfortable and durable, will buy again.",positive
"I regret buying this charger, poor quality and flimsy materials. Setup was straightforward.",negative
"I regret buying this laptop, poor quality and flimsy materials. The instructions were unclear.",negative
"Fantastic mattress, easy to set up and performs beautifully. Would consider buying again.",positive
"It's a decent keyboard for the price, though I expected a bit more.",neutral
"Good sofa, works well most of the time and I'm satisfied overall.",positive
I love this blender! Works perfectly and looks even better than the photos.,positive
"The tablet works as expected, no complaints but nothing outstanding either.",negative
"This headphones is uncomfortable and cheaply built, would not recommend. Shipping was fast.",negative
"Good watch, works well most of the time and I'm satisfied overall. Would consider buying again.",positive
"The sofa is functional, though the design feels a little outdated.",neutral
"Good watch, works well most of the time and I'm satisfied overall.",positive
The headphones is okay in some ways but honestly kind of disappointing overall. Would consider buying again.,negative
"Do not buy this headphones, it is overpriced and badly made.",negative
"Excellent build quality on this air fryer, worth every penny. Shipping was fast.",positive
"This router is a game changer, so glad I purchased it.",positive
The vacuum cleaner works flawlessly and the customer service was fantastic too.,positive
"Good jacket, works well most of the time and I'm satisfied overall.",positive
"Very disappointed with this sofa, nothing like the description.",positive
"A fairly standard router, similar to others I've owned before.",neutral
"Wonderful watch, comfortable and durable, will buy again.",positive
"Good vacuum cleaner, works well most of the time and I'm satisfied overall.",positive
"Awful experience with this keyboard, arrived damaged and support ignored me.",negative
"Do not buy this tablet, it is overpriced and badly made.",negative
"Super happy with this keyboard, it solved exactly the problem I had.",positive
"Do not buy this vacuum cleaner, it is overpriced and badly made. Not sure if I'd repurchase.",negative
"This camera is uncomfortable and cheaply built, would not recommend. Packaging could be better.",negative
"Good router, works well most of the time and I'm satisfied overall.",positive
"This headphones is a game changer, so glad I purchased it.",positive
I love this mattress! Works perfectly and looks even better than the photos.,positive
"Best vacuum cleaner I have ever bought, highly recommend to anyone looking for one.",positive
"Good air fryer, works well most of the time and I'm satisfied overall.",positive
"Terrible phone, does not work as advertised and support was unhelpful.",negative
"Wonderful tablet, comfortable and durable, will buy again.",positive
"This headphones is uncomfortable and cheaply built, would not recommend.",negative
"Awful experience with this phone, arrived damaged and support ignored me. Packaging could be better.",negative
"Fantastic mouse, easy to set up and performs beautifully.",positive
"This vacuum cleaner is uncomfortable and cheaply built, would not recommend. Customer support responded quickly.",negative
"Super happy with this router, it solved exactly the problem I had.",positive
"The phone works as expected, no complaints but nothing outstanding either. The instructions were unclear.",neutral
"Very disappointed with this speaker, nothing like the description.",negative
"Do not buy this charger, it is overpriced and badly made.",negative
"Awful experience with this air fryer, arrived damaged and support ignored me.",negative
"This air fryer is a game changer, so glad I purchased it.",positive
"Fantastic watch, easy to set up and performs beautifully.",positive
"Worst backpack I've purchased, malfunctioned right out of the box. Packaging could be better.",neutral
"Very disappointed with this blender, nothing like the description.",negative
"Fantastic tablet, easy to set up and performs beautifully.",positive
"Good watch, works well most of the time and I'm satisfied overall.",positive
"Terrible jacket, does not work as advertised and support was unhelpful.",negative
"Not bad, not great — this vacuum cleaner does the job adequately.",negative
"This vacuum cleaner is absolutely amazing, I use it every day and it never disappoints.",positive
"Best backpack I have ever bought, highly recommend to anyone looking for one.",positive
"The shoes works as expected, no complaints but nothing outstanding either.",neutral
"The tablet works as expected, no complaints but nothing outstanding either. Not sure if I'd repurchase.",neutral
"Excellent build quality on this router, worth every penny.",positive
"Not bad, not great — this backpack does the job adequately.",neutral
"Worst keyboard I've purchased, malfunctioned right out of the box.",negative
"The router arrived on time, packaging was standard, quality is acceptable. The instructions were unclear.",neutral
"Awful experience with this shoes, arrived damaged and support ignored me.",negative
"Reasonable mattress overall, meets basic requirements without any surprises.",neutral
"A fairly standard speaker, similar to others I've owned before.",neutral
I love this mattress! Works perfectly and looks even better than the photos. It took a while to arrive.,positive
"I regret buying this air fryer, poor quality and flimsy materials.",negative
"Fantastic watch, easy to set up and performs beautifully.",positive
"Fantastic jacket, easy to set up and performs beautifully.",positive
"This vacuum cleaner is fine for occasional use, wouldn't call it exceptional.",neutral
"Worst sofa I've purchased, malfunctioned right out of the box.",negative
"The tablet is good enough I suppose, but also somewhat underwhelming. The instructions were unclear.",neutral
"The router is noisy, slow, and generally a frustrating experience. The instructions were unclear.",negative
The charger works flawlessly and the customer service was fantastic too. It took a while to arrive.,positive
"Good laptop, works well most of the time and I'm satisfied overall. Would consider buying again.",positive
"Super happy with this tablet, it solved exactly the problem I had. Packaging could be better.",positive
"Reasonable keyboard overall, meets basic requirements without any surprises.",neutral
"The tablet works as expected, no complaints but nothing outstanding either.",neutral
"Good jacket, works well most of the time and I'm satisfied overall.",positive
"Best mattress I have ever bought, highly recommend to anyone looking for one. It took a while to arrive.",positive
"The backpack is okay, does what it says but nothing special. It took a while to arrive.",neutral
"Good monitor, works well most of the time and I'm satisfied overall. Not sure if I'd repurchase.",positive
"This keyboard is a game changer, so glad I purchased it.",positive
The blender is okay in some ways but honestly kind of disappointing overall. Setup was straightforward.,negative
I love this speaker! Works perfectly and looks even better than the photos. It took a while to arrive.,positive
"Great quality headphones, exceeded my expectations and arrived quickly. Would consider buying again.",positive
"A fairly standard mattress, similar to others I've owned before. Not sure if I'd repurchase.",neutral
"Very disappointed with this watch, nothing like the description.",negative
"Great quality watch, exceeded my expectations and arrived quickly.",positive
"Reasonable blender overall, meets basic requirements without any surprises. It took a while to arrive.",neutral
"The blender stopped working within a week, very disappointed.",negative
"The mouse arrived on time, packaging was standard, quality is acceptable.",positive
"Very disappointed with this router, nothing like the description.",negative
"This mouse is fine for occasional use, wouldn't call it exceptional. Not sure if I'd repurchase.",neutral
"Great quality camera, exceeded my expectations and arrived quickly.",positive
I love this headphones! Works perfectly and looks even better than the photos.,positive
"The watch is functional, though the design feels a little outdated.",neutral
I love this monitor! Works perfectly and looks even better than the photos.,positive
"Excellent build quality on this camera, worth every penny.",positive
I love this router! Works perfectly and looks even better than the photos.,positive
"This mouse is a game changer, so glad I purchased it.",positive
I love this tablet! Works perfectly and looks even better than the photos.,positive
"Great quality phone, exceeded my expectations and arrived quickly.",positive
"Good headphones, works well most of the time and I'm satisfied overall.",positive
The camera is okay in some ways but honestly kind of disappointing overall.,negative
"This watch is absolutely amazing, I use it every day and it never disappoints.",positive
"This tablet broke after just two days, complete waste of money. Shipping was fast.",negative
"This blender is a game changer, so glad I purchased it.",positive
"The sofa arrived on time, packaging was standard, quality is acceptable.",neutral
"Super happy with this headphones, it solved exactly the problem I had.",positive
"A fairly standard vacuum cleaner, similar to others I've owned before.",neutral
"This tablet broke after just two days, complete waste of money. The instructions were unclear.",negative
"Not bad, not great — this jacket does the job adequately. It took a while to arrive.",negative
"Great quality vacuum cleaner, exceeded my expectations and arrived quickly. Setup was straightforward.",positive
"Great quality charger, exceeded my expectations and arrived quickly.",positive
"This charger is uncomfortable and cheaply built, would not recommend. Shipping was fast.",negative
"The sofa is noisy, slow, and generally a frustrating experience.",negative
"Awful experience with this charger, arrived damaged and support ignored me. It took a while to arrive.",negative
"The tablet arrived on time, packaging was standard, quality is acceptable. Packaging could be better.",neutral
"Very disappointed with this mattress, nothing like the description.",negative
"Best mattress I have ever bought, highly recommend to anyone looking for one.",positive
"Very disappointed with this mattress, nothing like the description. Shipping was fast.",negative
"Great quality backpack, exceeded my expectations and arrived quickly. Packaging could be better.",positive
"The phone stopped working within a week, very disappointed.",negative
The camera is okay in some ways but honestly kind of disappointing overall.,negative
"The jacket arrived on time, packaging was standard, quality is acceptable. Not sure if I'd repurchase.",positive
"This blender is a game changer, so glad I purchased it.",positive
"This blender is a game changer, so glad I purchased it.",positive
"This watch is average, works fine for basic use.",neutral
"The mouse is functional, though the design feels a little outdated. Would consider buying again.",neutral
"This backpack broke after just two days, complete waste of money.",negative
"Good mouse, works well most of the time and I'm satisfied overall. It took a while to arrive.",positive
"Not bad, not great — this mattress does the job adequately.",neutral
"This watch is uncomfortable and cheaply built, would not recommend. Shipping was fast.",negative
"This phone is absolutely amazing, I use it every day and it never disappoints.",neutral
"Not bad, not great — this phone does the job adequately. Would consider buying again.",neutral
"The headphones stopped working within a week, very disappointed.",negative
"Super happy with this sofa, it solved exactly the problem I had. Customer support responded quickly.",positive
"The watch arrived on time, packaging was standard, quality is acceptable.",neutral
"The backpack is good enough I suppose, but also somewhat underwhelming. Packaging could be better.",neutral
I love this mattress! Works perfectly and looks even better than the photos. Customer support responded quickly.,positive
"This phone is fine for occasional use, wouldn't call it exceptional.",neutral
"Worst monitor I've purchased, malfunctioned right out of the box.",negative
"This backpack is a game changer, so glad I purchased it.",positive
"The air fryer is noisy, slow, and generally a frustrating experience.",negative
"Excellent build quality on this speaker, worth every penny. Would consider buying again.",positive
"Great quality jacket, exceeded my expectations and arrived quickly.",positive
"A fairly standard jacket, similar to others I've owned before. Packaging could be better.",neutral
"A fairly standard backpack, similar to others I've owned before.",neutral
"The sofa is noisy, slow, and generally a frustrating experience.",negative
"The headphones arrived on time, packaging was standard, quality is acceptable.",neutral
"Good router, works well most of the time and I'm satisfied overall. The instructions were unclear.",positive
"The blender works as expected, no complaints but nothing outstanding either. The instructions were unclear.",neutral
"Do not buy this headphones, it is overpriced and badly made.",negative
"Great quality jacket, exceeded my expectations and arrived quickly.",positive
"This monitor is absolutely amazing, I use it every day and it never disappoints.",positive
"This vacuum cleaner is absolutely amazing, I use it every day and it never disappoints. It took a while to arrive.",positive
"The camera is okay, does what it says but nothing special. Shipping was fast.",neutral
"Very disappointed with this laptop, nothing like the description.",negative
"I regret buying this tablet, poor quality and flimsy materials.",negative
"Awful experience with this keyboard, arrived damaged and support ignored me.",negative
"Best tablet I have ever bought, highly recommend to anyone looking for one.",positive
"Terrible sofa, does not work as advertised and support was unhelpful. Not sure if I'd repurchase.",neutral
"The blender stopped working within a week, very disappointed. Shipping was fast.",negative
"This mouse is absolutely amazing, I use it every day and it never disappoints.",positive
"Reasonable watch overall, meets basic requirements without any surprises. Would consider buying again.",neutral
"Super happy with this sofa, it solved exactly the problem I had.",positive
"The mattress works as expected, no complaints but nothing outstanding either. Packaging could be better.",neutral
"Best phone I have ever bought, highly recommend to anyone looking for one.",positive
"This sofa is uncomfortable and cheaply built, would not recommend.",negative
"The vacuum cleaner is functional, though the design feels a little outdated. Setup was straightforward.",neutral
"This mattress is absolutely amazing, I use it every day and it never disappoints.",positive
"The phone is okay, does what it says but nothing special. Customer support responded quickly.",neutral
I love this air fryer! Works perfectly and looks even better than the photos.,positive
"Great quality vacuum cleaner, exceeded my expectations and arrived quickly.",positive
"This blender is average, works fine for basic use. Packaging could be better.",neutral
"This camera broke after just two days, complete waste of money.",negative
"The headphones is good enough I suppose, but also somewhat underwhelming. Customer support responded quickly.",neutral
"The blender is good enough I suppose, but also somewhat underwhelming.",neutral
"This phone is a game changer, so glad I purchased it.",positive
"Super happy with this blender, it solved exactly the problem I had. Not sure if I'd repurchase.",positive
"Awful experience with this headphones, arrived damaged and support ignored me.",negative
"I regret buying this backpack, poor quality and flimsy materials. The instructions were unclear.",negative
The jacket works flawlessly and the customer service was fantastic too.,positive
"Terrible mattress, does not work as advertised and support was unhelpful. The instructions were unclear.",negative
"Great quality watch, exceeded my expectations and arrived quickly. Shipping was fast.",positive
"The laptop is functional, though the design feels a little outdated.",neutral
"Reasonable laptop overall, meets basic requirements without any surprises.",neutral
"This mattress broke after just two days, complete waste of money.",negative
"This blender broke after just two days, complete waste of money.",negative
"The camera works as expected, no complaints but nothing outstanding either. The instructions were unclear.",negative
"Terrible shoes, does not work as advertised and support was unhelpful. Packaging could be better.",negative
"The laptop is okay, does what it says but nothing special. Customer support responded quickly.",negative
"Fantastic speaker, easy to set up and performs beautifully. Would consider buying again.",negative
"This camera is uncomfortable and cheaply built, would not recommend.",negative
"Super happy with this mouse, it solved exactly the problem I had.",positive
"The backpack works as expected, no complaints but nothing outstanding either. Shipping was fast.",neutral
The sofa is okay in some ways but honestly kind of disappointing overall.,negative
"Do not buy this backpack, it is overpriced and badly made.",negative
"This shoes is absolutely amazing, I use it every day and it never disappoints.",positive
"Wonderful phone, comfortable and durable, will buy again.",positive
"Good speaker, works well most of the time and I'm satisfied overall.",positive
"The watch is good enough I suppose, but also somewhat underwhelming.",neutral
"Super happy with this charger, it solved exactly the problem I had. Shipping was fast.",neutral
"This phone broke after just two days, complete waste of money. The instructions were unclear.",negative
"The sofa is noisy, slow, and generally a frustrating experience.",negative
The air fryer is okay in some ways but honestly kind of disappointing overall. Not sure if I'd repurchase.,negative
"Best speaker I have ever bought, highly recommend to anyone looking for one.",positive
"The vacuum cleaner is noisy, slow, and generally a frustrating experience.",negative
The mattress is okay in some ways but honestly kind of disappointing overall. It took a while to arrive.,negative
"I regret buying this monitor, poor quality and flimsy materials.",negative
"This camera is uncomfortable and cheaply built, would not recommend.",negative
"Wonderful sofa, comfortable and durable, will buy again.",positive
"It's a decent speaker for the price, though I expected a bit more.",neutral
"I regret buying this router, poor quality and flimsy materials.",negative
"Fantastic keyboard, easy to set up and performs beautifully. Setup was straightforward.",positive
"This charger broke after just two days, complete waste of money. Would consider buying again.",negative
"This shoes is a game changer, so glad I purchased it.",positive
"Wonderful mattress, comfortable and durable, will buy again.",negative
"This phone is absolutely amazing, I use it every day and it never disappoints.",positive
"It's a decent air fryer for the price, though I expected a bit more.",neutral
"Worst mattress I've purchased, malfunctioned right out of the box. Customer support responded quickly.",negative
"This air fryer is average, works fine for basic use.",neutral
"This blender is uncomfortable and cheaply built, would not recommend.",negative
"This speaker broke after just two days, complete waste of money.",negative
"Worst tablet I've purchased, malfunctioned right out of the box.",negative
"Excellent build quality on this speaker, worth every penny.",positive
"The keyboard works as expected, no complaints but nothing outstanding either.",neutral
"Best camera I have ever bought, highly recommend to anyone looking for one.",positive
"Good charger, works well most of the time and I'm satisfied overall.",positive
"Wonderful laptop, comfortable and durable, will buy again. Shipping was fast.",positive
The air fryer is okay in some ways but honestly kind of disappointing overall. Customer support responded quickly.,negative
"The sofa stopped working within a week, very disappointed. Shipping was fast.",negative
"Very disappointed with this shoes, nothing like the description. It took a while to arrive.",negative
"Best vacuum cleaner I have ever bought, highly recommend to anyone looking for one.",positive
"Terrible camera, does not work as advertised and support was unhelpful.",positive
"Wonderful keyboard, comfortable and durable, will buy again. Packaging could be better.",positive
"The keyboard works as expected, no complaints but nothing outstanding either. The instructions were unclear.",neutral
"Wonderful backpack, comfortable and durable, will buy again.",positive
"Excellent build quality on this backpack, worth every penny.",positive
"Wonderful keyboard, comfortable and durable, will buy again. Would consider buying again.",positive
"The blender is functional, though the design feels a little outdated.",neutral
"The phone is good enough I suppose, but also somewhat underwhelming.",negative
"Best shoes I have ever bought, highly recommend to anyone looking for one.",positive
"Awful experience with this sofa, arrived damaged and support ignored me.",negative
"I regret buying this charger, poor quality and flimsy materials.",negative
"I regret buying this sofa, poor quality and flimsy materials.",negative
"Do not buy this vacuum cleaner, it is overpriced and badly made. It took a while to arrive.",negative
"I regret buying this mouse, poor quality and flimsy materials.",neutral
"Not bad, not great — this backpack does the job adequately.",neutral
"Worst watch I've purchased, malfunctioned right out of the box. The instructions were unclear.",negative
"This router broke after just two days, complete waste of money.",negative
"Reasonable mattress overall, meets basic requirements without any surprises. It took a while to arrive.",neutral
"Terrible blender, does not work as advertised and support was unhelpful.",negative
"Good keyboard, works well most of the time and I'm satisfied overall. Customer support responded quickly.",positive
"The headphones is functional, though the design feels a little outdated.",neutral
"The phone is okay, does what it says but nothing special.",neutral
"Fantastic backpack, easy to set up and performs beautifully. Would consider buying again.",positive
"The phone arrived on time, packaging was standard, quality is acceptable.",neutral
I love this camera! Works perfectly and looks even better than the photos. Shipping was fast.,positive
"This air fryer is a game changer, so glad I purchased it.",positive
"This headphones broke after just two days, complete waste of money.",negative
"This shoes is fine for occasional use, wouldn't call it exceptional.",neutral
"Terrible keyboard, does not work as advertised and support was unhelpful.",negative
"Do not buy this jacket, it is overpriced and badly made. Shipping was fast.",negative
"This speaker is a game changer, so glad I purchased it.",positive
"Awful experience with this camera, arrived damaged and support ignored me. Shipping was fast.",negative
"The router is noisy, slow, and generally a frustrating experience.",negative
"The headphones is good enough I suppose, but also somewhat underwhelming. Packaging could be better.",positive
"Best phone I have ever bought, highly recommend to anyone looking for one. The instructions were unclear.",positive
"Great quality monitor, exceeded my expectations and arrived quickly. Shipping was fast.",neutral
"Fantastic watch, easy to set up and performs beautifully.",positive
"This camera is absolutely amazing, I use it every day and it never disappoints. Packaging could be better.",positive
"The tablet is noisy, slow, and generally a frustrating experience.",negative
"Terrible jacket, does not work as advertised and support was unhelpful.",negative
"Worst tablet I've purchased, malfunctioned right out of the box.",negative
I love this backpack! Works perfectly and looks even better than the photos. Would consider buying again.,positive
The sofa is okay in some ways but honestly kind of disappointing overall. The instructions were unclear.,negative
"The backpack is okay, does what it says but nothing special. Would consider buying again.",neutral
"The headphones is good enough I suppose, but also somewhat underwhelming.",neutral
The blender is okay in some ways but honestly kind of disappointing overall.,negative
"The keyboard stopped working within a week, very disappointed. The instructions were unclear.",negative
"Super happy with this tablet, it solved exactly the problem I had. Setup was straightforward.",positive
"This blender is uncomfortable and cheaply built, would not recommend.",negative
"Do not buy this headphones, it is overpriced and badly made. It took a while to arrive.",negative
"Terrible monitor, does not work as advertised and support was unhelpful.",negative
"Excellent build quality on this watch, worth every penny.",positive
The charger works flawlessly and the customer service was fantastic too.,positive
"This router is absolutely amazing, I use it every day and it never disappoints.",positive
I love this shoes! Works perfectly and looks even better than the photos. Shipping was fast.,positive
"The speaker stopped working within a week, very disappointed. Setup was straightforward.",negative
"Super happy with this blender, it solved exactly the problem I had.",positive
"The tablet is noisy, slow, and generally a frustrating experience.",negative
"Good blender, works well most of the time and I'm satisfied overall.",positive
"Great quality mattress, exceeded my expectations and arrived quickly.",positive
"Wonderful monitor, comfortable and durable, will buy again.",positive
"Best mouse I have ever bought, highly recommend to anyone looking for one.",positive
"This headphones broke after just two days, complete waste of money.",negative
The monitor is okay in some ways but honestly kind of disappointing overall. Would consider buying again.,negative
"Fantastic monitor, easy to set up and performs beautifully. Customer support responded quickly.",positive
"I regret buying this monitor, poor quality and flimsy materials. Setup was straightforward.",negative
"The sofa stopped working within a week, very disappointed.",negative
"I regret buying this keyboard, poor quality and flimsy materials. The instructions were unclear.",negative
"Reasonable charger overall, meets basic requirements without any surprises.",neutral
"The air fryer is okay, does what it says but nothing special.",neutral
"Fantastic vacuum cleaner, easy to set up and performs beautifully. Customer support responded quickly.",positive
"This camera is a game changer, so glad I purchased it. It took a while to arrive.",positive
"Great quality charger, exceeded my expectations and arrived quickly. Setup was straightforward.",positive
"A fairly standard monitor, similar to others I've owned before. Packaging could be better.",neutral
"Fantastic keyboard, easy to set up and performs beautifully.",positive
"Do not buy this keyboard, it is overpriced and badly made.",negative
"The tablet works as expected, no complaints but nothing outstanding either.",neutral
"Terrible tablet, does not work as advertised and support was unhelpful.",negative
"The laptop works as expected, no complaints but nothing outstanding either.",neutral
"Very disappointed with this phone, nothing like the description.",negative
"The speaker is noisy, slow, and generally a frustrating experience. Customer support responded quickly.",negative
"Wonderful tablet, comfortable and durable, will buy again. Setup was straightforward.",neutral
"Good monitor, works well most of the time and I'm satisfied overall.",positive
"Super happy with this charger, it solved exactly the problem I had. Not sure if I'd repurchase.",positive
"This sofa is uncomfortable and cheaply built, would not recommend.",negative
I love this laptop! Works perfectly and looks even better than the photos.,positive
The backpack is okay in some ways but honestly kind of disappointing overall. It took a while to arrive.,negative
"Wonderful vacuum cleaner, comfortable and durable, will buy again.",positive
"This air fryer broke after just two days, complete waste of money. Packaging could be better.",negative
"Do not buy this charger, it is overpriced and badly made.",negative
"Super happy with this monitor, it solved exactly the problem I had.",positive
"This monitor is fine for occasional use, wouldn't call it exceptional. Customer support responded quickly.",neutral
"This keyboard is absolutely amazing, I use it every day and it never disappoints. Setup was straightforward.",positive
"Wonderful laptop, comfortable and durable, will buy again. It took a while to arrive.",positive
"Super happy with this sofa, it solved exactly the problem I had. Not sure if I'd repurchase.",positive
"The blender is functional, though the design feels a little outdated. The instructions were unclear.",neutral
"Fantastic watch, easy to set up and performs beautifully.",positive
"Not bad, not great — this phone does the job adequately.",neutral
"This shoes is absolutely amazing, I use it every day and it never disappoints. Packaging could be better.",positive
The vacuum cleaner is okay in some ways but honestly kind of disappointing overall. The instructions were unclear.,negative
I love this headphones! Works perfectly and looks even better than the photos.,positive
"This monitor broke after just two days, complete waste of money.",negative
I love this router! Works perfectly and looks even better than the photos. Setup was straightforward.,positive
"Super happy with this speaker, it solved exactly the problem I had. Customer support responded quickly.",positive
"The jacket is noisy, slow, and generally a frustrating experience.",negative
"The shoes is noisy, slow, and generally a frustrating experience. Not sure if I'd repurchase.",negative
"Worst mouse I've purchased, malfunctioned right out of the box.",positive
"Super happy with this speaker, it solved exactly the problem I had.",positive
"Excellent build quality on this shoes, worth every penny.",positive
"Super happy with this sofa, it solved exactly the problem I had.",positive
"Super happy with this mouse, it solved exactly the problem I had. Setup was straightforward.",positive
"This backpack is average, works fine for basic use.",neutral
"The tablet is functional, though the design feels a little outdated. The instructions were unclear.",neutral
"Very disappointed with this shoes, nothing like the description. Packaging could be better.",negative
"It's a decent laptop for the price, though I expected a bit more.",neutral
The phone works flawlessly and the customer service was fantastic too.,positive
"Reasonable laptop overall, meets basic requirements without any surprises. Packaging could be better.",neutral
"The monitor arrived on time, packaging was standard, quality is acceptable.",neutral
I love this watch! Works perfectly and looks even better than the photos. Shipping was fast.,positive
"The tablet is noisy, slow, and generally a frustrating experience.",negative
"The speaker stopped working within a week, very disappointed.",negative
"Great quality shoes, exceeded my expectations and arrived quickly. The instructions were unclear.",positive
"The watch is noisy, slow, and generally a frustrating experience.",negative
"Wonderful vacuum cleaner, comfortable and durable, will buy again.",positive
"This jacket is absolutely amazing, I use it every day and it never disappoints. Shipping was fast.",positive
"Very disappointed with this sofa, nothing like the description.",negative
"This monitor is absolutely amazing, I use it every day and it never disappoints. Setup was straightforward.",positive
"Wonderful sofa, comfortable and durable, will buy again. Would consider buying again.",positive
"Worst air fryer I've purchased, malfunctioned right out of the box.",negative
"This phone broke after just two days, complete waste of money.",negative
I love this air fryer! Works perfectly and looks even better than the photos.,positive
"Not bad, not great — this mattress does the job adequately.",neutral
"Fantastic tablet, easy to set up and performs beautifully.",positive
"Awful experience with this sofa, arrived damaged and support ignored me. Not sure if I'd repurchase.",negative
The mattress is okay in some ways but honestly kind of disappointing overall.,negative
"This shoes broke after just two days, complete waste of money. It took a while to arrive.",negative
"This tablet is a game changer, so glad I purchased it.",positive
The shoes is okay in some ways but honestly kind of disappointing overall.,negative
"Terrible router, does not work as advertised and support was unhelpful.",negative
"This monitor is absolutely amazing, I use it every day and it never disappoints. Would consider buying again.",positive
"This watch is absolutely amazing, I use it every day and it never disappoints. Shipping was fast.",positive
"This mattress is average, works fine for basic use.",neutral
"Good router, works well most of the time and I'm satisfied overall.",positive
"The vacuum cleaner is functional, though the design feels a little outdated.",negative
"It's a decent phone for the price, though I expected a bit more.",neutral
"This tablet is a game changer, so glad I purchased it.",positive
"Worst watch I've purchased, malfunctioned right out of the box.",negative
"Best headphones I have ever bought, highly recommend to anyone looking for one.",positive
"The headphones is okay, does what it says but nothing special.",neutral
"The camera stopped working within a week, very disappointed. Shipping was fast.",negative
"This router is fine for occasional use, wouldn't call it exceptional.",neutral
"The sofa works as expected, no complaints but nothing outstanding either. Shipping was fast.",neutral
"This mouse broke after just two days, complete waste of money.",negative
"Not bad, not great — this speaker does the job adequately.",neutral
I love this camera! Works perfectly and looks even better than the photos.,positive
"This backpack broke after just two days, complete waste of money.",negative
"Fantastic laptop, easy to set up and performs beautifully. It took a while to arrive.",positive
"Worst laptop I've purchased, malfunctioned right out of the box.",negative
"The shoes works as expected, no complaints but nothing outstanding either. It took a while to arrive.",neutral
"Very disappointed with this sofa, nothing like the description.",negative
The air fryer works flawlessly and the customer service was fantastic too. Customer support responded quickly.,positive
"A fairly standard vacuum cleaner, similar to others I've owned before.",neutral
"This camera is average, works fine for basic use. Would consider buying again.",neutral
The router works flawlessly and the customer service was fantastic too.,positive
"Super happy with this vacuum cleaner, it solved exactly the problem I had. Shipping was fast.",positive
"Wonderful monitor, comfortable and durable, will buy again.",positive
"The phone is good enough I suppose, but also somewhat underwhelming.",neutral
"The charger is noisy, slow, and generally a frustrating experience. Shipping was fast.",negative
"The watch stopped working within a week, very disappointed.",negative
"Best router I have ever bought, highly recommend to anyone looking for one. Packaging could be better.",positive
"The backpack is good enough I suppose, but also somewhat underwhelming.",neutral
"Awful experience with this blender, arrived damaged and support ignored me. Not sure if I'd repurchase.",negative
"I regret buying this watch, poor quality and flimsy materials.",positive
"The mouse is good enough I suppose, but also somewhat underwhelming.",neutral
"Great quality blender, exceeded my expectations and arrived quickly.",positive
"This monitor broke after just two days, complete waste of money.",negative
