OrderID,OrderDate,CustomerID,CustomerAge,CustomerGender,ProductID,ProductName,Category,Quantity,UnitPrice,Revenue,Region
ORD11255,2022-01-01,CUST3673,30.0,Female,PSPO509,Cricket Bat,Sports,2,2124.66,4249.32,North
ORD13149,2022-01-01,CUST3792,50.0,Male,PHOM731,Storage Rack,Home & Kitchen,1,2860.07,2860.07,East
ORD15649,2022-01-01,CUST3434,30.0,Male,PSPO989,Cycling Gloves,Sports,1,688.39,688.39,North
ORD11460,2022-01-01,CUST3404,31.0,Male,PAPP565,Denim Jeans,Apparel,1,2095.91,2095.91,West
ORD12403,2022-01-01,CUST3301,28.0,Female,PBEA727,Perfume,Beauty,1,768.9,768.9,West
ORD10110,2022-01-02,CUST3596,43.0,Male,PELE779,Power Bank,Electronics,1,1823.33,1823.33,North
ORD12233,2022-01-02,CUST2647,54.0,Male,PBEA312,Face Wash,Beauty,1,1250.2,1250.2,West
ORD10253,2022-01-02,CUST3679,41.0,Female,PSPO438,Yoga Mat,Sports,1,1195.48,1195.48,East
ORD10203,2022-01-03,CUST3224,35.0,Male,PELE645,Smartphone Case,Electronics,2,1924.2,3848.4,North
ORD11188,2022-01-03,CUST3547,18.0,Female,PHOM455,Cushion Set,Home & Kitchen,1,919.11,919.11,West
ORD14643,2022-01-03,CUST3695,29.0,Female,PAPP596,Denim Jeans,Apparel,1,1431.69,1431.69,East
ORD15854,2022-01-03,CUST3689,31.0,Male,PSPO637,Dumbbell Set,Sports,2,594.48,1188.96,South
ORD13844,2022-01-03,CUST3110,37.0,Female,PELE914,Smartphone Case,Electronics,1,1741.23,1741.23,North
ORD15385,2022-01-04,CUST2812,30.0,Female,PAPP285,Running Shoes,Apparel,2,1604.62,3209.24,South
ORD12498,2022-01-04,CUST2032,37.0,Male,PSPO127,Cricket Bat,Sports,1,964.59,964.59,South
ORD11045,2022-01-04,CUST3180,23.0,Male,PSPO489,Cycling Gloves,Sports,2,931.95,1863.9,West
ORD13005,2022-01-04,CUST3379,30.0,Male,PHOM457,Blender,Home & Kitchen,1,2571.55,2571.55,South
ORD11966,2022-01-05,CUST3035,16.0,Female,PAPP706,Hoodie,Apparel,2,428.94,857.88,South
ORD11974,2022-01-05,CUST2178,16.0,Female,PELE356,Smartphone Case,Electronics,1,1510.26,1510.26,West
ORD11160,2022-01-05,CUST3160,25.0,Male,PHOM453,Blender,Home & Kitchen,1,971.12,971.12,West
ORD11612,2022-01-05,CUST2204,46.0,Female,PAPP919,Running Shoes,Apparel,1,1734.34,1734.34,North
ORD10875,2022-01-05,CUST2682,29.0,Female,PBEA786,Perfume,Beauty,2,558.43,1116.86,East
ORD11397,2022-01-05,CUST3123,37.0,Male,PHOM642,Cushion Set,Home & Kitchen,1,1513.86,1513.86,North
ORD15599,2022-01-05,CUST3567,33.0,Female,PSPO342,Yoga Mat,Sports,1,683.87,683.87,East
ORD12575,2022-01-05,CUST2321,38.0,Male,PELE133,Smartphone Case,Electronics,1,1707.45,1707.45,North
ORD11806,2022-01-06,CUST2636,22.0,Male,PAPP700,Cotton T-Shirt,Apparel,2,1193.28,2386.56,West
ORD15172,2022-01-06,CUST3246,31.0,Male,PSPO845,Cricket Bat,Sports,1,278.0,278.0,East
ORD12244,2022-01-06,CUST2375,28.0,Male,PHOM189,Non-stick Pan,Home & Kitchen,2,1040.9,2081.8,West
ORD13763,2022-01-06,CUST3227,36.0,Female,PAPP354,Hoodie,Apparel,2,536.39,1072.78,North
ORD10101,2022-01-06,CUST2510,18.0,Female,PHOM455,Cushion Set,Home & Kitchen,1,2299.47,2299.47,South
ORD13335,2022-01-06,CUST3785,19.0,Male,PAPP955,Denim Jeans,Apparel,1,1621.39,1621.39,South
ORD11389,2022-01-07,CUST3029,16.0,Female,PHOM133,Storage Rack,Home & Kitchen,2,2454.53,4909.06,North
ORD15149,2022-01-07,CUST2957,23.0,Male,PELE998,Wireless Earbuds,Electronics,1,2835.04,2835.04,East
ORD12181,2022-01-07,CUST2264,37.0,Male,PAPP490,Hoodie,Apparel,1,457.85,457.85,South
ORD13365,2022-01-07,CUST3533,36.0,Male,PELE666,Wireless Earbuds,Electronics,1,1337.04,1337.04,South
ORD15314,2022-01-07,CUST2131,35.0,Male,PAPP333,Cotton T-Shirt,Apparel,1,1780.32,1780.32,North
ORD13345,2022-01-07,CUST2485,38.0,Female,PELE845,Smartwatch,Electronics,1,2401.9,2401.9,North
ORD12527,2022-01-07,CUST2599,37.0,Female,PSPO489,Dumbbell Set,Sports,1,2463.51,2463.51,North
ORD13965,2022-01-07,CUST2216,34.0,Male,PELE102,Power Bank,Electronics,1,2332.05,2332.05,North
ORD15462,2022-01-08,CUST2464,33.0,Female,PAPP470,Denim Jeans,Apparel,1,2059.46,2059.46,West
ORD13486,2022-01-08,CUST3626,49.0,Male,PHOM617,Table Lamp,Home & Kitchen,1,2990.15,2990.15,North
ORD13090,2022-01-08,CUST3162,31.0,Female,PSPO746,Yoga Mat,Sports,1,1967.61,1967.61,North
ORD15404,2022-01-08,CUST2335,26.0,Female,PAPP304,Cotton T-Shirt,Apparel,1,1285.43,1285.43,West
ORD14131,2022-01-08,CUST2655,29.0,Male,PELE644,Bluetooth Speaker,Electronics,1,4099.31,4099.31,West
ORD14016,2022-01-09,CUST2297,27.0,Female,PELE922,Bluetooth Speaker,Electronics,1,2268.75,2268.75,South
ORD14214,2022-01-09,CUST3248,36.0,Female,PHOM629,Cushion Set,Home & Kitchen,1,998.84,998.84,West
ORD10602,2022-01-10,CUST3469,27.0,Female,PAPP954,Cotton T-Shirt,Apparel,1,1900.24,1900.24,East
ORD12102,2022-01-10,CUST3717,26.0,Male,PAPP398,Running Shoes,Apparel,1,695.31,695.31,South
ORD10055,2022-01-10,CUST2820,16.0,Male,PELE303,Bluetooth Speaker,Electronics,1,3248.5,3248.5,South
ORD13322,2022-01-10,CUST2000,45.0,Female,PELE829,Bluetooth Speaker,Electronics,2,2317.33,4634.66,North
ORD13582,2022-01-10,CUST3727,27.0,Female,PAPP264,Running Shoes,Apparel,1,837.11,837.11,East
ORD14243,2022-01-11,CUST2325,25.0,Female,PELE495,Bluetooth Speaker,Electronics,1,1446.89,1446.89,West
ORD13533,2022-01-11,CUST2518,30.0,Male,PBEA766,Face Serum,Beauty,1,1113.6,1113.6,West
ORD11403,2022-01-11,CUST2401,28.0,Female,PHOM810,Storage Rack,Home & Kitchen,1,1642.66,1642.66,South
ORD11126,2022-01-11,CUST2185,34.0,Female,PHOM874,Cushion Set,Home & Kitchen,1,1278.27,1278.27,South
ORD12027,2022-01-12,CUST3797,21.0,Female,PBEA837,Face Wash,Beauty,1,1265.42,1265.42,South
ORD11526,2022-01-12,CUST2804,16.0,Male,PAPP810,Jacket,Apparel,1,2176.63,2176.63,North
ORD12661,2022-01-13,CUST2681,27.0,Male,PAPP363,Hoodie,Apparel,2,1784.53,3569.06,North
ORD13221,2022-01-13,CUST2838,39.0,Female,PHOM376,Cushion Set,Home & Kitchen,2,820.79,1641.58,South
ORD15068,2022-01-13,CUST3450,22.0,Female,PHOM297,Non-stick Pan,Home & Kitchen,1,500.59,500.59,South
ORD11445,2022-01-13,CUST3130,28.0,Female,PSPO672,Football,Sports,2,2458.89,4917.78,South
ORD13187,2022-01-13,CUST2384,36.0,Male,PHOM536,Blender,Home & Kitchen,1,638.25,638.25,North
ORD12193,2022-01-13,CUST2774,29.0,Male,PELE970,Smartwatch,Electronics,1,4400.15,4400.15,South
ORD12969,2022-01-14,CUST2203,29.0,Female,PELE512,Smartwatch,Electronics,1,3301.4,3301.4,North
ORD15849,2022-01-14,CUST2249,30.0,Female,PHOM841,Non-stick Pan,Home & Kitchen,1,960.06,960.06,West
ORD10748,2022-01-14,CUST3524,31.0,Male,PELE541,Smartphone Case,Electronics,1,3888.86,3888.86,East
ORD15108,2022-01-14,CUST3078,44.0,Male,PELE641,Smartwatch,Electronics,2,813.55,1627.1,East
ORD12805,2022-01-14,CUST2328,44.0,Male,PHOM156,Blender,Home & Kitchen,2,1658.78,3317.56,North
ORD12127,2022-01-14,CUST2557,36.0,Male,PSPO190,Football,Sports,1,1723.76,1723.76,South
ORD13572,2022-01-14,CUST3373,40.0,Female,PELE835,Power Bank,Electronics,1,4458.16,4458.16,West
ORD15315,2022-01-15,CUST2504,20.0,Male,PBEA979,Perfume,Beauty,1,856.24,856.24,West
ORD14074,2022-01-16,CUST2490,29.0,Female,PSPO658,Dumbbell Set,Sports,1,1057.88,1057.88,South
ORD14379,2022-01-16,CUST3613,35.0,Male,PELE756,Smartphone Case,Electronics,2,2931.82,5863.64,South
ORD15089,2022-01-16,CUST3668,34.0,Female,PAPP220,Denim Jeans,Apparel,1,470.67,470.67,East
ORD14626,2022-01-16,CUST2418,29.0,Female,PHOM324,Table Lamp,Home & Kitchen,1,621.62,621.62,West
ORD15815,2022-01-17,CUST2138,37.0,Male,PAPP370,Denim Jeans,Apparel,1,455.35,455.35,West
ORD12203,2022-01-17,CUST2595,35.0,Female,PELE476,Smartphone Case,Electronics,1,3427.22,3427.22,South
ORD10973,2022-01-17,CUST2855,39.0,Male,PBEA285,Perfume,Beauty,1,596.14,596.14,West
ORD12920,2022-01-17,CUST2947,27.0,Female,PAPP706,Cotton T-Shirt,Apparel,1,1481.37,1481.37,East
ORD10583,2022-01-18,CUST2908,39.0,Female,PSPO368,Cricket Bat,Sports,1,1824.67,1824.67,West
ORD11108,2022-01-18,CUST2646,34.0,Female,PSPO180,Dumbbell Set,Sports,2,1727.94,3455.88,North
ORD10640,2022-01-18,CUST3218,25.0,Male,PAPP396,Jacket,Apparel,1,1070.91,1070.91,West
ORD12214,2022-01-18,CUST2135,42.0,Female,PELE935,Wireless Earbuds,Electronics,1,2180.88,2180.88,South
ORD12433,2022-01-19,CUST2603,42.0,Male,PAPP446,Hoodie,Apparel,1,705.5,705.5,West
ORD11414,2022-01-19,CUST3221,32.0,Female,PAPP900,Running Shoes,Apparel,1,506.1,506.1,North
ORD12035,2022-01-19,CUST2892,37.0,Male,PELE729,Wireless Earbuds,Electronics,2,1662.55,3325.1,South
ORD11122,2022-01-19,CUST2410,33.0,Female,PELE260,Smartwatch,Electronics,2,1423.08,2846.16,East
ORD12177,2022-01-19,CUST3363,33.0,Female,PAPP219,Cotton T-Shirt,Apparel,2,876.95,1753.9,North
ORD13816,2022-01-19,CUST3219,36.0,Male,PBEA716,Lipstick,Beauty,1,1098.55,1098.55,South
ORD10771,2022-01-20,CUST2460,18.0,Male,PAPP979,Hoodie,Apparel,1,1228.07,1228.07,North
ORD10725,2022-01-20,CUST3386,25.0,Male,PBEA911,Lipstick,Beauty,1,1354.51,1354.51,South
ORD13636,2022-01-20,CUST3759,31.0,Female,PELE136,Bluetooth Speaker,Electronics,1,3564.15,3564.15,North
ORD11653,2022-01-20,CUST3168,25.0,Male,PHOM932,Cushion Set,Home & Kitchen,1,1298.98,1298.98,North
ORD10808,2022-01-21,CUST2911,36.0,Female,PELE821,Bluetooth Speaker,Electronics,1,2570.55,2570.55,East
ORD15897,2022-01-21,CUST3073,29.0,Male,PSPO809,Dumbbell Set,Sports,1,1297.83,1297.83,West
ORD10310,2022-01-22,CUST3059,40.0,Male,PAPP254,Cotton T-Shirt,Apparel,1,1378.47,1378.47,South
ORD12881,2022-01-22,CUST3662,25.0,Male,PAPP332,Denim Jeans,Apparel,2,2087.38,4174.76,East
ORD15391,2022-01-22,CUST3498,40.0,Female,PHOM663,Table Lamp,Home & Kitchen,1,1491.87,1491.87,West
ORD14726,2022-01-22,CUST3600,16.0,Male,PAPP932,Running Shoes,Apparel,2,991.53,1983.06,West
ORD14460,2022-01-23,CUST2078,40.0,Male,PELE828,Smartphone Case,Electronics,1,4242.07,4242.07,South
ORD14251,2022-01-23,CUST3163,40.0,Female,PHOM476,Cushion Set,Home & Kitchen,1,1715.02,1715.02,South
ORD15398,2022-01-23,CUST3774,34.0,Female,PHOM581,Table Lamp,Home & Kitchen,2,1113.92,2227.84,East
ORD12471,2022-01-23,CUST3002,37.0,Male,PAPP637,Cotton T-Shirt,Apparel,2,2105.92,4211.84,North
ORD10966,2022-01-23,CUST3785,46.0,Male,PELE531,Smartwatch,Electronics,1,2489.81,2489.81,West
ORD13539,2022-01-23,CUST3148,33.0,Male,PSPO839,Cycling Gloves,Sports,1,694.44,694.44,West
ORD15468,2022-01-23,CUST2081,22.0,Male,PSPO673,Dumbbell Set,Sports,2,2339.06,4678.12,North
ORD12199,2022-01-23,CUST2648,20.0,Female,PAPP826,Cotton T-Shirt,Apparel,1,850.2,850.2,South
ORD14063,2022-01-23,CUST3663,21.0,Male,PBEA498,Lipstick,Beauty,1,395.85,395.85,North
ORD11711,2022-01-24,CUST3389,32.0,Female,PSPO791,Cricket Bat,Sports,1,1771.46,1771.46,North
ORD10654,2022-01-24,CUST2830,30.0,Male,PBEA512,Face Serum,Beauty,1,735.7,735.7,West
ORD15835,2022-01-24,CUST2123,45.0,Male,PELE575,Smartwatch,Electronics,2,3927.53,7855.06,North
ORD13212,2022-01-24,CUST2135,28.0,Female,PELE967,Smartwatch,Electronics,1,2398.58,2398.58,East
ORD10572,2022-01-24,CUST2934,20.0,Female,PAPP158,Hoodie,Apparel,1,702.77,702.77,South
ORD11279,2022-01-24,CUST2725,34.0,Female,PSPO449,Cricket Bat,Sports,1,1702.8,1702.8,North
ORD13748,2022-01-24,CUST3590,28.0,Female,PELE481,Smartphone Case,Electronics,1,3836.65,3836.65,South
ORD10989,2022-01-24,CUST2302,22.0,Male,PBEA854,Lipstick,Beauty,1,1126.12,1126.12,West
ORD14330,2022-01-25,CUST2186,37.0,Female,PSPO574,Cycling Gloves,Sports,2,2193.03,4386.06,South
ORD12795,2022-01-25,CUST2172,38.0,Male,PSPO765,Dumbbell Set,Sports,3,1537.9,4613.7,South
ORD12395,2022-01-25,CUST3450,37.0,Male,PAPP418,Hoodie,Apparel,1,1218.68,1218.68,North
ORD11490,2022-01-25,CUST2406,28.0,Male,PELE552,Bluetooth Speaker,Electronics,1,1862.57,1862.57,West
ORD10082,2022-01-25,CUST2528,30.0,Female,PBEA338,Shampoo,Beauty,2,1349.16,2698.32,North
ORD11496,2022-01-25,CUST2363,27.0,Male,PSPO476,Football,Sports,2,2378.95,4757.9,South
ORD12537,2022-01-25,CUST2723,21.0,Male,PELE606,Bluetooth Speaker,Electronics,1,869.74,869.74,North
ORD10831,2022-01-25,CUST2293,16.0,Female,PELE614,Wireless Earbuds,Electronics,1,4220.12,4220.12,West
ORD11024,2022-01-26,CUST3612,16.0,Male,PELE618,Bluetooth Speaker,Electronics,2,1090.75,2181.5,East
ORD14346,2022-01-26,CUST2291,36.0,Female,PAPP664,Denim Jeans,Apparel,1,767.12,767.12,North
ORD15785,2022-01-26,CUST3114,50.0,Female,PSPO714,Yoga Mat,Sports,2,2103.13,4206.26,South
ORD10695,2022-01-26,CUST3699,18.0,Male,PELE900,Bluetooth Speaker,Electronics,1,1515.52,1515.52,South
ORD13283,2022-01-27,CUST2733,26.0,Male,PSPO494,Cricket Bat,Sports,2,792.09,1584.18,South
ORD11354,2022-01-27,CUST3689,39.0,Female,PBEA415,Shampoo,Beauty,1,191.5,191.5,South
ORD15974,2022-01-27,CUST3201,28.0,Male,PELE771,Wireless Earbuds,Electronics,2,3458.48,6916.96,West
ORD12240,2022-01-27,CUST3327,36.0,Female,PELE359,Bluetooth Speaker,Electronics,2,3417.35,6834.7,South
ORD11787,2022-01-27,CUST2904,36.0,Male,PSPO478,Dumbbell Set,Sports,2,824.58,1649.16,South
ORD14476,2022-01-27,CUST3192,49.0,Female,PHOM661,Cushion Set,Home & Kitchen,1,396.87,396.87,East
ORD14965,2022-01-27,CUST2368,18.0,Male,PAPP107,Jacket,Apparel,3,1293.04,3879.12,North
ORD10662,2022-01-27,CUST2006,35.0,Female,PHOM718,Cushion Set,Home & Kitchen,1,2819.65,2819.65,West
ORD15941,2022-01-28,CUST3269,32.0,Male,PAPP562,Cotton T-Shirt,Apparel,1,1528.44,1528.44,North
ORD10033,2022-01-28,CUST2111,22.0,Female,PHOM403,Cushion Set,Home & Kitchen,1,1807.47,1807.47,South
ORD13644,2022-01-28,CUST3506,26.0,Female,PAPP571,Hoodie,Apparel,1,636.97,636.97,South
ORD12221,2022-01-28,CUST3525,37.0,Female,PELE109,Power Bank,Electronics,1,1128.25,1128.25,West
ORD13957,2022-01-28,CUST2167,30.0,Male,PBEA131,Shampoo,Beauty,1,1011.71,1011.71,East
ORD13222,2022-01-28,CUST2447,46.0,Female,PELE757,Smartwatch,Electronics,1,3016.33,3016.33,South
ORD12930,2022-01-28,CUST3322,24.0,Male,PELE591,Smartwatch,Electronics,1,3989.05,3989.05,South
ORD15784,2022-01-28,CUST3611,16.0,Male,PELE877,Power Bank,Electronics,1,3559.01,3559.01,West
ORD10421,2022-01-29,CUST3558,26.0,Female,PAPP440,Cotton T-Shirt,Apparel,1,905.2,905.2,East
ORD15284,2022-01-29,CUST2714,43.0,Male,PELE114,Power Bank,Electronics,1,1190.62,1190.62,East
ORD12121,2022-01-30,CUST3234,37.0,Male,PELE140,Smartphone Case,Electronics,1,1803.35,1803.35,South
ORD12779,2022-01-30,CUST3701,40.0,Male,PAPP949,Denim Jeans,Apparel,2,2068.55,4137.1,West
ORD10977,2022-01-30,CUST3644,39.0,Female,PELE845,Power Bank,Electronics,1,982.4,982.4,South
ORD11025,2022-01-30,CUST2002,36.0,Male,PAPP125,Jacket,Apparel,1,761.05,761.05,North
ORD11011,2022-01-30,CUST2964,21.0,Female,PHOM676,Table Lamp,Home & Kitchen,1,2191.96,2191.96,North
ORD11781,2022-01-30,CUST3568,45.0,Male,PAPP821,Running Shoes,Apparel,1,1952.2,1952.2,East
ORD12985,2022-01-30,CUST2494,32.0,Female,PELE948,Wireless Earbuds,Electronics,2,3033.32,6066.64,East
ORD14550,2022-01-30,CUST2639,35.0,Male,PELE564,Smartphone Case,Electronics,1,846.74,846.74,North
ORD10702,2022-01-31,CUST3318,21.0,Female,PSPO426,Cycling Gloves,Sports,1,858.25,858.25,South
ORD14479,2022-01-31,CUST3471,33.0,Male,PBEA288,Perfume,Beauty,1,1333.18,1333.18,East
ORD12119,2022-01-31,CUST2085,27.0,Female,PAPP559,Denim Jeans,Apparel,2,499.12,998.24,South
ORD11850,2022-01-31,CUST2206,33.0,Female,PBEA771,Perfume,Beauty,1,755.76,755.76,South
ORD14045,2022-01-31,CUST2455,16.0,Male,PAPP811,Jacket,Apparel,2,579.97,1159.94,West
ORD15688,2022-01-31,CUST2102,32.0,Male,PAPP708,Cotton T-Shirt,Apparel,1,2108.06,2108.06,South
ORD13988,2022-01-31,CUST3075,38.0,Female,PSPO472,Cricket Bat,Sports,1,776.57,776.57,North
ORD12894,2022-01-31,CUST2814,34.0,Male,PAPP267,Cotton T-Shirt,Apparel,1,1614.28,1614.28,North
ORD14118,2022-01-31,CUST2154,41.0,Female,PELE422,Power Bank,Electronics,1,1329.11,1329.11,South
ORD13373,2022-02-01,CUST3499,31.0,Female,PHOM927,Table Lamp,Home & Kitchen,1,1545.93,1545.93,North
ORD10932,2022-02-01,CUST2902,16.0,Female,PAPP441,Hoodie,Apparel,1,1531.93,1531.93,East
ORD14763,2022-02-01,CUST3262,42.0,Male,PAPP273,Jacket,Apparel,1,785.27,785.27,East
ORD10734,2022-02-01,CUST3248,23.0,Male,PHOM368,Non-stick Pan,Home & Kitchen,1,1899.93,1899.93,West
ORD12453,2022-02-01,CUST2653,36.0,Male,PELE947,Power Bank,Electronics,1,3494.98,3494.98,West
ORD12677,2022-02-01,CUST2974,18.0,Female,PAPP363,Jacket,Apparel,1,1285.3,1285.3,East
ORD12637,2022-02-02,CUST2685,43.0,Male,PELE744,Bluetooth Speaker,Electronics,1,4395.15,4395.15,South
ORD14382,2022-02-02,CUST3308,24.0,Male,PELE424,Smartwatch,Electronics,1,2237.89,2237.89,West
ORD10376,2022-02-03,CUST2603,37.0,Male,PELE965,Power Bank,Electronics,1,2698.42,2698.42,East
ORD10411,2022-02-03,CUST3638,38.0,Male,PHOM175,Non-stick Pan,Home & Kitchen,2,2643.44,5286.88,North
ORD15582,2022-02-03,CUST3235,28.0,Female,PAPP861,Jacket,Apparel,2,949.04,1898.08,North
ORD14782,2022-02-03,CUST3226,39.0,Female,PHOM193,Table Lamp,Home & Kitchen,1,2836.81,2836.81,South
ORD14496,2022-02-03,CUST3657,44.0,Male,PAPP119,Hoodie,Apparel,1,647.27,647.27,South
ORD15140,2022-02-04,CUST2180,41.0,Female,PELE837,Smartwatch,Electronics,1,3064.06,3064.06,East
ORD15289,2022-02-04,CUST3626,37.0,Male,PAPP128,Running Shoes,Apparel,1,1900.21,1900.21,East
ORD11147,2022-02-04,CUST2286,40.0,Male,PSPO316,Cricket Bat,Sports,3,1677.77,5033.31,East
ORD13395,2022-02-04,CUST2587,26.0,Male,PHOM721,Table Lamp,Home & Kitchen,2,429.68,859.36,North
ORD14979,2022-02-04,CUST3112,30.0,Female,PELE651,Smartwatch,Electronics,1,2022.19,2022.19,East
ORD15109,2022-02-04,CUST3473,33.0,Female,PELE667,Wireless Earbuds,Electronics,2,1975.5,3951.0,West
ORD12510,2022-02-04,CUST2825,35.0,Female,PELE882,Smartphone Case,Electronics,1,2687.36,2687.36,South
ORD13411,2022-02-04,CUST2652,33.0,Female,PSPO819,Football,Sports,2,731.87,1463.74,South
ORD12814,2022-02-05,CUST3321,28.0,Male,PAPP323,Denim Jeans,Apparel,2,803.49,1606.98,North
ORD10387,2022-02-05,CUST2580,27.0,Female,PSPO738,Dumbbell Set,Sports,1,413.95,413.95,West
ORD10835,2022-02-05,CUST3153,21.0,Female,PAPP578,Denim Jeans,Apparel,2,525.44,1050.88,North
ORD13423,2022-02-05,CUST3585,37.0,Male,PHOM726,Table Lamp,Home & Kitchen,1,950.19,950.19,West
ORD14071,2022-02-06,CUST2655,16.0,Female,PSPO839,Cycling Gloves,Sports,1,631.96,631.96,South
ORD14984,2022-02-06,CUST3086,29.0,Female,PBEA916,Face Wash,Beauty,1,1414.22,1414.22,North
ORD15386,2022-02-06,CUST3751,24.0,Female,PSPO812,Cycling Gloves,Sports,1,755.32,755.32,West
ORD11452,2022-02-06,CUST2415,33.0,Male,PHOM694,Table Lamp,Home & Kitchen,1,1468.15,1468.15,North
ORD14844,2022-02-06,CUST3689,33.0,Male,PSPO275,Cycling Gloves,Sports,1,1234.19,1234.19,West
ORD13889,2022-02-07,CUST2601,50.0,Male,PHOM639,Non-stick Pan,Home & Kitchen,1,851.46,851.46,North
ORD13482,2022-02-07,CUST2024,30.0,Female,PAPP166,Jacket,Apparel,1,1573.24,1573.24,South
ORD14937,2022-02-07,CUST2180,19.0,Male,PHOM211,Cushion Set,Home & Kitchen,1,1593.3,1593.3,East
ORD13583,2022-02-07,CUST3436,40.0,Female,PSPO896,Dumbbell Set,Sports,1,719.28,719.28,South
ORD12463,2022-02-07,CUST2401,44.0,Male,PSPO272,Football,Sports,1,1690.79,1690.79,East
ORD13231,2022-02-07,CUST3097,43.0,Male,PSPO238,Dumbbell Set,Sports,2,1171.06,2342.12,North
ORD12015,2022-02-07,CUST2824,18.0,Female,PBEA910,Shampoo,Beauty,2,362.55,725.1,North
ORD11211,2022-02-07,CUST2173,34.0,Male,PHOM481,Storage Rack,Home & Kitchen,1,1308.31,1308.31,South
ORD15205,2022-02-08,CUST3256,41.0,Male,PAPP945,Cotton T-Shirt,Apparel,1,2149.66,2149.66,North
ORD13624,2022-02-08,CUST3424,22.0,Male,PHOM592,Table Lamp,Home & Kitchen,1,1304.8,1304.8,South
ORD15671,2022-02-08,CUST2569,47.0,Female,PELE481,Smartphone Case,Electronics,1,4178.79,4178.79,North
ORD11876,2022-02-08,CUST3390,30.0,Male,PHOM593,Table Lamp,Home & Kitchen,1,655.15,655.15,South
ORD14714,2022-02-08,CUST3619,34.0,Male,PAPP163,Running Shoes,Apparel,1,1460.07,1460.07,East
ORD10436,2022-02-08,CUST2701,32.0,Female,PAPP525,Running Shoes,Apparel,1,1033.52,1033.52,West
ORD13116,2022-02-08,CUST3124,21.0,Female,PHOM645,Table Lamp,Home & Kitchen,1,1579.48,1579.48,South
ORD13998,2022-02-08,CUST2358,24.0,Male,PHOM142,Non-stick Pan,Home & Kitchen,1,2080.25,2080.25,East
ORD15403,2022-02-09,CUST3760,34.0,Male,PELE679,Bluetooth Speaker,Electronics,2,1630.82,3261.64,North
ORD11063,2022-02-09,CUST3723,24.0,Male,PAPP895,Cotton T-Shirt,Apparel,1,1722.84,1722.84,North
ORD14769,2022-02-09,CUST2781,21.0,Male,PELE952,Power Bank,Electronics,1,4148.79,4148.79,North
ORD10282,2022-02-09,CUST3575,37.0,Female,PAPP424,Denim Jeans,Apparel,1,1016.32,1016.32,South
ORD10131,2022-02-09,CUST3365,19.0,Female,PELE511,Power Bank,Electronics,1,2897.63,2897.63,North
ORD12481,2022-02-09,CUST2012,41.0,Female,PELE598,Bluetooth Speaker,Electronics,1,2772.59,2772.59,East
ORD14295,2022-02-09,CUST2036,41.0,Male,PHOM530,Non-stick Pan,Home & Kitchen,1,314.58,314.58,East
ORD13463,2022-02-10,CUST3580,16.0,Female,PAPP820,Cotton T-Shirt,Apparel,2,438.99,877.98,East
ORD14744,2022-02-10,CUST2582,43.0,Female,PAPP681,Denim Jeans,Apparel,1,1271.74,1271.74,South
ORD12210,2022-02-10,CUST2535,33.0,Female,PHOM346,Storage Rack,Home & Kitchen,1,2556.39,2556.39,North
ORD14262,2022-02-10,CUST2426,28.0,Male,PELE976,Smartwatch,Electronics,2,1708.0,3416.0,North
ORD14224,2022-02-10,CUST2896,34.0,Female,PELE852,Smartphone Case,Electronics,1,4164.51,4164.51,South
ORD13105,2022-02-10,CUST3588,37.0,Female,PELE276,Smartwatch,Electronics,2,3777.56,7555.12,East
ORD10655,2022-02-10,CUST2944,29.0,Female,PAPP492,Running Shoes,Apparel,2,544.86,1089.72,South
ORD14803,2022-02-11,CUST3189,31.0,Male,PELE470,Smartphone Case,Electronics,1,3035.6,3035.6,West
ORD12312,2022-02-11,CUST2357,45.0,Male,PELE259,Power Bank,Electronics,1,2082.72,2082.72,South
ORD11195,2022-02-11,CUST2063,42.0,Male,PELE651,Bluetooth Speaker,Electronics,2,1165.48,2330.96,West
ORD12593,2022-02-11,CUST2987,20.0,Male,PELE303,Wireless Earbuds,Electronics,1,1866.64,1866.64,South
ORD10158,2022-02-11,CUST2931,19.0,Male,PHOM446,Blender,Home & Kitchen,1,1312.36,1312.36,West
ORD13783,2022-02-11,CUST2354,38.0,Female,PHOM196,Cushion Set,Home & Kitchen,1,832.41,832.41,North
ORD15708,2022-02-12,CUST2265,23.0,Female,PELE526,Smartwatch,Electronics,1,1198.51,1198.51,South
ORD14557,2022-02-12,CUST3087,34.0,Male,PELE206,Smartwatch,Electronics,2,1790.25,3580.5,North
ORD10696,2022-02-12,CUST3655,42.0,Male,PELE488,Smartphone Case,Electronics,1,2467.01,2467.01,West
ORD13079,2022-02-12,CUST2470,33.0,Male,PHOM236,Table Lamp,Home & Kitchen,2,1401.58,2803.16,North
ORD11873,2022-02-13,CUST3105,30.0,Male,PELE639,Power Bank,Electronics,1,881.36,881.36,North
ORD10923,2022-02-13,CUST2338,52.0,Male,PELE702,Smartphone Case,Electronics,1,3142.33,3142.33,East
ORD13421,2022-02-13,CUST2554,31.0,Female,PAPP551,Running Shoes,Apparel,1,864.42,864.42,East
ORD11997,2022-02-13,CUST2897,22.0,Male,PELE345,Smartwatch,Electronics,2,2453.25,4906.5,North
ORD14200,2022-02-14,CUST2348,17.0,Female,PAPP739,Cotton T-Shirt,Apparel,1,898.2,898.2,West
ORD15826,2022-02-14,CUST3209,39.0,Female,PAPP383,Hoodie,Apparel,2,539.61,1079.22,North
ORD10822,2022-02-14,CUST2200,31.0,Female,PAPP864,Jacket,Apparel,1,1186.03,1186.03,South
ORD15318,2022-02-14,CUST2942,19.0,Male,PSPO588,Football,Sports,1,1416.13,1416.13,West
ORD11337,2022-02-14,CUST3396,41.0,Female,PSPO910,Cricket Bat,Sports,1,665.78,665.78,South
ORD12839,2022-02-14,CUST2307,24.0,Female,PSPO909,Dumbbell Set,Sports,2,1687.04,3374.08,West
ORD10384,2022-02-14,CUST3437,21.0,Male,PELE925,Bluetooth Speaker,Electronics,1,1285.2,1285.2,East
ORD15475,2022-02-14,CUST3215,36.0,Female,PSPO952,Football,Sports,2,2058.56,4117.12,South
ORD10700,2022-02-15,CUST2971,30.0,Male,PELE326,Power Bank,Electronics,1,1585.27,1585.27,South
ORD11267,2022-02-15,CUST2997,44.0,Male,PAPP767,Hoodie,Apparel,1,1041.46,1041.46,East
ORD14120,2022-02-15,CUST3750,37.0,Female,PELE170,Smartphone Case,Electronics,1,1449.27,1449.27,West
ORD13328,2022-02-15,CUST3096,40.0,Female,PBEA387,Perfume,Beauty,2,202.13,404.26,North
ORD13252,2022-02-15,CUST2943,26.0,Female,PBEA310,Lipstick,Beauty,1,530.91,530.91,West
ORD11895,2022-02-15,CUST2594,30.0,Male,PAPP903,Hoodie,Apparel,1,855.27,855.27,North
ORD11201,2022-02-15,CUST2521,16.0,Male,PAPP799,Denim Jeans,Apparel,2,818.82,1637.64,South
ORD14902,2022-02-15,CUST3176,29.0,Female,PELE354,Bluetooth Speaker,Electronics,2,3708.66,7417.32,North
ORD14021,2022-02-16,CUST2320,19.0,Male,PELE697,Bluetooth Speaker,Electronics,1,4056.09,4056.09,East
ORD14106,2022-02-16,CUST2971,34.0,Female,PAPP370,Cotton T-Shirt,Apparel,2,1355.4,2710.8,West
ORD11271,2022-02-16,CUST3555,28.0,Female,PAPP527,Hoodie,Apparel,1,1311.66,1311.66,North
ORD10661,2022-02-16,CUST2698,30.0,Male,PELE899,Smartphone Case,Electronics,1,3867.31,3867.31,East
ORD10233,2022-02-16,CUST2023,38.0,Female,PELE295,Smartphone Case,Electronics,3,4080.91,12242.73,North
ORD12824,2022-02-16,CUST2321,47.0,Male,PELE875,Wireless Earbuds,Electronics,1,2087.97,2087.97,East
ORD13321,2022-02-16,CUST3569,23.0,Male,PELE643,Power Bank,Electronics,1,3460.42,3460.42,North
ORD15342,2022-02-16,CUST3495,35.0,Female,PBEA502,Perfume,Beauty,1,919.79,919.79,East
ORD13994,2022-02-17,CUST3364,37.0,Female,PELE576,Bluetooth Speaker,Electronics,1,3084.53,3084.53,North
ORD13207,2022-02-17,CUST3155,31.0,Female,PAPP639,Jacket,Apparel,1,1045.82,1045.82,North
ORD12434,2022-02-17,CUST2820,48.0,Female,PELE828,Wireless Earbuds,Electronics,1,4293.66,4293.66,South
ORD14775,2022-02-17,CUST2043,37.0,Female,PBEA205,Face Wash,Beauty,1,235.99,235.99,South
ORD10554,2022-02-18,CUST3383,16.0,Female,PBEA382,Lipstick,Beauty,3,1074.25,3222.75,East
ORD12523,2022-02-18,CUST2416,36.0,Female,PHOM960,Non-stick Pan,Home & Kitchen,1,1208.72,1208.72,East
ORD15162,2022-02-18,CUST2094,36.0,Female,PSPO171,Cricket Bat,Sports,1,1295.69,1295.69,North
ORD14662,2022-02-18,CUST2476,31.0,Female,PELE895,Power Bank,Electronics,2,1321.16,2642.32,South
ORD14438,2022-02-19,CUST3334,23.0,Female,PSPO391,Dumbbell Set,Sports,1,2093.38,2093.38,East
ORD10437,2022-02-19,CUST2729,28.0,Male,PAPP388,Jacket,Apparel,1,735.31,735.31,North
ORD12092,2022-02-19,CUST2635,28.0,Male,PAPP957,Jacket,Apparel,1,1590.11,1590.11,East
ORD14466,2022-02-19,CUST2430,30.0,Male,PSPO236,Dumbbell Set,Sports,1,1987.17,1987.17,North
ORD12856,2022-02-19,CUST2428,25.0,Male,PBEA699,Lipstick,Beauty,1,336.84,336.84,South
ORD13174,2022-02-19,CUST2223,22.0,Female,PSPO900,Football,Sports,1,1705.44,1705.44,North
ORD11799,2022-02-20,CUST2740,37.0,Female,PSPO162,Cricket Bat,Sports,1,2374.18,2374.18,North
ORD10362,2022-02-20,CUST3392,45.0,Female,PSPO904,Cricket Bat,Sports,1,1945.01,1945.01,South
ORD10111,2022-02-21,CUST3599,31.0,Female,PELE271,Power Bank,Electronics,1,1901.1,1901.1,South
ORD13087,2022-02-21,CUST3022,38.0,Male,PELE598,Smartphone Case,Electronics,1,3064.53,3064.53,West
ORD12953,2022-02-21,CUST3489,27.0,Female,PELE896,Power Bank,Electronics,1,1958.32,1958.32,West
ORD14871,2022-02-22,CUST2368,24.0,Female,PAPP310,Jacket,Apparel,1,2154.24,2154.24,East
ORD15459,2022-02-22,CUST2225,41.0,Female,PSPO698,Yoga Mat,Sports,1,2370.94,2370.94,North
ORD15106,2022-02-22,CUST3331,16.0,Male,PAPP468,Denim Jeans,Apparel,1,779.71,779.71,West
ORD11185,2022-02-23,CUST2868,38.0,Female,PAPP455,Running Shoes,Apparel,2,1027.31,2054.62,East
ORD11803,2022-02-23,CUST3618,22.0,Female,PSPO520,Dumbbell Set,Sports,2,1766.65,3533.3,West
ORD15121,2022-02-24,CUST3687,16.0,Female,PBEA823,Face Serum,Beauty,1,1354.18,1354.18,West
ORD11440,2022-02-24,CUST2877,29.0,Female,PELE483,Power Bank,Electronics,1,3902.69,3902.69,North
ORD12103,2022-02-24,CUST3113,33.0,Female,PBEA947,Shampoo,Beauty,2,1419.68,2839.36,East
ORD13809,2022-02-24,CUST2517,16.0,Female,PBEA681,Lipstick,Beauty,1,1316.41,1316.41,South
ORD13257,2022-02-25,CUST3361,40.0,Male,PHOM146,Storage Rack,Home & Kitchen,1,1721.14,1721.14,South
ORD14690,2022-02-25,CUST2857,25.0,Female,PAPP612,Denim Jeans,Apparel,1,2174.67,2174.67,North
ORD10228,2022-02-25,CUST3596,37.0,Male,PBEA938,Lipstick,Beauty,2,449.91,899.82,North
ORD12095,2022-02-25,CUST2612,33.0,Female,PHOM151,Storage Rack,Home & Kitchen,1,458.86,458.86,North
ORD12859,2022-02-25,CUST2157,30.0,Female,PELE626,Power Bank,Electronics,1,2201.49,2201.49,South
ORD15640,2022-02-25,CUST3271,23.0,Male,PELE817,Smartwatch,Electronics,1,3112.03,3112.03,South
ORD10263,2022-02-26,CUST3586,34.0,Female,PSPO893,Yoga Mat,Sports,1,2401.43,2401.43,North
ORD14596,2022-02-27,CUST2476,34.0,Male,PELE217,Smartphone Case,Electronics,1,1468.91,1468.91,South
ORD10171,2022-02-27,CUST2036,28.0,Female,PELE574,Smartwatch,Electronics,1,4202.83,4202.83,West
ORD14477,2022-02-27,CUST2508,27.0,Female,PAPP740,Denim Jeans,Apparel,1,1120.49,1120.49,West
ORD15114,2022-02-27,CUST2881,22.0,Female,PELE349,Wireless Earbuds,Electronics,1,3554.62,3554.62,North
ORD15298,2022-02-27,CUST2181,43.0,Female,PBEA165,Lipstick,Beauty,1,1212.03,1212.03,East
ORD12798,2022-02-27,CUST2921,34.0,Male,PBEA964,Perfume,Beauty,1,635.15,635.15,North
ORD15356,2022-02-27,CUST2775,38.0,Male,PHOM179,Non-stick Pan,Home & Kitchen,1,2733.0,2733.0,North
ORD15041,2022-02-27,CUST2590,26.0,Male,PAPP735,Cotton T-Shirt,Apparel,1,1092.14,1092.14,West
ORD15135,2022-02-27,CUST3152,30.0,Female,PBEA218,Lipstick,Beauty,1,1167.65,1167.65,South
ORD15215,2022-02-27,CUST2504,26.0,Male,PELE701,Smartphone Case,Electronics,1,1343.06,1343.06,North
ORD15180,2022-02-27,CUST2297,18.0,Male,PAPP685,Running Shoes,Apparel,3,1034.49,3103.47,West
ORD13524,2022-02-28,CUST3560,28.0,Female,PAPP183,Jacket,Apparel,1,1378.29,1378.29,South
ORD15378,2022-02-28,CUST2975,16.0,Male,PSPO724,Dumbbell Set,Sports,1,2446.98,2446.98,South
ORD13866,2022-02-28,CUST3295,38.0,Female,PHOM341,Storage Rack,Home & Kitchen,1,2953.54,2953.54,South
ORD15132,2022-03-01,CUST2405,41.0,Female,PELE489,Smartwatch,Electronics,1,2459.73,2459.73,South
ORD12325,2022-03-01,CUST3609,36.0,Female,PSPO567,Football,Sports,1,391.72,391.72,North
ORD14696,2022-03-01,CUST2427,26.0,Male,PAPP628,Cotton T-Shirt,Apparel,2,1448.25,2896.5,South
ORD12080,2022-03-02,CUST3758,34.0,Female,PHOM188,Cushion Set,Home & Kitchen,1,512.35,512.35,East
ORD14647,2022-03-02,CUST2404,41.0,Female,PHOM929,Storage Rack,Home & Kitchen,1,938.63,938.63,East
ORD14062,2022-03-02,CUST2941,33.0,Male,PAPP805,Running Shoes,Apparel,3,1680.12,5040.36,North
ORD13409,2022-03-02,CUST2265,23.0,Male,PBEA289,Perfume,Beauty,1,1155.9,1155.9,West
ORD15677,2022-03-02,CUST3345,29.0,Female,PELE145,Bluetooth Speaker,Electronics,2,2118.41,4236.82,East
ORD15449,2022-03-03,CUST2093,37.0,Male,PSPO409,Cricket Bat,Sports,1,575.16,575.16,North
ORD11222,2022-03-03,CUST2523,32.0,Female,PAPP408,Denim Jeans,Apparel,1,774.62,774.62,South
ORD15805,2022-03-03,CUST2831,18.0,Female,PELE539,Bluetooth Speaker,Electronics,3,3754.25,11262.75,East
ORD11708,2022-03-03,CUST3013,29.0,Male,PBEA221,Perfume,Beauty,1,815.93,815.93,West
ORD10088,2022-03-03,CUST3620,30.0,Male,PAPP734,Jacket,Apparel,2,2085.5,4171.0,East
ORD13334,2022-03-04,CUST3119,38.0,Female,PAPP675,Jacket,Apparel,1,831.64,831.64,West
ORD14912,2022-03-04,CUST3243,43.0,Female,PAPP186,Jacket,Apparel,1,1160.67,1160.67,North
ORD11289,2022-03-05,CUST2722,32.0,Female,PAPP101,Hoodie,Apparel,1,1873.1,1873.1,North
ORD10140,2022-03-05,CUST2441,20.0,Female,PAPP299,Hoodie,Apparel,1,1868.05,1868.05,East
ORD13499,2022-03-05,CUST2823,16.0,Female,PBEA693,Shampoo,Beauty,2,692.37,1384.74,East
ORD13303,2022-03-05,CUST3424,35.0,Female,PBEA353,Shampoo,Beauty,3,711.62,2134.86,West
ORD10706,2022-03-06,CUST2785,46.0,Female,PHOM186,Non-stick Pan,Home & Kitchen,1,900.94,900.94,North
ORD13985,2022-03-06,CUST2409,16.0,Female,PAPP575,Hoodie,Apparel,1,1227.85,1227.85,East
ORD12535,2022-03-06,CUST3024,29.0,Male,PAPP220,Jacket,Apparel,2,1999.45,3998.9,West
ORD15973,2022-03-06,CUST2720,39.0,Male,PELE189,Wireless Earbuds,Electronics,1,4358.2,4358.2,West
ORD15282,2022-03-06,CUST2636,36.0,Female,PELE225,Bluetooth Speaker,Electronics,1,4284.46,4284.46,South
ORD10780,2022-03-06,CUST2730,22.0,Male,PAPP771,Hoodie,Apparel,1,619.39,619.39,North
ORD11407,2022-03-06,CUST2926,41.0,Male,PAPP387,Denim Jeans,Apparel,1,1266.54,1266.54,West
ORD11658,2022-03-06,CUST3313,22.0,Female,PAPP343,Running Shoes,Apparel,1,548.7,548.7,East
ORD14014,2022-03-06,CUST2310,17.0,Male,PHOM129,Storage Rack,Home & Kitchen,1,610.13,610.13,East
ORD15513,2022-03-06,CUST2197,36.0,Female,PBEA624,Lipstick,Beauty,3,1480.45,4441.35,North
ORD12694,2022-03-07,CUST2019,25.0,Male,PELE807,Smartwatch,Electronics,1,2244.31,2244.31,North
ORD11641,2022-03-07,CUST2756,34.0,Female,PSPO844,Cycling Gloves,Sports,1,1527.19,1527.19,North
ORD11944,2022-03-07,CUST2259,29.0,Female,PAPP837,Cotton T-Shirt,Apparel,1,2099.3,2099.3,North
ORD14392,2022-03-07,CUST3340,27.0,Female,PELE294,Power Bank,Electronics,1,3328.5,3328.5,East
ORD12399,2022-03-07,CUST3208,19.0,Female,PHOM408,Non-stick Pan,Home & Kitchen,2,351.36,702.72,East
ORD15246,2022-03-07,CUST3765,30.0,Female,PSPO418,Cycling Gloves,Sports,2,1135.33,2270.66,South
ORD11797,2022-03-07,CUST2905,29.0,Female,PSPO571,Cricket Bat,Sports,1,1245.06,1245.06,North
ORD10414,2022-03-07,CUST2620,31.0,Female,PBEA200,Face Serum,Beauty,2,495.1,990.2,South
ORD11187,2022-03-07,CUST3426,30.0,Male,PELE323,Bluetooth Speaker,Electronics,1,2879.16,2879.16,East
ORD10853,2022-03-07,CUST3334,39.0,Female,PBEA292,Lipstick,Beauty,1,180.23,180.23,South
ORD14126,2022-03-08,CUST2387,34.0,Female,PAPP327,Running Shoes,Apparel,2,2004.08,4008.16,East
ORD11999,2022-03-08,CUST2930,38.0,Female,PELE873,Power Bank,Electronics,1,1514.97,1514.97,East
ORD14644,2022-03-08,CUST3407,35.0,Female,PAPP374,Running Shoes,Apparel,1,445.88,445.88,South
ORD11829,2022-03-08,CUST2226,35.0,Female,PBEA187,Lipstick,Beauty,1,805.65,805.65,South
ORD14271,2022-03-08,CUST3404,36.0,Male,PELE528,Wireless Earbuds,Electronics,2,1455.86,2911.72,East
ORD14560,2022-03-08,CUST2404,24.0,Female,PSPO327,Cycling Gloves,Sports,1,2311.66,2311.66,South
ORD13973,2022-03-08,CUST2724,30.0,Female,PBEA906,Face Wash,Beauty,1,1034.38,1034.38,North
ORD14578,2022-03-08,CUST2682,19.0,Male,PBEA987,Shampoo,Beauty,3,326.47,979.41,West
ORD13434,2022-03-08,CUST3521,36.0,Male,PHOM184,Cushion Set,Home & Kitchen,2,1813.49,3626.98,West
ORD15822,2022-03-08,CUST3305,33.0,Male,PELE470,Power Bank,Electronics,1,1771.38,1771.38,East
ORD13346,2022-03-09,CUST3144,19.0,Male,PAPP308,Cotton T-Shirt,Apparel,2,983.3,1966.6,East
ORD15829,2022-03-09,CUST3177,16.0,Female,PBEA983,Face Wash,Beauty,2,243.14,486.28,North
ORD15627,2022-03-09,CUST2638,31.0,Male,PBEA524,Face Wash,Beauty,1,800.54,800.54,West
ORD11771,2022-03-09,CUST2387,23.0,Female,PBEA442,Shampoo,Beauty,2,1021.3,2042.6,North
ORD15263,2022-03-09,CUST2661,26.0,Female,PAPP526,Hoodie,Apparel,2,2134.81,4269.62,South
ORD14956,2022-03-10,CUST2765,38.0,Male,PBEA180,Lipstick,Beauty,1,416.44,416.44,West
ORD11371,2022-03-10,CUST2259,42.0,Male,PAPP682,Hoodie,Apparel,1,1888.02,1888.02,North
ORD11016,2022-03-11,CUST3324,16.0,Male,PBEA133,Perfume,Beauty,1,757.99,757.99,North
ORD14301,2022-03-11,CUST2333,35.0,Female,PAPP112,Running Shoes,Apparel,1,1176.18,1176.18,South
ORD14100,2022-03-11,CUST3134,31.0,Female,PBEA504,Lipstick,Beauty,2,952.59,1905.18,North
ORD11423,2022-03-11,CUST3016,31.0,Female,PAPP218,Denim Jeans,Apparel,1,978.1,978.1,West
ORD11036,2022-03-12,CUST3610,34.0,Male,PAPP214,Jacket,Apparel,1,2051.77,2051.77,East
ORD13541,2022-03-12,CUST3270,22.0,Female,PAPP497,Hoodie,Apparel,1,560.19,560.19,East
ORD14183,2022-03-12,CUST2100,28.0,Female,PELE967,Bluetooth Speaker,Electronics,2,2731.22,5462.44,North
ORD12220,2022-03-13,CUST3176,41.0,Male,PELE215,Power Bank,Electronics,1,3079.38,3079.38,North
ORD12353,2022-03-13,CUST2681,35.0,Male,PHOM817,Cushion Set,Home & Kitchen,2,319.93,639.86,South
ORD13119,2022-03-13,CUST3738,45.0,Male,PSPO194,Cricket Bat,Sports,1,1238.0,1238.0,North
ORD13591,2022-03-13,CUST3482,33.0,Female,PBEA207,Face Wash,Beauty,1,442.4,442.4,West
ORD11276,2022-03-13,CUST2799,39.0,Female,PBEA793,Perfume,Beauty,1,496.32,496.32,West
ORD13640,2022-03-13,CUST2632,20.0,Male,PHOM364,Non-stick Pan,Home & Kitchen,1,2256.01,2256.01,East
ORD12297,2022-03-14,CUST2747,50.0,Female,PHOM461,Cushion Set,Home & Kitchen,1,615.86,615.86,West
ORD13011,2022-03-14,CUST3124,44.0,Male,PELE381,Power Bank,Electronics,1,3073.72,3073.72,North
ORD10401,2022-03-14,CUST2697,30.0,Female,PELE908,Bluetooth Speaker,Electronics,2,2343.16,4686.32,North
ORD15295,2022-03-14,CUST2344,20.0,Female,PELE852,Bluetooth Speaker,Electronics,2,866.41,1732.82,North
ORD10275,2022-03-14,CUST3523,24.0,Female,PAPP513,Cotton T-Shirt,Apparel,2,558.06,1116.12,South
ORD12068,2022-03-15,CUST2000,25.0,Male,PAPP850,Denim Jeans,Apparel,2,742.27,1484.54,East
ORD11846,2022-03-15,CUST2043,30.0,Female,PHOM801,Non-stick Pan,Home & Kitchen,1,2938.35,2938.35,West
ORD12248,2022-03-15,CUST2918,25.0,Female,PAPP471,Cotton T-Shirt,Apparel,1,406.04,406.04,South
ORD10573,2022-03-15,CUST2173,44.0,Female,PAPP536,Jacket,Apparel,1,1407.28,1407.28,North
ORD10018,2022-03-15,CUST3192,25.0,Male,PELE409,Wireless Earbuds,Electronics,1,3873.04,3873.04,North
ORD14548,2022-03-16,CUST2982,29.0,Male,PHOM937,Non-stick Pan,Home & Kitchen,1,2798.96,2798.96,South
ORD11172,2022-03-16,CUST2305,26.0,Male,PAPP812,Hoodie,Apparel,1,1995.8,1995.8,South
ORD12508,2022-03-16,CUST2716,31.0,Female,PBEA341,Shampoo,Beauty,1,1467.72,1467.72,South
ORD12153,2022-03-16,CUST3660,21.0,Female,PELE623,Smartphone Case,Electronics,1,4497.25,4497.25,South
ORD13352,2022-03-16,CUST3720,29.0,Female,PAPP758,Running Shoes,Apparel,1,490.17,490.17,West
ORD10341,2022-03-16,CUST3780,27.0,Male,PSPO717,Football,Sports,2,1999.96,3999.92,East
ORD15316,2022-03-16,CUST2148,21.0,Female,PSPO361,Dumbbell Set,Sports,2,923.67,1847.34,South
ORD12029,2022-03-16,CUST2101,32.0,Male,PAPP557,Denim Jeans,Apparel,1,1250.45,1250.45,North
ORD14969,2022-03-16,CUST2797,37.0,Female,PHOM903,Blender,Home & Kitchen,1,2632.99,2632.99,West
ORD10678,2022-03-16,CUST2510,23.0,Male,PAPP104,Denim Jeans,Apparel,2,1584.16,3168.32,East
ORD11345,2022-03-16,CUST3216,42.0,Male,PBEA743,Face Serum,Beauty,1,514.93,514.93,West
ORD14723,2022-03-17,CUST2708,40.0,Female,PHOM476,Non-stick Pan,Home & Kitchen,1,2673.45,2673.45,West
ORD11638,2022-03-17,CUST2987,24.0,Female,PELE708,Wireless Earbuds,Electronics,2,2643.55,5287.1,South
ORD12978,2022-03-17,CUST2124,32.0,Female,PSPO563,Dumbbell Set,Sports,2,1262.24,2524.48,South
ORD15775,2022-03-17,CUST2936,37.0,Male,PELE491,Smartphone Case,Electronics,1,1227.5,1227.5,South
ORD14556,2022-03-17,CUST2054,42.0,Male,PAPP738,Cotton T-Shirt,Apparel,1,1108.08,1108.08,North
ORD13485,2022-03-17,CUST2578,28.0,Female,PELE846,Smartwatch,Electronics,1,2277.2,2277.2,West
ORD11887,2022-03-17,CUST3784,22.0,Male,PAPP234,Running Shoes,Apparel,1,573.71,573.71,South
ORD11137,2022-03-18,CUST2807,33.0,Male,PAPP881,Hoodie,Apparel,1,691.46,691.46,East
ORD12234,2022-03-18,CUST2211,33.0,Male,PHOM543,Cushion Set,Home & Kitchen,1,2978.72,2978.72,North
ORD11074,2022-03-18,CUST3281,24.0,Male,PBEA523,Face Wash,Beauty,1,980.94,980.94,West
ORD14288,2022-03-18,CUST3289,42.0,Female,PBEA699,Face Serum,Beauty,1,824.76,824.76,South
ORD11967,2022-03-18,CUST3401,16.0,Male,PAPP727,Running Shoes,Apparel,1,854.48,854.48,North
ORD12652,2022-03-19,CUST2340,16.0,Male,PAPP716,Hoodie,Apparel,1,914.51,914.51,North
ORD14846,2022-03-19,CUST2588,31.0,Female,PAPP230,Cotton T-Shirt,Apparel,2,1881.95,3763.9,South
ORD12323,2022-03-19,CUST2738,36.0,Female,PBEA487,Lipstick,Beauty,1,1378.13,1378.13,South
ORD14005,2022-03-19,CUST2736,35.0,Female,PELE403,Power Bank,Electronics,1,3716.15,3716.15,East
ORD13899,2022-03-19,CUST2451,40.0,Female,PAPP355,Cotton T-Shirt,Apparel,1,1243.77,1243.77,East
ORD12014,2022-03-19,CUST2458,33.0,Female,PELE777,Bluetooth Speaker,Electronics,1,3611.6,3611.6,South
ORD13108,2022-03-19,CUST2022,40.0,Female,PHOM767,Non-stick Pan,Home & Kitchen,1,2658.85,2658.85,South
ORD10673,2022-03-19,CUST2330,16.0,Female,PAPP787,Running Shoes,Apparel,2,873.3,1746.6,South
ORD12609,2022-03-19,CUST3327,20.0,Male,PAPP157,Jacket,Apparel,3,1872.93,5618.79,West
ORD12967,2022-03-20,CUST2350,36.0,Male,PELE454,Smartphone Case,Electronics,1,2446.72,2446.72,South
ORD14394,2022-03-20,CUST2598,28.0,Female,PBEA945,Face Wash,Beauty,1,705.76,705.76,North
ORD11824,2022-03-20,CUST2471,42.0,Male,PAPP723,Cotton T-Shirt,Apparel,3,545.3,1635.9,South
ORD10751,2022-03-20,CUST3346,16.0,Male,PAPP776,Cotton T-Shirt,Apparel,1,467.98,467.98,East
ORD11561,2022-03-20,CUST2030,25.0,Female,PAPP847,Running Shoes,Apparel,1,1567.4,1567.4,North
ORD15722,2022-03-20,CUST2333,23.0,Female,PELE172,Smartphone Case,Electronics,1,3086.39,3086.39,South
ORD13771,2022-03-20,CUST2804,34.0,Female,PAPP395,Hoodie,Apparel,3,1808.76,5426.28,South
ORD13442,2022-03-20,CUST2473,37.0,Male,PAPP912,Hoodie,Apparel,2,1434.9,2869.8,North
ORD13894,2022-03-20,CUST3512,35.0,Male,PSPO634,Cycling Gloves,Sports,1,1193.47,1193.47,North
ORD11904,2022-03-21,CUST2540,32.0,Male,PBEA735,Face Wash,Beauty,1,1100.9,1100.9,North
ORD13481,2022-03-21,CUST2936,39.0,Male,PAPP738,Cotton T-Shirt,Apparel,1,1043.76,1043.76,South
ORD10613,2022-03-21,CUST2158,43.0,Female,PSPO147,Cricket Bat,Sports,1,261.56,261.56,North
ORD12387,2022-03-21,CUST2188,27.0,Male,PSPO669,Cycling Gloves,Sports,1,2116.42,2116.42,South
ORD11931,2022-03-21,CUST2027,17.0,Male,PSPO568,Dumbbell Set,Sports,1,1922.86,1922.86,East
ORD11934,2022-03-21,CUST2009,36.0,Male,PSPO890,Yoga Mat,Sports,1,816.44,816.44,East
ORD11420,2022-03-21,CUST3426,34.0,Female,PELE900,Bluetooth Speaker,Electronics,1,2373.83,2373.83,South
ORD14339,2022-03-21,CUST2688,30.0,Male,PHOM685,Table Lamp,Home & Kitchen,1,1803.4,1803.4,North
ORD15851,2022-03-22,CUST2504,28.0,Male,PHOM260,Non-stick Pan,Home & Kitchen,1,2733.35,2733.35,North
ORD10416,2022-03-22,CUST2105,34.0,Female,PELE409,Wireless Earbuds,Electronics,1,1522.83,1522.83,East
ORD15136,2022-03-22,CUST2975,32.0,Male,PBEA554,Face Wash,Beauty,2,1436.39,2872.78,South
ORD11476,2022-03-22,CUST2043,37.0,Female,PELE509,Wireless Earbuds,Electronics,1,1127.38,1127.38,South
ORD10752,2022-03-23,CUST2025,31.0,Male,PBEA100,Face Wash,Beauty,1,1044.9,1044.9,North
ORD14598,2022-03-23,CUST2686,30.0,Male,PHOM996,Storage Rack,Home & Kitchen,1,1834.04,1834.04,North
ORD10940,2022-03-23,CUST2977,27.0,Male,PAPP579,Hoodie,Apparel,1,850.79,850.79,South
ORD14440,2022-03-23,CUST3789,25.0,Female,PAPP699,Hoodie,Apparel,1,2038.7,2038.7,South
ORD11545,2022-03-23,CUST2761,35.0,Female,PHOM612,Storage Rack,Home & Kitchen,1,2941.45,2941.45,West
ORD12516,2022-03-24,CUST2061,31.0,Male,PBEA768,Lipstick,Beauty,2,1337.97,2675.94,West
ORD11450,2022-03-24,CUST2990,16.0,Male,PELE745,Smartphone Case,Electronics,2,2749.67,5499.34,East
ORD12276,2022-03-25,CUST3292,24.0,Male,PAPP279,Cotton T-Shirt,Apparel,1,661.68,661.68,West
ORD14196,2022-03-25,CUST2147,26.0,Female,PELE774,Smartwatch,Electronics,1,3831.32,3831.32,East
ORD11438,2022-03-25,CUST2785,41.0,Male,PAPP886,Denim Jeans,Apparel,2,631.92,1263.84,East
ORD11838,2022-03-25,CUST3704,39.0,Female,PHOM606,Table Lamp,Home & Kitchen,1,1828.64,1828.64,South
ORD15090,2022-03-26,CUST3277,41.0,Male,PHOM153,Table Lamp,Home & Kitchen,1,2369.92,2369.92,South
ORD15930,2022-03-26,CUST2665,22.0,Male,PELE248,Wireless Earbuds,Electronics,1,2379.65,2379.65,East
ORD11052,2022-03-26,CUST2804,25.0,Female,PELE254,Smartwatch,Electronics,1,3029.93,3029.93,North
ORD12170,2022-03-26,CUST3036,16.0,Female,PAPP565,Running Shoes,Apparel,1,1833.7,1833.7,South
ORD15418,2022-03-26,CUST3510,39.0,Male,PAPP204,Hoodie,Apparel,1,1430.66,1430.66,North
ORD14799,2022-03-26,CUST2769,37.0,Female,PAPP812,Running Shoes,Apparel,1,2146.61,2146.61,South
ORD15191,2022-03-26,CUST3534,25.0,Male,PSPO441,Football,Sports,1,1473.94,1473.94,North
ORD11955,2022-03-27,CUST2610,27.0,Female,PSPO635,Cycling Gloves,Sports,1,1452.25,1452.25,North
ORD14366,2022-03-27,CUST2527,40.0,Female,PAPP444,Hoodie,Apparel,1,1002.53,1002.53,South
ORD13216,2022-03-28,CUST2151,42.0,Male,PSPO544,Cycling Gloves,Sports,2,947.04,1894.08,North
ORD13872,2022-03-28,CUST2795,34.0,Female,PAPP939,Denim Jeans,Apparel,1,2042.97,2042.97,South
ORD15111,2022-03-28,CUST3692,33.0,Female,PAPP171,Denim Jeans,Apparel,1,1452.57,1452.57,East
ORD11082,2022-03-28,CUST3019,31.0,Female,PHOM883,Table Lamp,Home & Kitchen,1,1082.02,1082.02,North
ORD12084,2022-03-28,CUST3314,27.0,Male,PELE217,Smartwatch,Electronics,1,2489.22,2489.22,South
ORD11451,2022-03-28,CUST3786,20.0,Male,PHOM339,Cushion Set,Home & Kitchen,1,2811.1,2811.1,North
ORD12477,2022-03-28,CUST2829,16.0,Female,PBEA356,Lipstick,Beauty,1,1304.3,1304.3,East
ORD10316,2022-03-29,CUST3169,28.0,Female,PBEA520,Lipstick,Beauty,1,759.48,759.48,North
ORD12107,2022-03-29,CUST2561,36.0,Male,PSPO216,Football,Sports,1,1621.37,1621.37,South
ORD15892,2022-03-30,CUST3259,28.0,Male,PSPO339,Dumbbell Set,Sports,1,549.54,549.54,North
ORD14552,2022-03-30,CUST3380,43.0,Male,PELE977,Power Bank,Electronics,2,2248.81,4497.62,South
ORD12046,2022-03-31,CUST3065,41.0,Female,PAPP949,Denim Jeans,Apparel,1,1147.86,1147.86,West
ORD11330,2022-03-31,CUST3212,32.0,Male,PAPP270,Running Shoes,Apparel,1,1487.1,1487.1,West
ORD10942,2022-03-31,CUST2273,32.0,Female,PBEA815,Perfume,Beauty,1,1293.5,1293.5,East
ORD12962,2022-03-31,CUST3402,29.0,Male,PAPP291,Denim Jeans,Apparel,1,856.49,856.49,East
ORD11968,2022-04-01,CUST2516,21.0,Male,PHOM683,Storage Rack,Home & Kitchen,1,2903.0,2903.0,West
ORD14588,2022-04-01,CUST2979,38.0,Male,PSPO858,Dumbbell Set,Sports,1,1473.9,1473.9,South
ORD14654,2022-04-01,CUST3083,34.0,Female,PELE464,Smartphone Case,Electronics,1,3726.73,3726.73,East
ORD12142,2022-04-01,CUST2272,46.0,Male,PAPP485,Jacket,Apparel,1,987.86,987.86,North
ORD11645,2022-04-01,CUST2036,33.0,Female,PELE853,Power Bank,Electronics,1,3605.64,3605.64,East
ORD14857,2022-04-01,CUST3575,45.0,Female,PELE798,Power Bank,Electronics,1,3161.15,3161.15,South
ORD15062,2022-04-01,CUST2604,32.0,Female,PHOM559,Non-stick Pan,Home & Kitchen,1,1483.54,1483.54,East
ORD15328,2022-04-02,CUST2979,38.0,Female,PELE780,Smartphone Case,Electronics,1,2855.68,2855.68,North
ORD12327,2022-04-02,CUST3405,46.0,Male,PBEA228,Perfume,Beauty,2,1409.13,2818.26,South
ORD13713,2022-04-02,CUST3086,42.0,Female,PELE319,Smartphone Case,Electronics,2,4264.07,8528.14,East
ORD13972,2022-04-02,CUST3462,32.0,Male,PSPO714,Cycling Gloves,Sports,1,1360.5,1360.5,South
ORD15810,2022-04-02,CUST2274,34.0,Male,PELE600,Smartphone Case,Electronics,1,2217.67,2217.67,North
ORD12363,2022-04-03,CUST3387,35.0,Male,PHOM872,Non-stick Pan,Home & Kitchen,1,713.77,713.77,East
ORD13469,2022-04-03,CUST3649,39.0,Female,PELE143,Smartwatch,Electronics,1,4170.68,4170.68,East
ORD11689,2022-04-03,CUST3538,38.0,Female,PELE326,Smartphone Case,Electronics,1,1426.35,1426.35,South
ORD10468,2022-04-03,CUST3521,25.0,Male,PELE921,Smartphone Case,Electronics,1,1567.19,1567.19,East
ORD13200,2022-04-03,CUST3252,48.0,Female,PBEA731,Lipstick,Beauty,1,873.72,873.72,South
ORD15740,2022-04-03,CUST3444,32.0,Female,PAPP850,Running Shoes,Apparel,1,1805.04,1805.04,West
ORD12924,2022-04-03,CUST3290,27.0,Male,PELE304,Bluetooth Speaker,Electronics,1,1162.0,1162.0,North
ORD11513,2022-04-03,CUST2678,33.0,Female,PAPP795,Denim Jeans,Apparel,2,475.61,951.22,North
ORD12288,2022-04-03,CUST3384,48.0,Male,PELE910,Smartwatch,Electronics,1,1426.55,1426.55,North
ORD11559,2022-04-04,CUST2051,24.0,Male,PELE100,Wireless Earbuds,Electronics,1,2461.14,2461.14,West
ORD14405,2022-04-04,CUST2162,21.0,Female,PELE266,Power Bank,Electronics,2,4474.56,8949.12,South
ORD11682,2022-04-04,CUST3317,29.0,Female,PELE161,Bluetooth Speaker,Electronics,2,2232.07,4464.14,South
ORD13741,2022-04-05,CUST2763,37.0,Male,PSPO988,Yoga Mat,Sports,1,1625.05,1625.05,North
ORD14796,2022-04-05,CUST3647,23.0,Female,PAPP980,Running Shoes,Apparel,1,875.6,875.6,South
ORD15887,2022-04-05,CUST3105,39.0,Female,PELE316,Bluetooth Speaker,Electronics,3,2428.15,7284.45,South
ORD15500,2022-04-05,CUST3671,24.0,Male,PSPO481,Football,Sports,1,479.04,479.04,West
ORD13008,2022-04-06,CUST3207,20.0,Male,PBEA527,Shampoo,Beauty,1,432.91,432.91,South
ORD14213,2022-04-06,CUST3386,47.0,Male,PBEA759,Perfume,Beauty,2,522.11,1044.22,North
ORD13932,2022-04-06,CUST2236,37.0,Male,PSPO920,Cycling Gloves,Sports,1,1881.14,1881.14,South
ORD13676,2022-04-06,CUST2597,25.0,Male,PELE948,Smartwatch,Electronics,1,4443.46,4443.46,North
ORD10750,2022-04-06,CUST3341,18.0,Male,PELE144,Smartphone Case,Electronics,1,2657.15,2657.15,South
ORD13256,2022-04-06,CUST3215,21.0,Female,PHOM688,Storage Rack,Home & Kitchen,2,1976.32,3952.64,South
ORD10864,2022-04-06,CUST2796,35.0,Male,PHOM501,Storage Rack,Home & Kitchen,1,2121.75,2121.75,North
ORD14569,2022-04-07,CUST2954,43.0,Male,PHOM505,Blender,Home & Kitchen,1,2489.99,2489.99,South
ORD12804,2022-04-07,CUST2605,36.0,Female,PELE319,Smartwatch,Electronics,3,3955.32,11865.96,East
ORD13330,2022-04-07,CUST2521,41.0,Male,PSPO825,Dumbbell Set,Sports,3,1706.88,5120.64,West
ORD14594,2022-04-08,CUST2434,28.0,Female,PBEA595,Face Wash,Beauty,1,1019.19,1019.19,North
ORD10527,2022-04-08,CUST3329,23.0,Male,PELE102,Smartwatch,Electronics,1,2090.17,2090.17,West
ORD10855,2022-04-08,CUST2448,21.0,Male,PAPP938,Running Shoes,Apparel,1,1565.45,1565.45,South
ORD12432,2022-04-09,CUST3277,27.0,Male,PAPP654,Denim Jeans,Apparel,1,854.17,854.17,South
ORD12388,2022-04-09,CUST2879,23.0,Male,PBEA216,Face Serum,Beauty,1,552.7,552.7,South
ORD14304,2022-04-09,CUST2860,28.0,Male,PHOM875,Cushion Set,Home & Kitchen,1,471.05,471.05,East
ORD11837,2022-04-09,CUST3344,21.0,Male,PELE892,Smartphone Case,Electronics,1,2877.17,2877.17,South
ORD15023,2022-04-09,CUST3776,34.0,Female,PBEA319,Lipstick,Beauty,1,785.44,785.44,North
ORD11260,2022-04-09,CUST2213,23.0,Female,PAPP197,Hoodie,Apparel,1,904.08,904.08,East
ORD14913,2022-04-10,CUST2215,31.0,Male,PBEA529,Shampoo,Beauty,1,1382.68,1382.68,North
ORD11401,2022-04-10,CUST3761,26.0,Female,PELE890,Power Bank,Electronics,1,3211.63,3211.63,East
ORD13964,2022-04-10,CUST2346,33.0,Female,PHOM664,Blender,Home & Kitchen,1,1477.35,1477.35,North
ORD12309,2022-04-10,CUST3668,16.0,Female,PELE871,Wireless Earbuds,Electronics,1,861.48,861.48,South
ORD12897,2022-04-10,CUST3720,33.0,Female,PAPP301,Denim Jeans,Apparel,1,627.78,627.78,East
ORD10846,2022-04-10,CUST3320,31.0,Male,PAPP960,Hoodie,Apparel,2,602.63,1205.26,East
ORD15763,2022-04-11,CUST3300,35.0,Female,PBEA657,Face Wash,Beauty,1,1152.89,1152.89,South
ORD15443,2022-04-11,CUST2975,40.0,Male,PHOM963,Storage Rack,Home & Kitchen,1,869.57,869.57,West
ORD11699,2022-04-11,CUST2902,42.0,Male,PHOM631,Non-stick Pan,Home & Kitchen,2,2711.46,5422.92,North
ORD11635,2022-04-12,CUST2565,20.0,Male,PSPO820,Dumbbell Set,Sports,1,2230.76,2230.76,South
ORD11591,2022-04-12,CUST3528,,Male,PELE369,Smartwatch,Electronics,1,3446.04,3446.04,South
ORD12650,2022-04-12,CUST3040,38.0,Female,PAPP376,Cotton T-Shirt,Apparel,1,687.86,687.86,South
ORD15554,2022-04-12,CUST2817,31.0,Male,PBEA841,Shampoo,Beauty,2,1129.92,2259.84,North
ORD10095,2022-04-12,CUST3432,38.0,Male,PHOM935,Blender,Home & Kitchen,1,1180.84,1180.84,North
ORD15747,2022-04-12,CUST3291,38.0,Male,PSPO468,Yoga Mat,Sports,1,863.01,863.01,North
ORD13273,2022-04-12,CUST3187,33.0,Female,PAPP992,Running Shoes,Apparel,1,1913.58,1913.58,South
ORD13747,2022-04-12,CUST2641,17.0,Male,PBEA881,Perfume,Beauty,1,351.82,351.82,North
ORD13912,2022-04-12,CUST3595,35.0,Female,PSPO274,Yoga Mat,Sports,1,2141.93,2141.93,East
ORD10838,2022-04-12,CUST3788,40.0,Female,PAPP848,Running Shoes,Apparel,1,1889.02,1889.02,East
ORD14918,2022-04-12,CUST2504,48.0,Female,PELE335,Smartphone Case,Electronics,1,4135.2,4135.2,West
ORD10340,2022-04-13,CUST2962,28.0,Male,PBEA700,Perfume,Beauty,1,184.7,184.7,West
ORD15353,2022-04-13,CUST3675,30.0,Female,PSPO336,Dumbbell Set,Sports,1,1773.32,1773.32,East
ORD11465,2022-04-13,CUST3683,40.0,Female,PSPO241,Cycling Gloves,Sports,1,781.21,781.21,South
ORD10536,2022-04-14,CUST2922,40.0,Female,PAPP350,Denim Jeans,Apparel,2,907.96,1815.92,East
ORD10307,2022-04-14,CUST3352,30.0,Male,PBEA199,Lipstick,Beauty,1,1243.51,1243.51,North
ORD14571,2022-04-14,CUST2111,16.0,Female,PBEA187,Face Serum,Beauty,1,1462.98,1462.98,West
ORD10901,2022-04-14,CUST2227,16.0,Female,PSPO699,Yoga Mat,Sports,2,1460.8,2921.6,East
ORD10107,2022-04-14,CUST3512,37.0,Male,PHOM191,Cushion Set,Home & Kitchen,1,695.0,695.0,North
ORD12138,2022-04-14,CUST2834,32.0,Male,PELE737,Smartwatch,Electronics,1,4334.59,4334.59,North
ORD15320,2022-04-14,CUST2428,34.0,Female,PELE973,Bluetooth Speaker,Electronics,2,2824.32,5648.64,West
ORD15327,2022-04-15,CUST3148,31.0,Female,PSPO497,Yoga Mat,Sports,1,2081.72,2081.72,North
ORD15190,2022-04-15,CUST3120,31.0,Female,PELE873,Smartwatch,Electronics,2,1791.56,3583.12,East
ORD13107,2022-04-15,CUST2082,41.0,Female,PELE868,Smartphone Case,Electronics,1,4266.41,4266.41,North
ORD15623,2022-04-16,CUST3728,39.0,Female,PAPP938,Hoodie,Apparel,3,1521.9,4565.7,South
ORD14717,2022-04-16,CUST3756,33.0,Female,PSPO489,Dumbbell Set,Sports,1,1423.33,1423.33,North
ORD11288,2022-04-16,CUST2141,30.0,Male,PAPP989,Denim Jeans,Apparel,1,762.98,762.98,West
ORD10423,2022-04-16,CUST2553,36.0,Male,PELE362,Bluetooth Speaker,Electronics,1,4206.66,4206.66,South
ORD12020,2022-04-16,CUST2331,38.0,Female,PAPP538,Hoodie,Apparel,3,1806.6,5419.8,South
ORD13147,2022-04-16,CUST2386,34.0,Male,PSPO539,Cycling Gloves,Sports,1,1479.79,1479.79,West
ORD12070,2022-04-16,CUST2174,31.0,Male,PELE844,Bluetooth Speaker,Electronics,1,3414.83,3414.83,West
ORD13825,2022-04-16,CUST2128,17.0,Male,PELE589,Power Bank,Electronics,1,4140.94,4140.94,South
ORD15400,2022-04-17,CUST3691,17.0,Female,PAPP187,Running Shoes,Apparel,1,1960.08,1960.08,North
ORD11972,2022-04-17,CUST3106,38.0,Female,PELE776,Power Bank,Electronics,1,2534.6,2534.6,East
ORD10605,2022-04-17,CUST3710,31.0,Female,PAPP828,Hoodie,Apparel,1,1582.0,1582.0,West
ORD12446,2022-04-17,CUST2839,32.0,Male,PAPP587,Running Shoes,Apparel,2,675.41,1350.82,West
ORD11256,2022-04-18,CUST2312,44.0,Female,PSPO645,Football,Sports,1,1781.87,1781.87,South
ORD13447,2022-04-18,CUST2288,29.0,Female,PAPP861,Denim Jeans,Apparel,1,2112.51,2112.51,North
ORD15532,2022-04-18,CUST2706,16.0,Male,PSPO827,Football,Sports,1,1322.3,1322.3,South
ORD11480,2022-04-18,CUST3570,48.0,Female,PBEA863,Face Wash,Beauty,1,1486.94,1486.94,West
ORD13921,2022-04-18,CUST2050,44.0,Male,PSPO173,Football,Sports,1,2488.45,2488.45,South
ORD13933,2022-04-19,CUST2649,26.0,Male,PHOM965,Cushion Set,Home & Kitchen,1,1130.34,1130.34,East
ORD10094,2022-04-19,CUST3506,39.0,Female,PAPP776,Hoodie,Apparel,1,1018.98,1018.98,West
ORD10329,2022-04-19,CUST2379,38.0,Female,PELE584,Wireless Earbuds,Electronics,1,4325.09,4325.09,North
ORD13277,2022-04-19,CUST2085,40.0,Male,PELE915,Bluetooth Speaker,Electronics,2,2141.34,4282.68,South
ORD11000,2022-04-19,CUST3228,29.0,Female,PELE907,Smartphone Case,Electronics,1,967.27,967.27,East
ORD11357,2022-04-19,CUST3610,42.0,Male,PELE634,Smartwatch,Electronics,1,4050.04,4050.04,South
ORD11230,2022-04-19,CUST3133,32.0,Male,PAPP271,Hoodie,Apparel,1,1684.49,1684.49,South
ORD15635,2022-04-19,CUST2345,27.0,Male,PELE692,Smartwatch,Electronics,1,1850.7,1850.7,South
ORD13076,2022-04-19,CUST3632,32.0,Female,PELE170,Smartphone Case,Electronics,1,2124.48,2124.48,South
ORD13237,2022-04-20,CUST3014,32.0,Female,PHOM185,Blender,Home & Kitchen,1,2709.17,2709.17,North
ORD14700,2022-04-20,CUST3054,28.0,Female,PELE910,Power Bank,Electronics,1,3609.88,3609.88,South
ORD12332,2022-04-20,CUST3695,31.0,Male,PELE155,Wireless Earbuds,Electronics,1,2957.73,2957.73,North
ORD10207,2022-04-20,CUST2146,16.0,Female,PSPO694,Dumbbell Set,Sports,1,859.2,859.2,South
ORD13467,2022-04-20,CUST3713,18.0,Male,PELE382,Bluetooth Speaker,Electronics,1,3418.18,3418.18,East
ORD15422,2022-04-20,CUST3379,38.0,Female,PELE176,Smartwatch,Electronics,1,4374.45,4374.45,South
ORD15860,2022-04-20,CUST2899,25.0,Female,PAPP662,Hoodie,Apparel,1,1490.78,1490.78,West
ORD11898,2022-04-21,CUST3027,20.0,Female,PSPO604,Cycling Gloves,Sports,2,843.16,1686.32,North
ORD11105,2022-04-21,CUST3724,21.0,Male,PAPP616,Running Shoes,Apparel,1,1844.48,1844.48,North
ORD14470,2022-04-21,CUST2093,39.0,Male,PBEA902,Face Wash,Beauty,1,458.63,458.63,West
ORD15550,2022-04-21,CUST2831,16.0,Male,PSPO738,Dumbbell Set,Sports,1,484.49,484.49,South
ORD12655,2022-04-21,CUST3315,16.0,Female,PAPP829,Running Shoes,Apparel,1,1053.42,1053.42,North
ORD14517,2022-04-21,CUST2423,25.0,Male,PELE274,Bluetooth Speaker,Electronics,2,1396.27,2792.54,South
ORD12054,2022-04-21,CUST2665,39.0,Male,PELE473,Wireless Earbuds,Electronics,1,3701.58,3701.58,North
ORD11844,2022-04-22,CUST2029,24.0,Female,PSPO944,Football,Sports,2,614.79,1229.58,South
ORD14338,2022-04-22,CUST2557,48.0,Female,PELE160,Bluetooth Speaker,Electronics,2,2241.29,4482.58,South
ORD10637,2022-04-22,CUST3492,31.0,Female,PELE384,Power Bank,Electronics,1,4439.39,4439.39,West
ORD11565,2022-04-23,CUST2424,44.0,Male,PHOM528,Cushion Set,Home & Kitchen,1,2880.46,2880.46,South
ORD13508,2022-04-23,CUST2698,20.0,Female,PELE214,Wireless Earbuds,Electronics,1,2530.3,2530.3,South
ORD10776,2022-04-24,CUST2303,42.0,Female,PBEA601,Shampoo,Beauty,1,1045.48,1045.48,West
ORD15361,2022-04-24,CUST3020,16.0,Male,PBEA791,Lipstick,Beauty,1,1452.65,1452.65,East
ORD13827,2022-04-24,CUST2005,45.0,Male,PHOM955,Blender,Home & Kitchen,2,2542.12,5084.24,North
ORD12769,2022-04-24,CUST2836,47.0,Female,PELE282,Bluetooth Speaker,Electronics,1,1186.33,1186.33,South
ORD13880,2022-04-24,CUST3554,31.0,Female,PSPO711,Yoga Mat,Sports,1,1575.72,1575.72,North
ORD14781,2022-04-24,CUST2922,34.0,Female,PAPP337,Running Shoes,Apparel,2,1703.11,3406.22,East
ORD11410,2022-04-24,CUST3380,34.0,Male,PBEA667,Face Serum,Beauty,1,493.69,493.69,North
ORD12069,2022-04-24,CUST2818,19.0,Male,PAPP508,Running Shoes,Apparel,3,805.95,2417.85,South
ORD11293,2022-04-24,CUST2162,30.0,Male,PELE769,Smartwatch,Electronics,1,1057.21,1057.21,East
ORD12567,2022-04-25,CUST3688,21.0,Male,PSPO927,Yoga Mat,Sports,1,1057.91,1057.91,South
ORD10747,2022-04-25,CUST2368,48.0,Male,PAPP751,Cotton T-Shirt,Apparel,1,1623.93,1623.93,West
ORD14687,2022-04-25,CUST3070,22.0,Male,PBEA805,Lipstick,Beauty,1,1071.76,1071.76,South
ORD13126,2022-04-25,CUST2197,25.0,Female,PHOM697,Non-stick Pan,Home & Kitchen,1,549.41,549.41,West
ORD11364,2022-04-25,CUST3349,29.0,Female,PAPP871,Running Shoes,Apparel,2,402.19,804.38,North
ORD15429,2022-04-25,CUST2191,25.0,Female,PELE457,Smartphone Case,Electronics,1,2087.97,2087.97,North
ORD12379,2022-04-25,CUST2749,30.0,Male,PELE382,Bluetooth Speaker,Electronics,1,1634.89,1634.89,South
ORD11722,2022-04-25,CUST2771,43.0,Male,PAPP592,Running Shoes,Apparel,1,1577.48,1577.48,West
ORD15831,2022-04-25,CUST3022,28.0,Male,PHOM545,Non-stick Pan,Home & Kitchen,1,497.04,497.04,North
ORD14453,2022-04-25,CUST3663,36.0,Female,PHOM786,Storage Rack,Home & Kitchen,2,2435.43,4870.86,South
ORD14507,2022-04-25,CUST2291,34.0,Female,PAPP918,Hoodie,Apparel,2,1462.47,2924.94,North
ORD12466,2022-04-26,CUST3701,18.0,Female,PBEA983,Face Serum,Beauty,1,437.69,437.69,West
ORD13937,2022-04-26,CUST2516,41.0,Female,PAPP972,Jacket,Apparel,2,1669.57,3339.14,North
ORD13601,2022-04-26,CUST2104,39.0,Male,PSPO703,Cricket Bat,Sports,1,2267.25,2267.25,South
ORD15934,2022-04-26,CUST2174,33.0,Male,PHOM805,Non-stick Pan,Home & Kitchen,1,2765.73,2765.73,South
ORD11173,2022-04-26,CUST3541,42.0,Female,PBEA481,Face Serum,Beauty,1,1236.08,1236.08,South
ORD10277,2022-04-26,CUST3105,20.0,Male,PELE540,Smartwatch,Electronics,1,1775.49,1775.49,North
ORD11932,2022-04-26,CUST2279,,Male,PELE532,Smartphone Case,Electronics,1,4178.71,4178.71,East
ORD13693,2022-04-26,CUST2299,36.0,Male,PAPP400,Hoodie,Apparel,2,1129.35,2258.7,North
ORD11202,2022-04-26,CUST2096,42.0,Female,PSPO565,Dumbbell Set,Sports,2,2270.69,4541.38,West
ORD12880,2022-04-27,CUST3378,43.0,Female,PSPO256,Yoga Mat,Sports,1,1338.35,1338.35,North
ORD14443,2022-04-27,CUST3087,26.0,Female,PAPP394,Jacket,Apparel,1,1027.69,1027.69,South
ORD15474,2022-04-27,CUST2912,34.0,Male,PELE170,Smartwatch,Electronics,2,3615.84,7231.68,East
ORD13785,2022-04-28,CUST2174,34.0,Female,PELE803,Power Bank,Electronics,1,1351.56,1351.56,West
ORD13438,2022-04-28,CUST3550,43.0,Male,PELE918,Smartphone Case,Electronics,1,1755.35,1755.35,East
ORD10717,2022-04-28,CUST2435,23.0,Male,PAPP199,Denim Jeans,Apparel,1,1961.21,1961.21,North
ORD10162,2022-04-28,CUST2330,29.0,Male,PELE686,Smartphone Case,Electronics,1,1529.67,1529.67,South
ORD13123,2022-04-28,CUST3586,40.0,Male,PBEA214,Lipstick,Beauty,1,211.93,211.93,South
ORD14515,2022-04-28,CUST2863,28.0,Male,PSPO222,Football,Sports,1,1860.83,1860.83,West
ORD15797,2022-04-28,CUST3727,36.0,Male,PAPP791,Jacket,Apparel,1,1470.91,1470.91,East
ORD15227,2022-04-28,CUST2503,23.0,Female,PELE666,Wireless Earbuds,Electronics,1,2626.76,2626.76,North
ORD10145,2022-04-29,CUST2846,25.0,Female,PELE226,Power Bank,Electronics,2,3375.71,6751.42,North
ORD13615,2022-04-29,CUST3569,37.0,Male,PHOM951,Table Lamp,Home & Kitchen,1,2479.57,2479.57,West
ORD15948,2022-04-29,CUST3780,35.0,Female,PELE692,Wireless Earbuds,Electronics,1,2048.01,2048.01,North
ORD11232,2022-04-29,CUST3118,43.0,Female,PHOM296,Table Lamp,Home & Kitchen,2,1915.65,3831.3,South
ORD11976,2022-04-29,CUST2947,16.0,Male,PBEA226,Perfume,Beauty,1,1005.58,1005.58,North
ORD11911,2022-04-29,CUST2454,23.0,Male,PSPO452,Yoga Mat,Sports,1,1856.15,1856.15,East
ORD12636,2022-04-29,CUST3494,38.0,Male,PHOM517,Storage Rack,Home & Kitchen,2,1684.04,3368.08,East
ORD10767,2022-04-29,CUST2885,28.0,Female,PELE368,Power Bank,Electronics,3,1195.92,3587.76,South
ORD14352,2022-04-30,CUST3477,29.0,Female,PELE108,Bluetooth Speaker,Electronics,1,1195.73,1195.73,South
ORD11379,2022-04-30,CUST2758,40.0,Male,PHOM257,Storage Rack,Home & Kitchen,2,2482.59,4965.18,West
ORD10639,2022-04-30,CUST3758,31.0,Male,PELE903,Bluetooth Speaker,Electronics,1,1288.51,1288.51,East
ORD10803,2022-04-30,CUST3550,16.0,Male,PBEA566,Shampoo,Beauty,2,995.88,1991.76,North
ORD10130,2022-04-30,CUST3557,25.0,Female,PBEA177,Lipstick,Beauty,1,1404.69,1404.69,South
ORD15641,2022-05-01,CUST2214,37.0,Male,PSPO748,Dumbbell Set,Sports,2,622.8,1245.6,East
ORD15435,2022-05-01,CUST2188,30.0,Female,PAPP733,Hoodie,Apparel,1,655.62,655.62,West
ORD15238,2022-05-01,CUST3626,35.0,Male,PBEA867,Face Wash,Beauty,2,990.15,1980.3,North
ORD10052,2022-05-01,CUST2243,38.0,Female,PBEA845,Shampoo,Beauty,1,514.56,514.56,North
ORD11399,2022-05-01,CUST2649,41.0,Female,PSPO695,Yoga Mat,Sports,1,410.84,410.84,West
ORD15463,2022-05-01,CUST3676,34.0,Female,PELE649,Smartphone Case,Electronics,1,2554.49,2554.49,North
ORD13065,2022-05-01,CUST2070,44.0,Female,PHOM677,Table Lamp,Home & Kitchen,1,2859.76,2859.76,East
ORD10029,2022-05-01,CUST2592,33.0,Male,PHOM514,Cushion Set,Home & Kitchen,1,1689.06,1689.06,West
ORD12645,2022-05-01,CUST2690,37.0,Male,PBEA936,Perfume,Beauty,1,438.96,438.96,South
ORD10041,2022-05-01,CUST2824,34.0,Female,PELE648,Wireless Earbuds,Electronics,1,1402.81,1402.81,North
ORD15732,2022-05-01,CUST3335,44.0,Female,PBEA349,Face Wash,Beauty,1,804.27,804.27,East
ORD13959,2022-05-01,CUST2940,35.0,Male,PELE269,Bluetooth Speaker,Electronics,1,1123.66,1123.66,South
ORD15000,2022-05-02,CUST2830,44.0,Male,PSPO624,Cricket Bat,Sports,2,2394.9,4789.8,West
ORD10711,2022-05-02,CUST2854,33.0,Female,PSPO914,Yoga Mat,Sports,2,1612.77,3225.54,East
ORD15115,2022-05-02,CUST3456,41.0,Female,PBEA179,Lipstick,Beauty,1,1187.25,1187.25,North
ORD10237,2022-05-02,CUST3738,36.0,Female,PELE152,Bluetooth Speaker,Electronics,1,4053.96,4053.96,West
ORD15633,2022-05-02,CUST2955,22.0,Male,PELE103,Bluetooth Speaker,Electronics,1,2196.99,2196.99,West
ORD15588,2022-05-02,CUST3475,48.0,Female,PELE116,Power Bank,Electronics,1,855.64,855.64,East
ORD10866,2022-05-02,CUST2063,22.0,Female,PELE734,Smartwatch,Electronics,2,1290.13,2580.26,North
ORD15155,2022-05-03,CUST3788,45.0,Male,PAPP511,Denim Jeans,Apparel,1,1425.08,1425.08,North
ORD14403,2022-05-03,CUST3106,43.0,Female,PAPP955,Jacket,Apparel,1,465.31,465.31,East
ORD11055,2022-05-03,CUST2735,38.0,Female,PAPP111,Cotton T-Shirt,Apparel,1,1242.93,1242.93,East
ORD10753,2022-05-03,CUST2125,41.0,Male,PAPP101,Hoodie,Apparel,1,736.43,736.43,North
ORD14314,2022-05-04,CUST2484,19.0,Female,PHOM700,Blender,Home & Kitchen,1,1868.74,1868.74,West
ORD10426,2022-05-04,CUST3376,39.0,Male,PELE877,Smartwatch,Electronics,1,3434.65,3434.65,North
ORD12227,2022-05-04,CUST2549,41.0,Female,PSPO772,Yoga Mat,Sports,1,1589.76,1589.76,South
ORD11992,2022-05-05,CUST3581,34.0,Female,PSPO936,Cycling Gloves,Sports,1,789.4,789.4,North
ORD12308,2022-05-05,CUST2846,29.0,Female,PHOM343,Blender,Home & Kitchen,1,2812.75,2812.75,North
ORD10054,2022-05-05,CUST3341,23.0,Male,PHOM324,Table Lamp,Home & Kitchen,1,1254.75,1254.75,East
ORD15309,2022-05-05,CUST2209,31.0,Male,PHOM850,Cushion Set,Home & Kitchen,1,583.65,583.65,West
ORD12078,2022-05-06,CUST3111,26.0,Female,PHOM802,Cushion Set,Home & Kitchen,1,1930.36,1930.36,North
ORD15381,2022-05-06,CUST2450,37.0,Female,PAPP813,Hoodie,Apparel,1,659.79,659.79,West
ORD10092,2022-05-06,CUST3293,30.0,Female,PHOM471,Storage Rack,Home & Kitchen,3,1237.89,3713.67,North
ORD11248,2022-05-06,CUST2994,25.0,Male,PBEA431,Shampoo,Beauty,1,1156.83,1156.83,West
ORD11162,2022-05-07,CUST2006,20.0,Male,PAPP532,Running Shoes,Apparel,1,1133.88,1133.88,South
ORD11860,2022-05-07,CUST2345,24.0,Female,PSPO554,Yoga Mat,Sports,1,291.37,291.37,South
ORD12350,2022-05-07,CUST2547,42.0,Male,PELE546,Smartphone Case,Electronics,2,2404.02,4808.04,North
ORD15988,2022-05-07,CUST3593,33.0,Female,PSPO110,Cycling Gloves,Sports,1,1732.64,1732.64,South
ORD12968,2022-05-08,CUST2400,16.0,Male,PELE304,Smartwatch,Electronics,1,1539.74,1539.74,South
ORD12533,2022-05-08,CUST2595,35.0,Male,PAPP853,Cotton T-Shirt,Apparel,1,1628.29,1628.29,East
ORD13135,2022-05-08,CUST3550,27.0,Male,PBEA291,Face Serum,Beauty,1,719.01,719.01,South
ORD12273,2022-05-08,CUST3275,29.0,Male,PELE667,Bluetooth Speaker,Electronics,1,3787.51,3787.51,East
ORD15325,2022-05-08,CUST3021,19.0,Female,PAPP288,Denim Jeans,Apparel,1,1161.51,1161.51,West
ORD11603,2022-05-08,CUST3398,17.0,Female,PSPO966,Cycling Gloves,Sports,1,833.6,833.6,West
ORD14570,2022-05-08,CUST2225,34.0,Female,PBEA185,Perfume,Beauty,2,266.5,533.0,West
ORD12846,2022-05-08,CUST3350,33.0,Male,PHOM240,Cushion Set,Home & Kitchen,1,1453.53,1453.53,East
ORD13418,2022-05-08,CUST2436,29.0,Male,PBEA122,Face Serum,Beauty,2,758.0,1516.0,East
ORD14203,2022-05-09,CUST2153,23.0,Female,PBEA243,Lipstick,Beauty,1,652.74,652.74,North
ORD10547,2022-05-09,CUST2670,16.0,Male,PELE120,Smartwatch,Electronics,2,4142.86,8285.72,West
ORD10948,2022-05-09,CUST3576,34.0,Male,PELE494,Power Bank,Electronics,1,2593.11,2593.11,North
ORD14914,2022-05-09,CUST3588,27.0,Male,PBEA243,Face Serum,Beauty,1,1009.78,1009.78,South
ORD10026,2022-05-09,CUST2330,33.0,Male,PAPP263,Jacket,Apparel,1,878.56,878.56,East
ORD10219,2022-05-10,CUST2482,18.0,Female,PELE700,Smartwatch,Electronics,1,4000.52,4000.52,North
ORD13909,2022-05-10,CUST3480,34.0,Male,PELE917,Smartphone Case,Electronics,1,836.37,836.37,West
ORD14410,2022-05-10,CUST3639,34.0,Female,PHOM723,Blender,Home & Kitchen,1,2424.96,2424.96,West
ORD12712,2022-05-10,CUST2088,41.0,Female,PELE734,Wireless Earbuds,Electronics,2,2359.41,4718.82,South
ORD12071,2022-05-10,CUST2940,42.0,Female,PAPP196,Running Shoes,Apparel,1,514.99,514.99,South
ORD12040,2022-05-10,CUST3776,28.0,Male,PELE518,Smartphone Case,Electronics,1,4004.5,4004.5,East
ORD10946,2022-05-10,CUST2226,26.0,Female,PSPO445,Cycling Gloves,Sports,1,578.39,578.39,West
ORD14116,2022-05-10,CUST3066,22.0,Male,PSPO661,Yoga Mat,Sports,1,2426.3,2426.3,North
ORD12869,2022-05-11,CUST3085,18.0,Female,PAPP376,Cotton T-Shirt,Apparel,1,1180.21,1180.21,South
ORD11058,2022-05-11,CUST2239,38.0,Male,PHOM627,Non-stick Pan,Home & Kitchen,2,2604.93,5209.86,East
ORD11370,2022-05-11,CUST2191,30.0,Female,PELE102,Bluetooth Speaker,Electronics,2,3342.56,6685.12,North
ORD10584,2022-05-11,CUST2326,33.0,Male,PBEA470,Lipstick,Beauty,1,366.69,366.69,East
ORD13997,2022-05-11,CUST3246,50.0,Male,PELE401,Smartwatch,Electronics,1,1041.36,1041.36,North
ORD15617,2022-05-11,CUST2365,34.0,Male,PSPO949,Football,Sports,3,1626.84,4880.52,North
ORD12000,2022-05-11,CUST3390,25.0,Female,PELE497,Bluetooth Speaker,Electronics,1,861.02,861.02,East
ORD13036,2022-05-11,CUST3591,26.0,Male,PAPP528,Jacket,Apparel,1,761.35,761.35,East
ORD15094,2022-05-11,CUST2400,30.0,Female,PELE272,Power Bank,Electronics,1,3711.54,3711.54,North
ORD11227,2022-05-11,CUST3541,16.0,Female,PAPP213,Hoodie,Apparel,1,1713.37,1713.37,East
ORD11523,2022-05-12,CUST3622,16.0,Female,PELE971,Smartwatch,Electronics,2,2045.61,4091.22,North
ORD14509,2022-05-12,CUST3676,32.0,Female,PAPP322,Jacket,Apparel,1,1399.64,1399.64,East
ORD13285,2022-05-12,CUST2719,34.0,Female,PELE971,Smartphone Case,Electronics,1,3439.78,3439.78,East
ORD11795,2022-05-12,CUST2530,33.0,Male,PELE711,Smartphone Case,Electronics,1,3395.1,3395.1,West
ORD14761,2022-05-12,CUST3285,32.0,Female,PAPP628,Hoodie,Apparel,1,817.69,817.69,North
ORD12488,2022-05-13,CUST2133,37.0,Male,PSPO443,Yoga Mat,Sports,2,2075.98,4151.96,North
ORD15539,2022-05-13,CUST2441,34.0,Male,PHOM331,Table Lamp,Home & Kitchen,1,527.87,527.87,South
ORD12634,2022-05-13,CUST3714,21.0,Male,PELE292,Bluetooth Speaker,Electronics,1,4210.09,4210.09,North
ORD15699,2022-05-13,CUST2619,40.0,Male,PHOM154,Storage Rack,Home & Kitchen,1,2082.65,2082.65,West
ORD12281,2022-05-13,CUST2718,33.0,Female,PHOM204,Table Lamp,Home & Kitchen,1,485.39,485.39,South
ORD14747,2022-05-13,CUST3519,21.0,Male,PAPP312,Jacket,Apparel,2,1979.44,3958.88,North
ORD12746,2022-05-13,CUST3582,28.0,Male,PBEA201,Lipstick,Beauty,1,512.45,512.45,North
ORD10174,2022-05-13,CUST2465,26.0,Male,PELE271,Power Bank,Electronics,3,4379.65,13138.95,East
ORD14258,2022-05-13,CUST2202,38.0,Male,PBEA827,Lipstick,Beauty,2,1420.79,2841.58,West
ORD14275,2022-05-13,CUST2181,31.0,Male,PELE277,Smartphone Case,Electronics,1,1526.93,1526.93,West
ORD12560,2022-05-13,CUST2241,32.0,Male,PAPP453,Running Shoes,Apparel,1,2007.68,2007.68,North
ORD15684,2022-05-14,CUST3272,43.0,Female,PBEA717,Lipstick,Beauty,1,1240.13,1240.13,North
ORD12586,2022-05-14,CUST3295,41.0,Male,PBEA440,Lipstick,Beauty,1,1003.84,1003.84,North
ORD15800,2022-05-14,CUST3330,29.0,Female,PELE430,Bluetooth Speaker,Electronics,1,3215.49,3215.49,South
ORD14458,2022-05-14,CUST3476,31.0,Male,PELE365,Power Bank,Electronics,2,3371.22,6742.44,East
ORD10457,2022-05-14,CUST3437,48.0,Male,PELE829,Wireless Earbuds,Electronics,1,2799.4,2799.4,South
ORD13197,2022-05-14,CUST2814,43.0,Female,PELE117,Smartwatch,Electronics,1,4262.21,4262.21,North
ORD13056,2022-05-15,CUST2506,26.0,Male,PSPO425,Yoga Mat,Sports,1,451.52,451.52,West
ORD11311,2022-05-15,CUST3261,32.0,Male,PAPP872,Denim Jeans,Apparel,1,1906.95,1906.95,North
ORD10701,2022-05-15,CUST3313,35.0,Male,PELE118,Wireless Earbuds,Electronics,2,4162.1,8324.2,East
ORD11619,2022-05-15,CUST2922,26.0,Male,PELE756,Power Bank,Electronics,1,3540.16,3540.16,South
ORD10927,2022-05-16,CUST3669,37.0,Male,PELE680,Smartwatch,Electronics,2,2618.91,5237.82,North
ORD11317,2022-05-16,CUST3385,23.0,Female,PAPP891,Hoodie,Apparel,1,806.06,806.06,North
ORD14614,2022-05-16,CUST2640,30.0,Female,PHOM978,Blender,Home & Kitchen,1,2223.14,2223.14,West
ORD11449,2022-05-16,CUST3396,23.0,Female,PAPP509,Running Shoes,Apparel,1,2153.67,2153.67,North
ORD15752,2022-05-16,CUST2862,,Male,PELE575,Smartphone Case,Electronics,1,1206.07,1206.07,South
ORD13766,2022-05-16,CUST3462,26.0,Female,PELE256,Smartwatch,Electronics,1,3665.49,3665.49,West
ORD14924,2022-05-16,CUST2038,39.0,Female,PBEA892,Face Wash,Beauty,1,1038.18,1038.18,South
ORD15914,2022-05-16,CUST2089,38.0,Female,PELE196,Smartphone Case,Electronics,1,2967.3,2967.3,South
ORD15715,2022-05-17,CUST3541,36.0,Female,PAPP242,Denim Jeans,Apparel,2,2136.2,4272.4,South
ORD11919,2022-05-17,CUST2340,56.0,Male,PBEA567,Face Serum,Beauty,1,197.19,197.19,East
ORD10531,2022-05-17,CUST2958,25.0,Female,PSPO779,Cycling Gloves,Sports,1,757.48,757.48,West
ORD15889,2022-05-17,CUST2471,45.0,Male,PBEA619,Shampoo,Beauty,1,569.0,569.0,East
ORD11779,2022-05-17,CUST2058,32.0,Male,PELE553,Smartwatch,Electronics,1,1768.76,1768.76,South
ORD13389,2022-05-17,CUST3085,36.0,Male,PBEA365,Face Wash,Beauty,1,1243.09,1243.09,South
ORD11989,2022-05-17,CUST2114,29.0,Male,PBEA852,Perfume,Beauty,1,188.1,188.1,West
ORD12771,2022-05-18,CUST2297,43.0,Male,PAPP269,Hoodie,Apparel,1,1323.42,1323.42,East
ORD10113,2022-05-18,CUST3291,35.0,Male,PAPP672,Cotton T-Shirt,Apparel,1,545.25,545.25,South
ORD10820,2022-05-18,CUST2641,23.0,Female,PELE660,Power Bank,Electronics,1,4309.1,4309.1,East
ORD11668,2022-05-18,CUST2344,21.0,Female,PAPP721,Running Shoes,Apparel,1,1112.37,1112.37,North
ORD15045,2022-05-18,CUST2534,22.0,Male,PELE343,Wireless Earbuds,Electronics,1,1364.86,1364.86,South
ORD14669,2022-05-18,CUST2697,34.0,Male,PHOM575,Storage Rack,Home & Kitchen,1,2884.46,2884.46,North
ORD12821,2022-05-18,CUST3611,40.0,Male,PAPP184,Denim Jeans,Apparel,3,677.29,2031.87,East
ORD14762,2022-05-18,CUST2431,40.0,Female,PELE743,Power Bank,Electronics,2,831.68,1663.36,South
ORD12728,2022-05-19,CUST3090,42.0,Female,PHOM173,Blender,Home & Kitchen,1,584.09,584.09,North
ORD14917,2022-05-19,CUST3258,31.0,Female,PAPP379,Hoodie,Apparel,2,721.61,1443.22,West
ORD15411,2022-05-20,CUST3740,46.0,Female,PELE488,Smartphone Case,Electronics,1,1529.87,1529.87,West
ORD13385,2022-05-20,CUST3066,39.0,Female,PSPO158,Yoga Mat,Sports,2,1133.7,2267.4,South
ORD10167,2022-05-20,CUST2605,26.0,Male,PELE580,Bluetooth Speaker,Electronics,1,3968.1,3968.1,North
ORD11690,2022-05-20,CUST2837,23.0,Female,PSPO457,Yoga Mat,Sports,1,1138.86,1138.86,South
ORD14705,2022-05-20,CUST3116,45.0,Male,PBEA881,Face Serum,Beauty,1,569.61,569.61,North
ORD15898,2022-05-20,CUST3423,21.0,Male,PELE883,Power Bank,Electronics,2,3661.79,7323.58,North
ORD10198,2022-05-20,CUST2606,37.0,Male,PSPO733,Cycling Gloves,Sports,1,409.23,409.23,South
ORD11048,2022-05-20,CUST3397,38.0,Female,PAPP110,Hoodie,Apparel,1,2123.13,2123.13,South
ORD15718,2022-05-21,CUST3187,31.0,Male,PAPP760,Denim Jeans,Apparel,1,473.17,473.17,West
ORD15519,2022-05-21,CUST2979,36.0,Female,PBEA601,Face Wash,Beauty,2,923.81,1847.62,East
ORD14582,2022-05-21,CUST2354,27.0,Female,PELE365,Wireless Earbuds,Electronics,2,2080.14,4160.28,South
ORD12741,2022-05-22,CUST2723,43.0,Female,PELE732,Smartphone Case,Electronics,1,1911.54,1911.54,North
ORD13518,2022-05-22,CUST3286,20.0,Female,PELE913,Smartwatch,Electronics,1,3127.83,3127.83,South
ORD14834,2022-05-22,CUST3666,30.0,Female,PELE107,Bluetooth Speaker,Electronics,2,4065.2,8130.4,East
ORD11467,2022-05-22,CUST2419,21.0,Male,PHOM753,Cushion Set,Home & Kitchen,1,1118.97,1118.97,North
ORD13798,2022-05-23,CUST3502,40.0,Male,PBEA820,Perfume,Beauty,1,1075.48,1075.48,East
ORD12807,2022-05-23,CUST2674,55.0,Male,PBEA690,Face Wash,Beauty,3,400.15,1200.45,South
ORD13353,2022-05-23,CUST3333,22.0,Male,PSPO902,Dumbbell Set,Sports,1,899.9,899.9,North
ORD11115,2022-05-23,CUST2314,28.0,Female,PAPP866,Denim Jeans,Apparel,2,2043.26,4086.52,North
ORD13834,2022-05-23,CUST3480,22.0,Female,PAPP718,Cotton T-Shirt,Apparel,1,1375.32,1375.32,East
ORD15075,2022-05-23,CUST2613,32.0,Male,PELE618,Smartwatch,Electronics,1,3967.72,3967.72,South
ORD12980,2022-05-24,CUST3168,37.0,Male,PBEA707,Perfume,Beauty,1,1285.53,1285.53,North
ORD14978,2022-05-24,CUST2699,32.0,Female,PSPO822,Dumbbell Set,Sports,1,475.34,475.34,East
ORD10425,2022-05-24,CUST3187,37.0,Female,PHOM497,Storage Rack,Home & Kitchen,1,2709.65,2709.65,North
ORD10444,2022-05-24,CUST3027,46.0,Female,PELE517,Smartwatch,Electronics,1,2915.32,2915.32,East
ORD11625,2022-05-24,CUST2012,25.0,Female,PSPO321,Dumbbell Set,Sports,1,562.65,562.65,West
ORD13565,2022-05-24,CUST2423,24.0,Female,PSPO405,Yoga Mat,Sports,1,1368.53,1368.53,West
ORD15197,2022-05-25,CUST2198,31.0,Female,PBEA452,Shampoo,Beauty,1,1179.03,1179.03,East
ORD10795,2022-05-26,CUST3104,35.0,Female,PHOM438,Table Lamp,Home & Kitchen,1,1498.63,1498.63,South
ORD15272,2022-05-26,CUST2579,49.0,Female,PAPP831,Running Shoes,Apparel,1,1513.62,1513.62,East
ORD12380,2022-05-26,CUST3215,38.0,Female,PAPP182,Jacket,Apparel,1,1821.38,1821.38,South
ORD10408,2022-05-26,CUST2113,36.0,Female,PBEA985,Face Wash,Beauty,1,371.91,371.91,South
ORD15128,2022-05-26,CUST3707,21.0,Male,PBEA633,Face Serum,Beauty,2,328.29,656.58,South
ORD14150,2022-05-26,CUST2990,43.0,Male,PBEA639,Lipstick,Beauty,1,1304.68,1304.68,North
ORD14143,2022-05-26,CUST3250,16.0,Female,PELE153,Bluetooth Speaker,Electronics,1,2933.84,2933.84,West
ORD12126,2022-05-26,CUST3224,38.0,Male,PBEA126,Face Wash,Beauty,1,528.45,528.45,South
ORD13765,2022-05-27,CUST2660,31.0,Female,PELE745,Power Bank,Electronics,1,3831.6,3831.6,East
ORD14300,2022-05-27,CUST3103,38.0,Female,PBEA158,Face Serum,Beauty,1,259.78,259.78,West
ORD11378,2022-05-27,CUST2167,18.0,Female,PBEA590,Face Serum,Beauty,2,973.03,1946.06,East
ORD10821,2022-05-28,CUST3177,42.0,Male,PBEA802,Lipstick,Beauty,1,454.15,454.15,West
ORD10186,2022-05-28,CUST2867,27.0,Female,PAPP153,Jacket,Apparel,1,1536.46,1536.46,West
ORD13656,2022-05-28,CUST3031,28.0,Female,PAPP392,Running Shoes,Apparel,2,1372.4,2744.8,North
ORD12929,2022-05-28,CUST3762,30.0,Female,PAPP381,Cotton T-Shirt,Apparel,2,1279.45,2558.9,South
ORD15063,2022-05-28,CUST3195,39.0,Female,PELE908,Power Bank,Electronics,1,4165.6,4165.6,East
ORD15507,2022-05-29,CUST2566,37.0,Female,PHOM638,Storage Rack,Home & Kitchen,3,2757.08,8271.24,North
ORD11127,2022-05-29,CUST3437,32.0,Male,PELE826,Bluetooth Speaker,Electronics,1,2286.62,2286.62,South
ORD13767,2022-05-29,CUST3441,16.0,Female,PAPP911,Denim Jeans,Apparel,2,424.91,849.82,West
ORD15086,2022-05-29,CUST3216,37.0,Male,PHOM650,Table Lamp,Home & Kitchen,1,2054.66,2054.66,East
ORD10764,2022-05-29,CUST2959,27.0,Male,PAPP599,Running Shoes,Apparel,1,1468.17,1468.17,South
ORD14025,2022-05-29,CUST3226,38.0,Male,PELE541,Smartphone Case,Electronics,3,4100.19,12300.57,East
ORD13134,2022-05-29,CUST2429,23.0,Female,PELE434,Smartwatch,Electronics,1,2165.53,2165.53,East
ORD13560,2022-05-29,CUST2620,36.0,Male,PAPP320,Denim Jeans,Apparel,1,1518.85,1518.85,South
ORD12495,2022-05-29,CUST3268,35.0,Male,PSPO238,Football,Sports,1,256.44,256.44,East
ORD12738,2022-05-30,CUST2198,21.0,Male,PELE870,Power Bank,Electronics,2,3017.6,6035.2,East
ORD12060,2022-05-30,CUST2179,37.0,Female,PBEA400,Shampoo,Beauty,1,1344.93,1344.93,North
ORD10132,2022-05-30,CUST3006,27.0,Female,PAPP445,Cotton T-Shirt,Apparel,1,572.32,572.32,South
ORD14983,2022-05-30,CUST3303,16.0,Male,PELE848,Wireless Earbuds,Electronics,1,2792.67,2792.67,West
ORD11264,2022-05-31,CUST3573,24.0,Female,PAPP254,Cotton T-Shirt,Apparel,1,1267.02,1267.02,West
ORD12336,2022-05-31,CUST2970,43.0,Female,PSPO610,Football,Sports,1,1873.77,1873.77,South
ORD12217,2022-05-31,CUST2275,32.0,Female,PBEA689,Face Wash,Beauty,1,591.31,591.31,West
ORD14253,2022-05-31,CUST3713,29.0,Female,PELE493,Smartwatch,Electronics,2,4180.55,8361.1,West
ORD14184,2022-05-31,CUST3259,18.0,Female,PBEA750,Lipstick,Beauty,1,1312.02,1312.02,North
ORD15781,2022-05-31,CUST2452,49.0,Male,PBEA232,Perfume,Beauty,1,1295.05,1295.05,West
ORD13974,2022-05-31,CUST2769,30.0,Female,PAPP238,Jacket,Apparel,1,1767.51,1767.51,East
ORD11811,2022-06-01,CUST3263,17.0,Male,PAPP687,Hoodie,Apparel,1,1588.21,1588.21,West
ORD10435,2022-06-01,CUST2054,33.0,Male,PSPO727,Cricket Bat,Sports,1,254.74,254.74,East
ORD14792,2022-06-01,CUST2873,33.0,Male,PELE435,Smartphone Case,Electronics,1,4096.56,4096.56,North
ORD10644,2022-06-01,CUST3670,50.0,Female,PAPP165,Denim Jeans,Apparel,2,1935.87,3871.74,North
ORD14489,2022-06-01,CUST3373,38.0,Male,PELE441,Power Bank,Electronics,1,3794.58,3794.58,West
ORD15583,2022-06-02,CUST2546,41.0,Female,PELE615,Smartphone Case,Electronics,1,990.92,990.92,East
ORD15274,2022-06-02,CUST3406,32.0,Female,PELE916,Power Bank,Electronics,1,1346.39,1346.39,West
ORD14125,2022-06-02,CUST2899,31.0,Female,PAPP453,Cotton T-Shirt,Apparel,1,1293.64,1293.64,North
ORD15254,2022-06-02,CUST2278,18.0,Male,PHOM488,Cushion Set,Home & Kitchen,3,2976.87,8930.61,South
ORD14827,2022-06-02,CUST2862,27.0,Female,PELE518,Smartwatch,Electronics,1,3799.53,3799.53,West
ORD13155,2022-06-02,CUST2474,20.0,Female,PELE153,Smartphone Case,Electronics,1,3515.71,3515.71,West
ORD13217,2022-06-02,CUST3415,40.0,Male,PHOM980,Blender,Home & Kitchen,2,2092.48,4184.96,North
ORD13581,2022-06-02,CUST3249,22.0,Male,PELE499,Power Bank,Electronics,1,1358.05,1358.05,West
ORD14963,2022-06-02,CUST2149,44.0,Male,PHOM329,Table Lamp,Home & Kitchen,1,1863.92,1863.92,South
ORD15244,2022-06-03,CUST2921,18.0,Female,PELE324,Power Bank,Electronics,1,1495.45,1495.45,North
ORD14407,2022-06-03,CUST2421,26.0,Male,PHOM911,Blender,Home & Kitchen,1,2054.56,2054.56,North
ORD11076,2022-06-03,CUST3530,28.0,Male,PBEA599,Face Wash,Beauty,1,773.37,773.37,South
ORD15890,2022-06-03,CUST3526,28.0,Male,PELE344,Power Bank,Electronics,1,1867.53,1867.53,West
ORD13806,2022-06-03,CUST2581,37.0,Male,PSPO310,Dumbbell Set,Sports,1,1818.3,1818.3,South
ORD13261,2022-06-03,CUST2966,32.0,Male,PAPP222,Hoodie,Apparel,2,547.34,1094.68,East
ORD13650,2022-06-04,CUST2566,27.0,Male,PBEA956,Face Wash,Beauty,1,715.51,715.51,East
ORD13904,2022-06-04,CUST3740,22.0,Female,PELE965,Smartwatch,Electronics,1,2588.74,2588.74,East
ORD10227,2022-06-04,CUST2463,27.0,Male,PAPP416,Hoodie,Apparel,2,1906.75,3813.5,West
ORD11292,2022-06-04,CUST3013,27.0,Male,PHOM813,Cushion Set,Home & Kitchen,1,2379.61,2379.61,North
ORD12520,2022-06-04,CUST3341,34.0,Male,PBEA720,Shampoo,Beauty,1,988.65,988.65,South
ORD12133,2022-06-05,CUST2448,23.0,Male,PAPP820,Running Shoes,Apparel,2,888.89,1777.78,East
ORD15414,2022-06-05,CUST3123,40.0,Female,PELE750,Power Bank,Electronics,1,3760.21,3760.21,East
ORD10012,2022-06-05,CUST2202,38.0,Female,PBEA181,Shampoo,Beauty,2,1040.02,2080.04,East
ORD15012,2022-06-05,CUST2420,38.0,Female,PAPP966,Denim Jeans,Apparel,1,412.84,412.84,East
ORD13270,2022-06-05,CUST3484,35.0,Female,PAPP374,Jacket,Apparel,1,634.06,634.06,West
ORD12114,2022-06-05,CUST2502,21.0,Male,PHOM130,Cushion Set,Home & Kitchen,2,1550.85,3101.7,North
ORD10327,2022-06-06,CUST2967,31.0,Female,PAPP172,Jacket,Apparel,1,2078.46,2078.46,South
ORD12864,2022-06-06,CUST3740,16.0,Male,PELE319,Wireless Earbuds,Electronics,1,3422.86,3422.86,North
ORD13928,2022-06-06,CUST3453,40.0,Male,PBEA746,Shampoo,Beauty,1,1377.09,1377.09,North
ORD13118,2022-06-06,CUST2616,29.0,Male,PSPO975,Cricket Bat,Sports,1,1788.37,1788.37,East
ORD15145,2022-06-06,CUST3262,30.0,Female,PBEA960,Face Wash,Beauty,1,946.64,946.64,North
ORD10289,2022-06-07,CUST2214,37.0,Male,PHOM728,Blender,Home & Kitchen,1,1389.06,1389.06,South
ORD11327,2022-06-07,CUST3061,33.0,Male,PBEA430,Lipstick,Beauty,1,244.18,244.18,East
ORD11937,2022-06-07,CUST3273,30.0,Male,PSPO683,Yoga Mat,Sports,1,2071.33,2071.33,North
ORD14953,2022-06-07,CUST2351,26.0,Female,PSPO614,Football,Sports,1,2361.99,2361.99,East
ORD15738,2022-06-07,CUST2439,46.0,Male,PSPO498,Cycling Gloves,Sports,1,2269.49,2269.49,North
ORD12236,2022-06-07,CUST3513,45.0,Female,PSPO729,Football,Sports,2,1618.4,3236.8,South
ORD11978,2022-06-08,CUST2444,32.0,Female,PSPO760,Yoga Mat,Sports,1,2216.53,2216.53,South
ORD11753,2022-06-08,CUST3146,22.0,Female,PBEA326,Face Wash,Beauty,1,1123.28,1123.28,West
ORD13028,2022-06-08,CUST3766,27.0,Female,PSPO109,Football,Sports,2,301.03,602.06,South
ORD11921,2022-06-08,CUST3515,29.0,Male,PELE553,Wireless Earbuds,Electronics,2,3653.02,7306.04,East
ORD12400,2022-06-08,CUST3234,29.0,Male,PSPO654,Cycling Gloves,Sports,1,2420.57,2420.57,South
ORD15287,2022-06-09,CUST3619,44.0,Female,PELE929,Bluetooth Speaker,Electronics,1,1526.98,1526.98,South
ORD13082,2022-06-09,CUST2400,22.0,Male,PELE311,Bluetooth Speaker,Electronics,1,968.55,968.55,North
ORD11550,2022-06-09,CUST3516,25.0,Male,PHOM641,Storage Rack,Home & Kitchen,1,524.9,524.9,North
ORD15912,2022-06-09,CUST3780,44.0,Female,PAPP609,Jacket,Apparel,1,1822.47,1822.47,South
ORD14741,2022-06-09,CUST2622,23.0,Female,PBEA290,Face Wash,Beauty,1,919.06,919.06,East
ORD11469,2022-06-09,CUST2708,26.0,Male,PBEA687,Face Wash,Beauty,1,1446.86,1446.86,West
ORD12397,2022-06-09,CUST2301,37.0,Female,PSPO572,Football,Sports,1,286.09,286.09,West
ORD13914,2022-06-09,CUST3487,37.0,Female,PHOM131,Storage Rack,Home & Kitchen,1,2792.39,2792.39,South
ORD15299,2022-06-09,CUST2936,43.0,Male,PELE437,Bluetooth Speaker,Electronics,1,1045.56,1045.56,South
ORD12947,2022-06-09,CUST2334,21.0,Male,PHOM542,Storage Rack,Home & Kitchen,1,990.22,990.22,South
ORD11409,2022-06-09,CUST3141,28.0,Male,PAPP262,Hoodie,Apparel,1,788.45,788.45,East
ORD12680,2022-06-10,CUST2270,36.0,Female,PAPP950,Hoodie,Apparel,2,1622.36,3244.72,North
ORD12349,2022-06-10,CUST3235,32.0,Male,PHOM758,Blender,Home & Kitchen,3,1985.9,5957.7,West
ORD13530,2022-06-10,CUST2341,22.0,Male,PSPO459,Cycling Gloves,Sports,1,1360.95,1360.95,South
ORD10099,2022-06-10,CUST3182,17.0,Male,PELE195,Smartwatch,Electronics,2,4106.03,8212.06,South
ORD10870,2022-06-11,CUST2882,23.0,Female,PELE813,Power Bank,Electronics,2,3834.7,7669.4,West
ORD10353,2022-06-11,CUST3754,33.0,Male,PELE484,Bluetooth Speaker,Electronics,1,860.84,860.84,West
ORD15489,2022-06-11,CUST2817,41.0,Female,PELE199,Bluetooth Speaker,Electronics,1,3917.11,3917.11,West
ORD13730,2022-06-12,CUST3727,39.0,Male,PAPP269,Running Shoes,Apparel,1,2016.85,2016.85,East
ORD10301,2022-06-12,CUST2532,23.0,Male,PELE436,Smartwatch,Electronics,1,1307.75,1307.75,South
ORD15151,2022-06-12,CUST2821,44.0,Female,PELE338,Wireless Earbuds,Electronics,2,3413.95,6827.9,North
ORD14506,2022-06-13,CUST2472,38.0,Male,PSPO808,Yoga Mat,Sports,3,1876.94,5630.82,West
ORD12411,2022-06-13,CUST2684,42.0,Female,PELE946,Smartphone Case,Electronics,1,2163.79,2163.79,North
ORD11749,2022-06-13,CUST2542,43.0,Male,PAPP722,Hoodie,Apparel,1,1651.59,1651.59,South
ORD15701,2022-06-13,CUST3229,39.0,Male,PAPP724,Running Shoes,Apparel,1,1603.78,1603.78,North
ORD15761,2022-06-13,CUST2975,32.0,Female,PELE813,Bluetooth Speaker,Electronics,1,1877.37,1877.37,East
ORD15726,2022-06-13,CUST3700,26.0,Female,PBEA243,Face Wash,Beauty,1,1253.38,1253.38,East
ORD10519,2022-06-14,CUST3680,27.0,Male,PBEA886,Lipstick,Beauty,1,583.03,583.03,West
ORD10985,2022-06-14,CUST2771,30.0,Male,PHOM739,Cushion Set,Home & Kitchen,1,1752.51,1752.51,East
ORD13688,2022-06-15,CUST2779,36.0,Female,PAPP668,Denim Jeans,Apparel,1,1088.82,1088.82,East
ORD10819,2022-06-15,CUST3303,20.0,Male,PHOM504,Non-stick Pan,Home & Kitchen,1,2407.55,2407.55,South
ORD13354,2022-06-15,CUST2357,29.0,Male,PSPO291,Football,Sports,1,374.73,374.73,East
ORD12307,2022-06-16,CUST2275,31.0,Female,PHOM821,Non-stick Pan,Home & Kitchen,1,1840.13,1840.13,North
ORD13826,2022-06-16,CUST2619,34.0,Female,PELE717,Bluetooth Speaker,Electronics,1,1132.09,1132.09,North
ORD15915,2022-06-16,CUST3541,26.0,Male,PELE101,Smartwatch,Electronics,1,3461.0,3461.0,North
ORD11767,2022-06-16,CUST2797,16.0,Male,PELE678,Smartwatch,Electronics,1,1341.83,1341.83,West
ORD13019,2022-06-17,CUST2555,27.0,Female,PAPP542,Cotton T-Shirt,Apparel,1,1826.84,1826.84,West
ORD10687,2022-06-17,CUST3695,43.0,Female,PAPP924,Denim Jeans,Apparel,2,828.83,1657.66,South
ORD15203,2022-06-17,CUST3723,28.0,Male,PELE302,Smartwatch,Electronics,1,1491.73,1491.73,North
ORD10817,2022-06-17,CUST3156,30.0,Female,PELE329,Power Bank,Electronics,1,3878.53,3878.53,North
ORD12809,2022-06-17,CUST3311,32.0,Female,PHOM199,Storage Rack,Home & Kitchen,3,2146.93,6440.79,West
ORD13836,2022-06-17,CUST3207,27.0,Female,PELE212,Bluetooth Speaker,Electronics,2,2344.99,4689.98,South
ORD11971,2022-06-17,CUST2624,26.0,Female,PHOM175,Cushion Set,Home & Kitchen,2,2092.34,4184.68,East
ORD12908,2022-06-17,CUST2975,20.0,Male,PELE180,Bluetooth Speaker,Electronics,1,1291.38,1291.38,South
ORD12898,2022-06-17,CUST2526,32.0,Male,PELE661,Smartwatch,Electronics,1,3657.93,3657.93,West
ORD13282,2022-06-17,CUST2693,39.0,Male,PSPO606,Yoga Mat,Sports,2,507.56,1015.12,North
ORD13027,2022-06-17,CUST2724,27.0,Male,PBEA879,Perfume,Beauty,1,1159.91,1159.91,South
ORD13025,2022-06-17,CUST3142,38.0,Female,PELE644,Power Bank,Electronics,1,1083.67,1083.67,South
ORD10486,2022-06-17,CUST2364,24.0,Male,PHOM889,Cushion Set,Home & Kitchen,2,1449.0,2898.0,North
ORD12845,2022-06-18,CUST3373,26.0,Female,PAPP920,Denim Jeans,Apparel,1,667.49,667.49,North
ORD13846,2022-06-18,CUST2875,33.0,Female,PBEA494,Face Wash,Beauty,2,998.21,1996.42,West
ORD13173,2022-06-18,CUST2101,32.0,Male,PAPP466,Running Shoes,Apparel,1,1877.91,1877.91,South
ORD12239,2022-06-18,CUST2537,29.0,Female,PELE207,Smartwatch,Electronics,2,1610.06,3220.12,South
ORD14786,2022-06-19,CUST3253,22.0,Female,PELE871,Wireless Earbuds,Electronics,1,3164.14,3164.14,South
ORD10430,2022-06-19,CUST2271,39.0,Female,PELE878,Bluetooth Speaker,Electronics,1,3584.5,3584.5,East
ORD14766,2022-06-19,CUST3527,31.0,Male,PELE929,Smartwatch,Electronics,1,4044.79,4044.79,West
ORD12578,2022-06-19,CUST2556,33.0,Female,PAPP653,Cotton T-Shirt,Apparel,3,588.31,1764.93,East
ORD14011,2022-06-19,CUST2746,32.0,Male,PBEA783,Lipstick,Beauty,2,712.08,1424.16,North
ORD15883,2022-06-20,CUST2904,33.0,Male,PHOM540,Non-stick Pan,Home & Kitchen,1,349.11,349.11,North
ORD15874,2022-06-20,CUST3456,42.0,Female,PSPO265,Dumbbell Set,Sports,1,1569.29,1569.29,South
ORD12983,2022-06-20,CUST2303,39.0,Male,PBEA900,Lipstick,Beauty,1,438.97,438.97,West
ORD10295,2022-06-20,CUST2593,27.0,Male,PHOM521,Blender,Home & Kitchen,1,1180.72,1180.72,East
ORD13754,2022-06-20,CUST3478,37.0,Male,PAPP296,Denim Jeans,Apparel,1,1280.5,1280.5,East
ORD10103,2022-06-20,CUST3701,21.0,Female,PBEA695,Face Serum,Beauty,1,1261.06,1261.06,North
ORD15359,2022-06-20,CUST2908,21.0,Male,PAPP457,Jacket,Apparel,1,2195.74,2195.74,North
ORD11375,2022-06-21,CUST3785,23.0,Female,PAPP755,Running Shoes,Apparel,2,1588.64,3177.28,North
ORD10503,2022-06-21,CUST2556,36.0,Male,PELE898,Bluetooth Speaker,Electronics,1,855.2,855.2,North
ORD12002,2022-06-21,CUST3038,36.0,Female,PAPP229,Cotton T-Shirt,Apparel,1,1210.02,1210.02,North
ORD14819,2022-06-21,CUST3220,29.0,Female,PAPP693,Jacket,Apparel,1,1423.64,1423.64,South
ORD15971,2022-06-21,CUST2329,20.0,Male,PAPP789,Jacket,Apparel,1,1230.17,1230.17,East
ORD13949,2022-06-21,CUST3374,26.0,Female,PELE948,Wireless Earbuds,Electronics,1,2936.16,2936.16,North
ORD14809,2022-06-22,CUST2160,27.0,Female,PAPP661,Jacket,Apparel,1,1245.12,1245.12,East
ORD11084,2022-06-22,CUST3673,21.0,Male,PAPP409,Cotton T-Shirt,Apparel,1,2016.23,2016.23,South
ORD15142,2022-06-22,CUST2095,49.0,Female,PAPP820,Running Shoes,Apparel,1,992.53,992.53,East
ORD13161,2022-06-22,CUST3298,32.0,Male,PSPO187,Cricket Bat,Sports,1,1498.88,1498.88,North
ORD13275,2022-06-22,CUST3078,48.0,Male,PBEA846,Shampoo,Beauty,2,671.34,1342.68,East
ORD10472,2022-06-22,CUST2648,38.0,Female,PHOM322,Table Lamp,Home & Kitchen,1,1797.74,1797.74,East
ORD11608,2022-06-22,CUST3467,30.0,Female,PHOM497,Table Lamp,Home & Kitchen,2,1639.28,3278.56,North
ORD12977,2022-06-23,CUST2384,30.0,Female,PAPP369,Hoodie,Apparel,1,1727.22,1727.22,East
ORD13381,2022-06-23,CUST2862,34.0,Female,PAPP126,Running Shoes,Apparel,1,1044.93,1044.93,East
ORD12789,2022-06-23,CUST3702,20.0,Male,PSPO154,Dumbbell Set,Sports,2,2438.67,4877.34,North
ORD11236,2022-06-23,CUST2262,49.0,Male,PSPO421,Dumbbell Set,Sports,3,2210.42,6631.26,West
ORD10769,2022-06-23,CUST2322,16.0,Female,PBEA659,Shampoo,Beauty,2,202.24,404.48,North
ORD12603,2022-06-24,CUST2443,16.0,Female,PSPO545,Cricket Bat,Sports,1,1316.51,1316.51,West
ORD14393,2022-06-25,CUST3574,32.0,Male,PAPP577,Denim Jeans,Apparel,2,1523.03,3046.06,West
ORD11041,2022-06-25,CUST2354,38.0,Male,PAPP743,Hoodie,Apparel,2,462.22,924.44,West
ORD13445,2022-06-25,CUST2024,45.0,Male,PELE717,Bluetooth Speaker,Electronics,2,1484.03,2968.06,North
ORD13075,2022-06-25,CUST2111,17.0,Male,PELE902,Bluetooth Speaker,Electronics,1,1873.25,1873.25,South
ORD10714,2022-06-26,CUST2286,38.0,Male,PHOM158,Cushion Set,Home & Kitchen,1,2643.08,2643.08,North
ORD12420,2022-06-26,CUST2107,16.0,Female,PSPO650,Yoga Mat,Sports,1,2050.67,2050.67,West
ORD10115,2022-06-26,CUST2455,21.0,Female,PBEA226,Face Wash,Beauty,1,772.56,772.56,West
ORD13089,2022-06-26,CUST3736,38.0,Male,PHOM611,Non-stick Pan,Home & Kitchen,1,1198.37,1198.37,North
ORD15845,2022-06-26,CUST3449,29.0,Male,PAPP820,Hoodie,Apparel,2,538.22,1076.44,West
ORD10826,2022-06-26,CUST2850,45.0,Female,PHOM884,Blender,Home & Kitchen,1,1811.51,1811.51,West
ORD13243,2022-06-26,CUST2736,17.0,Male,PAPP640,Hoodie,Apparel,2,1921.76,3843.52,East
ORD15343,2022-06-26,CUST2477,20.0,Male,PSPO655,Yoga Mat,Sports,1,539.91,539.91,North
ORD11634,2022-06-26,CUST2952,37.0,Female,PBEA858,Face Wash,Beauty,1,1229.95,1229.95,North
ORD10671,2022-06-26,CUST3711,30.0,Male,PAPP175,Running Shoes,Apparel,2,1993.78,3987.56,West
ORD15742,2022-06-27,CUST2771,22.0,Female,PELE742,Wireless Earbuds,Electronics,1,2447.5,2447.5,South
ORD14606,2022-06-27,CUST2317,42.0,Male,PELE404,Smartphone Case,Electronics,1,3898.92,3898.92,West
ORD13129,2022-06-27,CUST3407,37.0,Male,PAPP819,Running Shoes,Apparel,1,877.78,877.78,North
ORD13483,2022-06-27,CUST2227,26.0,Male,PELE682,Smartwatch,Electronics,2,1926.61,3853.22,South
ORD10398,2022-06-27,CUST2243,43.0,Female,PELE712,Smartwatch,Electronics,1,4319.99,4319.99,South
ORD11869,2022-06-27,CUST2486,30.0,Male,PSPO991,Cycling Gloves,Sports,1,2472.04,2472.04,East
ORD11595,2022-06-27,CUST3491,46.0,Female,PSPO400,Yoga Mat,Sports,3,465.78,1397.34,West
ORD11170,2022-06-27,CUST3520,36.0,Male,PHOM152,Storage Rack,Home & Kitchen,1,655.63,655.63,North
ORD10738,2022-06-28,CUST2836,26.0,Male,PHOM546,Table Lamp,Home & Kitchen,1,2274.59,2274.59,East
ORD12786,2022-06-28,CUST3375,29.0,Female,PBEA489,Lipstick,Beauty,2,1315.21,2630.42,South
ORD10006,2022-06-28,CUST3370,37.0,Female,PELE592,Bluetooth Speaker,Electronics,1,4071.01,4071.01,South
ORD11965,2022-06-28,CUST2422,25.0,Female,PHOM294,Cushion Set,Home & Kitchen,2,340.58,681.16,East
ORD11018,2022-06-29,CUST3799,19.0,Female,PELE321,Bluetooth Speaker,Electronics,1,4329.1,4329.1,North
ORD14960,2022-06-29,CUST2217,20.0,Female,PELE805,Wireless Earbuds,Electronics,1,3044.63,3044.63,West
ORD13781,2022-06-29,CUST2867,18.0,Male,PELE394,Wireless Earbuds,Electronics,1,3523.31,3523.31,South
ORD14539,2022-06-29,CUST2017,37.0,Male,PHOM132,Storage Rack,Home & Kitchen,2,2781.64,5563.28,East
ORD10892,2022-06-29,CUST2040,25.0,Female,PSPO115,Cricket Bat,Sports,2,2328.43,4656.86,North
ORD12538,2022-06-29,CUST3596,35.0,Male,PBEA251,Face Wash,Beauty,1,383.95,383.95,West
ORD12822,2022-06-29,CUST2094,54.0,Male,PBEA384,Lipstick,Beauty,1,1239.37,1239.37,East
ORD11367,2022-06-29,CUST2476,26.0,Male,PELE976,Bluetooth Speaker,Electronics,1,2820.87,2820.87,East
ORD13678,2022-06-29,CUST2919,49.0,Female,PBEA554,Perfume,Beauty,1,1471.9,1471.9,North
ORD10279,2022-06-30,CUST3634,37.0,Male,PHOM245,Table Lamp,Home & Kitchen,1,461.27,461.27,North
ORD14192,2022-06-30,CUST3493,23.0,Male,PAPP451,Hoodie,Apparel,3,1745.37,5236.11,North
ORD11554,2022-06-30,CUST2041,29.0,Male,PHOM610,Table Lamp,Home & Kitchen,1,1030.6,1030.6,North
ORD12490,2022-06-30,CUST3217,29.0,Male,PELE239,Smartwatch,Electronics,1,4354.67,4354.67,North
ORD10243,2022-06-30,CUST3477,40.0,Female,PAPP769,Denim Jeans,Apparel,1,952.12,952.12,South
ORD12753,2022-07-01,CUST2884,32.0,Female,PBEA577,Shampoo,Beauty,1,1003.74,1003.74,South
ORD15480,2022-07-01,CUST3560,48.0,Male,PELE822,Smartphone Case,Electronics,1,2457.61,2457.61,West
ORD15495,2022-07-01,CUST2419,34.0,Male,PAPP439,Running Shoes,Apparel,3,1158.23,3474.69,North
ORD15828,2022-07-01,CUST2005,34.0,Female,PHOM266,Cushion Set,Home & Kitchen,1,783.68,783.68,North
ORD10294,2022-07-01,CUST3717,27.0,Male,PSPO506,Football,Sports,1,1446.55,1446.55,West
ORD11193,2022-07-01,CUST2870,20.0,Female,PHOM748,Table Lamp,Home & Kitchen,1,1277.15,1277.15,North
ORD11695,2022-07-01,CUST2318,44.0,Male,PSPO548,Cycling Gloves,Sports,2,769.64,1539.28,North
ORD14067,2022-07-02,CUST2947,16.0,Female,PHOM116,Storage Rack,Home & Kitchen,1,2023.01,2023.01,South
ORD12868,2022-07-02,CUST3626,30.0,Female,PAPP125,Denim Jeans,Apparel,1,1824.68,1824.68,East
ORD13254,2022-07-02,CUST3526,16.0,Male,PAPP486,Denim Jeans,Apparel,1,1419.1,1419.1,East
ORD15864,2022-07-02,CUST2517,41.0,Male,PAPP703,Jacket,Apparel,1,527.39,527.39,South
ORD12612,2022-07-02,CUST3553,16.0,Female,PHOM793,Table Lamp,Home & Kitchen,1,2053.44,2053.44,South
ORD13099,2022-07-02,CUST3466,48.0,Female,PHOM641,Storage Rack,Home & Kitchen,1,661.95,661.95,North
ORD12072,2022-07-02,CUST3100,49.0,Female,PELE981,Power Bank,Electronics,1,2087.26,2087.26,South
ORD14457,2022-07-02,CUST3553,38.0,Female,PAPP562,Running Shoes,Apparel,1,781.71,781.71,South
ORD10372,2022-07-02,CUST2587,39.0,Male,PELE721,Smartwatch,Electronics,2,3407.6,6815.2,South
ORD15321,2022-07-02,CUST3266,30.0,Male,PELE319,Smartphone Case,Electronics,2,2190.76,4381.52,North
ORD13160,2022-07-03,CUST3360,31.0,Male,PHOM934,Table Lamp,Home & Kitchen,1,569.78,569.78,South
ORD15473,2022-07-03,CUST2310,39.0,Male,PELE274,Smartwatch,Electronics,1,4094.6,4094.6,West
ORD11908,2022-07-03,CUST3514,20.0,Male,PAPP480,Jacket,Apparel,1,1982.4,1982.4,South
ORD11766,2022-07-03,CUST3644,39.0,Female,PELE889,Smartphone Case,Electronics,2,3846.07,7692.14,West
ORD14849,2022-07-03,CUST2135,40.0,Female,PELE109,Wireless Earbuds,Electronics,1,1005.76,1005.76,South
ORD14079,2022-07-03,CUST3669,31.0,Female,PELE450,Smartphone Case,Electronics,1,1166.84,1166.84,North
ORD12218,2022-07-03,CUST2586,18.0,Female,PBEA382,Face Serum,Beauty,1,184.42,184.42,South
ORD15616,2022-07-04,CUST2870,49.0,Male,PELE973,Wireless Earbuds,Electronics,1,3817.37,3817.37,South
ORD10949,2022-07-04,CUST2901,39.0,Female,PBEA269,Shampoo,Beauty,1,715.83,715.83,North
ORD10463,2022-07-04,CUST3151,33.0,Female,PAPP736,Denim Jeans,Apparel,1,2131.35,2131.35,East
ORD14532,2022-07-05,CUST2791,29.0,Male,PHOM701,Table Lamp,Home & Kitchen,1,2516.43,2516.43,North
ORD12155,2022-07-05,CUST2674,36.0,Female,PAPP527,Running Shoes,Apparel,2,1352.38,2704.76,South
ORD13661,2022-07-05,CUST3515,26.0,Female,PSPO969,Football,Sports,1,2397.02,2397.02,South
ORD12811,2022-07-06,CUST3482,52.0,Female,PELE731,Smartphone Case,Electronics,1,2140.27,2140.27,South
ORD15647,2022-07-06,CUST3036,39.0,Female,PAPP498,Running Shoes,Apparel,1,626.56,626.56,East
ORD14449,2022-07-06,CUST3488,40.0,Male,PBEA312,Face Wash,Beauty,1,1246.99,1246.99,North
ORD10944,2022-07-06,CUST3322,42.0,Male,PHOM814,Table Lamp,Home & Kitchen,2,1252.67,2505.34,North
ORD12345,2022-07-06,CUST2327,32.0,Male,PELE443,Bluetooth Speaker,Electronics,2,4096.47,8192.94,East
ORD11266,2022-07-06,CUST2294,37.0,Female,PHOM572,Blender,Home & Kitchen,1,1363.75,1363.75,West
ORD12128,2022-07-06,CUST2940,22.0,Female,PSPO576,Football,Sports,1,2061.89,2061.89,South
ORD15927,2022-07-07,CUST3310,16.0,Male,PHOM589,Non-stick Pan,Home & Kitchen,2,374.94,749.88,North
ORD11158,2022-07-07,CUST3668,34.0,Female,PAPP527,Denim Jeans,Apparel,1,536.54,536.54,South
ORD13856,2022-07-07,CUST2624,21.0,Male,PBEA895,Shampoo,Beauty,1,1310.22,1310.22,North
ORD11277,2022-07-07,CUST3390,40.0,Male,PAPP799,Running Shoes,Apparel,1,1320.09,1320.09,East
ORD12448,2022-07-07,CUST2806,46.0,Female,PHOM915,Blender,Home & Kitchen,1,618.46,618.46,North
ORD15293,2022-07-07,CUST2852,33.0,Male,PBEA673,Face Serum,Beauty,1,1383.22,1383.22,South
ORD12159,2022-07-07,CUST2249,52.0,Female,PHOM773,Blender,Home & Kitchen,1,1835.76,1835.76,West
ORD15669,2022-07-08,CUST2286,29.0,Female,PHOM158,Table Lamp,Home & Kitchen,1,951.01,951.01,North
ORD13294,2022-07-08,CUST2495,29.0,Female,PAPP663,Denim Jeans,Apparel,1,1602.43,1602.43,East
ORD15744,2022-07-08,CUST2554,40.0,Female,PHOM164,Cushion Set,Home & Kitchen,2,886.62,1773.24,East
ORD11875,2022-07-09,CUST2924,25.0,Male,PELE804,Wireless Earbuds,Electronics,1,2368.91,2368.91,West
ORD15811,2022-07-09,CUST2165,43.0,Female,PELE158,Smartphone Case,Electronics,1,3277.25,3277.25,South
ORD12988,2022-07-09,CUST3389,38.0,Male,PELE144,Wireless Earbuds,Electronics,1,1008.6,1008.6,North
ORD11263,2022-07-09,CUST3664,29.0,Female,PELE511,Bluetooth Speaker,Electronics,1,1669.6,1669.6,West
ORD14794,2022-07-09,CUST2993,30.0,Female,PAPP707,Running Shoes,Apparel,2,913.7,1827.4,South
ORD10200,2022-07-09,CUST3189,36.0,Female,PBEA974,Lipstick,Beauty,2,1036.98,2073.96,East
ORD10851,2022-07-09,CUST3170,21.0,Female,PBEA971,Perfume,Beauty,1,739.38,739.38,East
ORD11707,2022-07-10,CUST3345,38.0,Male,PAPP112,Jacket,Apparel,1,1712.18,1712.18,North
ORD14290,2022-07-10,CUST2431,33.0,Female,PELE270,Smartphone Case,Electronics,1,2033.69,2033.69,North
ORD15285,2022-07-10,CUST3694,18.0,Male,PAPP534,Running Shoes,Apparel,1,2199.86,2199.86,South
ORD15279,2022-07-10,CUST2946,34.0,Male,PHOM261,Blender,Home & Kitchen,1,2699.46,2699.46,East
ORD12863,2022-07-10,CUST3384,41.0,Female,PELE445,Wireless Earbuds,Electronics,1,2840.85,2840.85,South
ORD12300,2022-07-10,CUST2949,37.0,Male,PELE921,Smartwatch,Electronics,3,2482.04,7446.12,North
ORD13641,2022-07-10,CUST3252,35.0,Female,PELE522,Smartwatch,Electronics,1,1696.11,1696.11,East
ORD13548,2022-07-10,CUST3208,51.0,Female,PBEA713,Face Serum,Beauty,2,492.06,984.12,West
ORD10622,2022-07-10,CUST2669,49.0,Male,PAPP883,Cotton T-Shirt,Apparel,2,1164.31,2328.62,South
ORD10652,2022-07-10,CUST2532,16.0,Female,PELE778,Bluetooth Speaker,Electronics,1,2059.94,2059.94,West
ORD13380,2022-07-11,CUST2822,23.0,Female,PBEA314,Face Wash,Beauty,1,277.48,277.48,South
ORD11358,2022-07-11,CUST2253,17.0,Male,PAPP646,Hoodie,Apparel,1,1965.51,1965.51,South
ORD15281,2022-07-11,CUST2494,35.0,Female,PBEA856,Shampoo,Beauty,1,395.63,395.63,West
ORD13845,2022-07-11,CUST3002,19.0,Male,PELE461,Power Bank,Electronics,1,3791.36,3791.36,North
ORD15362,2022-07-11,CUST3086,32.0,Male,PBEA524,Shampoo,Beauty,1,1035.58,1035.58,West
ORD12145,2022-07-11,CUST3597,27.0,Male,PSPO856,Football,Sports,1,412.01,412.01,North
ORD15303,2022-07-11,CUST3433,34.0,Male,PSPO623,Football,Sports,1,1878.87,1878.87,East
ORD15602,2022-07-11,CUST2584,18.0,Male,PAPP599,Denim Jeans,Apparel,1,1889.87,1889.87,South
ORD13574,2022-07-11,CUST2346,24.0,Male,PAPP113,Jacket,Apparel,2,1610.94,3221.88,South
ORD12995,2022-07-12,CUST3256,41.0,Male,PBEA960,Lipstick,Beauty,1,814.36,814.36,East
ORD10189,2022-07-12,CUST2757,16.0,Female,PELE786,Wireless Earbuds,Electronics,1,1612.89,1612.89,East
ORD14400,2022-07-12,CUST2915,37.0,Female,PSPO561,Yoga Mat,Sports,2,2471.75,4943.5,West
ORD10537,2022-07-12,CUST3661,30.0,Female,PAPP487,Cotton T-Shirt,Apparel,1,980.88,980.88,North
ORD12303,2022-07-12,CUST3151,26.0,Female,PAPP300,Jacket,Apparel,1,2029.22,2029.22,East
ORD14528,2022-07-12,CUST2365,28.0,Female,PELE889,Smartwatch,Electronics,1,1947.75,1947.75,South
ORD14252,2022-07-12,CUST3020,29.0,Female,PBEA873,Lipstick,Beauty,1,1159.33,1159.33,North
ORD14265,2022-07-13,CUST3646,36.0,Male,PSPO652,Dumbbell Set,Sports,1,2388.83,2388.83,East
ORD11939,2022-07-13,CUST2088,23.0,Male,PELE407,Power Bank,Electronics,1,1541.29,1541.29,East
ORD12004,2022-07-13,CUST3598,25.0,Male,PHOM642,Storage Rack,Home & Kitchen,1,846.93,846.93,North
ORD14889,2022-07-13,CUST3117,35.0,Female,PELE380,Smartwatch,Electronics,2,3996.98,7993.96,North
ORD14948,2022-07-14,CUST2967,23.0,Female,PAPP175,Hoodie,Apparel,1,1263.47,1263.47,East
ORD11484,2022-07-14,CUST2034,35.0,Male,PELE603,Power Bank,Electronics,1,1815.35,1815.35,South
ORD11208,2022-07-14,CUST2500,50.0,Male,PELE956,Power Bank,Electronics,1,3325.9,3325.9,South
ORD12836,2022-07-14,CUST2123,29.0,Male,PELE621,Bluetooth Speaker,Electronics,1,3227.55,3227.55,East
ORD14768,2022-07-15,CUST3380,29.0,Female,PAPP321,Denim Jeans,Apparel,1,428.57,428.57,North
ORD11958,2022-07-15,CUST2014,28.0,Female,PSPO405,Cricket Bat,Sports,1,2179.56,2179.56,East
ORD13176,2022-07-15,CUST3483,19.0,Female,PAPP243,Denim Jeans,Apparel,2,459.47,918.94,South
ORD11215,2022-07-16,CUST3647,30.0,Female,PBEA915,Shampoo,Beauty,1,1462.41,1462.41,North
ORD13702,2022-07-16,CUST3202,28.0,Female,PSPO917,Yoga Mat,Sports,1,981.83,981.83,North
ORD11310,2022-07-16,CUST2903,37.0,Male,PAPP557,Cotton T-Shirt,Apparel,2,1742.9,3485.8,East
ORD15534,2022-07-16,CUST3551,38.0,Male,PBEA750,Shampoo,Beauty,1,335.86,335.86,North
ORD13692,2022-07-16,CUST3172,20.0,Female,PHOM441,Blender,Home & Kitchen,2,2631.81,5263.62,East
ORD15186,2022-07-16,CUST3648,31.0,Female,PBEA261,Perfume,Beauty,1,574.78,574.78,North
ORD14859,2022-07-16,CUST2772,34.0,Female,PELE378,Smartwatch,Electronics,2,2361.15,4722.3,East
ORD11599,2022-07-17,CUST2507,31.0,Male,PHOM769,Storage Rack,Home & Kitchen,2,2662.47,5324.94,North
ORD13503,2022-07-17,CUST2846,37.0,Female,PHOM420,Table Lamp,Home & Kitchen,2,1462.48,2924.96,East
ORD10156,2022-07-17,CUST2976,49.0,Male,PBEA744,Shampoo,Beauty,1,1043.21,1043.21,West
ORD10292,2022-07-17,CUST3162,27.0,Male,PBEA514,Perfume,Beauty,1,1359.23,1359.23,East
ORD14494,2022-07-17,CUST3036,16.0,Female,PBEA786,Shampoo,Beauty,1,1247.26,1247.26,East
ORD13586,2022-07-18,CUST2454,40.0,Female,PHOM350,Table Lamp,Home & Kitchen,1,605.37,605.37,West
ORD13124,2022-07-18,CUST3338,16.0,Female,PAPP613,Cotton T-Shirt,Apparel,1,1332.41,1332.41,South
ORD10561,2022-07-18,CUST2972,37.0,Male,PSPO950,Yoga Mat,Sports,1,1587.25,1587.25,South
ORD15102,2022-07-18,CUST3098,51.0,Male,PELE859,Smartwatch,Electronics,1,4140.69,4140.69,East
ORD15579,2022-07-18,CUST3528,32.0,Male,PAPP716,Denim Jeans,Apparel,1,650.35,650.35,North
ORD12149,2022-07-18,CUST2321,16.0,Female,PELE107,Power Bank,Electronics,1,2775.84,2775.84,North
ORD13384,2022-07-18,CUST2236,31.0,Male,PSPO281,Yoga Mat,Sports,1,940.85,940.85,North
ORD11019,2022-07-18,CUST2061,29.0,Female,PSPO871,Dumbbell Set,Sports,1,542.76,542.76,South
ORD13784,2022-07-19,CUST3423,48.0,Male,PELE117,Power Bank,Electronics,2,1650.15,3300.3,East
ORD14242,2022-07-19,CUST3664,30.0,Male,PBEA430,Shampoo,Beauty,1,1426.51,1426.51,East
ORD12258,2022-07-19,CUST2405,49.0,Male,PELE270,Bluetooth Speaker,Electronics,1,3329.87,3329.87,East
ORD13143,2022-07-19,CUST3754,47.0,Male,PELE789,Bluetooth Speaker,Electronics,1,2728.79,2728.79,North
ORD12716,2022-07-19,CUST3189,32.0,Female,PELE582,Wireless Earbuds,Electronics,1,3350.04,3350.04,North
ORD10166,2022-07-20,CUST3610,33.0,Male,PHOM760,Storage Rack,Home & Kitchen,1,584.7,584.7,South
ORD13663,2022-07-20,CUST3687,35.0,Female,PELE102,Smartwatch,Electronics,2,3378.88,6757.76,South
ORD14583,2022-07-20,CUST2610,39.0,Female,PHOM615,Blender,Home & Kitchen,1,1200.3,1200.3,South
ORD10914,2022-07-20,CUST2114,55.0,Male,PBEA432,Lipstick,Beauty,1,411.25,411.25,West
ORD10481,2022-07-20,CUST2269,40.0,Female,PSPO131,Cycling Gloves,Sports,1,734.26,734.26,West
ORD10538,2022-07-20,CUST2514,25.0,Male,PAPP267,Jacket,Apparel,1,490.66,490.66,West
ORD11329,2022-07-20,CUST3087,28.0,Male,PELE958,Smartphone Case,Electronics,1,1775.39,1775.39,North
ORD14735,2022-07-20,CUST3793,51.0,Male,PAPP259,Hoodie,Apparel,1,1383.62,1383.62,North
ORD10564,2022-07-21,CUST2453,16.0,Female,PHOM729,Non-stick Pan,Home & Kitchen,2,801.05,1602.1,West
ORD13829,2022-07-21,CUST2852,32.0,Female,PHOM419,Storage Rack,Home & Kitchen,1,2321.61,2321.61,North
ORD13746,2022-07-21,CUST2276,22.0,Female,PSPO957,Football,Sports,2,1669.3,3338.6,South
ORD13269,2022-07-21,CUST3098,26.0,Female,PELE107,Smartphone Case,Electronics,1,3223.28,3223.28,South
ORD12112,2022-07-22,CUST2894,49.0,Female,PELE603,Smartphone Case,Electronics,1,1234.15,1234.15,South
ORD13497,2022-07-22,CUST3116,33.0,Female,PELE845,Smartwatch,Electronics,1,2424.71,2424.71,West
ORD12721,2022-07-22,CUST3186,32.0,Male,PELE847,Smartwatch,Electronics,2,2839.62,5679.24,West
ORD14609,2022-07-23,CUST3773,22.0,Female,PELE971,Power Bank,Electronics,2,3049.38,6098.76,East
ORD10912,2022-07-24,CUST2898,41.0,Male,PAPP430,Jacket,Apparel,1,1102.28,1102.28,East
ORD12860,2022-07-24,CUST2468,45.0,Female,PELE815,Wireless Earbuds,Electronics,2,1332.73,2665.46,North
ORD15103,2022-07-24,CUST3181,32.0,Female,PSPO571,Yoga Mat,Sports,1,1752.72,1752.72,North
ORD11583,2022-07-24,CUST3155,27.0,Male,PBEA678,Face Serum,Beauty,1,679.69,679.69,South
ORD12390,2022-07-25,CUST2801,24.0,Female,PBEA350,Face Serum,Beauty,1,1453.09,1453.09,South
ORD12011,2022-07-25,CUST2272,29.0,Female,PELE173,Smartphone Case,Electronics,1,2373.47,2373.47,South
ORD14218,2022-07-25,CUST3044,23.0,Male,PAPP173,Running Shoes,Apparel,1,532.39,532.39,East
ORD14952,2022-07-25,CUST2603,40.0,Male,PBEA150,Face Wash,Beauty,1,855.1,855.1,West
ORD11457,2022-07-25,CUST3696,16.0,Male,PBEA783,Shampoo,Beauty,1,1020.24,1020.24,South
ORD12841,2022-07-25,CUST2486,39.0,Male,PHOM347,Table Lamp,Home & Kitchen,1,377.68,377.68,East
ORD14695,2022-07-25,CUST2047,29.0,Female,PSPO135,Cricket Bat,Sports,2,882.44,1764.88,South
ORD12788,2022-07-25,CUST3280,27.0,Female,PBEA583,Face Wash,Beauty,2,710.65,1421.3,South
ORD11582,2022-07-26,CUST3619,29.0,Male,PELE414,Power Bank,Electronics,1,2041.94,2041.94,South
ORD13100,2022-07-26,CUST2932,31.0,Male,PAPP293,Cotton T-Shirt,Apparel,1,559.21,559.21,East
ORD15484,2022-07-27,CUST3103,31.0,Male,PAPP938,Jacket,Apparel,1,1333.3,1333.3,West
ORD12320,2022-07-27,CUST2052,31.0,Female,PAPP817,Hoodie,Apparel,1,905.61,905.61,West
ORD10388,2022-07-27,CUST2699,31.0,Male,PSPO911,Yoga Mat,Sports,1,1644.84,1644.84,East
ORD10345,2022-07-27,CUST2475,16.0,Female,PSPO810,Dumbbell Set,Sports,2,889.06,1778.12,North
ORD12389,2022-07-27,CUST2343,16.0,Female,PBEA746,Face Serum,Beauty,1,958.86,958.86,South
ORD13947,2022-07-27,CUST2652,34.0,Male,PELE192,Bluetooth Speaker,Electronics,2,3777.48,7554.96,North
ORD12026,2022-07-28,CUST3720,41.0,Female,PAPP204,Denim Jeans,Apparel,1,1204.05,1204.05,South
ORD13066,2022-07-28,CUST3298,25.0,Female,PELE654,Power Bank,Electronics,1,3726.16,3726.16,South
ORD15652,2022-07-28,CUST3753,34.0,Male,PAPP313,Hoodie,Apparel,2,2000.75,4001.5,North
ORD10544,2022-07-28,CUST2105,16.0,Male,PBEA610,Lipstick,Beauty,1,583.39,583.39,South
ORD10928,2022-07-28,CUST3009,29.0,Female,PBEA810,Lipstick,Beauty,1,277.23,277.23,East
ORD11285,2022-07-30,CUST3535,31.0,Female,PAPP448,Running Shoes,Apparel,2,564.19,1128.38,North
ORD14593,2022-07-31,CUST2722,42.0,Female,PELE590,Bluetooth Speaker,Electronics,1,4438.96,4438.96,North
ORD14892,2022-07-31,CUST3467,17.0,Female,PSPO365,Dumbbell Set,Sports,2,2120.91,4241.82,South
ORD15992,2022-07-31,CUST2365,34.0,Male,PBEA144,Face Serum,Beauty,1,1152.34,1152.34,South
ORD12571,2022-07-31,CUST2371,35.0,Male,PAPP802,Cotton T-Shirt,Apparel,1,1113.77,1113.77,West
ORD11042,2022-07-31,CUST3151,31.0,Female,PBEA857,Shampoo,Beauty,2,875.17,1750.34,East
ORD11365,2022-07-31,CUST2979,27.0,Female,PHOM319,Blender,Home & Kitchen,1,352.43,352.43,East
ORD13260,2022-08-01,CUST2274,41.0,Male,PAPP770,Jacket,Apparel,1,747.93,747.93,West
ORD10959,2022-08-01,CUST3223,37.0,Female,PHOM989,Storage Rack,Home & Kitchen,1,1829.18,1829.18,West
ORD14446,2022-08-01,CUST2728,36.0,Female,PELE932,Smartwatch,Electronics,2,3034.7,6069.4,North
ORD11738,2022-08-01,CUST2717,37.0,Male,PELE608,Wireless Earbuds,Electronics,1,1652.84,1652.84,East
ORD11278,2022-08-02,CUST3258,33.0,Male,PHOM591,Cushion Set,Home & Kitchen,1,2649.63,2649.63,North
ORD15152,2022-08-02,CUST2658,35.0,Female,PSPO945,Cricket Bat,Sports,2,2452.18,4904.36,North
ORD14852,2022-08-02,CUST2344,45.0,Male,PAPP821,Hoodie,Apparel,1,1689.77,1689.77,East
ORD15630,2022-08-02,CUST2605,49.0,Female,PBEA798,Shampoo,Beauty,1,1204.81,1204.81,North
ORD14349,2022-08-02,CUST3598,34.0,Female,PELE756,Smartphone Case,Electronics,2,2731.34,5462.68,West
ORD14856,2022-08-02,CUST2862,31.0,Male,PELE964,Bluetooth Speaker,Electronics,1,1428.79,1428.79,South
ORD14022,2022-08-02,CUST2640,22.0,Female,PHOM650,Storage Rack,Home & Kitchen,1,1293.46,1293.46,West
ORD13566,2022-08-02,CUST3410,17.0,Female,PBEA601,Face Wash,Beauty,1,854.77,854.77,East
ORD13333,2022-08-03,CUST2512,31.0,Female,PAPP280,Hoodie,Apparel,1,960.4,960.4,East
ORD13010,2022-08-03,CUST2998,27.0,Male,PSPO400,Cricket Bat,Sports,1,1067.14,1067.14,North
ORD12378,2022-08-03,CUST2095,32.0,Male,PAPP565,Jacket,Apparel,2,1102.06,2204.12,South
ORD15456,2022-08-03,CUST3206,40.0,Female,PELE589,Smartphone Case,Electronics,2,3816.39,7632.78,South
ORD10108,2022-08-03,CUST2828,38.0,Female,PELE162,Bluetooth Speaker,Electronics,1,3446.17,3446.17,East
ORD14671,2022-08-03,CUST2203,30.0,Female,PBEA386,Face Wash,Beauty,1,739.15,739.15,East
ORD11135,2022-08-04,CUST2380,27.0,Female,PHOM658,Non-stick Pan,Home & Kitchen,2,1842.93,3685.86,South
ORD15799,2022-08-04,CUST3167,20.0,Male,PSPO927,Yoga Mat,Sports,1,1709.96,1709.96,North
ORD11280,2022-08-04,CUST2937,21.0,Male,PAPP896,Jacket,Apparel,2,1557.45,3114.9,East
ORD11174,2022-08-05,CUST2498,31.0,Male,PELE449,Smartwatch,Electronics,1,3018.34,3018.34,North
ORD12056,2022-08-05,CUST3025,28.0,Female,PAPP864,Running Shoes,Apparel,2,2031.92,4063.84,West
ORD13184,2022-08-05,CUST3336,35.0,Male,PELE192,Smartwatch,Electronics,2,3392.71,6785.42,North
ORD14329,2022-08-05,CUST3130,34.0,Female,PELE905,Wireless Earbuds,Electronics,1,3382.36,3382.36,North
ORD10161,2022-08-05,CUST2278,42.0,Female,PSPO137,Dumbbell Set,Sports,1,1457.49,1457.49,West
ORD10134,2022-08-05,CUST3319,35.0,Male,PELE555,Wireless Earbuds,Electronics,1,3784.74,3784.74,North
ORD12887,2022-08-06,CUST2978,30.0,Male,PELE677,Smartwatch,Electronics,1,1858.66,1858.66,East
ORD10147,2022-08-06,CUST3392,44.0,Female,PBEA492,Lipstick,Beauty,1,314.82,314.82,East
ORD12625,2022-08-06,CUST3041,23.0,Female,PHOM846,Non-stick Pan,Home & Kitchen,2,1174.83,2349.66,East
ORD10680,2022-08-07,CUST3760,33.0,Male,PHOM435,Storage Rack,Home & Kitchen,1,1205.1,1205.1,East
ORD11060,2022-08-07,CUST3420,42.0,Male,PSPO876,Yoga Mat,Sports,1,2076.82,2076.82,South
ORD13594,2022-08-07,CUST2794,34.0,Female,PAPP624,Hoodie,Apparel,1,1957.45,1957.45,South
ORD15432,2022-08-07,CUST3464,21.0,Female,PHOM508,Table Lamp,Home & Kitchen,1,1739.97,1739.97,East
ORD15951,2022-08-08,CUST2079,28.0,Male,PAPP991,Jacket,Apparel,2,1908.33,3816.66,East
ORD13660,2022-08-08,CUST3346,26.0,Female,PHOM291,Table Lamp,Home & Kitchen,2,1053.55,2107.1,South
ORD14949,2022-08-08,CUST2495,39.0,Male,PELE163,Wireless Earbuds,Electronics,2,801.47,1602.94,West
ORD13250,2022-08-08,CUST3660,26.0,Male,PELE268,Power Bank,Electronics,1,3163.91,3163.91,North
ORD14941,2022-08-08,CUST2437,50.0,Female,PHOM669,Storage Rack,Home & Kitchen,1,472.39,472.39,South
ORD15949,2022-08-08,CUST3091,35.0,Male,PELE633,Smartwatch,Electronics,2,837.49,1674.98,West
ORD11416,2022-08-08,CUST3684,40.0,Female,PHOM907,Blender,Home & Kitchen,1,1143.01,1143.01,North
ORD10402,2022-08-08,CUST3439,34.0,Male,PBEA879,Lipstick,Beauty,1,156.01,156.01,South
ORD10620,2022-08-08,CUST2645,44.0,Female,PELE724,Bluetooth Speaker,Electronics,1,3828.52,3828.52,East
ORD15723,2022-08-08,CUST3593,25.0,Female,PSPO622,Cricket Bat,Sports,1,2408.06,2408.06,South
ORD15758,2022-08-08,CUST3702,32.0,Male,PHOM223,Storage Rack,Home & Kitchen,2,603.86,1207.72,East
ORD13500,2022-08-09,CUST2646,51.0,Female,PSPO691,Dumbbell Set,Sports,1,1599.93,1599.93,South
ORD12982,2022-08-09,CUST2110,37.0,Female,PHOM282,Blender,Home & Kitchen,1,2516.2,2516.2,South
ORD11319,2022-08-09,CUST2582,28.0,Male,PELE205,Smartwatch,Electronics,2,2466.63,4933.26,South
ORD15322,2022-08-09,CUST3038,32.0,Female,PHOM233,Cushion Set,Home & Kitchen,1,1233.16,1233.16,West
ORD14832,2022-08-09,CUST2722,31.0,Female,PHOM505,Blender,Home & Kitchen,1,1741.66,1741.66,East
ORD12627,2022-08-10,CUST3296,42.0,Female,PAPP678,Cotton T-Shirt,Apparel,2,982.84,1965.68,East
ORD13000,2022-08-10,CUST2332,44.0,Female,PAPP458,Denim Jeans,Apparel,2,1636.55,3273.1,South
ORD13342,2022-08-10,CUST2169,39.0,Female,PBEA150,Face Serum,Beauty,2,224.75,449.5,South
ORD15925,2022-08-10,CUST3138,27.0,Male,PELE538,Bluetooth Speaker,Electronics,1,2861.62,2861.62,South
ORD13863,2022-08-10,CUST3066,32.0,Male,PSPO464,Cricket Bat,Sports,1,2061.33,2061.33,West
ORD11780,2022-08-10,CUST3230,28.0,Male,PAPP768,Cotton T-Shirt,Apparel,1,2175.72,2175.72,West
ORD15508,2022-08-10,CUST2782,41.0,Female,PBEA920,Perfume,Beauty,1,1470.17,1470.17,West
ORD13479,2022-08-10,CUST3323,30.0,Female,PAPP523,Jacket,Apparel,2,517.71,1035.42,West
ORD12391,2022-08-11,CUST3642,23.0,Female,PAPP209,Running Shoes,Apparel,1,786.52,786.52,East
ORD10080,2022-08-11,CUST3685,22.0,Female,PBEA335,Perfume,Beauty,1,652.42,652.42,North
ORD10016,2022-08-11,CUST3233,36.0,Female,PBEA822,Face Serum,Beauty,1,1012.31,1012.31,West
ORD11448,2022-08-11,CUST2045,32.0,Female,PELE382,Bluetooth Speaker,Electronics,2,4421.94,8843.88,South
ORD15772,2022-08-11,CUST2398,16.0,Female,PBEA603,Face Serum,Beauty,1,356.41,356.41,East
ORD14764,2022-08-12,CUST3255,32.0,Female,PSPO283,Football,Sports,1,1677.95,1677.95,South
ORD14158,2022-08-12,CUST2486,33.0,Male,PSPO442,Yoga Mat,Sports,1,1437.88,1437.88,South
ORD11531,2022-08-12,CUST2255,31.0,Female,PHOM473,Table Lamp,Home & Kitchen,1,343.35,343.35,West
ORD15497,2022-08-12,CUST2316,25.0,Male,PSPO156,Dumbbell Set,Sports,1,1466.6,1466.6,North
ORD12564,2022-08-13,CUST2669,16.0,Female,PBEA492,Lipstick,Beauty,1,1014.66,1014.66,South
ORD10666,2022-08-13,CUST3695,16.0,Female,PBEA839,Perfume,Beauty,1,219.58,219.58,West
ORD12167,2022-08-13,CUST2475,23.0,Female,PSPO841,Cycling Gloves,Sports,1,763.33,763.33,South
ORD12699,2022-08-13,CUST2084,37.0,Male,PHOM991,Cushion Set,Home & Kitchen,1,2317.89,2317.89,North
ORD14553,2022-08-14,CUST2706,42.0,Female,PELE726,Wireless Earbuds,Electronics,1,1160.21,1160.21,East
ORD14206,2022-08-14,CUST3554,40.0,Male,PELE652,Power Bank,Electronics,2,4056.89,8113.78,East
ORD10534,2022-08-14,CUST2141,31.0,Female,PSPO476,Yoga Mat,Sports,1,1804.02,1804.02,South
ORD12212,2022-08-14,CUST2952,30.0,Female,PBEA180,Lipstick,Beauty,1,369.79,369.79,North
ORD11272,2022-08-14,CUST3527,32.0,Male,PBEA878,Face Wash,Beauty,1,1330.69,1330.69,South
ORD12943,2022-08-14,CUST2204,32.0,Female,PELE636,Bluetooth Speaker,Electronics,1,1445.67,1445.67,East
ORD13592,2022-08-15,CUST2927,18.0,Male,PSPO454,Cricket Bat,Sports,1,639.1,639.1,North
ORD14411,2022-08-15,CUST2186,35.0,Female,PAPP616,Running Shoes,Apparel,1,2040.34,2040.34,North
ORD12458,2022-08-15,CUST3191,32.0,Female,PHOM395,Storage Rack,Home & Kitchen,1,1672.26,1672.26,North
ORD15175,2022-08-15,CUST2462,30.0,Female,PBEA884,Lipstick,Beauty,2,1450.93,2901.86,North
ORD15762,2022-08-16,CUST3243,25.0,Female,PSPO115,Football,Sports,2,1615.61,3231.22,East
ORD11796,2022-08-16,CUST3211,36.0,Male,PELE728,Smartphone Case,Electronics,1,1575.08,1575.08,West
ORD11723,2022-08-16,CUST2761,42.0,Male,PBEA996,Face Serum,Beauty,1,659.37,659.37,South
ORD13885,2022-08-17,CUST3341,31.0,Male,PELE234,Bluetooth Speaker,Electronics,1,4188.43,4188.43,East
ORD12189,2022-08-17,CUST2022,22.0,Male,PHOM914,Blender,Home & Kitchen,2,2219.35,4438.7,North
ORD11261,2022-08-17,CUST3793,37.0,Female,PBEA846,Face Wash,Beauty,1,1411.2,1411.2,West
ORD15791,2022-08-17,CUST3770,47.0,Female,PAPP530,Running Shoes,Apparel,1,1102.61,1102.61,East
ORD11062,2022-08-17,CUST2131,36.0,Male,PAPP329,Cotton T-Shirt,Apparel,1,755.03,755.03,West
ORD14123,2022-08-17,CUST2828,26.0,Female,PHOM152,Cushion Set,Home & Kitchen,1,1600.52,1600.52,North
ORD12460,2022-08-17,CUST3227,47.0,Male,PAPP751,Cotton T-Shirt,Apparel,1,1427.44,1427.44,West
ORD10332,2022-08-18,CUST3664,18.0,Male,PELE555,Wireless Earbuds,Electronics,1,1754.53,1754.53,North
ORD13096,2022-08-18,CUST3646,35.0,Male,PHOM557,Table Lamp,Home & Kitchen,1,2403.36,2403.36,North
ORD13080,2022-08-18,CUST3142,21.0,Female,PAPP845,Denim Jeans,Apparel,1,2143.47,2143.47,South
ORD14641,2022-08-19,CUST2011,22.0,Female,PAPP594,Running Shoes,Apparel,1,900.95,900.95,North
ORD13290,2022-08-19,CUST3551,44.0,Female,PHOM219,Storage Rack,Home & Kitchen,1,469.44,469.44,East
ORD15999,2022-08-19,CUST3012,39.0,Female,PHOM279,Blender,Home & Kitchen,1,877.93,877.93,North
ORD14790,2022-08-19,CUST3033,27.0,Female,PBEA818,Face Serum,Beauty,2,1372.29,2744.58,South
ORD15252,2022-08-19,CUST2196,54.0,Female,PAPP254,Jacket,Apparel,1,949.49,949.49,South
ORD10694,2022-08-19,CUST2664,30.0,Male,PHOM351,Blender,Home & Kitchen,1,1526.36,1526.36,South
ORD15739,2022-08-19,CUST3542,37.0,Female,PAPP870,Hoodie,Apparel,1,1064.22,1064.22,South
ORD13302,2022-08-20,CUST2977,20.0,Female,PELE127,Bluetooth Speaker,Electronics,1,3938.32,3938.32,South
ORD10723,2022-08-20,CUST2910,36.0,Male,PAPP920,Running Shoes,Apparel,1,1538.35,1538.35,South
ORD13501,2022-08-20,CUST2213,36.0,Female,PHOM861,Non-stick Pan,Home & Kitchen,1,1220.48,1220.48,East
ORD10632,2022-08-20,CUST2074,37.0,Male,PHOM946,Cushion Set,Home & Kitchen,3,2246.52,6739.56,South
ORD11119,2022-08-20,CUST2258,29.0,Female,PAPP168,Hoodie,Apparel,1,1527.45,1527.45,South
ORD13448,2022-08-21,CUST2850,26.0,Male,PAPP733,Hoodie,Apparel,1,1402.92,1402.92,North
ORD11509,2022-08-21,CUST2609,24.0,Male,PBEA297,Lipstick,Beauty,1,710.57,710.57,North
ORD14634,2022-08-21,CUST3545,44.0,Female,PSPO918,Yoga Mat,Sports,1,1743.67,1743.67,South
ORD14848,2022-08-21,CUST2673,20.0,Female,PELE457,Smartwatch,Electronics,1,2474.74,2474.74,North
ORD12631,2022-08-21,CUST3367,30.0,Female,PAPP684,Hoodie,Apparel,1,1716.89,1716.89,West
ORD11054,2022-08-22,CUST2792,31.0,Female,PAPP982,Cotton T-Shirt,Apparel,2,680.72,1361.44,East
ORD13728,2022-08-22,CUST3185,42.0,Male,PELE523,Bluetooth Speaker,Electronics,1,2228.71,2228.71,South
ORD11566,2022-08-22,CUST3191,35.0,Male,PELE127,Wireless Earbuds,Electronics,1,1190.29,1190.29,North
ORD12188,2022-08-23,CUST3401,18.0,Male,PSPO594,Cycling Gloves,Sports,1,887.33,887.33,South
ORD15168,2022-08-23,CUST2783,28.0,Female,PAPP287,Jacket,Apparel,1,963.22,963.22,South
ORD13567,2022-08-23,CUST3340,17.0,Female,PAPP379,Jacket,Apparel,1,1433.43,1433.43,South
ORD15963,2022-08-23,CUST2962,39.0,Male,PELE820,Smartphone Case,Electronics,1,1060.42,1060.42,East
ORD12162,2022-08-24,CUST2755,46.0,Male,PAPP548,Jacket,Apparel,1,1871.94,1871.94,North
ORD15017,2022-08-24,CUST3634,20.0,Female,PSPO842,Cycling Gloves,Sports,3,265.39,796.17,North
ORD10867,2022-08-24,CUST3314,33.0,Female,PBEA553,Face Wash,Beauty,1,730.79,730.79,West
ORD12392,2022-08-24,CUST2130,27.0,Female,PSPO852,Yoga Mat,Sports,1,1765.38,1765.38,South
ORD12591,2022-08-25,CUST3142,18.0,Male,PSPO310,Football,Sports,1,584.08,584.08,West
ORD11933,2022-08-25,CUST3642,16.0,Female,PELE666,Smartwatch,Electronics,1,3316.63,3316.63,South
ORD12906,2022-08-25,CUST3249,44.0,Male,PBEA108,Face Wash,Beauty,1,1415.36,1415.36,West
ORD10491,2022-08-25,CUST2562,27.0,Male,PSPO928,Cricket Bat,Sports,1,850.87,850.87,South
ORD13390,2022-08-25,CUST2743,29.0,Male,PAPP357,Hoodie,Apparel,1,917.8,917.8,West
ORD12998,2022-08-25,CUST2917,34.0,Male,PBEA313,Lipstick,Beauty,1,343.92,343.92,North
ORD14436,2022-08-25,CUST2742,36.0,Female,PELE692,Power Bank,Electronics,1,1433.84,1433.84,East
ORD13883,2022-08-25,CUST2664,41.0,Female,PAPP456,Hoodie,Apparel,1,410.23,410.23,East
ORD12818,2022-08-26,CUST3647,38.0,Female,PBEA967,Perfume,Beauty,2,803.18,1606.36,South
ORD11632,2022-08-26,CUST2964,29.0,Male,PELE746,Power Bank,Electronics,1,1716.65,1716.65,South
ORD11258,2022-08-27,CUST3522,29.0,Male,PHOM433,Table Lamp,Home & Kitchen,1,1828.87,1828.87,North
ORD15918,2022-08-27,CUST2039,38.0,Female,PHOM870,Storage Rack,Home & Kitchen,2,375.42,750.84,East
ORD11495,2022-08-27,CUST2212,29.0,Male,PHOM989,Table Lamp,Home & Kitchen,2,1691.33,3382.66,North
ORD10919,2022-08-27,CUST2866,38.0,Female,PSPO901,Dumbbell Set,Sports,1,1970.3,1970.3,East
ORD12491,2022-08-27,CUST3324,39.0,Male,PSPO411,Football,Sports,1,684.92,684.92,North
ORD11852,2022-08-28,CUST2915,33.0,Female,PHOM665,Non-stick Pan,Home & Kitchen,1,1634.81,1634.81,North
ORD14012,2022-08-28,CUST3673,19.0,Male,PHOM696,Storage Rack,Home & Kitchen,2,2533.81,5067.62,East
ORD11050,2022-08-28,CUST2442,,Male,PAPP535,Hoodie,Apparel,1,1938.0,1938.0,North
ORD14733,2022-08-28,CUST3150,40.0,Female,PHOM699,Storage Rack,Home & Kitchen,1,2407.62,2407.62,South
ORD14955,2022-08-28,CUST2126,41.0,Male,PAPP501,Running Shoes,Apparel,1,714.48,714.48,North
ORD10999,2022-08-28,CUST3194,38.0,Female,PSPO773,Dumbbell Set,Sports,2,1913.25,3826.5,South
ORD14452,2022-08-28,CUST2714,25.0,Male,PAPP345,Denim Jeans,Apparel,1,1945.6,1945.6,North
ORD12187,2022-08-29,CUST2018,39.0,Male,PSPO123,Dumbbell Set,Sports,2,1856.51,3713.02,East
ORD12745,2022-08-30,CUST2862,47.0,Female,PHOM583,Blender,Home & Kitchen,1,799.12,799.12,East
ORD10911,2022-08-30,CUST2189,31.0,Male,PBEA253,Lipstick,Beauty,1,1370.54,1370.54,South
ORD11788,2022-08-30,CUST2649,,Female,PAPP731,Jacket,Apparel,1,1747.77,1747.77,North
ORD13546,2022-08-30,CUST3799,32.0,Female,PELE634,Power Bank,Electronics,2,1774.2,3548.4,West
ORD13946,2022-08-30,CUST2060,19.0,Male,PHOM592,Table Lamp,Home & Kitchen,1,1239.84,1239.84,East
ORD12566,2022-08-30,CUST3130,30.0,Female,PBEA342,Face Wash,Beauty,1,648.17,648.17,West
ORD15387,2022-08-30,CUST2554,37.0,Male,PELE574,Smartwatch,Electronics,2,3581.71,7163.42,South
ORD13960,2022-08-30,CUST3449,40.0,Female,PBEA353,Face Wash,Beauty,2,1153.97,2307.94,North
ORD14413,2022-08-30,CUST3061,25.0,Male,PELE115,Bluetooth Speaker,Electronics,1,3627.82,3627.82,North
ORD13840,2022-08-31,CUST3711,28.0,Female,PHOM936,Cushion Set,Home & Kitchen,1,2702.57,2702.57,East
ORD15713,2022-08-31,CUST2317,29.0,Male,PBEA782,Lipstick,Beauty,1,275.96,275.96,West
ORD15931,2022-08-31,CUST2494,20.0,Male,PELE629,Wireless Earbuds,Electronics,1,2507.74,2507.74,South
ORD13962,2022-08-31,CUST2955,30.0,Male,PELE706,Power Bank,Electronics,1,1614.0,1614.0,South
ORD13701,2022-08-31,CUST2605,33.0,Female,PBEA377,Face Wash,Beauty,1,1350.77,1350.77,West
ORD11830,2022-08-31,CUST3087,25.0,Female,PAPP136,Running Shoes,Apparel,1,1204.54,1204.54,South
ORD11010,2022-08-31,CUST2762,25.0,Female,PAPP453,Hoodie,Apparel,1,1694.6,1694.6,West
ORD11442,2022-09-01,CUST2765,44.0,Female,PELE968,Bluetooth Speaker,Electronics,1,1331.62,1331.62,East
ORD13247,2022-09-01,CUST2401,23.0,Female,PBEA402,Lipstick,Beauty,1,1051.69,1051.69,North
ORD15813,2022-09-01,CUST3539,46.0,Female,PSPO889,Cycling Gloves,Sports,1,1351.43,1351.43,North
ORD11148,2022-09-01,CUST2144,47.0,Female,PELE219,Wireless Earbuds,Electronics,1,1485.9,1485.9,East
ORD11380,2022-09-01,CUST2629,36.0,Male,PSPO699,Football,Sports,2,1947.12,3894.24,South
ORD14888,2022-09-01,CUST3037,29.0,Male,PAPP473,Jacket,Apparel,1,742.03,742.03,East
ORD10217,2022-09-02,CUST3385,38.0,Female,PBEA188,Shampoo,Beauty,1,551.04,551.04,East
ORD10036,2022-09-02,CUST2838,19.0,Male,PSPO843,Dumbbell Set,Sports,1,954.17,954.17,West
ORD14734,2022-09-02,CUST3154,30.0,Female,PBEA965,Face Wash,Beauty,1,188.2,188.2,North
ORD11551,2022-09-02,CUST3710,26.0,Male,PSPO266,Cycling Gloves,Sports,1,1420.84,1420.84,East
ORD13519,2022-09-02,CUST3336,19.0,Female,PELE976,Power Bank,Electronics,1,1559.73,1559.73,West
ORD13750,2022-09-02,CUST3404,39.0,Female,PAPP194,Running Shoes,Apparel,1,1761.53,1761.53,North
ORD14425,2022-09-04,CUST3447,47.0,Male,PELE685,Smartwatch,Electronics,1,2982.19,2982.19,East
ORD14758,2022-09-04,CUST2843,42.0,Female,PSPO236,Dumbbell Set,Sports,1,896.59,896.59,West
ORD11858,2022-09-04,CUST3780,36.0,Male,PSPO409,Dumbbell Set,Sports,2,1892.98,3785.96,South
ORD11088,2022-09-04,CUST2327,18.0,Female,PSPO921,Dumbbell Set,Sports,2,1829.61,3659.22,West
ORD15755,2022-09-04,CUST3600,27.0,Female,PELE893,Bluetooth Speaker,Electronics,2,3323.07,6646.14,East
ORD15773,2022-09-05,CUST2795,27.0,Female,PSPO730,Dumbbell Set,Sports,1,493.38,493.38,North
ORD11439,2022-09-06,CUST3794,31.0,Male,PELE819,Smartwatch,Electronics,1,4250.97,4250.97,West
ORD11336,2022-09-06,CUST3247,27.0,Male,PAPP392,Cotton T-Shirt,Apparel,1,663.14,663.14,North
ORD14227,2022-09-06,CUST2137,30.0,Male,PAPP270,Denim Jeans,Apparel,2,726.75,1453.5,South
ORD11344,2022-09-06,CUST3703,34.0,Male,PAPP647,Denim Jeans,Apparel,1,982.8,982.8,East
ORD14880,2022-09-07,CUST2791,46.0,Female,PBEA468,Perfume,Beauty,1,1232.8,1232.8,East
ORD11626,2022-09-07,CUST2396,34.0,Female,PHOM872,Non-stick Pan,Home & Kitchen,2,2170.88,4341.76,West
ORD15542,2022-09-07,CUST2061,38.0,Female,PELE678,Smartwatch,Electronics,1,1865.59,1865.59,North
ORD11038,2022-09-07,CUST3091,42.0,Female,PELE376,Smartphone Case,Electronics,1,2058.43,2058.43,South
ORD14746,2022-09-07,CUST2794,44.0,Female,PELE301,Smartwatch,Electronics,1,3124.23,3124.23,East
ORD14108,2022-09-08,CUST3055,21.0,Female,PAPP687,Jacket,Apparel,1,1068.79,1068.79,West
ORD14153,2022-09-08,CUST3563,24.0,Female,PAPP507,Running Shoes,Apparel,1,1433.07,1433.07,South
ORD11312,2022-09-08,CUST3279,44.0,Female,PAPP644,Denim Jeans,Apparel,1,1512.6,1512.6,North
ORD14305,2022-09-09,CUST3528,21.0,Male,PHOM264,Cushion Set,Home & Kitchen,1,1705.44,1705.44,East
ORD15046,2022-09-09,CUST3422,36.0,Male,PHOM133,Non-stick Pan,Home & Kitchen,1,1483.1,1483.1,South
ORD15377,2022-09-09,CUST3502,16.0,Male,PAPP917,Running Shoes,Apparel,1,448.42,448.42,West
ORD13955,2022-09-09,CUST2252,31.0,Female,PAPP424,Denim Jeans,Apparel,1,1232.1,1232.1,South
ORD11600,2022-09-09,CUST2500,40.0,Female,PELE610,Smartphone Case,Electronics,1,1107.99,1107.99,South
ORD14081,2022-09-09,CUST2840,41.0,Male,PBEA835,Shampoo,Beauty,1,230.0,230.0,East
ORD10270,2022-09-10,CUST2615,28.0,Female,PHOM389,Blender,Home & Kitchen,1,1534.24,1534.24,South
ORD15071,2022-09-10,CUST3502,33.0,Female,PAPP393,Running Shoes,Apparel,2,624.3,1248.6,South
ORD13391,2022-09-10,CUST3281,43.0,Male,PELE569,Smartwatch,Electronics,2,1890.33,3780.66,West
ORD13045,2022-09-10,CUST3648,31.0,Female,PAPP391,Running Shoes,Apparel,1,503.6,503.6,South
ORD13458,2022-09-11,CUST2115,33.0,Male,PAPP626,Cotton T-Shirt,Apparel,2,1242.18,2484.36,North
ORD13229,2022-09-11,CUST2734,20.0,Female,PSPO539,Yoga Mat,Sports,1,1183.52,1183.52,South
ORD10955,2022-09-11,CUST2086,32.0,Female,PAPP503,Hoodie,Apparel,2,834.96,1669.92,West
ORD15308,2022-09-12,CUST2712,24.0,Female,PAPP178,Denim Jeans,Apparel,1,1213.74,1213.74,East
ORD11867,2022-09-12,CUST2301,35.0,Female,PSPO810,Dumbbell Set,Sports,1,2058.52,2058.52,West
ORD13225,2022-09-12,CUST2550,30.0,Female,PHOM809,Blender,Home & Kitchen,2,2806.55,5613.1,North
ORD12800,2022-09-12,CUST3261,43.0,Male,PAPP628,Cotton T-Shirt,Apparel,2,1794.26,3588.52,South
ORD14266,2022-09-12,CUST2710,28.0,Male,PELE123,Wireless Earbuds,Electronics,1,1535.2,1535.2,North
ORD15230,2022-09-12,CUST2316,31.0,Male,PHOM691,Cushion Set,Home & Kitchen,1,670.95,670.95,South
ORD15725,2022-09-13,CUST3305,28.0,Male,PELE495,Smartphone Case,Electronics,1,1193.85,1193.85,North
ORD14760,2022-09-13,CUST2413,42.0,Female,PAPP144,Hoodie,Apparel,1,2084.79,2084.79,North
ORD14899,2022-09-13,CUST2269,34.0,Male,PAPP899,Cotton T-Shirt,Apparel,2,897.3,1794.6,South
ORD12512,2022-09-13,CUST3567,25.0,Male,PHOM627,Storage Rack,Home & Kitchen,2,2865.55,5731.1,West
ORD15505,2022-09-13,CUST2901,27.0,Male,PAPP206,Hoodie,Apparel,1,922.45,922.45,North
ORD14006,2022-09-14,CUST2951,22.0,Male,PELE904,Power Bank,Electronics,1,1223.55,1223.55,West
ORD12505,2022-09-14,CUST3184,19.0,Male,PHOM801,Cushion Set,Home & Kitchen,1,539.2,539.2,South
ORD12549,2022-09-15,CUST2075,34.0,Male,PELE365,Power Bank,Electronics,2,4473.94,8947.88,North
ORD13351,2022-09-15,CUST2703,16.0,Male,PELE342,Bluetooth Speaker,Electronics,2,2008.41,4016.82,North
ORD11067,2022-09-15,CUST3476,24.0,Female,PELE489,Smartwatch,Electronics,1,3900.14,3900.14,North
ORD13320,2022-09-15,CUST3528,28.0,Female,PHOM555,Cushion Set,Home & Kitchen,2,2870.97,5741.94,North
ORD13563,2022-09-15,CUST2929,22.0,Male,PELE776,Smartphone Case,Electronics,1,2290.06,2290.06,East
ORD10505,2022-09-16,CUST2830,43.0,Female,PBEA276,Shampoo,Beauty,2,1397.76,2795.52,East
ORD12829,2022-09-16,CUST3184,30.0,Male,PHOM595,Non-stick Pan,Home & Kitchen,1,1027.71,1027.71,South
ORD13086,2022-09-16,CUST2844,27.0,Male,PSPO690,Yoga Mat,Sports,1,267.8,267.8,South
ORD11740,2022-09-16,CUST3292,36.0,Female,PELE738,Power Bank,Electronics,1,3093.42,3093.42,East
ORD11646,2022-09-16,CUST2944,43.0,Female,PAPP774,Hoodie,Apparel,1,1036.77,1036.77,North
ORD14878,2022-09-16,CUST2169,27.0,Female,PHOM636,Non-stick Pan,Home & Kitchen,1,1400.62,1400.62,West
ORD12412,2022-09-16,CUST3281,33.0,Female,PBEA236,Face Wash,Beauty,1,254.02,254.02,West
ORD12484,2022-09-16,CUST3071,28.0,Male,PAPP453,Running Shoes,Apparel,1,573.18,573.18,East
ORD12376,2022-09-16,CUST2799,25.0,Female,PSPO772,Football,Sports,2,2454.43,4908.86,South
ORD10008,2022-09-17,CUST3636,24.0,Female,PBEA878,Perfume,Beauty,1,1166.52,1166.52,North
ORD13724,2022-09-17,CUST3740,39.0,Male,PBEA839,Lipstick,Beauty,2,1134.9,2269.8,North
ORD15032,2022-09-17,CUST3038,27.0,Male,PAPP739,Jacket,Apparel,1,972.42,972.42,West
ORD12418,2022-09-17,CUST3576,36.0,Female,PSPO707,Cricket Bat,Sports,1,467.66,467.66,North
ORD12476,2022-09-17,CUST2455,23.0,Female,PHOM902,Table Lamp,Home & Kitchen,2,1721.86,3443.72,East
ORD10056,2022-09-17,CUST2061,31.0,Female,PAPP154,Denim Jeans,Apparel,1,1759.33,1759.33,South
ORD13811,2022-09-18,CUST3439,47.0,Male,PHOM611,Non-stick Pan,Home & Kitchen,2,2888.81,5777.62,West
ORD10986,2022-09-18,CUST3040,29.0,Female,PELE753,Smartwatch,Electronics,1,2112.43,2112.43,West
ORD12196,2022-09-18,CUST3433,36.0,Male,PHOM197,Blender,Home & Kitchen,1,2980.94,2980.94,South
ORD10136,2022-09-18,CUST2843,24.0,Female,PBEA465,Lipstick,Beauty,1,1013.66,1013.66,North
ORD15544,2022-09-18,CUST2658,35.0,Male,PBEA553,Face Wash,Beauty,2,806.7,1613.4,South
ORD14451,2022-09-19,CUST2591,18.0,Male,PAPP334,Running Shoes,Apparel,2,1392.08,2784.16,West
ORD12727,2022-09-19,CUST2047,32.0,Male,PBEA254,Face Serum,Beauty,1,578.67,578.67,East
ORD14995,2022-09-20,CUST3341,36.0,Female,PAPP272,Hoodie,Apparel,1,1382.58,1382.58,East
ORD15192,2022-09-20,CUST2612,37.0,Male,PAPP488,Jacket,Apparel,1,632.05,632.05,East
ORD10800,2022-09-20,CUST2860,20.0,Female,PELE573,Power Bank,Electronics,1,1083.27,1083.27,South
ORD15770,2022-09-20,CUST3261,37.0,Female,PBEA671,Face Wash,Beauty,1,618.58,618.58,North
ORD10810,2022-09-20,CUST2561,26.0,Male,PAPP947,Hoodie,Apparel,1,865.67,865.67,North
ORD15711,2022-09-20,CUST2251,24.0,Female,PHOM871,Table Lamp,Home & Kitchen,2,1019.62,2039.24,East
ORD13857,2022-09-20,CUST3032,37.0,Female,PSPO353,Yoga Mat,Sports,1,549.67,549.67,East
ORD12094,2022-09-21,CUST2182,31.0,Male,PAPP977,Running Shoes,Apparel,1,408.03,408.03,North
ORD10594,2022-09-21,CUST3625,35.0,Female,PAPP708,Running Shoes,Apparel,2,2136.36,4272.72,East
ORD12871,2022-09-21,CUST3502,38.0,Female,PHOM485,Non-stick Pan,Home & Kitchen,1,1701.23,1701.23,North
ORD13253,2022-09-21,CUST2613,20.0,Male,PSPO750,Dumbbell Set,Sports,1,704.06,704.06,South
ORD11928,2022-09-21,CUST3586,38.0,Female,PELE577,Wireless Earbuds,Electronics,2,4268.06,8536.12,South
ORD11857,2022-09-21,CUST3711,36.0,Male,PHOM579,Cushion Set,Home & Kitchen,3,1181.92,3545.76,North
ORD15118,2022-09-22,CUST2076,37.0,Male,PELE115,Bluetooth Speaker,Electronics,2,4171.59,8343.18,South
ORD10880,2022-09-22,CUST3798,28.0,Female,PSPO911,Yoga Mat,Sports,1,2268.02,2268.02,South
ORD13386,2022-09-22,CUST2998,18.0,Female,PAPP162,Jacket,Apparel,1,1548.18,1548.18,West
ORD10685,2022-09-22,CUST2499,36.0,Female,PELE253,Smartwatch,Electronics,1,2337.48,2337.48,East
ORD12913,2022-09-22,CUST2447,41.0,Female,PHOM806,Blender,Home & Kitchen,2,2427.51,4855.02,North
ORD13907,2022-09-22,CUST2493,42.0,Female,PBEA551,Shampoo,Beauty,1,858.53,858.53,East
ORD14853,2022-09-22,CUST3790,33.0,Male,PAPP101,Denim Jeans,Apparel,3,423.75,1271.25,South
ORD15506,2022-09-23,CUST3236,33.0,Male,PAPP472,Denim Jeans,Apparel,2,1849.69,3699.38,South
ORD13102,2022-09-23,CUST3288,33.0,Male,PELE436,Smartwatch,Electronics,1,2627.82,2627.82,West
ORD12768,2022-09-23,CUST2308,18.0,Male,PHOM253,Non-stick Pan,Home & Kitchen,1,2112.19,2112.19,East
ORD14684,2022-09-23,CUST2483,28.0,Male,PAPP806,Denim Jeans,Apparel,1,1303.61,1303.61,South
ORD12090,2022-09-23,CUST3289,27.0,Male,PAPP286,Running Shoes,Apparel,1,1645.89,1645.89,East
ORD15816,2022-09-23,CUST3596,30.0,Male,PHOM530,Cushion Set,Home & Kitchen,1,2779.87,2779.87,West
ORD10276,2022-09-24,CUST3282,38.0,Female,PELE133,Power Bank,Electronics,1,2338.97,2338.97,West
ORD10427,2022-09-24,CUST2312,18.0,Male,PAPP267,Jacket,Apparel,2,1829.94,3659.88,East
ORD10848,2022-09-24,CUST2656,40.0,Female,PELE691,Wireless Earbuds,Electronics,1,2994.52,2994.52,South
ORD12038,2022-09-24,CUST2041,16.0,Male,PAPP675,Cotton T-Shirt,Apparel,1,410.75,410.75,North
ORD15651,2022-09-24,CUST2851,23.0,Female,PELE434,Smartphone Case,Electronics,1,1651.03,1651.03,North
ORD10197,2022-09-24,CUST2999,32.0,Male,PELE624,Smartphone Case,Electronics,2,4373.04,8746.08,South
ORD15307,2022-09-25,CUST2078,28.0,Female,PAPP654,Cotton T-Shirt,Apparel,1,1643.11,1643.11,North
ORD11809,2022-09-25,CUST2052,29.0,Female,PSPO186,Yoga Mat,Sports,2,2245.38,4490.76,North
ORD12429,2022-09-25,CUST3276,31.0,Male,PELE985,Wireless Earbuds,Electronics,1,2319.26,2319.26,South
ORD15665,2022-09-25,CUST2980,25.0,Female,PSPO844,Yoga Mat,Sports,1,2368.72,2368.72,South
ORD13528,2022-09-25,CUST2482,31.0,Male,PELE997,Bluetooth Speaker,Electronics,2,4497.74,8995.48,West
ORD14249,2022-09-25,CUST3446,36.0,Female,PELE235,Smartwatch,Electronics,1,3484.47,3484.47,West
ORD13534,2022-09-26,CUST3528,42.0,Female,PELE368,Wireless Earbuds,Electronics,1,2593.09,2593.09,South
ORD10517,2022-09-26,CUST2016,32.0,Female,PHOM128,Blender,Home & Kitchen,1,2121.49,2121.49,East
ORD12614,2022-09-27,CUST2655,25.0,Female,PAPP396,Cotton T-Shirt,Apparel,2,1114.75,2229.5,South
ORD10830,2022-09-27,CUST2242,16.0,Male,PAPP947,Cotton T-Shirt,Apparel,1,1463.64,1463.64,North
ORD10905,2022-09-28,CUST3386,27.0,Male,PSPO951,Yoga Mat,Sports,2,1078.95,2157.9,East
ORD12382,2022-09-28,CUST3203,24.0,Male,PHOM680,Blender,Home & Kitchen,1,2399.18,2399.18,North
ORD13941,2022-09-28,CUST2931,36.0,Female,PBEA887,Lipstick,Beauty,1,945.08,945.08,North
ORD14360,2022-09-28,CUST2376,23.0,Male,PBEA608,Face Wash,Beauty,1,198.52,198.52,North
ORD14361,2022-09-29,CUST2603,24.0,Male,PAPP343,Jacket,Apparel,1,565.45,565.45,West
ORD12360,2022-09-29,CUST3187,47.0,Female,PBEA748,Face Serum,Beauty,1,527.54,527.54,South
ORD12051,2022-09-29,CUST2612,31.0,Female,PBEA412,Face Serum,Beauty,1,554.84,554.84,West
ORD11586,2022-09-29,CUST3015,16.0,Female,PAPP974,Denim Jeans,Apparel,1,1466.7,1466.7,West
ORD15339,2022-09-29,CUST3320,32.0,Male,PAPP650,Running Shoes,Apparel,2,1963.37,3926.74,West
ORD15836,2022-09-29,CUST2643,28.0,Male,PELE631,Power Bank,Electronics,1,4343.94,4343.94,South
ORD12246,2022-09-29,CUST2794,36.0,Male,PHOM831,Cushion Set,Home & Kitchen,1,1971.08,1971.08,South
ORD11727,2022-09-30,CUST2026,29.0,Female,PHOM619,Table Lamp,Home & Kitchen,1,2619.8,2619.8,West
ORD14072,2022-09-30,CUST2276,40.0,Female,PAPP789,Jacket,Apparel,1,831.5,831.5,North
ORD12311,2022-09-30,CUST3253,37.0,Male,PAPP589,Denim Jeans,Apparel,1,1010.4,1010.4,East
ORD12992,2022-09-30,CUST2351,31.0,Female,PAPP880,Jacket,Apparel,2,1011.03,2022.06,West
ORD12613,2022-09-30,CUST3660,36.0,Male,PBEA271,Face Wash,Beauty,2,1227.79,2455.58,West
ORD10684,2022-09-30,CUST2887,23.0,Male,PAPP654,Hoodie,Apparel,1,610.63,610.63,West
ORD13081,2022-09-30,CUST2290,45.0,Female,PELE196,Bluetooth Speaker,Electronics,1,3576.12,3576.12,West
ORD10589,2022-10-01,CUST3165,39.0,Female,PELE411,Bluetooth Speaker,Electronics,2,1718.73,3437.46,South
ORD14390,2022-10-01,CUST3664,44.0,Female,PSPO910,Cycling Gloves,Sports,1,1029.6,1029.6,East
ORD11191,2022-10-01,CUST3670,30.0,Male,PELE679,Bluetooth Speaker,Electronics,2,1541.91,3083.82,East
ORD10739,2022-10-01,CUST2479,16.0,Female,PELE712,Smartwatch,Electronics,2,1784.6,3569.2,East
ORD14097,2022-10-01,CUST3791,26.0,Female,PELE755,Smartwatch,Electronics,1,2501.19,2501.19,North
ORD11822,2022-10-01,CUST2725,43.0,Female,PELE340,Bluetooth Speaker,Electronics,1,1426.57,1426.57,North
ORD13848,2022-10-01,CUST2166,37.0,Male,PAPP155,Denim Jeans,Apparel,1,1122.18,1122.18,East
ORD10342,2022-10-01,CUST2492,38.0,Female,PELE535,Smartwatch,Electronics,1,1567.24,1567.24,West
ORD12213,2022-10-01,CUST3248,42.0,Female,PBEA172,Face Wash,Beauty,1,666.58,666.58,South
ORD15672,2022-10-01,CUST2838,39.0,Female,PHOM680,Non-stick Pan,Home & Kitchen,2,2242.67,4485.34,North
ORD13356,2022-10-01,CUST3586,29.0,Male,PSPO529,Yoga Mat,Sports,2,425.89,851.78,North
ORD14757,2022-10-01,CUST2008,27.0,Female,PAPP823,Cotton T-Shirt,Apparel,1,1257.29,1257.29,South
ORD13819,2022-10-01,CUST2968,24.0,Female,PELE467,Power Bank,Electronics,1,2819.59,2819.59,West
ORD15644,2022-10-01,CUST2069,27.0,Male,PELE105,Smartwatch,Electronics,1,2750.09,2750.09,North
ORD12891,2022-10-01,CUST2968,36.0,Female,PELE644,Smartwatch,Electronics,1,1259.76,1259.76,North
ORD12624,2022-10-01,CUST3442,22.0,Female,PBEA739,Face Serum,Beauty,1,1384.41,1384.41,South
ORD15113,2022-10-01,CUST3110,34.0,Male,PHOM285,Blender,Home & Kitchen,1,648.55,648.55,North
ORD11408,2022-10-01,CUST3775,20.0,Male,PBEA473,Lipstick,Beauty,1,1208.29,1208.29,East
ORD13358,2022-10-02,CUST3532,41.0,Female,PBEA415,Lipstick,Beauty,1,1147.03,1147.03,East
ORD10287,2022-10-02,CUST3576,31.0,Female,PHOM528,Cushion Set,Home & Kitchen,1,2482.33,2482.33,South
ORD11755,2022-10-02,CUST3536,36.0,Female,PAPP617,Jacket,Apparel,1,1068.73,1068.73,South
ORD14653,2022-10-02,CUST2762,21.0,Male,PELE681,Smartwatch,Electronics,2,3683.17,7366.34,South
ORD11228,2022-10-02,CUST2885,29.0,Male,PAPP381,Cotton T-Shirt,Apparel,2,1291.89,2583.78,North
ORD15952,2022-10-02,CUST2356,27.0,Female,PHOM659,Cushion Set,Home & Kitchen,1,352.65,352.65,North
ORD15962,2022-10-02,CUST2605,34.0,Female,PELE852,Smartwatch,Electronics,2,3702.27,7404.54,East
ORD12328,2022-10-02,CUST3425,38.0,Male,PBEA194,Face Serum,Beauty,2,1323.78,2647.56,North
ORD15100,2022-10-02,CUST2242,32.0,Male,PELE815,Smartphone Case,Electronics,1,1008.71,1008.71,South
ORD10175,2022-10-02,CUST2234,46.0,Male,PAPP837,Running Shoes,Apparel,1,932.23,932.23,West
ORD11778,2022-10-02,CUST3004,40.0,Female,PBEA306,Face Serum,Beauty,1,541.74,541.74,North
ORD14576,2022-10-02,CUST2698,37.0,Male,PELE524,Wireless Earbuds,Electronics,2,2135.7,4271.4,North
ORD11163,2022-10-02,CUST3152,28.0,Female,PHOM863,Cushion Set,Home & Kitchen,1,2629.35,2629.35,South
ORD12853,2022-10-02,CUST2633,32.0,Female,PAPP194,Denim Jeans,Apparel,2,1825.5,3651.0,East
ORD13559,2022-10-02,CUST3042,36.0,Female,PELE820,Wireless Earbuds,Electronics,2,2198.16,4396.32,East
ORD12837,2022-10-02,CUST2240,40.0,Male,PHOM879,Table Lamp,Home & Kitchen,2,1948.53,3897.06,West
ORD11308,2022-10-02,CUST3490,18.0,Male,PELE696,Smartwatch,Electronics,2,895.88,1791.76,West
ORD12872,2022-10-02,CUST2499,38.0,Male,PHOM128,Blender,Home & Kitchen,1,1010.64,1010.64,South
ORD11615,2022-10-02,CUST2410,45.0,Male,PAPP878,Denim Jeans,Apparel,2,1543.25,3086.5,East
ORD14257,2022-10-02,CUST2499,28.0,Female,PHOM205,Non-stick Pan,Home & Kitchen,1,2096.1,2096.1,North
ORD11642,2022-10-02,CUST2074,22.0,Male,PHOM420,Storage Rack,Home & Kitchen,2,2481.84,4963.68,East
ORD12100,2022-10-02,CUST3719,50.0,Female,PBEA507,Face Serum,Beauty,2,1244.29,2488.58,South
ORD12905,2022-10-02,CUST2186,29.0,Male,PSPO781,Dumbbell Set,Sports,1,1698.49,1698.49,South
ORD14086,2022-10-02,CUST2002,22.0,Male,PAPP369,Jacket,Apparel,1,1286.61,1286.61,South
ORD15084,2022-10-03,CUST2446,32.0,Male,PAPP562,Denim Jeans,Apparel,1,1166.42,1166.42,North
ORD10562,2022-10-03,CUST2551,36.0,Female,PSPO802,Cricket Bat,Sports,1,356.41,356.41,West
ORD12684,2022-10-03,CUST3464,31.0,Female,PELE755,Power Bank,Electronics,1,2294.57,2294.57,North
ORD13035,2022-10-03,CUST2674,26.0,Female,PSPO603,Yoga Mat,Sports,2,1625.13,3250.26,East
ORD11223,2022-10-03,CUST2533,38.0,Female,PSPO753,Cricket Bat,Sports,1,1267.23,1267.23,East
ORD15501,2022-10-03,CUST2521,28.0,Female,PELE577,Smartwatch,Electronics,1,1644.06,1644.06,South
ORD14010,2022-10-03,CUST2330,17.0,Female,PAPP556,Cotton T-Shirt,Apparel,1,936.77,936.77,South
ORD13723,2022-10-03,CUST3294,31.0,Female,PHOM643,Cushion Set,Home & Kitchen,1,2207.89,2207.89,North
ORD14442,2022-10-03,CUST2674,16.0,Female,PHOM767,Table Lamp,Home & Kitchen,2,2360.13,4720.26,North
ORD15235,2022-10-03,CUST3124,29.0,Female,PSPO571,Football,Sports,1,2093.09,2093.09,North
ORD15982,2022-10-03,CUST2752,29.0,Male,PELE330,Wireless Earbuds,Electronics,2,2895.39,5790.78,East
ORD15571,2022-10-03,CUST2299,24.0,Male,PELE176,Bluetooth Speaker,Electronics,3,3190.25,9570.75,East
ORD14600,2022-10-03,CUST3716,30.0,Female,PELE904,Smartwatch,Electronics,1,2978.45,2978.45,North
ORD10348,2022-10-03,CUST2583,32.0,Male,PELE945,Bluetooth Speaker,Electronics,2,4442.18,8884.36,West
ORD10407,2022-10-03,CUST3172,33.0,Male,PBEA254,Face Wash,Beauty,2,1259.6,2519.2,North
ORD12278,2022-10-03,CUST3010,37.0,Male,PHOM565,Cushion Set,Home & Kitchen,2,2499.99,4999.98,North
ORD10368,2022-10-04,CUST3637,23.0,Male,PHOM924,Non-stick Pan,Home & Kitchen,1,2090.07,2090.07,East
ORD11427,2022-10-04,CUST2744,42.0,Female,PHOM202,Non-stick Pan,Home & Kitchen,1,1046.33,1046.33,South
ORD11225,2022-10-04,CUST2344,33.0,Male,PBEA218,Lipstick,Beauty,1,1425.74,1425.74,North
ORD12653,2022-10-04,CUST3710,43.0,Female,PAPP831,Cotton T-Shirt,Apparel,2,483.32,966.64,South
ORD10035,2022-10-04,CUST2506,16.0,Female,PELE899,Bluetooth Speaker,Electronics,1,1882.78,1882.78,West
ORD14245,2022-10-04,CUST3085,27.0,Female,PAPP938,Cotton T-Shirt,Apparel,1,764.46,764.46,East
ORD10065,2022-10-04,CUST2180,34.0,Female,PHOM122,Blender,Home & Kitchen,2,1205.72,2411.44,East
ORD11987,2022-10-04,CUST2936,53.0,Female,PELE190,Smartwatch,Electronics,1,1558.98,1558.98,North
ORD11951,2022-10-04,CUST3117,33.0,Female,PELE232,Bluetooth Speaker,Electronics,2,1317.24,2634.48,South
ORD14894,2022-10-04,CUST3483,27.0,Female,PHOM288,Non-stick Pan,Home & Kitchen,1,729.42,729.42,East
ORD13059,2022-10-04,CUST3487,37.0,Male,PBEA943,Face Serum,Beauty,2,1384.92,2769.84,West
ORD15331,2022-10-04,CUST3739,32.0,Male,PAPP382,Hoodie,Apparel,2,1652.99,3305.98,West
ORD12994,2022-10-04,CUST3752,27.0,Male,PELE629,Power Bank,Electronics,1,3241.1,3241.1,East
ORD14933,2022-10-04,CUST3583,28.0,Female,PHOM796,Blender,Home & Kitchen,1,1798.35,1798.35,North
ORD13377,2022-10-04,CUST2018,24.0,Female,PSPO639,Cricket Bat,Sports,1,918.77,918.77,South
ORD14427,2022-10-05,CUST3234,22.0,Female,PELE825,Wireless Earbuds,Electronics,1,902.67,902.67,West
ORD14105,2022-10-05,CUST3268,34.0,Male,PELE388,Bluetooth Speaker,Electronics,2,1786.92,3573.84,North
ORD10133,2022-10-05,CUST3597,41.0,Female,PSPO556,Cricket Bat,Sports,2,1036.61,2073.22,West
ORD12113,2022-10-05,CUST3622,31.0,Male,PAPP662,Hoodie,Apparel,1,2090.1,2090.1,East
ORD11702,2022-10-05,CUST3622,30.0,Male,PELE158,Smartwatch,Electronics,1,4340.74,4340.74,South
ORD11639,2022-10-05,CUST2609,51.0,Male,PELE210,Power Bank,Electronics,1,2362.7,2362.7,North
ORD14925,2022-10-05,CUST2817,37.0,Male,PELE786,Smartphone Case,Electronics,2,2413.43,4826.86,West
ORD15057,2022-10-05,CUST2892,32.0,Male,PELE754,Smartwatch,Electronics,1,2482.85,2482.85,East
ORD12921,2022-10-05,CUST2367,27.0,Male,PSPO829,Cricket Bat,Sports,1,666.19,666.19,West
ORD13306,2022-10-05,CUST3229,36.0,Male,PHOM131,Blender,Home & Kitchen,2,1507.29,3014.58,East
ORD15750,2022-10-05,CUST2581,29.0,Female,PHOM291,Storage Rack,Home & Kitchen,1,2937.19,2937.19,East
ORD14793,2022-10-05,CUST2898,39.0,Female,PBEA267,Shampoo,Beauty,1,568.43,568.43,North
ORD11644,2022-10-05,CUST3081,33.0,Female,PSPO636,Dumbbell Set,Sports,1,1743.89,1743.89,South
ORD12945,2022-10-05,CUST2214,31.0,Male,PHOM500,Storage Rack,Home & Kitchen,1,2738.96,2738.96,North
ORD13504,2022-10-05,CUST2738,27.0,Female,PELE342,Power Bank,Electronics,1,3233.95,3233.95,South
ORD10731,2022-10-05,CUST3251,21.0,Female,PELE454,Power Bank,Electronics,1,3287.44,3287.44,East
ORD14384,2022-10-05,CUST3216,33.0,Male,PAPP220,Hoodie,Apparel,1,1024.06,1024.06,West
ORD15838,2022-10-05,CUST3227,30.0,Male,PAPP814,Jacket,Apparel,1,1039.09,1039.09,East
ORD12675,2022-10-05,CUST3435,31.0,Female,PAPP730,Running Shoes,Apparel,1,1534.23,1534.23,East
ORD15570,2022-10-05,CUST2000,40.0,Female,PAPP392,Cotton T-Shirt,Apparel,1,1153.35,1153.35,West
ORD10518,2022-10-06,CUST2210,43.0,Female,PHOM662,Storage Rack,Home & Kitchen,1,479.19,479.19,North
ORD14800,2022-10-06,CUST2419,20.0,Female,PAPP735,Cotton T-Shirt,Apparel,2,1183.03,2366.06,South
ORD11592,2022-10-06,CUST3137,19.0,Male,PHOM429,Table Lamp,Home & Kitchen,1,1183.72,1183.72,East
ORD15870,2022-10-06,CUST3585,31.0,Female,PHOM757,Blender,Home & Kitchen,1,2836.95,2836.95,West
ORD11321,2022-10-06,CUST3335,59.0,Female,PBEA672,Lipstick,Beauty,1,1344.13,1344.13,South
ORD10597,2022-10-06,CUST3433,22.0,Male,PAPP296,Hoodie,Apparel,1,619.35,619.35,North
ORD11560,2022-10-06,CUST3627,41.0,Female,PSPO479,Football,Sports,2,2179.27,4358.54,West
ORD12714,2022-10-06,CUST3416,30.0,Female,PBEA639,Face Serum,Beauty,2,417.44,834.88,South
ORD14239,2022-10-06,CUST3038,34.0,Female,PBEA989,Shampoo,Beauty,1,1134.81,1134.81,North
ORD12266,2022-10-06,CUST2600,41.0,Female,PELE568,Smartwatch,Electronics,1,3362.6,3362.6,West
ORD15820,2022-10-06,CUST3173,37.0,Male,PSPO802,Cycling Gloves,Sports,1,2091.44,2091.44,East
ORD11516,2022-10-06,CUST2596,24.0,Female,PAPP763,Running Shoes,Apparel,1,2124.6,2124.6,West
ORD12689,2022-10-06,CUST2413,24.0,Male,PHOM330,Blender,Home & Kitchen,1,420.68,420.68,West
ORD13141,2022-10-06,CUST2493,42.0,Female,PBEA988,Face Serum,Beauty,1,667.99,667.99,East
ORD11373,2022-10-06,CUST2073,17.0,Male,PAPP254,Running Shoes,Apparel,1,913.39,913.39,West
ORD11535,2022-10-06,CUST2702,47.0,Male,PAPP380,Denim Jeans,Apparel,1,1475.4,1475.4,South
ORD15515,2022-10-06,CUST2248,42.0,Female,PAPP752,Running Shoes,Apparel,1,1360.46,1360.46,North
ORD14822,2022-10-06,CUST3758,27.0,Male,PHOM485,Blender,Home & Kitchen,1,1899.54,1899.54,North
ORD12580,2022-10-07,CUST2923,31.0,Female,PHOM390,Blender,Home & Kitchen,1,1674.72,1674.72,South
ORD12605,2022-10-07,CUST3210,34.0,Female,PBEA567,Perfume,Beauty,1,572.97,572.97,North
ORD11383,2022-10-07,CUST3614,17.0,Female,PAPP971,Denim Jeans,Apparel,1,871.92,871.92,South
ORD10576,2022-10-07,CUST3070,32.0,Male,PAPP778,Denim Jeans,Apparel,1,1090.86,1090.86,North
ORD11504,2022-10-07,CUST2909,40.0,Female,PELE841,Power Bank,Electronics,2,2445.29,4890.58,South
ORD10188,2022-10-07,CUST3055,24.0,Male,PAPP221,Cotton T-Shirt,Apparel,1,1938.56,1938.56,East
ORD14050,2022-10-07,CUST3451,30.0,Male,PELE591,Power Bank,Electronics,1,3659.01,3659.01,North
ORD12647,2022-10-07,CUST2778,33.0,Male,PHOM429,Non-stick Pan,Home & Kitchen,2,2678.68,5357.36,West
ORD12313,2022-10-07,CUST3122,24.0,Male,PHOM192,Cushion Set,Home & Kitchen,1,1800.47,1800.47,South
ORD15107,2022-10-07,CUST3706,42.0,Female,PHOM403,Cushion Set,Home & Kitchen,1,2234.83,2234.83,North
ORD10842,2022-10-07,CUST2374,31.0,Male,PELE824,Power Bank,Electronics,2,3704.56,7409.12,West
ORD10987,2022-10-07,CUST2899,29.0,Female,PSPO997,Cycling Gloves,Sports,2,1186.25,2372.5,South
ORD12722,2022-10-07,CUST2126,27.0,Female,PELE609,Smartphone Case,Electronics,1,2265.97,2265.97,East
ORD10631,2022-10-07,CUST2669,34.0,Female,PHOM183,Non-stick Pan,Home & Kitchen,2,2838.83,5677.66,South
ORD14468,2022-10-07,CUST2119,25.0,Female,PBEA631,Face Wash,Beauty,3,1091.86,3275.58,West
ORD14613,2022-10-07,CUST2614,34.0,Male,PBEA784,Perfume,Beauty,1,237.84,237.84,West
ORD10064,2022-10-07,CUST2758,31.0,Male,PAPP125,Jacket,Apparel,2,1675.21,3350.42,South
ORD11517,2022-10-07,CUST2711,26.0,Female,PSPO634,Yoga Mat,Sports,1,2272.84,2272.84,North
ORD15401,2022-10-07,CUST3090,22.0,Female,PELE829,Smartphone Case,Electronics,1,824.07,824.07,East
ORD10330,2022-10-07,CUST3709,30.0,Male,PELE290,Smartwatch,Electronics,1,1662.52,1662.52,West
ORD11244,2022-10-07,CUST2670,23.0,Male,PHOM206,Blender,Home & Kitchen,2,961.83,1923.66,North
ORD11757,2022-10-07,CUST2623,35.0,Male,PSPO540,Dumbbell Set,Sports,1,908.98,908.98,West
ORD15700,2022-10-08,CUST3591,43.0,Male,PSPO175,Dumbbell Set,Sports,1,260.33,260.33,South
ORD11845,2022-10-08,CUST3049,24.0,Female,PSPO417,Cricket Bat,Sports,1,1022.42,1022.42,South
ORD12475,2022-10-08,CUST3339,25.0,Male,PBEA902,Face Serum,Beauty,1,420.26,420.26,North
ORD12572,2022-10-08,CUST2326,32.0,Male,PBEA500,Lipstick,Beauty,1,1356.63,1356.63,North
ORD12731,2022-10-08,CUST3313,32.0,Male,PHOM626,Non-stick Pan,Home & Kitchen,3,538.12,1614.36,South
ORD11816,2022-10-08,CUST3175,50.0,Female,PAPP902,Denim Jeans,Apparel,1,1754.65,1754.65,West
ORD15333,2022-10-08,CUST2045,20.0,Female,PELE576,Bluetooth Speaker,Electronics,1,1662.13,1662.13,East
ORD12148,2022-10-08,CUST2026,36.0,Male,PELE377,Smartphone Case,Electronics,1,3985.5,3985.5,West
ORD10225,2022-10-08,CUST3211,29.0,Female,PHOM735,Non-stick Pan,Home & Kitchen,1,1774.33,1774.33,West
ORD11177,2022-10-08,CUST2118,34.0,Male,PSPO662,Dumbbell Set,Sports,1,2190.27,2190.27,East
ORD15512,2022-10-08,CUST3351,31.0,Female,PSPO908,Football,Sports,1,1103.4,1103.4,West
ORD11548,2022-10-08,CUST3408,23.0,Male,PELE710,Wireless Earbuds,Electronics,1,1496.68,1496.68,South
ORD12318,2022-10-08,CUST3661,19.0,Male,PAPP865,Cotton T-Shirt,Apparel,2,618.24,1236.48,East
ORD13727,2022-10-08,CUST2700,32.0,Female,PELE533,Wireless Earbuds,Electronics,1,4451.68,4451.68,South
ORD10618,2022-10-08,CUST2382,26.0,Male,PELE849,Smartwatch,Electronics,1,3131.03,3131.03,South
ORD15061,2022-10-09,CUST2315,51.0,Male,PAPP152,Denim Jeans,Apparel,1,1245.02,1245.02,West
ORD11793,2022-10-09,CUST2176,26.0,Female,PELE622,Power Bank,Electronics,2,1202.59,2405.18,North
ORD14180,2022-10-09,CUST3483,36.0,Male,PHOM737,Non-stick Pan,Home & Kitchen,2,1700.78,3401.56,West
ORD13180,2022-10-09,CUST2895,26.0,Male,PELE658,Smartphone Case,Electronics,1,2495.29,2495.29,West
ORD11049,2022-10-09,CUST2032,33.0,Male,PAPP530,Running Shoes,Apparel,2,2092.8,4185.6,East
ORD15595,2022-10-09,CUST3613,37.0,Male,PHOM793,Storage Rack,Home & Kitchen,1,489.99,489.99,South
ORD14936,2022-10-09,CUST2805,16.0,Female,PAPP712,Running Shoes,Apparel,1,1337.49,1337.49,North
ORD14749,2022-10-09,CUST3489,35.0,Male,PBEA421,Shampoo,Beauty,1,1415.79,1415.79,North
ORD15410,2022-10-09,CUST3586,26.0,Female,PBEA776,Lipstick,Beauty,2,723.27,1446.54,North
ORD15016,2022-10-09,CUST3527,43.0,Female,PAPP293,Running Shoes,Apparel,1,1486.1,1486.1,North
ORD10433,2022-10-09,CUST2937,31.0,Female,PAPP834,Running Shoes,Apparel,1,1800.76,1800.76,West
ORD15903,2022-10-09,CUST3300,16.0,Female,PHOM855,Non-stick Pan,Home & Kitchen,1,2270.8,2270.8,North
ORD12550,2022-10-09,CUST2348,47.0,Female,PBEA155,Perfume,Beauty,1,1233.19,1233.19,North
ORD11863,2022-10-09,CUST2557,43.0,Female,PSPO727,Cricket Bat,Sports,1,938.15,938.15,West
ORD11841,2022-10-09,CUST2153,36.0,Male,PELE783,Bluetooth Speaker,Electronics,1,2073.87,2073.87,North
ORD14824,2022-10-09,CUST3482,47.0,Male,PHOM715,Non-stick Pan,Home & Kitchen,1,628.03,628.03,West
ORD14209,2022-10-09,CUST2881,31.0,Male,PHOM812,Non-stick Pan,Home & Kitchen,2,985.9,1971.8,North
ORD13227,2022-10-09,CUST3660,41.0,Female,PHOM504,Storage Rack,Home & Kitchen,1,567.49,567.49,North
ORD12209,2022-10-09,CUST2473,18.0,Female,PELE377,Smartwatch,Electronics,1,3602.32,3602.32,North
ORD12469,2022-10-09,CUST3617,28.0,Female,PELE396,Bluetooth Speaker,Electronics,1,1543.47,1543.47,North
ORD11579,2022-10-10,CUST3474,35.0,Male,PHOM583,Table Lamp,Home & Kitchen,1,1740.59,1740.59,East
ORD14580,2022-10-10,CUST2927,43.0,Female,PELE735,Smartphone Case,Electronics,1,3297.15,3297.15,West
ORD13271,2022-10-10,CUST2001,27.0,Male,PAPP611,Jacket,Apparel,1,1811.81,1811.81,South
ORD12241,2022-10-10,CUST3075,49.0,Female,PAPP913,Cotton T-Shirt,Apparel,1,1386.63,1386.63,East
ORD10106,2022-10-10,CUST2904,21.0,Male,PELE413,Smartphone Case,Electronics,1,4277.14,4277.14,North
ORD11132,2022-10-10,CUST2132,16.0,Female,PHOM157,Cushion Set,Home & Kitchen,1,2516.06,2516.06,South
ORD14431,2022-10-10,CUST2306,41.0,Male,PAPP641,Denim Jeans,Apparel,2,412.31,824.62,North
ORD15143,2022-10-10,CUST3235,34.0,Female,PELE476,Smartphone Case,Electronics,1,3295.31,3295.31,South
ORD14804,2022-10-10,CUST2262,29.0,Male,PAPP616,Cotton T-Shirt,Apparel,1,461.59,461.59,North
ORD15031,2022-10-10,CUST2348,25.0,Male,PSPO340,Dumbbell Set,Sports,2,1609.88,3219.76,South
ORD12013,2022-10-10,CUST3088,17.0,Female,PELE748,Bluetooth Speaker,Electronics,2,2403.28,4806.56,West
ORD12734,2022-10-10,CUST2214,36.0,Female,PELE761,Smartphone Case,Electronics,1,3755.56,3755.56,North
ORD15721,2022-10-10,CUST2699,43.0,Female,PAPP256,Running Shoes,Apparel,1,2148.64,2148.64,North
ORD10100,2022-10-10,CUST3665,25.0,Female,PSPO362,Football,Sports,1,1223.6,1223.6,North
ORD15336,2022-10-10,CUST2829,24.0,Female,PELE175,Smartphone Case,Electronics,1,1499.63,1499.63,West
ORD15371,2022-10-11,CUST3087,19.0,Female,PAPP192,Running Shoes,Apparel,1,2115.42,2115.42,East
ORD14129,2022-10-11,CUST2438,31.0,Male,PBEA421,Face Serum,Beauty,1,1103.91,1103.91,East
ORD10296,2022-10-11,CUST2432,25.0,Female,PELE301,Power Bank,Electronics,1,3994.03,3994.03,East
ORD15875,2022-10-11,CUST3610,26.0,Female,PHOM939,Blender,Home & Kitchen,1,431.62,431.62,West
ORD15081,2022-10-11,CUST3404,22.0,Male,PELE529,Wireless Earbuds,Electronics,1,1301.51,1301.51,West
ORD13815,2022-10-11,CUST3426,30.0,Male,PSPO187,Dumbbell Set,Sports,1,1815.12,1815.12,South
ORD10004,2022-10-11,CUST3487,21.0,Male,PAPP186,Jacket,Apparel,1,1461.99,1461.99,South
ORD13218,2022-10-11,CUST3279,26.0,Male,PAPP167,Running Shoes,Apparel,1,1512.79,1512.79,South
ORD13807,2022-10-11,CUST3758,37.0,Female,PHOM973,Cushion Set,Home & Kitchen,1,2422.09,2422.09,North
ORD15675,2022-10-11,CUST2791,39.0,Male,PELE254,Wireless Earbuds,Electronics,1,2276.11,2276.11,North
ORD10391,2022-10-11,CUST2513,38.0,Female,PAPP357,Cotton T-Shirt,Apparel,2,1769.62,3539.24,East
ORD15760,2022-10-11,CUST3108,40.0,Male,PHOM924,Cushion Set,Home & Kitchen,1,2530.35,2530.35,South
ORD14612,2022-10-11,CUST2665,25.0,Male,PELE791,Smartphone Case,Electronics,1,3730.24,3730.24,North
ORD13205,2022-10-11,CUST2910,32.0,Female,PELE330,Wireless Earbuds,Electronics,2,3430.31,6860.62,West
ORD12130,2022-10-11,CUST3605,38.0,Male,PELE665,Power Bank,Electronics,1,4471.78,4471.78,East
ORD14501,2022-10-11,CUST3034,43.0,Male,PELE351,Smartphone Case,Electronics,3,2972.72,8918.16,North
ORD15196,2022-10-11,CUST2986,35.0,Female,PHOM503,Table Lamp,Home & Kitchen,3,926.39,2779.17,South
ORD15634,2022-10-12,CUST3285,36.0,Female,PBEA314,Shampoo,Beauty,1,263.9,263.9,West
ORD12518,2022-10-12,CUST2991,37.0,Male,PBEA279,Shampoo,Beauty,2,1116.06,2232.12,East
ORD10506,2022-10-12,CUST2849,37.0,Male,PELE237,Wireless Earbuds,Electronics,1,1946.45,1946.45,East
ORD15694,2022-10-12,CUST3075,26.0,Female,PELE376,Smartwatch,Electronics,2,3946.85,7893.7,East
ORD12383,2022-10-12,CUST3726,35.0,Female,PELE757,Wireless Earbuds,Electronics,1,2613.26,2613.26,West
ORD15326,2022-10-12,CUST2909,30.0,Female,PHOM246,Non-stick Pan,Home & Kitchen,1,602.75,602.75,South
ORD13970,2022-10-12,CUST2265,33.0,Female,PAPP725,Running Shoes,Apparel,1,1948.18,1948.18,North
ORD15019,2022-10-12,CUST3785,36.0,Male,PSPO939,Cycling Gloves,Sports,2,2260.14,4520.28,North
ORD10571,2022-10-12,CUST2561,33.0,Male,PBEA201,Shampoo,Beauty,1,1326.27,1326.27,South
ORD11243,2022-10-12,CUST3208,39.0,Male,PAPP137,Hoodie,Apparel,1,1519.41,1519.41,North
ORD14248,2022-10-12,CUST2802,22.0,Male,PHOM200,Table Lamp,Home & Kitchen,2,561.5,1123.0,South
ORD14697,2022-10-12,CUST3328,38.0,Male,PELE720,Power Bank,Electronics,2,1062.86,2125.72,West
ORD15606,2022-10-12,CUST3777,25.0,Female,PAPP831,Running Shoes,Apparel,2,570.42,1140.84,North
ORD11943,2022-10-13,CUST2822,42.0,Female,PHOM280,Cushion Set,Home & Kitchen,2,2531.52,5063.04,South
ORD11061,2022-10-13,CUST3405,35.0,Male,PSPO653,Cycling Gloves,Sports,1,2351.66,2351.66,East
ORD10614,2022-10-13,CUST2009,35.0,Male,PELE508,Bluetooth Speaker,Electronics,1,2584.09,2584.09,South
ORD14812,2022-10-13,CUST3604,31.0,Male,PAPP457,Denim Jeans,Apparel,1,1793.56,1793.56,West
ORD13498,2022-10-13,CUST2418,41.0,Male,PAPP388,Jacket,Apparel,1,877.78,877.78,East
ORD12225,2022-10-13,CUST2344,26.0,Female,PSPO306,Football,Sports,2,1959.07,3918.14,West
ORD12667,2022-10-13,CUST3573,33.0,Female,PELE786,Wireless Earbuds,Electronics,1,1460.24,1460.24,South
ORD15716,2022-10-13,CUST2841,22.0,Male,PHOM900,Non-stick Pan,Home & Kitchen,2,577.67,1155.34,South
ORD14211,2022-10-13,CUST2798,24.0,Male,PELE680,Smartphone Case,Electronics,2,2967.94,5935.88,East
ORD11828,2022-10-13,CUST3514,31.0,Female,PELE898,Wireless Earbuds,Electronics,1,1265.05,1265.05,West
ORD15260,2022-10-13,CUST2862,40.0,Female,PHOM802,Non-stick Pan,Home & Kitchen,1,2478.89,2478.89,East
ORD15895,2022-10-13,CUST2190,31.0,Male,PELE420,Power Bank,Electronics,1,2844.86,2844.86,South
ORD15040,2022-10-13,CUST3679,33.0,Male,PHOM673,Table Lamp,Home & Kitchen,2,1763.03,3526.06,East
ORD10737,2022-10-13,CUST2312,21.0,Female,PAPP897,Jacket,Apparel,1,1065.97,1065.97,South
ORD13983,2022-10-13,CUST3349,27.0,Female,PHOM411,Blender,Home & Kitchen,1,1946.08,1946.08,South
ORD10854,2022-10-13,CUST2799,20.0,Male,PAPP705,Hoodie,Apparel,2,447.3,894.6,East
ORD10331,2022-10-13,CUST3764,28.0,Male,PELE311,Wireless Earbuds,Electronics,1,3135.29,3135.29,North
ORD13477,2022-10-14,CUST2707,21.0,Male,PSPO368,Football,Sports,1,1123.43,1123.43,East
ORD14947,2022-10-14,CUST2589,31.0,Female,PSPO866,Yoga Mat,Sports,1,1981.46,1981.46,West
ORD11770,2022-10-14,CUST3190,50.0,Male,PELE218,Smartphone Case,Electronics,1,4232.14,4232.14,North
ORD11929,2022-10-14,CUST3143,22.0,Female,PAPP647,Jacket,Apparel,1,893.96,893.96,South
ORD10317,2022-10-14,CUST3158,37.0,Female,PAPP884,Running Shoes,Apparel,2,1671.86,3343.72,North
ORD14236,2022-10-14,CUST2664,18.0,Male,PAPP247,Cotton T-Shirt,Apparel,1,2045.03,2045.03,West
ORD15795,2022-10-14,CUST3388,36.0,Male,PAPP114,Jacket,Apparel,1,1136.06,1136.06,East
ORD14268,2022-10-14,CUST3253,47.0,Female,PSPO736,Football,Sports,1,1799.67,1799.67,West
ORD13305,2022-10-14,CUST2189,40.0,Male,PHOM337,Blender,Home & Kitchen,1,648.21,648.21,North
ORD13348,2022-10-14,CUST2915,16.0,Female,PBEA153,Shampoo,Beauty,1,220.24,220.24,South
ORD10783,2022-10-15,CUST2688,16.0,Male,PBEA869,Perfume,Beauty,1,1000.05,1000.05,East
ORD10400,2022-10-15,CUST3734,46.0,Male,PBEA413,Lipstick,Beauty,2,1065.64,2131.28,East
ORD15058,2022-10-15,CUST3268,43.0,Male,PELE797,Smartwatch,Electronics,2,3631.25,7262.5,East
ORD10187,2022-10-15,CUST2425,33.0,Male,PHOM849,Cushion Set,Home & Kitchen,1,958.58,958.58,North
ORD10022,2022-10-15,CUST3367,46.0,Female,PELE971,Smartwatch,Electronics,1,3603.46,3603.46,South
ORD14219,2022-10-15,CUST3557,19.0,Female,PAPP530,Cotton T-Shirt,Apparel,1,1663.51,1663.51,South
ORD14901,2022-10-15,CUST3501,46.0,Female,PBEA712,Face Serum,Beauty,1,1236.96,1236.96,East
ORD12039,2022-10-15,CUST2197,36.0,Female,PAPP278,Jacket,Apparel,1,2126.78,2126.78,North
ORD10404,2022-10-15,CUST3241,39.0,Female,PELE887,Power Bank,Electronics,2,2920.79,5841.58,East
ORD13494,2022-10-15,CUST3469,16.0,Male,PSPO193,Yoga Mat,Sports,2,2147.77,4295.54,South
ORD10691,2022-10-15,CUST2737,45.0,Male,PAPP824,Cotton T-Shirt,Apparel,1,1426.65,1426.65,East
ORD13637,2022-10-15,CUST2092,29.0,Male,PHOM819,Table Lamp,Home & Kitchen,1,623.8,623.8,South
ORD15692,2022-10-15,CUST2373,49.0,Female,PAPP721,Hoodie,Apparel,1,2194.04,2194.04,South
ORD10788,2022-10-15,CUST3055,41.0,Female,PELE187,Smartwatch,Electronics,1,1311.42,1311.42,East
ORD14876,2022-10-15,CUST3430,45.0,Female,PAPP189,Running Shoes,Apparel,2,1263.79,2527.58,South
ORD15496,2022-10-15,CUST3396,31.0,Female,PELE513,Smartwatch,Electronics,1,3605.12,3605.12,North
ORD15069,2022-10-15,CUST3064,25.0,Female,PELE251,Smartphone Case,Electronics,2,3854.61,7709.22,South
ORD15877,2022-10-16,CUST2588,23.0,Female,PSPO175,Football,Sports,1,625.23,625.23,West
ORD13203,2022-10-16,CUST3624,40.0,Female,PBEA632,Face Wash,Beauty,2,559.13,1118.26,North
ORD11785,2022-10-16,CUST3346,26.0,Male,PHOM216,Blender,Home & Kitchen,2,2409.18,4818.36,North
ORD13828,2022-10-16,CUST2564,37.0,Female,PELE444,Smartphone Case,Electronics,1,1192.29,1192.29,East
ORD10742,2022-10-16,CUST3098,39.0,Male,PBEA876,Shampoo,Beauty,1,1371.32,1371.32,South
ORD15970,2022-10-16,CUST3270,41.0,Female,PELE320,Smartphone Case,Electronics,2,3542.83,7085.66,South
ORD11712,2022-10-16,CUST2091,26.0,Female,PBEA386,Face Serum,Beauty,2,583.59,1167.18,East
ORD13995,2022-10-16,CUST2447,37.0,Male,PELE110,Smartphone Case,Electronics,1,1413.81,1413.81,South
ORD14039,2022-10-16,CUST2523,16.0,Male,PSPO976,Football,Sports,1,573.43,573.43,East
ORD14719,2022-10-16,CUST3584,28.0,Female,PAPP227,Hoodie,Apparel,1,1166.67,1166.67,North
ORD13611,2022-10-16,CUST2577,33.0,Male,PELE651,Smartwatch,Electronics,1,4069.43,4069.43,West
ORD13595,2022-10-16,CUST3441,35.0,Male,PAPP476,Running Shoes,Apparel,1,1091.71,1091.71,North
ORD14745,2022-10-17,CUST2848,35.0,Female,PBEA225,Shampoo,Beauty,1,1028.94,1028.94,East
ORD13655,2022-10-17,CUST2205,33.0,Male,PELE838,Smartwatch,Electronics,1,2168.61,2168.61,South
ORD13886,2022-10-17,CUST2803,26.0,Male,PHOM174,Storage Rack,Home & Kitchen,1,1315.14,1315.14,North
ORD15465,2022-10-17,CUST2394,33.0,Male,PELE185,Wireless Earbuds,Electronics,1,3832.56,3832.56,East
ORD10378,2022-10-17,CUST3495,46.0,Female,PSPO391,Yoga Mat,Sports,1,2056.02,2056.02,East
ORD12340,2022-10-17,CUST2099,33.0,Male,PELE995,Bluetooth Speaker,Electronics,1,2316.43,2316.43,South
ORD10607,2022-10-17,CUST2692,24.0,Male,PBEA856,Face Serum,Beauty,1,837.72,837.72,North
ORD11910,2022-10-17,CUST2219,32.0,Male,PELE104,Bluetooth Speaker,Electronics,1,3295.77,3295.77,East
ORD12222,2022-10-17,CUST3445,45.0,Male,PAPP633,Cotton T-Shirt,Apparel,1,724.61,724.61,North
ORD10206,2022-10-17,CUST2178,44.0,Female,PBEA131,Face Serum,Beauty,2,746.2,1492.4,North
ORD14326,2022-10-17,CUST3719,46.0,Male,PAPP589,Running Shoes,Apparel,2,874.53,1749.06,East
ORD15345,2022-10-17,CUST2477,29.0,Male,PSPO851,Football,Sports,3,1944.25,5832.75,West
ORD14701,2022-10-17,CUST2373,41.0,Female,PHOM656,Storage Rack,Home & Kitchen,1,2694.85,2694.85,West
ORD13619,2022-10-18,CUST2173,20.0,Male,PHOM350,Cushion Set,Home & Kitchen,1,673.4,673.4,East
ORD14154,2022-10-18,CUST2619,30.0,Male,PAPP579,Cotton T-Shirt,Apparel,2,1234.58,2469.16,South
ORD10983,2022-10-18,CUST3705,30.0,Female,PELE614,Wireless Earbuds,Electronics,1,1658.92,1658.92,South
ORD15587,2022-10-18,CUST2973,24.0,Female,PELE724,Smartwatch,Electronics,1,2287.93,2287.93,South
ORD15702,2022-10-18,CUST3363,36.0,Female,PAPP879,Hoodie,Apparel,1,1469.44,1469.44,West
ORD13262,2022-10-18,CUST2280,25.0,Female,PHOM485,Blender,Home & Kitchen,1,1796.49,1796.49,North
ORD14168,2022-10-18,CUST3079,30.0,Female,PELE168,Smartphone Case,Electronics,1,2751.67,2751.67,West
ORD10724,2022-10-18,CUST3103,40.0,Female,PELE124,Smartwatch,Electronics,1,4221.73,4221.73,South
ORD13535,2022-10-18,CUST2515,42.0,Male,PBEA989,Face Wash,Beauty,1,795.89,795.89,West
ORD15110,2022-10-18,CUST2992,16.0,Female,PAPP935,Cotton T-Shirt,Apparel,1,1871.24,1871.24,South
ORD15049,2022-10-18,CUST3403,20.0,Male,PBEA692,Lipstick,Beauty,1,1146.59,1146.59,West
ORD11656,2022-10-18,CUST3547,47.0,Female,PELE863,Smartwatch,Electronics,1,3806.61,3806.61,East
ORD10075,2022-10-18,CUST2443,29.0,Male,PSPO110,Cycling Gloves,Sports,2,1386.61,2773.22,North
ORD11493,2022-10-18,CUST3573,49.0,Male,PSPO676,Dumbbell Set,Sports,1,330.43,330.43,South
ORD14347,2022-10-18,CUST3602,31.0,Male,PELE863,Power Bank,Electronics,1,2759.73,2759.73,North
ORD14318,2022-10-18,CUST2589,23.0,Male,PHOM336,Non-stick Pan,Home & Kitchen,1,1638.96,1638.96,East
ORD14998,2022-10-18,CUST2638,30.0,Male,PAPP963,Cotton T-Shirt,Apparel,1,1306.08,1306.08,North
ORD14841,2022-10-18,CUST2728,36.0,Female,PHOM605,Blender,Home & Kitchen,1,2612.37,2612.37,North
ORD10754,2022-10-18,CUST3534,42.0,Female,PBEA923,Lipstick,Beauty,2,712.64,1425.28,North
ORD10964,2022-10-18,CUST3327,44.0,Female,PELE640,Power Bank,Electronics,1,2978.18,2978.18,South
ORD15975,2022-10-18,CUST3162,32.0,Female,PBEA731,Face Wash,Beauty,1,290.22,290.22,North
ORD13350,2022-10-18,CUST3334,36.0,Female,PELE957,Wireless Earbuds,Electronics,1,4253.84,4253.84,South
ORD13852,2022-10-18,CUST3478,39.0,Female,PBEA827,Face Wash,Beauty,2,311.81,623.62,North
ORD11925,2022-10-18,CUST3368,26.0,Male,PHOM851,Non-stick Pan,Home & Kitchen,1,2734.68,2734.68,North
ORD14307,2022-10-18,CUST3415,26.0,Female,PHOM953,Table Lamp,Home & Kitchen,1,2204.73,2204.73,South
ORD10969,2022-10-18,CUST2057,20.0,Female,PSPO744,Football,Sports,1,1208.53,1208.53,West
ORD13046,2022-10-18,CUST3223,35.0,Female,PAPP761,Cotton T-Shirt,Apparel,1,1069.74,1069.74,South
ORD15225,2022-10-18,CUST2688,39.0,Female,PHOM374,Cushion Set,Home & Kitchen,1,2430.92,2430.92,North
ORD12861,2022-10-19,CUST2529,31.0,Female,PELE651,Smartphone Case,Electronics,1,944.5,944.5,East
ORD14839,2022-10-19,CUST2773,33.0,Male,PSPO996,Cricket Bat,Sports,1,1941.19,1941.19,South
ORD11435,2022-10-19,CUST2334,30.0,Male,PELE188,Power Bank,Electronics,2,3165.85,6331.7,East
ORD12468,2022-10-19,CUST3538,21.0,Female,PELE776,Smartphone Case,Electronics,1,1722.62,1722.62,North
ORD10179,2022-10-19,CUST2573,28.0,Female,PAPP902,Denim Jeans,Apparel,1,1804.68,1804.68,South
ORD10823,2022-10-19,CUST2227,30.0,Female,PAPP772,Hoodie,Apparel,1,1038.48,1038.48,West
ORD14801,2022-10-19,CUST3767,33.0,Female,PELE241,Power Bank,Electronics,1,3586.28,3586.28,East
ORD14078,2022-10-19,CUST2921,33.0,Male,PSPO368,Cycling Gloves,Sports,1,2008.19,2008.19,South
ORD12292,2022-10-19,CUST3583,22.0,Female,PHOM926,Non-stick Pan,Home & Kitchen,2,1585.48,3170.96,East
ORD15208,2022-10-19,CUST3561,29.0,Female,PBEA605,Lipstick,Beauty,1,575.09,575.09,South
ORD15290,2022-10-19,CUST2479,30.0,Male,PSPO149,Football,Sports,1,1904.45,1904.45,South
ORD13292,2022-10-19,CUST2206,34.0,Female,PAPP575,Hoodie,Apparel,1,1241.1,1241.1,North
ORD12211,2022-10-19,CUST2103,33.0,Female,PHOM915,Cushion Set,Home & Kitchen,2,1515.18,3030.36,West
ORD14982,2022-10-19,CUST3706,35.0,Female,PAPP638,Hoodie,Apparel,1,1842.2,1842.2,West
ORD13166,2022-10-19,CUST2814,27.0,Male,PHOM386,Table Lamp,Home & Kitchen,1,467.83,467.83,South
ORD10308,2022-10-19,CUST2083,46.0,Female,PELE142,Power Bank,Electronics,1,2359.93,2359.93,South
ORD13700,2022-10-19,CUST2714,42.0,Male,PSPO826,Cycling Gloves,Sports,1,2462.04,2462.04,North
ORD11251,2022-10-19,CUST2904,31.0,Male,PELE173,Bluetooth Speaker,Electronics,1,2013.79,2013.79,South
ORD15997,2022-10-19,CUST3027,39.0,Male,PAPP509,Running Shoes,Apparel,1,1678.62,1678.62,North
ORD15666,2022-10-19,CUST2757,35.0,Male,PBEA843,Perfume,Beauty,2,988.79,1977.58,West
ORD10497,2022-10-19,CUST2703,21.0,Female,PBEA491,Face Wash,Beauty,1,774.82,774.82,East
ORD14008,2022-10-19,CUST2005,35.0,Male,PELE124,Wireless Earbuds,Electronics,1,1043.73,1043.73,North
ORD12279,2022-10-19,CUST2562,27.0,Male,PHOM704,Blender,Home & Kitchen,1,1088.35,1088.35,North
ORD14136,2022-10-19,CUST3716,35.0,Male,PSPO320,Cricket Bat,Sports,3,947.57,2842.71,North
ORD15777,2022-10-20,CUST3235,39.0,Female,PAPP329,Cotton T-Shirt,Apparel,1,485.07,485.07,East
ORD10343,2022-10-20,CUST2889,37.0,Female,PAPP328,Hoodie,Apparel,1,1726.28,1726.28,East
ORD15007,2022-10-20,CUST2080,46.0,Female,PSPO222,Dumbbell Set,Sports,1,2223.96,2223.96,East
ORD15257,2022-10-20,CUST2161,30.0,Female,PBEA147,Perfume,Beauty,3,981.28,2943.84,North
ORD10528,2022-10-20,CUST2388,27.0,Male,PHOM852,Non-stick Pan,Home & Kitchen,1,868.43,868.43,North
ORD11913,2022-10-20,CUST3658,34.0,Female,PSPO716,Cricket Bat,Sports,1,557.06,557.06,West
ORD14342,2022-10-21,CUST3250,19.0,Female,PHOM568,Cushion Set,Home & Kitchen,2,2335.98,4671.96,North
ORD12909,2022-10-21,CUST3026,35.0,Female,PBEA921,Perfume,Beauty,1,359.43,359.43,West
ORD14868,2022-10-21,CUST3785,26.0,Female,PAPP683,Hoodie,Apparel,1,1347.45,1347.45,North
ORD14331,2022-10-21,CUST2658,30.0,Male,PHOM504,Blender,Home & Kitchen,2,2996.93,5993.86,East
ORD11298,2022-10-21,CUST2905,27.0,Female,PHOM709,Cushion Set,Home & Kitchen,2,2793.46,5586.92,West
ORD10480,2022-10-21,CUST2649,25.0,Female,PHOM228,Blender,Home & Kitchen,1,501.67,501.67,East
ORD14604,2022-10-21,CUST3763,24.0,Female,PBEA609,Shampoo,Beauty,2,1170.3,2340.6,North
ORD11124,2022-10-21,CUST2478,21.0,Female,PHOM412,Blender,Home & Kitchen,1,1211.04,1211.04,North
ORD13760,2022-10-21,CUST2111,38.0,Male,PELE949,Wireless Earbuds,Electronics,1,1984.79,1984.79,South
ORD15607,2022-10-21,CUST2186,25.0,Male,PSPO300,Cricket Bat,Sports,1,1084.9,1084.9,North
ORD11671,2022-10-21,CUST2033,38.0,Female,PSPO929,Dumbbell Set,Sports,1,948.35,948.35,East
ORD13987,2022-10-21,CUST3307,23.0,Male,PELE338,Wireless Earbuds,Electronics,1,1874.22,1874.22,North
ORD14057,2022-10-21,CUST2485,28.0,Female,PHOM504,Storage Rack,Home & Kitchen,1,1704.01,1704.01,North
ORD15119,2022-10-22,CUST2824,39.0,Female,PSPO859,Dumbbell Set,Sports,2,2431.49,4862.98,South
ORD14872,2022-10-22,CUST3208,30.0,Female,PELE165,Smartwatch,Electronics,2,4407.49,8814.98,North
ORD10520,2022-10-22,CUST3769,36.0,Male,PAPP786,Jacket,Apparel,1,1576.33,1576.33,West
ORD12996,2022-10-22,CUST2292,38.0,Female,PAPP217,Denim Jeans,Apparel,1,1786.67,1786.67,East
ORD14559,2022-10-22,CUST3729,27.0,Female,PELE854,Bluetooth Speaker,Electronics,3,3011.61,9034.83,West
ORD13228,2022-10-22,CUST2298,21.0,Male,PBEA857,Perfume,Beauty,1,781.16,781.16,North
ORD15169,2022-10-22,CUST2125,31.0,Female,PSPO795,Football,Sports,1,720.93,720.93,West
ORD14896,2022-10-22,CUST2321,25.0,Female,PHOM128,Cushion Set,Home & Kitchen,1,1281.34,1281.34,North
ORD15056,2022-10-22,CUST3100,28.0,Male,PBEA926,Lipstick,Beauty,1,191.16,191.16,East
ORD14149,2022-10-22,CUST3734,26.0,Female,PSPO367,Football,Sports,1,1002.19,1002.19,North
ORD14334,2022-10-22,CUST3367,29.0,Female,PELE149,Bluetooth Speaker,Electronics,1,2942.22,2942.22,North
ORD11640,2022-10-22,CUST2673,24.0,Male,PSPO514,Yoga Mat,Sports,2,2111.97,4223.94,South
ORD15910,2022-10-22,CUST3440,33.0,Male,PELE366,Smartwatch,Electronics,1,1776.14,1776.14,North
ORD11491,2022-10-22,CUST3176,34.0,Female,PELE374,Wireless Earbuds,Electronics,1,2309.43,2309.43,South
ORD10763,2022-10-22,CUST3021,29.0,Male,PHOM359,Blender,Home & Kitchen,1,2871.69,2871.69,East
ORD11840,2022-10-22,CUST3091,41.0,Male,PELE647,Smartwatch,Electronics,1,1692.3,1692.3,South
ORD12504,2022-10-22,CUST3168,46.0,Female,PSPO583,Yoga Mat,Sports,1,856.43,856.43,East
ORD15953,2022-10-22,CUST3444,23.0,Female,PBEA729,Lipstick,Beauty,1,778.32,778.32,South
ORD15632,2022-10-22,CUST2116,38.0,Male,PAPP821,Jacket,Apparel,2,1972.49,3944.98,West
ORD10452,2022-10-22,CUST2792,42.0,Male,PBEA874,Face Serum,Beauty,1,1012.59,1012.59,West
ORD11153,2022-10-22,CUST3441,44.0,Female,PELE825,Power Bank,Electronics,2,2994.73,5989.46,West
ORD13930,2022-10-22,CUST2792,37.0,Male,PAPP357,Hoodie,Apparel,1,1810.92,1810.92,North
ORD14661,2022-10-22,CUST2476,38.0,Male,PAPP252,Denim Jeans,Apparel,1,2152.84,2152.84,West
ORD15830,2022-10-22,CUST3703,16.0,Male,PSPO605,Dumbbell Set,Sports,1,1860.55,1860.55,East
ORD11470,2022-10-23,CUST3329,41.0,Female,PSPO732,Cycling Gloves,Sports,1,1439.14,1439.14,South
ORD13192,2022-10-23,CUST2772,31.0,Female,PBEA512,Face Serum,Beauty,1,833.95,833.95,East
ORD14691,2022-10-23,CUST3523,38.0,Male,PELE378,Power Bank,Electronics,1,4039.21,4039.21,East
ORD11013,2022-10-23,CUST2983,32.0,Female,PELE755,Smartphone Case,Electronics,3,1489.57,4468.71,East
ORD13910,2022-10-23,CUST3331,42.0,Female,PAPP197,Hoodie,Apparel,2,1096.23,2192.46,South
ORD10337,2022-10-23,CUST3336,33.0,Female,PHOM252,Cushion Set,Home & Kitchen,1,2768.9,2768.9,South
ORD14928,2022-10-23,CUST2865,17.0,Male,PBEA876,Face Serum,Beauty,1,745.82,745.82,South
ORD13453,2022-10-23,CUST3538,26.0,Female,PELE340,Bluetooth Speaker,Electronics,1,2352.3,2352.3,South
ORD14137,2022-10-23,CUST2563,23.0,Female,PBEA519,Face Wash,Beauty,1,1086.23,1086.23,South
ORD11980,2022-10-23,CUST3297,47.0,Female,PAPP395,Denim Jeans,Apparel,2,1233.45,2466.9,East
ORD10067,2022-10-23,CUST2439,20.0,Female,PSPO641,Cycling Gloves,Sports,1,268.38,268.38,South
ORD13633,2022-10-23,CUST3011,31.0,Male,PAPP485,Running Shoes,Apparel,1,1048.76,1048.76,West
ORD14112,2022-10-23,CUST3180,26.0,Male,PHOM238,Cushion Set,Home & Kitchen,2,2570.65,5141.3,North
ORD11098,2022-10-23,CUST3205,36.0,Male,PELE805,Smartphone Case,Electronics,1,1425.23,1425.23,North
ORD10422,2022-10-23,CUST3385,28.0,Female,PELE631,Wireless Earbuds,Electronics,2,2223.76,4447.52,North
ORD14668,2022-10-24,CUST2530,39.0,Female,PAPP641,Running Shoes,Apparel,2,779.84,1559.68,South
ORD11790,2022-10-24,CUST3385,42.0,Male,PHOM844,Non-stick Pan,Home & Kitchen,1,1911.65,1911.65,West
ORD15210,2022-10-24,CUST3195,48.0,Female,PAPP287,Jacket,Apparel,1,1290.82,1290.82,South
ORD12542,2022-10-24,CUST3621,24.0,Female,PAPP896,Jacket,Apparel,1,2156.75,2156.75,East
ORD15986,2022-10-24,CUST3240,32.0,Male,PELE935,Bluetooth Speaker,Electronics,2,1270.51,2541.02,East
ORD15466,2022-10-24,CUST3729,35.0,Female,PELE516,Power Bank,Electronics,1,1702.13,1702.13,North
ORD15964,2022-10-24,CUST2137,19.0,Male,PBEA389,Shampoo,Beauty,1,433.74,433.74,North
ORD15832,2022-10-24,CUST3495,40.0,Male,PELE514,Power Bank,Electronics,1,4445.47,4445.47,East
ORD12752,2022-10-24,CUST2300,29.0,Female,PELE554,Smartphone Case,Electronics,1,1177.76,1177.76,North
ORD11979,2022-10-24,CUST3613,29.0,Male,PAPP387,Jacket,Apparel,1,942.5,942.5,East
ORD10285,2022-10-24,CUST3571,25.0,Male,PAPP643,Running Shoes,Apparel,1,1295.73,1295.73,North
ORD11759,2022-10-24,CUST3005,37.0,Male,PELE656,Wireless Earbuds,Electronics,1,2444.24,2444.24,South
ORD14435,2022-10-24,CUST3485,16.0,Male,PAPP237,Cotton T-Shirt,Apparel,2,1408.17,2816.34,South
ORD14765,2022-10-24,CUST3544,20.0,Female,PAPP483,Jacket,Apparel,1,1040.26,1040.26,South
ORD12632,2022-10-24,CUST2753,25.0,Female,PBEA990,Face Wash,Beauty,2,925.11,1850.22,North
ORD14927,2022-10-24,CUST2547,17.0,Female,PAPP159,Denim Jeans,Apparel,2,1363.71,2727.42,West
ORD13329,2022-10-24,CUST3644,32.0,Female,PSPO842,Cricket Bat,Sports,1,813.66,813.66,East
ORD11270,2022-10-24,CUST3082,25.0,Female,PSPO775,Cycling Gloves,Sports,1,1693.82,1693.82,North
ORD14622,2022-10-25,CUST3485,31.0,Female,PELE984,Bluetooth Speaker,Electronics,1,1235.24,1235.24,West
ORD15269,2022-10-25,CUST3596,35.0,Male,PHOM860,Storage Rack,Home & Kitchen,1,1745.76,1745.76,West
ORD12678,2022-10-25,CUST2463,58.0,Female,PELE482,Power Bank,Electronics,1,4015.81,4015.81,West
ORD15479,2022-10-25,CUST3701,36.0,Male,PELE901,Smartwatch,Electronics,3,4214.68,12644.04,South
ORD15687,2022-10-25,CUST2023,29.0,Female,PHOM128,Blender,Home & Kitchen,1,989.24,989.24,South
ORD10475,2022-10-25,CUST2595,38.0,Female,PBEA912,Face Serum,Beauty,1,977.93,977.93,North
ORD10312,2022-10-25,CUST3478,28.0,Male,PBEA467,Face Serum,Beauty,1,212.77,212.77,South
ORD14002,2022-10-25,CUST2064,32.0,Female,PAPP238,Denim Jeans,Apparel,1,1953.93,1953.93,South
ORD13831,2022-10-25,CUST2976,36.0,Female,PBEA889,Perfume,Beauty,1,968.94,968.94,South
ORD11090,2022-10-25,CUST2265,35.0,Female,PELE744,Wireless Earbuds,Electronics,2,3034.54,6069.08,North
ORD13622,2022-10-25,CUST3257,25.0,Female,PAPP741,Running Shoes,Apparel,1,1407.44,1407.44,East
ORD12519,2022-10-25,CUST3535,38.0,Male,PHOM908,Cushion Set,Home & Kitchen,1,925.21,925.21,North
ORD14753,2022-10-25,CUST3078,35.0,Male,PBEA843,Face Wash,Beauty,1,1244.05,1244.05,South
ORD14665,2022-10-25,CUST3170,32.0,Female,PHOM295,Table Lamp,Home & Kitchen,1,2985.35,2985.35,North
ORD12942,2022-10-25,CUST2546,31.0,Female,PBEA950,Face Wash,Beauty,3,231.26,693.78,West
ORD12235,2022-10-25,CUST3358,26.0,Female,PAPP610,Running Shoes,Apparel,2,1953.74,3907.48,East
ORD10979,2022-10-25,CUST2801,16.0,Male,PHOM414,Non-stick Pan,Home & Kitchen,1,2293.52,2293.52,North
ORD14884,2022-10-25,CUST2123,33.0,Female,PAPP796,Hoodie,Apparel,1,479.83,479.83,West
ORD14228,2022-10-25,CUST3443,23.0,Male,PAPP733,Jacket,Apparel,1,1185.77,1185.77,North
ORD13032,2022-10-25,CUST2914,18.0,Female,PSPO990,Yoga Mat,Sports,1,1418.86,1418.86,South
ORD10394,2022-10-25,CUST2468,16.0,Female,PAPP520,Running Shoes,Apparel,2,2194.59,4389.18,North
ORD10323,2022-10-25,CUST2252,33.0,Male,PELE357,Smartphone Case,Electronics,3,3700.8,11102.4,West
ORD14204,2022-10-26,CUST2391,43.0,Female,PHOM220,Cushion Set,Home & Kitchen,1,592.58,592.58,North
ORD15821,2022-10-26,CUST2141,24.0,Male,PBEA755,Perfume,Beauty,1,710.94,710.94,South
ORD13195,2022-10-26,CUST2375,29.0,Female,PSPO281,Cricket Bat,Sports,1,447.49,447.49,East
ORD12596,2022-10-26,CUST2041,41.0,Female,PSPO754,Football,Sports,1,521.15,521.15,West
ORD12136,2022-10-26,CUST3238,16.0,Female,PBEA274,Shampoo,Beauty,1,806.88,806.88,South
ORD11474,2022-10-26,CUST3589,36.0,Female,PHOM100,Storage Rack,Home & Kitchen,1,1611.86,1611.86,South
ORD10699,2022-10-26,CUST2302,29.0,Female,PHOM973,Blender,Home & Kitchen,1,603.59,603.59,East
ORD10322,2022-10-26,CUST2773,22.0,Female,PELE114,Wireless Earbuds,Electronics,1,2111.99,2111.99,West
ORD13976,2022-10-26,CUST3152,42.0,Female,PAPP349,Hoodie,Apparel,1,1623.86,1623.86,West
ORD12558,2022-10-26,CUST2502,26.0,Female,PHOM997,Non-stick Pan,Home & Kitchen,1,1084.54,1084.54,North
ORD10815,2022-10-26,CUST2851,34.0,Female,PELE583,Smartwatch,Electronics,1,1484.47,1484.47,West
ORD11240,2022-10-26,CUST2338,33.0,Male,PELE840,Smartwatch,Electronics,1,4042.18,4042.18,South
ORD11179,2022-10-26,CUST3108,54.0,Female,PSPO861,Football,Sports,1,1557.85,1557.85,North
ORD12606,2022-10-26,CUST2049,30.0,Male,PHOM478,Table Lamp,Home & Kitchen,2,2697.27,5394.54,East
ORD15638,2022-10-26,CUST2758,60.0,Male,PELE854,Wireless Earbuds,Electronics,1,3066.65,3066.65,South
ORD11296,2022-10-26,CUST3183,23.0,Male,PHOM446,Table Lamp,Home & Kitchen,2,880.41,1760.82,North
ORD11871,2022-10-26,CUST2074,45.0,Male,PELE500,Power Bank,Electronics,1,2272.75,2272.75,East
ORD15008,2022-10-26,CUST3296,30.0,Female,PHOM114,Table Lamp,Home & Kitchen,1,1335.71,1335.71,West
ORD10256,2022-10-27,CUST3098,20.0,Male,PHOM130,Non-stick Pan,Home & Kitchen,2,1803.97,3607.94,East
ORD14780,2022-10-27,CUST3665,29.0,Male,PAPP758,Running Shoes,Apparel,1,535.59,535.59,East
ORD12462,2022-10-27,CUST2739,34.0,Male,PAPP941,Cotton T-Shirt,Apparel,1,1906.13,1906.13,East
ORD13425,2022-10-27,CUST3442,39.0,Male,PAPP412,Jacket,Apparel,1,498.36,498.36,North
ORD11151,2022-10-27,CUST3003,30.0,Male,PHOM499,Table Lamp,Home & Kitchen,2,1880.46,3760.92,South
ORD11324,2022-10-27,CUST2435,26.0,Male,PBEA299,Perfume,Beauty,1,1279.93,1279.93,South
ORD15576,2022-10-27,CUST2850,44.0,Female,PELE944,Smartwatch,Electronics,2,3240.6,6481.2,North
ORD11636,2022-10-27,CUST2852,37.0,Male,PHOM245,Storage Rack,Home & Kitchen,1,2202.28,2202.28,West
ORD14084,2022-10-27,CUST2329,36.0,Male,PELE259,Smartwatch,Electronics,2,1603.74,3207.48,West
ORD15231,2022-10-27,CUST3713,26.0,Male,PBEA351,Face Wash,Beauty,1,1043.89,1043.89,North
ORD13685,2022-10-27,CUST3330,23.0,Male,PELE944,Bluetooth Speaker,Electronics,1,906.07,906.07,North
ORD14657,2022-10-27,CUST2673,25.0,Female,PBEA587,Lipstick,Beauty,1,496.79,496.79,North
ORD10543,2022-10-27,CUST2844,20.0,Male,PSPO496,Dumbbell Set,Sports,1,262.79,262.79,North
ORD13618,2022-10-27,CUST3535,26.0,Male,PELE879,Smartphone Case,Electronics,1,4099.22,4099.22,East
ORD13072,2022-10-28,CUST2971,30.0,Male,PSPO510,Cycling Gloves,Sports,2,2436.94,4873.88,East
ORD10772,2022-10-28,CUST2262,17.0,Male,PHOM948,Non-stick Pan,Home & Kitchen,1,960.42,960.42,South
ORD14815,2022-10-28,CUST2388,36.0,Female,PELE545,Smartphone Case,Electronics,1,3089.17,3089.17,West
ORD14495,2022-10-28,CUST3177,51.0,Female,PAPP947,Cotton T-Shirt,Apparel,1,746.33,746.33,East
ORD10271,2022-10-28,CUST3167,18.0,Female,PBEA423,Perfume,Beauty,1,1237.48,1237.48,West
ORD15074,2022-10-28,CUST3462,50.0,Female,PELE414,Bluetooth Speaker,Electronics,1,2764.49,2764.49,West
ORD15163,2022-10-29,CUST3443,26.0,Male,PSPO217,Dumbbell Set,Sports,1,2083.4,2083.4,East
ORD14372,2022-10-29,CUST2577,25.0,Male,PELE768,Smartphone Case,Electronics,1,1036.49,1036.49,West
ORD14599,2022-10-30,CUST2885,40.0,Male,PELE830,Power Bank,Electronics,1,1538.19,1538.19,North
ORD14321,2022-10-30,CUST2497,30.0,Female,PAPP865,Cotton T-Shirt,Apparel,1,1995.31,1995.31,East
ORD11894,2022-10-30,CUST3166,17.0,Male,PAPP481,Hoodie,Apparel,2,1675.94,3351.88,South
ORD11756,2022-10-30,CUST3708,25.0,Male,PELE660,Bluetooth Speaker,Electronics,1,2761.59,2761.59,West
ORD14940,2022-10-30,CUST2279,34.0,Female,PSPO419,Football,Sports,1,1163.03,1163.03,South
ORD14297,2022-10-30,CUST2736,31.0,Male,PELE478,Smartwatch,Electronics,1,2901.59,2901.59,West
ORD15707,2022-10-31,CUST2803,28.0,Male,PBEA328,Shampoo,Beauty,1,492.62,492.62,North
ORD10709,2022-11-01,CUST2426,26.0,Male,PSPO183,Cycling Gloves,Sports,1,329.63,329.63,North
ORD13871,2022-11-01,CUST2054,38.0,Female,PBEA587,Face Wash,Beauty,1,548.77,548.77,North
ORD10744,2022-11-01,CUST3448,33.0,Female,PAPP772,Jacket,Apparel,2,1807.33,3614.66,South
ORD15261,2022-11-01,CUST3523,23.0,Male,PHOM170,Storage Rack,Home & Kitchen,1,2998.8,2998.8,North
ORD12740,2022-11-01,CUST2486,37.0,Female,PELE119,Wireless Earbuds,Electronics,1,3216.79,3216.79,South
ORD12703,2022-11-01,CUST2285,30.0,Male,PHOM693,Non-stick Pan,Home & Kitchen,1,2232.98,2232.98,North
ORD12832,2022-11-01,CUST2171,31.0,Male,PBEA178,Face Wash,Beauty,1,835.13,835.13,North
ORD10364,2022-11-01,CUST3478,33.0,Female,PBEA318,Face Wash,Beauty,1,1359.9,1359.9,West
ORD14374,2022-11-01,CUST2231,30.0,Female,PAPP662,Denim Jeans,Apparel,1,944.38,944.38,West
ORD13468,2022-11-01,CUST2222,16.0,Female,PAPP522,Hoodie,Apparel,1,1966.41,1966.41,South
ORD10013,2022-11-01,CUST2782,27.0,Male,PBEA118,Perfume,Beauty,1,1232.75,1232.75,North
ORD10881,2022-11-01,CUST3275,17.0,Female,PELE606,Smartphone Case,Electronics,1,3071.64,3071.64,South
ORD15335,2022-11-01,CUST2474,47.0,Female,PHOM391,Non-stick Pan,Home & Kitchen,1,2490.76,2490.76,West
ORD14530,2022-11-01,CUST3049,35.0,Female,PBEA500,Shampoo,Beauty,1,197.61,197.61,East
ORD12168,2022-11-02,CUST2364,16.0,Male,PELE435,Wireless Earbuds,Electronics,1,1134.31,1134.31,East
ORD10965,2022-11-02,CUST2390,33.0,Female,PELE813,Smartphone Case,Electronics,1,3721.7,3721.7,West
ORD10109,2022-11-02,CUST2193,30.0,Male,PELE363,Smartphone Case,Electronics,1,1522.15,1522.15,South
ORD15947,2022-11-02,CUST2684,44.0,Female,PBEA851,Face Wash,Beauty,2,1116.88,2233.76,South
ORD10091,2022-11-02,CUST3325,37.0,Male,PAPP789,Cotton T-Shirt,Apparel,1,1509.97,1509.97,West
ORD15984,2022-11-02,CUST3268,22.0,Male,PELE425,Smartwatch,Electronics,2,1787.38,3574.76,East
ORD13206,2022-11-02,CUST2617,31.0,Male,PAPP155,Cotton T-Shirt,Apparel,1,904.28,904.28,East
ORD13427,2022-11-02,CUST3538,33.0,Female,PHOM486,Table Lamp,Home & Kitchen,1,2598.39,2598.39,North
ORD10575,2022-11-02,CUST2989,43.0,Male,PSPO900,Yoga Mat,Sports,1,1205.01,1205.01,West
ORD13627,2022-11-02,CUST2915,37.0,Male,PBEA892,Lipstick,Beauty,1,524.35,524.35,North
ORD13579,2022-11-02,CUST2193,39.0,Female,PSPO987,Cycling Gloves,Sports,2,2406.72,4813.44,East
ORD13917,2022-11-02,CUST2640,28.0,Female,PELE537,Wireless Earbuds,Electronics,1,3460.0,3460.0,North
ORD15199,2022-11-02,CUST2361,43.0,Female,PBEA504,Face Wash,Beauty,1,954.41,954.41,North
ORD10215,2022-11-02,CUST2326,31.0,Female,PELE623,Wireless Earbuds,Electronics,2,2424.37,4848.74,East
ORD14900,2022-11-02,CUST2644,36.0,Female,PELE162,Smartwatch,Electronics,2,4208.32,8416.64,West
ORD13505,2022-11-02,CUST2701,45.0,Male,PAPP679,Denim Jeans,Apparel,1,1070.24,1070.24,West
ORD15543,2022-11-03,CUST2115,28.0,Female,PSPO492,Yoga Mat,Sports,1,2083.64,2083.64,East
ORD14421,2022-11-03,CUST2439,25.0,Male,PAPP289,Denim Jeans,Apparel,1,652.98,652.98,West
ORD13818,2022-11-03,CUST3450,21.0,Female,PSPO694,Cricket Bat,Sports,1,417.88,417.88,South
ORD13571,2022-11-03,CUST2312,40.0,Male,PSPO871,Dumbbell Set,Sports,1,1402.82,1402.82,West
ORD10546,2022-11-03,CUST3034,27.0,Male,PHOM871,Table Lamp,Home & Kitchen,1,2192.18,2192.18,West
ORD14175,2022-11-03,CUST3467,37.0,Male,PSPO454,Dumbbell Set,Sports,1,1432.15,1432.15,South
ORD12767,2022-11-03,CUST2155,29.0,Female,PHOM951,Cushion Set,Home & Kitchen,1,2459.04,2459.04,North
ORD13083,2022-11-03,CUST2410,30.0,Female,PAPP732,Cotton T-Shirt,Apparel,1,856.18,856.18,North
ORD15681,2022-11-03,CUST2288,32.0,Male,PHOM400,Blender,Home & Kitchen,2,1330.88,2661.76,West
ORD11368,2022-11-03,CUST3749,24.0,Male,PHOM869,Non-stick Pan,Home & Kitchen,1,2337.29,2337.29,North
ORD12176,2022-11-03,CUST2799,21.0,Male,PBEA230,Perfume,Beauty,1,219.11,219.11,South
ORD13532,2022-11-03,CUST2187,33.0,Male,PHOM926,Cushion Set,Home & Kitchen,1,2004.5,2004.5,East
ORD13039,2022-11-03,CUST2650,26.0,Female,PBEA486,Face Wash,Beauty,1,442.15,442.15,South
ORD12018,2022-11-03,CUST3202,30.0,Female,PHOM194,Storage Rack,Home & Kitchen,1,1056.07,1056.07,West
ORD12184,2022-11-03,CUST2555,22.0,Male,PAPP736,Denim Jeans,Apparel,2,1776.57,3553.14,South
ORD13925,2022-11-03,CUST3536,29.0,Male,PHOM252,Non-stick Pan,Home & Kitchen,1,2218.81,2218.81,West
ORD13162,2022-11-03,CUST2282,39.0,Female,PSPO341,Football,Sports,1,1118.24,1118.24,North
ORD14388,2022-11-03,CUST2542,45.0,Male,PAPP693,Jacket,Apparel,1,952.67,952.67,North
ORD14398,2022-11-04,CUST2711,56.0,Male,PAPP446,Hoodie,Apparel,2,1595.54,3191.08,South
ORD11494,2022-11-04,CUST3676,19.0,Male,PELE363,Power Bank,Electronics,1,1183.19,1183.19,South
ORD15397,2022-11-04,CUST3588,28.0,Male,PBEA657,Face Serum,Beauty,2,1340.76,2681.52,East
ORD10478,2022-11-04,CUST3722,16.0,Female,PBEA360,Face Serum,Beauty,1,786.28,786.28,North
ORD13379,2022-11-04,CUST3608,38.0,Male,PHOM363,Non-stick Pan,Home & Kitchen,1,1471.52,1471.52,North
ORD13537,2022-11-04,CUST3008,33.0,Male,PHOM577,Cushion Set,Home & Kitchen,1,1268.84,1268.84,South
ORD11679,2022-11-04,CUST2355,44.0,Female,PBEA392,Perfume,Beauty,2,1045.24,2090.48,East
ORD10781,2022-11-04,CUST3561,24.0,Female,PAPP965,Running Shoes,Apparel,2,1093.1,2186.2,South
ORD13860,2022-11-04,CUST2348,42.0,Female,PAPP191,Jacket,Apparel,1,1510.49,1510.49,East
ORD13757,2022-11-04,CUST3544,40.0,Male,PAPP939,Running Shoes,Apparel,1,495.08,495.08,North
ORD14920,2022-11-04,CUST2391,34.0,Male,PELE524,Smartphone Case,Electronics,1,2215.23,2215.23,North
ORD11443,2022-11-04,CUST2930,42.0,Male,PBEA314,Perfume,Beauty,2,1369.74,2739.48,North
ORD15324,2022-11-04,CUST2618,39.0,Female,PBEA912,Face Wash,Beauty,1,470.58,470.58,South
ORD13106,2022-11-04,CUST2436,30.0,Female,PELE206,Power Bank,Electronics,1,2694.64,2694.64,East
ORD15574,2022-11-04,CUST3546,23.0,Male,PHOM731,Non-stick Pan,Home & Kitchen,2,1563.85,3127.7,North
ORD14174,2022-11-04,CUST2731,20.0,Female,PHOM671,Cushion Set,Home & Kitchen,1,330.51,330.51,East
ORD10991,2022-11-04,CUST2302,33.0,Female,PBEA416,Face Wash,Beauty,1,350.59,350.59,South
ORD13049,2022-11-04,CUST3110,33.0,Female,PAPP886,Running Shoes,Apparel,1,959.57,959.57,South
ORD14682,2022-11-05,CUST3709,24.0,Female,PAPP244,Cotton T-Shirt,Apparel,1,1791.22,1791.22,South
ORD13569,2022-11-05,CUST3685,38.0,Female,PELE440,Smartwatch,Electronics,1,2679.41,2679.41,East
ORD12123,2022-11-05,CUST3198,42.0,Female,PHOM622,Table Lamp,Home & Kitchen,2,2672.55,5345.1,South
ORD10209,2022-11-05,CUST3366,43.0,Female,PSPO623,Cycling Gloves,Sports,2,1103.73,2207.46,East
ORD12396,2022-11-05,CUST2297,26.0,Male,PSPO190,Cycling Gloves,Sports,1,2297.93,2297.93,West
ORD10152,2022-11-05,CUST2882,21.0,Male,PELE502,Wireless Earbuds,Electronics,1,3635.5,3635.5,North
ORD15360,2022-11-05,CUST3457,30.0,Female,PELE533,Smartphone Case,Electronics,1,953.21,953.21,South
ORD10286,2022-11-05,CUST2169,33.0,Male,PBEA315,Face Serum,Beauty,1,950.24,950.24,East
ORD10078,2022-11-05,CUST2316,24.0,Female,PBEA814,Shampoo,Beauty,1,1328.82,1328.82,South
ORD12938,2022-11-05,CUST2428,16.0,Male,PAPP784,Jacket,Apparel,1,2094.11,2094.11,South
ORD15434,2022-11-05,CUST2336,30.0,Male,PBEA250,Face Wash,Beauty,1,274.24,274.24,South
ORD13159,2022-11-05,CUST3637,25.0,Male,PHOM751,Non-stick Pan,Home & Kitchen,1,1425.9,1425.9,West
ORD12202,2022-11-05,CUST3470,38.0,Male,PELE663,Power Bank,Electronics,1,2030.29,2030.29,South
ORD10743,2022-11-05,CUST2883,41.0,Female,PELE677,Bluetooth Speaker,Electronics,1,2508.24,2508.24,East
ORD13315,2022-11-05,CUST2397,29.0,Male,PELE977,Smartphone Case,Electronics,1,1592.52,1592.52,North
ORD15768,2022-11-05,CUST3031,37.0,Male,PAPP278,Denim Jeans,Apparel,1,852.21,852.21,West
ORD10716,2022-11-05,CUST3350,36.0,Male,PHOM929,Non-stick Pan,Home & Kitchen,1,697.37,697.37,South
ORD11136,2022-11-05,CUST2343,28.0,Female,PSPO794,Football,Sports,1,1776.33,1776.33,South
ORD13669,2022-11-05,CUST3559,30.0,Female,PAPP423,Denim Jeans,Apparel,1,2138.57,2138.57,West
ORD14122,2022-11-06,CUST2328,31.0,Female,PHOM562,Storage Rack,Home & Kitchen,3,444.3,1332.9,North
ORD10719,2022-11-06,CUST2762,45.0,Female,PAPP880,Hoodie,Apparel,1,752.69,752.69,West
ORD14017,2022-11-06,CUST2924,34.0,Female,PBEA459,Lipstick,Beauty,1,1134.57,1134.57,South
ORD11099,2022-11-06,CUST2963,36.0,Female,PBEA253,Face Wash,Beauty,1,256.78,256.78,West
ORD12263,2022-11-06,CUST3358,18.0,Female,PBEA120,Lipstick,Beauty,1,429.14,429.14,East
ORD14540,2022-11-06,CUST3044,55.0,Female,PAPP698,Running Shoes,Apparel,1,2096.28,2096.28,East
ORD12762,2022-11-06,CUST3092,48.0,Male,PELE150,Smartphone Case,Electronics,1,3762.37,3762.37,South
ORD10708,2022-11-06,CUST2454,22.0,Female,PELE537,Smartphone Case,Electronics,1,1334.52,1334.52,East
ORD10657,2022-11-06,CUST3516,34.0,Male,PELE944,Smartwatch,Electronics,2,1702.99,3405.98,North
ORD13788,2022-11-06,CUST2270,34.0,Male,PHOM172,Storage Rack,Home & Kitchen,1,1184.36,1184.36,East
ORD13185,2022-11-06,CUST2632,29.0,Male,PELE989,Wireless Earbuds,Electronics,1,4466.24,4466.24,East
ORD14890,2022-11-06,CUST2260,17.0,Female,PAPP689,Hoodie,Apparel,1,877.48,877.48,North
ORD12848,2022-11-06,CUST3101,32.0,Female,PBEA718,Face Wash,Beauty,1,886.84,886.84,North
ORD13759,2022-11-06,CUST2392,35.0,Male,PHOM774,Non-stick Pan,Home & Kitchen,2,2824.9,5649.8,East
ORD15886,2022-11-06,CUST2957,33.0,Male,PAPP506,Jacket,Apparel,1,1845.52,1845.52,East
ORD15629,2022-11-06,CUST3389,25.0,Male,PBEA833,Shampoo,Beauty,2,427.13,854.26,East
ORD14337,2022-11-06,CUST3722,16.0,Female,PAPP930,Denim Jeans,Apparel,1,883.51,883.51,South
ORD11214,2022-11-06,CUST3519,48.0,Male,PHOM694,Non-stick Pan,Home & Kitchen,1,2420.92,2420.92,East
ORD15527,2022-11-06,CUST2893,37.0,Male,PHOM577,Storage Rack,Home & Kitchen,1,1407.13,1407.13,South
ORD11575,2022-11-06,CUST2376,37.0,Male,PSPO627,Cycling Gloves,Sports,1,1596.33,1596.33,South
ORD12695,2022-11-07,CUST2541,37.0,Female,PBEA141,Face Serum,Beauty,1,565.18,565.18,West
ORD14296,2022-11-07,CUST2846,20.0,Female,PSPO294,Dumbbell Set,Sports,1,1007.24,1007.24,West
ORD15185,2022-11-07,CUST3746,28.0,Male,PHOM373,Non-stick Pan,Home & Kitchen,1,990.53,990.53,North
ORD14904,2022-11-07,CUST3208,37.0,Female,PAPP141,Denim Jeans,Apparel,1,2082.92,2082.92,North
ORD12903,2022-11-07,CUST3145,33.0,Male,PHOM828,Non-stick Pan,Home & Kitchen,1,1661.06,1661.06,North
ORD10438,2022-11-07,CUST3296,26.0,Female,PAPP729,Denim Jeans,Apparel,1,1957.17,1957.17,East
ORD11009,2022-11-07,CUST3443,31.0,Female,PAPP809,Running Shoes,Apparel,1,2153.65,2153.65,South
ORD10195,2022-11-07,CUST2050,28.0,Male,PAPP398,Running Shoes,Apparel,1,1253.47,1253.47,East
ORD14018,2022-11-07,CUST2296,23.0,Female,PHOM608,Cushion Set,Home & Kitchen,3,2827.07,8481.21,East
ORD13009,2022-11-07,CUST2022,28.0,Male,PBEA425,Face Wash,Beauty,2,1187.98,2375.96,South
ORD13450,2022-11-07,CUST3538,45.0,Male,PSPO526,Dumbbell Set,Sports,1,827.62,827.62,North
ORD10139,2022-11-08,CUST2648,34.0,Female,PAPP709,Hoodie,Apparel,2,1245.67,2491.34,East
ORD11949,2022-11-08,CUST3396,32.0,Male,PBEA196,Face Serum,Beauty,1,280.03,280.03,South
ORD14132,2022-11-08,CUST2155,34.0,Female,PSPO916,Yoga Mat,Sports,1,1574.29,1574.29,East
ORD15030,2022-11-08,CUST2820,16.0,Female,PBEA686,Face Wash,Beauty,1,1296.2,1296.2,South
ORD14731,2022-11-08,CUST2979,42.0,Female,PBEA862,Face Wash,Beauty,1,1443.78,1443.78,East
ORD11175,2022-11-08,CUST2617,16.0,Male,PELE773,Power Bank,Electronics,1,3283.09,3283.09,South
ORD12492,2022-11-08,CUST2876,26.0,Male,PSPO933,Football,Sports,1,273.4,273.4,South
ORD11304,2022-11-08,CUST2143,29.0,Female,PELE593,Power Bank,Electronics,1,2682.45,2682.45,West
ORD11530,2022-11-08,CUST3589,22.0,Female,PBEA417,Shampoo,Beauty,1,837.2,837.2,West
ORD12530,2022-11-08,CUST3323,30.0,Male,PHOM154,Storage Rack,Home & Kitchen,2,424.32,848.64,South
ORD10118,2022-11-08,CUST2260,16.0,Female,PELE814,Smartphone Case,Electronics,1,2303.59,2303.59,North
ORD12555,2022-11-08,CUST2625,22.0,Male,PELE803,Wireless Earbuds,Electronics,1,2904.36,2904.36,North
ORD12413,2022-11-08,CUST3559,26.0,Female,PBEA795,Face Wash,Beauty,2,1329.05,2658.1,South
ORD11109,2022-11-08,CUST3337,35.0,Female,PAPP383,Cotton T-Shirt,Apparel,1,944.58,944.58,East
ORD12452,2022-11-08,CUST2150,33.0,Male,PAPP981,Running Shoes,Apparel,2,477.64,955.28,North
ORD11667,2022-11-08,CUST2289,37.0,Female,PELE873,Power Bank,Electronics,2,1197.43,2394.86,North
ORD11142,2022-11-08,CUST2031,17.0,Female,PELE263,Wireless Earbuds,Electronics,2,3757.6,7515.2,North
ORD15219,2022-11-08,CUST2063,37.0,Male,PELE822,Wireless Earbuds,Electronics,1,1678.09,1678.09,North
ORD15956,2022-11-08,CUST3600,25.0,Male,PELE685,Power Bank,Electronics,1,1344.14,1344.14,North
ORD12641,2022-11-08,CUST2531,16.0,Male,PHOM542,Non-stick Pan,Home & Kitchen,3,2740.28,8220.84,East
ORD11349,2022-11-08,CUST2206,16.0,Male,PELE730,Bluetooth Speaker,Electronics,1,2737.6,2737.6,West
ORD14991,2022-11-08,CUST3442,18.0,Male,PHOM329,Blender,Home & Kitchen,1,1243.79,1243.79,East
ORD13913,2022-11-08,CUST2323,28.0,Female,PAPP741,Cotton T-Shirt,Apparel,3,1316.32,3948.96,East
ORD13344,2022-11-09,CUST3720,16.0,Female,PSPO723,Cycling Gloves,Sports,2,364.95,729.9,North
ORD14739,2022-11-09,CUST3555,37.0,Female,PSPO262,Cycling Gloves,Sports,1,573.93,573.93,North
ORD10523,2022-11-09,CUST3329,21.0,Female,PELE774,Wireless Earbuds,Electronics,1,3063.1,3063.1,South
ORD14402,2022-11-09,CUST2992,44.0,Male,PSPO204,Football,Sports,1,1258.01,1258.01,North
ORD13142,2022-11-09,CUST3364,32.0,Female,PAPP767,Cotton T-Shirt,Apparel,1,1705.84,1705.84,North
ORD10740,2022-11-09,CUST3787,30.0,Female,PELE361,Smartphone Case,Electronics,1,3777.3,3777.3,South
ORD14541,2022-11-09,CUST3129,31.0,Female,PSPO511,Dumbbell Set,Sports,2,377.19,754.38,West
ORD13337,2022-11-09,CUST2573,41.0,Female,PELE591,Bluetooth Speaker,Electronics,1,3884.37,3884.37,South
ORD14555,2022-11-09,CUST2627,45.0,Male,PSPO197,Football,Sports,2,1473.8,2947.6,West
ORD13517,2022-11-09,CUST2460,42.0,Female,PBEA653,Shampoo,Beauty,1,295.18,295.18,West
ORD15993,2022-11-09,CUST2076,32.0,Female,PAPP329,Denim Jeans,Apparel,2,993.92,1987.84,South
ORD13859,2022-11-09,CUST3347,23.0,Female,PELE487,Bluetooth Speaker,Electronics,1,2872.97,2872.97,North
ORD11176,2022-11-09,CUST2774,33.0,Male,PELE750,Power Bank,Electronics,3,3097.41,9292.23,East
ORD14043,2022-11-09,CUST3709,23.0,Female,PAPP931,Running Shoes,Apparel,2,744.54,1489.08,South
ORD11924,2022-11-09,CUST3364,30.0,Male,PAPP382,Jacket,Apparel,1,2044.56,2044.56,North
ORD11168,2022-11-09,CUST3570,31.0,Male,PELE586,Wireless Earbuds,Electronics,1,841.46,841.46,East
ORD13304,2022-11-09,CUST3069,25.0,Female,PSPO817,Football,Sports,1,2327.53,2327.53,North
ORD14674,2022-11-09,CUST3298,38.0,Female,PHOM943,Non-stick Pan,Home & Kitchen,1,1704.56,1704.56,West
ORD13626,2022-11-10,CUST2334,25.0,Female,PBEA621,Perfume,Beauty,1,433.96,433.96,East
ORD13349,2022-11-10,CUST2404,16.0,Male,PHOM628,Cushion Set,Home & Kitchen,1,683.26,683.26,East
ORD12351,2022-11-10,CUST2185,16.0,Male,PELE336,Smartphone Case,Electronics,1,1290.32,1290.32,South
ORD10011,2022-11-10,CUST2451,29.0,Male,PSPO522,Football,Sports,1,2436.01,2436.01,North
ORD12851,2022-11-10,CUST2542,16.0,Female,PELE876,Bluetooth Speaker,Electronics,2,4489.92,8979.84,West
ORD10334,2022-11-10,CUST2820,48.0,Female,PSPO948,Cycling Gloves,Sports,1,907.26,907.26,South
ORD10406,2022-11-10,CUST2175,30.0,Female,PELE674,Smartwatch,Electronics,1,1554.59,1554.59,South
ORD12306,2022-11-10,CUST3006,34.0,Female,PBEA163,Face Wash,Beauty,1,456.26,456.26,West
ORD12611,2022-11-10,CUST2114,31.0,Male,PELE996,Power Bank,Electronics,1,2621.33,2621.33,West
ORD11006,2022-11-10,CUST2782,42.0,Male,PAPP543,Denim Jeans,Apparel,1,2127.33,2127.33,North
ORD15022,2022-11-10,CUST2010,24.0,Female,PAPP379,Jacket,Apparel,1,1483.05,1483.05,East
ORD14111,2022-11-10,CUST2075,22.0,Female,PBEA835,Lipstick,Beauty,2,1456.94,2913.88,North
ORD13577,2022-11-10,CUST3113,26.0,Female,PBEA240,Perfume,Beauty,1,915.78,915.78,West
ORD14345,2022-11-10,CUST2182,35.0,Male,PELE732,Smartphone Case,Electronics,1,3037.47,3037.47,East
ORD12098,2022-11-10,CUST2907,43.0,Female,PBEA982,Perfume,Beauty,1,1175.79,1175.79,North
ORD11865,2022-11-10,CUST2487,18.0,Female,PELE177,Bluetooth Speaker,Electronics,1,1311.17,1311.17,West
ORD11313,2022-11-11,CUST3774,32.0,Female,PSPO879,Dumbbell Set,Sports,2,448.39,896.78,West
ORD13585,2022-11-11,CUST2647,20.0,Female,PELE368,Power Bank,Electronics,2,1298.92,2597.84,North
ORD15642,2022-11-11,CUST3168,42.0,Male,PELE253,Power Bank,Electronics,1,4436.2,4436.2,North
ORD14926,2022-11-11,CUST2075,46.0,Female,PHOM224,Table Lamp,Home & Kitchen,2,393.45,786.9,North
ORD12940,2022-11-11,CUST2716,26.0,Female,PBEA241,Lipstick,Beauty,1,680.8,680.8,West
ORD10643,2022-11-11,CUST3059,23.0,Female,PELE127,Smartphone Case,Electronics,1,3666.16,3666.16,North
ORD13121,2022-11-11,CUST2134,35.0,Female,PHOM746,Storage Rack,Home & Kitchen,1,2213.85,2213.85,East
ORD11348,2022-11-11,CUST3345,24.0,Male,PBEA273,Face Serum,Beauty,1,598.93,598.93,East
ORD11864,2022-11-11,CUST3239,27.0,Female,PAPP212,Cotton T-Shirt,Apparel,1,1819.16,1819.16,North
ORD15268,2022-11-11,CUST2346,38.0,Female,PELE346,Wireless Earbuds,Electronics,1,3903.72,3903.72,South
ORD14282,2022-11-11,CUST2069,34.0,Male,PBEA651,Face Serum,Beauty,2,645.53,1291.06,North
ORD10801,2022-11-11,CUST3327,50.0,Female,PELE990,Bluetooth Speaker,Electronics,1,1668.86,1668.86,North
ORD14163,2022-11-11,CUST2659,19.0,Female,PBEA375,Face Wash,Beauty,1,221.46,221.46,North
ORD12581,2022-11-11,CUST2226,24.0,Female,PAPP960,Cotton T-Shirt,Apparel,2,1330.5,2661.0,South
ORD10593,2022-11-11,CUST2948,37.0,Male,PHOM116,Blender,Home & Kitchen,1,1138.92,1138.92,West
ORD12950,2022-11-11,CUST3196,28.0,Male,PELE745,Wireless Earbuds,Electronics,1,3439.12,3439.12,North
ORD11361,2022-11-11,CUST3229,35.0,Female,PAPP245,Denim Jeans,Apparel,1,1376.61,1376.61,North
ORD14850,2022-11-11,CUST2835,44.0,Male,PBEA866,Shampoo,Beauty,1,779.77,779.77,South
ORD12314,2022-11-12,CUST2564,45.0,Female,PAPP860,Jacket,Apparel,1,1046.09,1046.09,South
ORD14280,2022-11-12,CUST2430,38.0,Male,PSPO225,Cycling Gloves,Sports,1,624.8,624.8,East
ORD14869,2022-11-12,CUST3530,49.0,Male,PBEA217,Perfume,Beauty,1,498.25,498.25,West
ORD13415,2022-11-12,CUST3322,41.0,Female,PBEA951,Lipstick,Beauty,1,1113.69,1113.69,North
ORD13151,2022-11-12,CUST2962,40.0,Male,PELE658,Smartwatch,Electronics,1,3129.98,3129.98,West
ORD15737,2022-11-12,CUST2851,24.0,Female,PBEA906,Shampoo,Beauty,1,1395.14,1395.14,South
ORD14222,2022-11-12,CUST2939,40.0,Male,PSPO800,Cricket Bat,Sports,2,613.66,1227.32,South
ORD11237,2022-11-12,CUST2816,39.0,Male,PELE933,Wireless Earbuds,Electronics,1,3956.0,3956.0,North
ORD14962,2022-11-12,CUST3793,24.0,Male,PHOM700,Table Lamp,Home & Kitchen,1,2442.04,2442.04,East
ORD10511,2022-11-12,CUST3477,24.0,Female,PHOM419,Cushion Set,Home & Kitchen,2,2379.9,4759.8,North
ORD14091,2022-11-12,CUST3522,37.0,Male,PBEA217,Face Wash,Beauty,1,1305.43,1305.43,East
ORD12407,2022-11-12,CUST3231,23.0,Male,PBEA542,Lipstick,Beauty,1,1153.64,1153.64,South
ORD11678,2022-11-12,CUST2774,39.0,Male,PBEA139,Face Serum,Beauty,1,1407.95,1407.95,North
ORD12629,2022-11-12,CUST2104,37.0,Female,PAPP531,Hoodie,Apparel,2,650.52,1301.04,South
ORD11455,2022-11-12,CUST3580,19.0,Female,PAPP308,Jacket,Apparel,1,1786.59,1786.59,East
ORD12401,2022-11-12,CUST3585,26.0,Male,PELE720,Power Bank,Electronics,1,1069.95,1069.95,North
ORD12973,2022-11-12,CUST2778,26.0,Male,PHOM920,Non-stick Pan,Home & Kitchen,1,1668.08,1668.08,West
ORD10705,2022-11-12,CUST2149,36.0,Male,PHOM112,Non-stick Pan,Home & Kitchen,1,2561.67,2561.67,West
ORD12326,2022-11-12,CUST3377,26.0,Female,PHOM527,Non-stick Pan,Home & Kitchen,2,2488.11,4976.22,North
ORD15127,2022-11-12,CUST3340,30.0,Female,PHOM879,Blender,Home & Kitchen,2,2037.19,4074.38,South
ORD12101,2022-11-12,CUST2581,38.0,Female,PBEA714,Face Serum,Beauty,1,1451.68,1451.68,North
ORD11768,2022-11-13,CUST3749,39.0,Male,PAPP980,Cotton T-Shirt,Apparel,1,921.43,921.43,North
ORD12293,2022-11-13,CUST2411,40.0,Male,PSPO247,Yoga Mat,Sports,1,1729.13,1729.13,South
ORD10521,2022-11-13,CUST3704,18.0,Female,PHOM947,Non-stick Pan,Home & Kitchen,1,1661.83,1661.83,West
ORD10496,2022-11-13,CUST3394,20.0,Male,PAPP669,Running Shoes,Apparel,1,1987.52,1987.52,East
ORD13645,2022-11-13,CUST3529,28.0,Female,PELE461,Smartphone Case,Electronics,1,4078.37,4078.37,North
ORD15745,2022-11-13,CUST2215,20.0,Female,PSPO462,Football,Sports,1,1452.97,1452.97,East
ORD11339,2022-11-13,CUST2840,37.0,Female,PHOM914,Non-stick Pan,Home & Kitchen,1,1300.26,1300.26,South
ORD10212,2022-11-13,CUST3300,24.0,Female,PELE876,Power Bank,Electronics,1,1813.23,1813.23,North
ORD11249,2022-11-13,CUST2899,40.0,Male,PELE187,Smartphone Case,Electronics,1,2926.66,2926.66,North
ORD11593,2022-11-13,CUST2535,24.0,Male,PHOM540,Storage Rack,Home & Kitchen,2,2375.84,4751.68,North
ORD15187,2022-11-13,CUST3553,30.0,Female,PELE497,Power Bank,Electronics,2,3925.25,7850.5,East
ORD14432,2022-11-13,CUST2639,25.0,Male,PAPP108,Cotton T-Shirt,Apparel,1,1819.31,1819.31,West
ORD15556,2022-11-13,CUST2962,39.0,Female,PELE199,Smartwatch,Electronics,1,1150.23,1150.23,West
ORD11064,2022-11-13,CUST3407,41.0,Female,PELE348,Bluetooth Speaker,Electronics,1,1394.35,1394.35,East
ORD12104,2022-11-13,CUST3198,28.0,Male,PELE129,Power Bank,Electronics,1,1226.18,1226.18,North
ORD11468,2022-11-13,CUST3736,27.0,Male,PELE385,Smartwatch,Electronics,1,1543.52,1543.52,South
ORD14237,2022-11-13,CUST2610,39.0,Female,PELE563,Power Bank,Electronics,2,4336.61,8673.22,East
ORD13267,2022-11-13,CUST3156,23.0,Female,PELE899,Smartphone Case,Electronics,1,3819.7,3819.7,West
ORD13706,2022-11-13,CUST3706,25.0,Female,PELE251,Smartwatch,Electronics,1,2963.3,2963.3,East
ORD13186,2022-11-13,CUST2369,39.0,Female,PBEA986,Face Serum,Beauty,1,1033.68,1033.68,North
ORD15520,2022-11-13,CUST2788,38.0,Female,PELE880,Bluetooth Speaker,Electronics,1,3693.42,3693.42,East
ORD11377,2022-11-13,CUST3327,33.0,Female,PAPP568,Hoodie,Apparel,2,1010.14,2020.28,West
ORD13061,2022-11-13,CUST2114,28.0,Male,PBEA339,Perfume,Beauty,1,498.48,498.48,South
ORD13014,2022-11-13,CUST3541,37.0,Female,PELE304,Smartphone Case,Electronics,2,1736.21,3472.42,North
ORD14909,2022-11-14,CUST3596,24.0,Male,PELE652,Wireless Earbuds,Electronics,1,1072.0,1072.0,North
ORD14080,2022-11-14,CUST3399,43.0,Male,PELE961,Wireless Earbuds,Electronics,1,2032.28,2032.28,South
ORD14638,2022-11-14,CUST2874,33.0,Female,PSPO264,Cricket Bat,Sports,3,635.14,1905.42,East
ORD10509,2022-11-14,CUST3382,31.0,Female,PELE443,Smartphone Case,Electronics,3,2737.35,8212.05,East
ORD11392,2022-11-14,CUST2730,40.0,Female,PELE943,Wireless Earbuds,Electronics,1,1218.31,1218.31,North
ORD10302,2022-11-14,CUST2923,32.0,Male,PSPO125,Dumbbell Set,Sports,1,1376.69,1376.69,West
ORD15198,2022-11-14,CUST2470,29.0,Female,PELE108,Smartphone Case,Electronics,1,1952.96,1952.96,North
ORD11750,2022-11-14,CUST2898,16.0,Male,PAPP207,Jacket,Apparel,1,826.2,826.2,North
ORD10895,2022-11-14,CUST3688,40.0,Male,PHOM213,Blender,Home & Kitchen,1,1627.46,1627.46,South
ORD11739,2022-11-14,CUST3029,44.0,Female,PSPO312,Cycling Gloves,Sports,1,1386.66,1386.66,East
ORD13323,2022-11-14,CUST2902,37.0,Female,PHOM808,Cushion Set,Home & Kitchen,2,2474.49,4948.98,North
ORD12028,2022-11-14,CUST2916,25.0,Male,PHOM855,Table Lamp,Home & Kitchen,1,2031.1,2031.1,West
ORD14964,2022-11-14,CUST3765,24.0,Female,PAPP422,Running Shoes,Apparel,1,1653.15,1653.15,North
ORD15042,2022-11-14,CUST2119,26.0,Female,PAPP552,Denim Jeans,Apparel,2,1693.06,3386.12,West
ORD11190,2022-11-14,CUST3448,31.0,Female,PSPO994,Yoga Mat,Sports,1,1447.0,1447.0,North
ORD11716,2022-11-14,CUST3586,21.0,Male,PAPP494,Jacket,Apparel,1,1536.92,1536.92,East
ORD15365,2022-11-14,CUST2009,32.0,Female,PHOM255,Table Lamp,Home & Kitchen,1,2898.67,2898.67,North
ORD13742,2022-11-14,CUST3440,30.0,Male,PELE500,Wireless Earbuds,Electronics,1,1088.02,1088.02,South
ORD13219,2022-11-14,CUST2788,25.0,Male,PBEA371,Perfume,Beauty,2,1271.73,2543.46,North
ORD10069,2022-11-14,CUST2224,22.0,Female,PSPO488,Dumbbell Set,Sports,1,1892.12,1892.12,North
ORD13762,2022-11-15,CUST2436,17.0,Female,PAPP883,Denim Jeans,Apparel,3,1804.13,5412.39,North
ORD10660,2022-11-15,CUST3371,36.0,Male,PBEA233,Perfume,Beauty,1,1123.56,1123.56,West
ORD13182,2022-11-15,CUST2093,22.0,Male,PBEA659,Shampoo,Beauty,1,314.21,314.21,South
ORD15311,2022-11-15,CUST2759,22.0,Male,PELE599,Wireless Earbuds,Electronics,1,2386.22,2386.22,North
ORD13073,2022-11-15,CUST2517,39.0,Female,PAPP193,Denim Jeans,Apparel,1,1153.76,1153.76,North
ORD15043,2022-11-15,CUST2782,32.0,Male,PBEA106,Face Serum,Beauty,2,209.87,419.74,North
ORD12006,2022-11-15,CUST2203,49.0,Female,PELE469,Smartwatch,Electronics,1,1320.2,1320.2,West
ORD15104,2022-11-15,CUST2061,22.0,Female,PBEA156,Face Serum,Beauty,1,855.68,855.68,North
ORD11144,2022-11-15,CUST2850,41.0,Male,PSPO662,Cycling Gloves,Sports,1,1719.78,1719.78,South
ORD13756,2022-11-15,CUST3536,35.0,Male,PELE132,Power Bank,Electronics,1,1051.05,1051.05,South
ORD10625,2022-11-15,CUST3626,17.0,Male,PSPO288,Football,Sports,1,1526.39,1526.39,South
ORD13393,2022-11-15,CUST2371,35.0,Female,PELE545,Smartphone Case,Electronics,1,2974.67,2974.67,East
ORD12370,2022-11-16,CUST3005,39.0,Female,PELE298,Wireless Earbuds,Electronics,1,874.39,874.39,West
ORD12256,2022-11-16,CUST2798,35.0,Female,PBEA558,Face Wash,Beauty,2,789.39,1578.78,South
ORD13890,2022-11-16,CUST2304,48.0,Male,PHOM685,Non-stick Pan,Home & Kitchen,2,513.76,1027.52,South
ORD15893,2022-11-16,CUST2296,29.0,Male,PAPP297,Running Shoes,Apparel,2,406.41,812.82,East
ORD10672,2022-11-16,CUST3377,39.0,Female,PHOM689,Cushion Set,Home & Kitchen,2,1179.78,2359.56,East
ORD11762,2022-11-16,CUST2383,23.0,Male,PAPP844,Jacket,Apparel,2,713.88,1427.76,North
ORD11257,2022-11-16,CUST3695,31.0,Male,PBEA201,Face Serum,Beauty,2,152.76,305.52,East
ORD15884,2022-11-16,CUST3182,34.0,Female,PAPP726,Running Shoes,Apparel,1,959.5,959.5,North
ORD10936,2022-11-16,CUST2565,22.0,Male,PELE852,Smartwatch,Electronics,1,2705.57,2705.57,East
ORD10675,2022-11-16,CUST3592,47.0,Female,PSPO513,Yoga Mat,Sports,2,624.01,1248.02,South
ORD14710,2022-11-16,CUST3279,33.0,Male,PHOM174,Blender,Home & Kitchen,1,1245.32,1245.32,East
ORD13278,2022-11-16,CUST3750,45.0,Female,PELE824,Smartphone Case,Electronics,2,3645.4,7290.8,South
ORD11429,2022-11-16,CUST2791,24.0,Male,PAPP514,Jacket,Apparel,1,579.13,579.13,West
ORD15037,2022-11-16,CUST3651,29.0,Female,PAPP734,Cotton T-Shirt,Apparel,2,844.42,1688.84,South
ORD10135,2022-11-16,CUST2030,27.0,Male,PBEA750,Face Wash,Beauty,1,1273.76,1273.76,West
ORD11199,2022-11-16,CUST3037,22.0,Female,PAPP900,Denim Jeans,Apparel,1,1673.73,1673.73,North
ORD10868,2022-11-16,CUST2854,35.0,Male,PHOM568,Cushion Set,Home & Kitchen,2,2011.35,4022.7,West
ORD14715,2022-11-16,CUST2256,39.0,Female,PELE245,Wireless Earbuds,Electronics,1,3849.04,3849.04,South
ORD15050,2022-11-16,CUST2542,37.0,Male,PELE978,Wireless Earbuds,Electronics,2,979.49,1958.98,South
ORD12050,2022-11-16,CUST2724,42.0,Male,PAPP242,Denim Jeans,Apparel,1,2081.23,2081.23,South
ORD14615,2022-11-17,CUST2478,36.0,Female,PELE444,Wireless Earbuds,Electronics,2,4072.37,8144.74,North
ORD15442,2022-11-17,CUST3224,37.0,Female,PAPP504,Jacket,Apparel,1,2124.03,2124.03,West
ORD14424,2022-11-17,CUST2705,29.0,Male,PELE105,Power Bank,Electronics,1,4337.19,4337.19,South
ORD10804,2022-11-17,CUST2136,39.0,Female,PELE399,Power Bank,Electronics,1,3438.73,3438.73,North
ORD13990,2022-11-17,CUST2533,33.0,Male,PHOM872,Cushion Set,Home & Kitchen,2,1910.52,3821.04,South
ORD10083,2022-11-17,CUST2022,29.0,Male,PSPO184,Cycling Gloves,Sports,2,1401.98,2803.96,North
ORD12415,2022-11-17,CUST3110,28.0,Female,PAPP460,Denim Jeans,Apparel,1,601.94,601.94,South
ORD13111,2022-11-17,CUST2409,38.0,Male,PBEA866,Perfume,Beauty,1,978.56,978.56,North
ORD14070,2022-11-17,CUST2021,16.0,Male,PELE535,Power Bank,Electronics,1,3657.03,3657.03,East
ORD10585,2022-11-17,CUST2235,34.0,Female,PSPO849,Yoga Mat,Sports,1,815.65,815.65,South
ORD11281,2022-11-17,CUST3189,18.0,Male,PHOM120,Non-stick Pan,Home & Kitchen,1,2117.11,2117.11,South
ORD15841,2022-11-17,CUST2286,19.0,Female,PHOM648,Table Lamp,Home & Kitchen,1,1349.93,1349.93,East
ORD13658,2022-11-17,CUST2796,38.0,Male,PSPO351,Cricket Bat,Sports,1,1921.17,1921.17,West
ORD12161,2022-11-17,CUST3761,29.0,Female,PAPP642,Jacket,Apparel,1,807.37,807.37,South
ORD12146,2022-11-17,CUST2237,16.0,Female,PAPP189,Running Shoes,Apparel,1,868.13,868.13,East
ORD11059,2022-11-17,CUST2362,37.0,Male,PHOM139,Blender,Home & Kitchen,1,950.89,950.89,South
ORD10077,2022-11-17,CUST3554,31.0,Female,PAPP793,Jacket,Apparel,1,1319.6,1319.6,East
ORD10265,2022-11-17,CUST3558,22.0,Male,PAPP334,Cotton T-Shirt,Apparel,1,946.05,946.05,West
ORD13696,2022-11-18,CUST2926,33.0,Male,PELE306,Bluetooth Speaker,Electronics,2,4051.46,8102.92,South
ORD11601,2022-11-18,CUST3045,37.0,Female,PSPO896,Cricket Bat,Sports,1,455.47,455.47,North
ORD14310,2022-11-18,CUST2087,18.0,Male,PHOM145,Table Lamp,Home & Kitchen,1,712.21,712.21,East
ORD12819,2022-11-18,CUST3307,33.0,Male,PAPP552,Running Shoes,Apparel,1,1085.4,1085.4,South
ORD12838,2022-11-18,CUST3390,39.0,Male,PHOM325,Blender,Home & Kitchen,1,2411.9,2411.9,West
ORD14420,2022-11-18,CUST2287,28.0,Male,PHOM845,Storage Rack,Home & Kitchen,1,1428.2,1428.2,North
ORD13466,2022-11-18,CUST2616,51.0,Female,PHOM537,Cushion Set,Home & Kitchen,1,585.74,585.74,South
ORD11388,2022-11-18,CUST2383,36.0,Male,PHOM337,Storage Rack,Home & Kitchen,1,770.64,770.64,North
ORD14847,2022-11-18,CUST2116,24.0,Female,PELE178,Wireless Earbuds,Electronics,1,1080.89,1080.89,South
ORD12761,2022-11-18,CUST3189,49.0,Male,PELE687,Wireless Earbuds,Electronics,1,2504.88,2504.88,South
ORD13398,2022-11-18,CUST2747,27.0,Male,PAPP417,Cotton T-Shirt,Apparel,1,1927.29,1927.29,South
ORD11372,2022-11-18,CUST2727,38.0,Female,PAPP925,Cotton T-Shirt,Apparel,1,1944.62,1944.62,East
ORD15504,2022-11-18,CUST3069,34.0,Female,PELE948,Smartwatch,Electronics,1,4420.34,4420.34,West
ORD13735,2022-11-18,CUST3228,46.0,Female,PELE927,Wireless Earbuds,Electronics,1,3444.8,3444.8,South
ORD11524,2022-11-18,CUST3680,27.0,Male,PBEA568,Perfume,Beauty,1,1084.86,1084.86,North
ORD12016,2022-11-18,CUST3485,39.0,Male,PAPP738,Running Shoes,Apparel,1,551.65,551.65,North
ORD10668,2022-11-19,CUST2796,26.0,Male,PSPO153,Cycling Gloves,Sports,1,2262.9,2262.9,South
ORD13638,2022-11-19,CUST2258,28.0,Female,PAPP905,Hoodie,Apparel,1,1801.75,1801.75,West
ORD11087,2022-11-19,CUST3489,43.0,Male,PSPO959,Cycling Gloves,Sports,1,307.42,307.42,North
ORD12569,2022-11-19,CUST2711,31.0,Female,PAPP771,Cotton T-Shirt,Apparel,2,2077.66,4155.32,West
ORD14117,2022-11-19,CUST2907,40.0,Male,PHOM505,Storage Rack,Home & Kitchen,1,1461.05,1461.05,East
ORD11157,2022-11-19,CUST3430,31.0,Male,PELE984,Bluetooth Speaker,Electronics,1,2579.6,2579.6,East
ORD15482,2022-11-19,CUST3157,28.0,Male,PELE364,Wireless Earbuds,Electronics,2,2445.74,4891.48,East
ORD12352,2022-11-19,CUST2672,41.0,Female,PSPO430,Cricket Bat,Sports,1,2223.14,2223.14,South
ORD11546,2022-11-19,CUST2864,26.0,Female,PAPP165,Jacket,Apparel,1,1196.44,1196.44,South
ORD11138,2022-11-19,CUST2424,39.0,Female,PELE121,Power Bank,Electronics,1,1456.52,1456.52,East
ORD11197,2022-11-19,CUST2501,39.0,Female,PBEA638,Shampoo,Beauty,1,1036.04,1036.04,West
ORD15262,2022-11-19,CUST3795,23.0,Male,PSPO687,Cricket Bat,Sports,1,1892.48,1892.48,South
ORD12151,2022-11-19,CUST2849,25.0,Female,PAPP489,Hoodie,Apparel,1,935.74,935.74,South
ORD11726,2022-11-19,CUST2256,31.0,Female,PAPP556,Jacket,Apparel,1,1925.13,1925.13,North
ORD10690,2022-11-19,CUST3150,17.0,Female,PAPP167,Cotton T-Shirt,Apparel,1,2037.15,2037.15,East
ORD15842,2022-11-19,CUST3439,23.0,Male,PSPO344,Dumbbell Set,Sports,1,2327.87,2327.87,West
ORD12911,2022-11-19,CUST2009,37.0,Male,PBEA583,Face Wash,Beauty,1,1138.21,1138.21,North
ORD15719,2022-11-19,CUST2743,35.0,Male,PHOM316,Non-stick Pan,Home & Kitchen,1,2579.27,2579.27,East
ORD10350,2022-11-20,CUST3393,24.0,Female,PBEA166,Lipstick,Beauty,1,744.32,744.32,West
ORD11705,2022-11-20,CUST3150,33.0,Male,PSPO287,Cricket Bat,Sports,1,2295.44,2295.44,East
ORD10458,2022-11-20,CUST3544,16.0,Male,PELE701,Smartphone Case,Electronics,2,1702.25,3404.5,East
ORD10025,2022-11-20,CUST2102,19.0,Female,PAPP250,Hoodie,Apparel,1,1999.66,1999.66,North
ORD11111,2022-11-20,CUST3235,22.0,Female,PELE544,Bluetooth Speaker,Electronics,1,1946.49,1946.49,West
ORD10976,2022-11-20,CUST2458,,Male,PAPP628,Hoodie,Apparel,1,1968.34,1968.34,North
ORD13698,2022-11-20,CUST3132,42.0,Female,PAPP987,Hoodie,Apparel,1,1015.53,1015.53,East
ORD13525,2022-11-20,CUST2197,28.0,Male,PHOM534,Blender,Home & Kitchen,1,580.69,580.69,East
ORD14779,2022-11-20,CUST2645,33.0,Female,PAPP104,Running Shoes,Apparel,1,1292.56,1292.56,North
ORD10720,2022-11-20,CUST2645,40.0,Female,PHOM458,Non-stick Pan,Home & Kitchen,1,2400.83,2400.83,East
ORD15639,2022-11-20,CUST3346,27.0,Female,PAPP791,Cotton T-Shirt,Apparel,1,1765.8,1765.8,North
ORD15437,2022-11-20,CUST2733,24.0,Female,PELE886,Wireless Earbuds,Electronics,1,2657.04,2657.04,South
ORD12497,2022-11-20,CUST2163,35.0,Female,PSPO430,Dumbbell Set,Sports,1,967.03,967.03,South
ORD10396,2022-11-20,CUST3761,38.0,Female,PHOM462,Non-stick Pan,Home & Kitchen,1,1044.63,1044.63,North
ORD10066,2022-11-20,CUST2475,39.0,Female,PBEA506,Face Wash,Beauty,1,1352.47,1352.47,East
ORD11431,2022-11-20,CUST2259,46.0,Male,PHOM571,Table Lamp,Home & Kitchen,1,872.84,872.84,East
ORD13864,2022-11-21,CUST2731,31.0,Male,PAPP291,Cotton T-Shirt,Apparel,1,598.78,598.78,West
ORD10773,2022-11-21,CUST3057,27.0,Male,PELE176,Wireless Earbuds,Electronics,1,4204.66,4204.66,South
ORD12343,2022-11-21,CUST3351,46.0,Female,PBEA921,Face Serum,Beauty,1,1136.67,1136.67,East
ORD10760,2022-11-21,CUST2848,28.0,Female,PSPO687,Cycling Gloves,Sports,1,618.7,618.7,East
ORD15885,2022-11-21,CUST2719,32.0,Female,PAPP945,Hoodie,Apparel,1,1988.73,1988.73,North
ORD13908,2022-11-21,CUST3384,37.0,Male,PELE140,Smartphone Case,Electronics,1,2805.09,2805.09,West
ORD14549,2022-11-21,CUST3477,31.0,Male,PHOM239,Storage Rack,Home & Kitchen,1,1289.72,1289.72,South
ORD14777,2022-11-21,CUST2654,28.0,Female,PELE635,Smartwatch,Electronics,1,4190.77,4190.77,West
ORD14961,2022-11-21,CUST3545,18.0,Male,PAPP920,Cotton T-Shirt,Apparel,1,773.22,773.22,West
ORD13940,2022-11-21,CUST3730,40.0,Male,PBEA859,Perfume,Beauty,1,1328.83,1328.83,East
ORD10956,2022-11-21,CUST3128,34.0,Male,PHOM434,Cushion Set,Home & Kitchen,1,2563.02,2563.02,South
ORD13803,2022-11-21,CUST3350,43.0,Male,PHOM674,Non-stick Pan,Home & Kitchen,1,1178.24,1178.24,North
ORD11815,2022-11-21,CUST3259,33.0,Female,PSPO501,Yoga Mat,Sports,3,1958.4,5875.2,West
ORD11842,2022-11-21,CUST3359,31.0,Female,PSPO185,Football,Sports,1,1758.2,1758.2,South
ORD14020,2022-11-21,CUST3329,43.0,Female,PAPP768,Cotton T-Shirt,Apparel,1,1533.5,1533.5,West
ORD11847,2022-11-21,CUST3024,42.0,Female,PAPP980,Cotton T-Shirt,Apparel,1,1420.9,1420.9,West
ORD12282,2022-11-21,CUST3525,27.0,Female,PELE589,Smartwatch,Electronics,2,3048.84,6097.68,West
ORD11125,2022-11-21,CUST3608,31.0,Male,PHOM961,Storage Rack,Home & Kitchen,1,2279.12,2279.12,North
ORD10504,2022-11-21,CUST3720,34.0,Male,PBEA641,Face Serum,Beauty,1,1018.15,1018.15,North
ORD14181,2022-11-21,CUST2274,18.0,Male,PBEA710,Face Serum,Beauty,2,1026.38,2052.76,North
ORD13169,2022-11-21,CUST3789,32.0,Male,PAPP655,Running Shoes,Apparel,2,1459.3,2918.6,South
ORD15097,2022-11-22,CUST2687,17.0,Female,PELE115,Bluetooth Speaker,Electronics,1,4120.16,4120.16,North
ORD12963,2022-11-22,CUST3539,51.0,Male,PHOM169,Storage Rack,Home & Kitchen,1,2509.05,2509.05,West
ORD12198,2022-11-22,CUST3783,40.0,Female,PHOM529,Storage Rack,Home & Kitchen,1,1961.95,1961.95,North
ORD14279,2022-11-22,CUST2296,39.0,Male,PELE317,Bluetooth Speaker,Electronics,3,2622.23,7866.69,East
ORD11265,2022-11-22,CUST2408,35.0,Female,PAPP150,Jacket,Apparel,2,2030.26,4060.52,North
ORD14350,2022-11-22,CUST2414,27.0,Female,PAPP741,Jacket,Apparel,2,1655.29,3310.58,East
ORD14146,2022-11-22,CUST3774,37.0,Female,PELE828,Wireless Earbuds,Electronics,1,2172.43,2172.43,South
ORD12442,2022-11-22,CUST2129,48.0,Male,PELE479,Smartphone Case,Electronics,2,920.36,1840.72,North
ORD12034,2022-11-22,CUST2252,26.0,Female,PBEA939,Lipstick,Beauty,1,349.91,349.91,North
ORD12790,2022-11-22,CUST2378,19.0,Female,PHOM224,Table Lamp,Home & Kitchen,1,2819.44,2819.44,South
ORD15453,2022-11-22,CUST2295,56.0,Female,PELE624,Smartwatch,Electronics,2,3953.91,7907.82,West
ORD15426,2022-11-22,CUST3418,19.0,Female,PAPP440,Running Shoes,Apparel,1,1998.47,1998.47,North
ORD11804,2022-11-22,CUST2104,47.0,Female,PSPO934,Cricket Bat,Sports,1,739.23,739.23,South
ORD12422,2022-11-22,CUST3403,56.0,Female,PAPP117,Running Shoes,Apparel,1,915.19,915.19,North
ORD13487,2022-11-22,CUST3337,35.0,Male,PHOM404,Storage Rack,Home & Kitchen,1,1678.66,1678.66,North
ORD14767,2022-11-22,CUST2614,25.0,Male,PHOM482,Table Lamp,Home & Kitchen,1,2258.71,2258.71,South
ORD12344,2022-11-22,CUST3468,29.0,Male,PSPO681,Dumbbell Set,Sports,1,2452.6,2452.6,West
ORD10947,2022-11-23,CUST2444,39.0,Male,PELE584,Wireless Earbuds,Electronics,1,1455.67,1455.67,East
ORD10336,2022-11-23,CUST2662,29.0,Male,PBEA743,Shampoo,Beauty,2,1344.67,2689.34,East
ORD14093,2022-11-23,CUST2978,41.0,Male,PELE695,Power Bank,Electronics,1,1843.06,1843.06,North
ORD12866,2022-11-23,CUST3665,19.0,Female,PBEA814,Face Serum,Beauty,1,456.93,456.93,West
ORD12483,2022-11-23,CUST3071,44.0,Female,PAPP917,Running Shoes,Apparel,2,2135.37,4270.74,North
ORD11902,2022-11-23,CUST3707,16.0,Female,PSPO272,Football,Sports,2,1941.94,3883.88,South
ORD15679,2022-11-23,CUST2942,45.0,Male,PAPP349,Jacket,Apparel,1,709.66,709.66,North
ORD14743,2022-11-23,CUST2846,31.0,Male,PELE388,Smartwatch,Electronics,1,3093.08,3093.08,South
ORD11832,2022-11-23,CUST2683,34.0,Female,PHOM709,Table Lamp,Home & Kitchen,1,2663.66,2663.66,South
ORD11029,2022-11-23,CUST3369,31.0,Male,PELE289,Power Bank,Electronics,2,1950.51,3901.02,West
ORD15165,2022-11-23,CUST2958,31.0,Female,PBEA547,Perfume,Beauty,1,1254.13,1254.13,North
ORD11089,2022-11-23,CUST3332,16.0,Male,PBEA720,Lipstick,Beauty,2,547.13,1094.26,North
ORD10261,2022-11-23,CUST3264,31.0,Male,PHOM478,Table Lamp,Home & Kitchen,1,2421.62,2421.62,South
ORD12935,2022-11-23,CUST2637,27.0,Male,PSPO448,Yoga Mat,Sports,1,1171.3,1171.3,West
ORD15932,2022-11-23,CUST2871,33.0,Female,PELE703,Smartwatch,Electronics,1,1366.98,1366.98,North
ORD14373,2022-11-23,CUST3046,28.0,Male,PELE412,Bluetooth Speaker,Electronics,1,3881.13,3881.13,North
ORD15239,2022-11-23,CUST2524,25.0,Male,PAPP393,Running Shoes,Apparel,1,1065.89,1065.89,West
ORD10357,2022-11-23,CUST3207,17.0,Female,PHOM661,Table Lamp,Home & Kitchen,1,323.64,323.64,North
ORD12260,2022-11-23,CUST2096,23.0,Male,PHOM457,Table Lamp,Home & Kitchen,1,468.32,468.32,East
ORD15859,2022-11-23,CUST2977,35.0,Male,PHOM757,Non-stick Pan,Home & Kitchen,2,1175.55,2351.1,East
ORD14838,2022-11-23,CUST3497,45.0,Female,PELE643,Smartphone Case,Electronics,1,2598.45,2598.45,East
ORD11043,2022-11-23,CUST3216,39.0,Female,PSPO915,Cycling Gloves,Sports,2,891.03,1782.06,East
ORD15902,2022-11-23,CUST2680,18.0,Female,PAPP373,Denim Jeans,Apparel,1,1119.59,1119.59,West
ORD10492,2022-11-23,CUST2053,30.0,Female,PAPP379,Jacket,Apparel,1,1232.03,1232.03,North
ORD10244,2022-11-23,CUST3488,18.0,Male,PAPP910,Running Shoes,Apparel,1,1108.87,1108.87,North
ORD11213,2022-11-23,CUST2401,27.0,Male,PELE577,Power Bank,Electronics,2,2284.05,4568.1,West
ORD14029,2022-11-23,CUST3073,22.0,Male,PAPP237,Hoodie,Apparel,1,1960.1,1960.1,South
ORD12806,2022-11-23,CUST3547,31.0,Female,PSPO160,Cricket Bat,Sports,2,891.9,1783.8,North
ORD14156,2022-11-23,CUST3469,16.0,Female,PHOM579,Table Lamp,Home & Kitchen,2,2766.64,5533.28,North
ORD15833,2022-11-23,CUST3130,30.0,Male,PELE838,Bluetooth Speaker,Electronics,1,3758.36,3758.36,West
ORD14077,2022-11-23,CUST3477,41.0,Male,PSPO681,Cricket Bat,Sports,1,1267.58,1267.58,North
ORD13975,2022-11-24,CUST3312,37.0,Male,PELE450,Power Bank,Electronics,3,3331.52,9994.56,North
ORD14737,2022-11-24,CUST3280,26.0,Male,PAPP294,Denim Jeans,Apparel,2,1571.05,3142.1,North
ORD11145,2022-11-24,CUST3503,32.0,Female,PELE323,Smartphone Case,Electronics,1,3459.93,3459.93,West
ORD14035,2022-11-24,CUST2876,41.0,Male,PELE603,Smartwatch,Electronics,1,2939.62,2939.62,West
ORD13492,2022-11-24,CUST3026,51.0,Female,PAPP959,Jacket,Apparel,2,1943.65,3887.3,South
ORD12577,2022-11-24,CUST2107,34.0,Female,PHOM217,Non-stick Pan,Home & Kitchen,1,1113.18,1113.18,North
ORD11508,2022-11-24,CUST3475,33.0,Female,PAPP642,Cotton T-Shirt,Apparel,2,2022.73,4045.46,North
ORD14680,2022-11-24,CUST3140,43.0,Male,PELE425,Power Bank,Electronics,1,1376.72,1376.72,North
ORD12683,2022-11-24,CUST2557,31.0,Female,PHOM212,Blender,Home & Kitchen,1,313.79,313.79,West
ORD13370,2022-11-24,CUST3039,32.0,Female,PAPP472,Hoodie,Apparel,1,1003.51,1003.51,West
ORD10827,2022-11-24,CUST2104,28.0,Female,PBEA235,Shampoo,Beauty,1,177.46,177.46,South
ORD14306,2022-11-24,CUST2392,31.0,Male,PSPO793,Football,Sports,1,1122.1,1122.1,East
ORD11353,2022-11-24,CUST2366,42.0,Male,PSPO262,Cycling Gloves,Sports,1,748.0,748.0,North
ORD13268,2022-11-24,CUST3299,37.0,Male,PAPP593,Hoodie,Apparel,1,837.02,837.02,East
ORD15436,2022-11-25,CUST3698,51.0,Male,PSPO233,Yoga Mat,Sports,1,1254.27,1254.27,North
ORD10556,2022-11-25,CUST3359,25.0,Male,PAPP554,Hoodie,Apparel,2,1306.03,2612.06,East
ORD14752,2022-11-25,CUST3449,16.0,Male,PELE449,Power Bank,Electronics,1,2178.44,2178.44,North
ORD12774,2022-11-25,CUST2064,37.0,Female,PSPO870,Dumbbell Set,Sports,1,1802.95,1802.95,West
ORD11800,2022-11-25,CUST3654,41.0,Female,PHOM588,Non-stick Pan,Home & Kitchen,2,1841.6,3683.2,East
ORD11596,2022-11-25,CUST2221,47.0,Male,PELE778,Power Bank,Electronics,2,2779.94,5559.88,North
ORD14107,2022-11-25,CUST3236,24.0,Male,PHOM460,Blender,Home & Kitchen,1,1021.44,1021.44,North
ORD11178,2022-11-25,CUST2894,32.0,Male,PHOM583,Non-stick Pan,Home & Kitchen,2,1505.31,3010.62,North
ORD12975,2022-11-25,CUST2903,31.0,Female,PELE547,Power Bank,Electronics,1,1831.38,1831.38,North
ORD13462,2022-11-25,CUST2851,30.0,Male,PBEA242,Face Serum,Beauty,1,1137.9,1137.9,North
ORD10300,2022-11-25,CUST3029,20.0,Male,PSPO859,Yoga Mat,Sports,2,1395.04,2790.08,East
ORD12844,2022-11-25,CUST3291,28.0,Female,PELE811,Smartphone Case,Electronics,1,1164.73,1164.73,South
ORD13416,2022-11-25,CUST2827,50.0,Male,PELE191,Smartwatch,Electronics,1,4172.21,4172.21,North
ORD13719,2022-11-26,CUST3295,36.0,Male,PAPP742,Jacket,Apparel,1,2093.32,2093.32,South
ORD13472,2022-11-26,CUST2893,16.0,Female,PELE649,Power Bank,Electronics,1,2472.34,2472.34,East
ORD15221,2022-11-26,CUST2876,33.0,Male,PELE874,Bluetooth Speaker,Electronics,1,3278.43,3278.43,West
ORD11003,2022-11-26,CUST3206,30.0,Male,PELE700,Bluetooth Speaker,Electronics,1,4299.15,4299.15,West
ORD12487,2022-11-26,CUST2430,39.0,Male,PELE542,Power Bank,Electronics,1,2988.68,2988.68,East
ORD15909,2022-11-26,CUST3083,18.0,Female,PAPP615,Hoodie,Apparel,1,1969.92,1969.92,North
ORD13568,2022-11-26,CUST2064,19.0,Female,PSPO415,Football,Sports,1,1941.19,1941.19,North
ORD10124,2022-11-26,CUST2065,39.0,Male,PAPP683,Hoodie,Apparel,3,1913.29,5739.87,South
ORD10058,2022-11-26,CUST3652,23.0,Female,PELE926,Smartphone Case,Electronics,1,3062.96,3062.96,North
ORD11426,2022-11-26,CUST2181,37.0,Male,PBEA384,Face Serum,Beauty,1,334.62,334.62,West
ORD10844,2022-11-26,CUST2773,38.0,Male,PELE125,Wireless Earbuds,Electronics,1,2332.29,2332.29,South
ORD10051,2022-11-26,CUST3164,38.0,Female,PHOM263,Table Lamp,Home & Kitchen,1,2331.06,2331.06,South
ORD10856,2022-11-26,CUST2430,44.0,Female,PAPP302,Cotton T-Shirt,Apparel,1,501.54,501.54,North
ORD11479,2022-11-26,CUST2263,21.0,Female,PSPO606,Cycling Gloves,Sports,2,527.63,1055.26,East
ORD13691,2022-11-26,CUST3588,34.0,Male,PHOM779,Blender,Home & Kitchen,1,457.87,457.87,East
ORD15125,2022-11-27,CUST2009,35.0,Female,PBEA682,Shampoo,Beauty,2,1311.85,2623.7,East
ORD10676,2022-11-27,CUST2233,38.0,Male,PAPP555,Hoodie,Apparel,1,2047.5,2047.5,East
ORD11020,2022-11-27,CUST2645,32.0,Male,PAPP826,Cotton T-Shirt,Apparel,1,1312.81,1312.81,South
ORD15568,2022-11-27,CUST2942,21.0,Female,PELE405,Power Bank,Electronics,2,1819.01,3638.02,North
ORD12976,2022-11-27,CUST3795,28.0,Male,PSPO865,Cricket Bat,Sports,1,1178.73,1178.73,West
ORD11719,2022-11-27,CUST3790,43.0,Female,PSPO737,Cycling Gloves,Sports,1,507.34,507.34,West
ORD11252,2022-11-27,CUST2665,25.0,Male,PBEA731,Face Serum,Beauty,1,793.43,793.43,South
ORD14009,2022-11-27,CUST2903,42.0,Female,PELE368,Smartwatch,Electronics,2,1730.58,3461.16,East
ORD10039,2022-11-27,CUST2711,29.0,Female,PBEA774,Perfume,Beauty,2,1187.14,2374.28,East
ORD10873,2022-11-27,CUST3687,19.0,Female,PELE945,Smartphone Case,Electronics,2,2225.54,4451.08,South
ORD11478,2022-11-27,CUST3693,39.0,Male,PELE219,Smartwatch,Electronics,1,3683.92,3683.92,North
ORD12660,2022-11-27,CUST2408,51.0,Male,PELE755,Power Bank,Electronics,1,4166.16,4166.16,East
ORD15643,2022-11-27,CUST2344,34.0,Male,PBEA285,Face Serum,Beauty,1,1252.64,1252.64,South
ORD12604,2022-11-27,CUST2856,31.0,Male,PBEA625,Shampoo,Beauty,1,1111.34,1111.34,South
ORD14068,2022-11-27,CUST2570,40.0,Male,PELE726,Smartwatch,Electronics,2,896.84,1793.68,West
ORD13647,2022-11-27,CUST3075,28.0,Male,PAPP517,Cotton T-Shirt,Apparel,1,1154.58,1154.58,West
ORD14703,2022-11-27,CUST3174,16.0,Female,PELE826,Bluetooth Speaker,Electronics,2,4215.79,8431.58,North
ORD11299,2022-11-27,CUST2718,16.0,Female,PHOM869,Blender,Home & Kitchen,1,1359.55,1359.55,South
ORD10507,2022-11-27,CUST3098,29.0,Male,PHOM529,Cushion Set,Home & Kitchen,1,1679.68,1679.68,South
ORD13198,2022-11-27,CUST3033,34.0,Female,PSPO685,Cricket Bat,Sports,1,1684.5,1684.5,East
ORD13682,2022-11-27,CUST2896,50.0,Female,PAPP286,Jacket,Apparel,1,1595.17,1595.17,East
ORD11503,2022-11-27,CUST2967,24.0,Female,PELE396,Smartwatch,Electronics,3,1411.79,4235.37,South
ORD11501,2022-11-27,CUST2526,23.0,Female,PHOM902,Table Lamp,Home & Kitchen,1,648.67,648.67,West
ORD15201,2022-11-27,CUST2075,31.0,Female,PSPO294,Yoga Mat,Sports,2,1278.03,2556.06,South
ORD13996,2022-11-28,CUST2753,34.0,Male,PHOM883,Cushion Set,Home & Kitchen,1,2268.27,2268.27,South
ORD11969,2022-11-28,CUST3691,38.0,Female,PAPP152,Running Shoes,Apparel,1,1520.38,1520.38,West
ORD14051,2022-11-28,CUST3501,27.0,Male,PHOM345,Blender,Home & Kitchen,1,927.11,927.11,North
ORD12608,2022-11-28,CUST3191,36.0,Female,PHOM230,Table Lamp,Home & Kitchen,2,1825.34,3650.68,East
ORD14244,2022-11-28,CUST2118,30.0,Male,PAPP479,Jacket,Apparel,1,1820.86,1820.86,South
ORD10210,2022-11-29,CUST2894,17.0,Male,PSPO459,Cycling Gloves,Sports,1,2008.56,2008.56,North
ORD15174,2022-11-29,CUST3519,34.0,Male,PELE946,Smartwatch,Electronics,1,1664.67,1664.67,North
ORD11665,2022-11-29,CUST3501,33.0,Female,PELE645,Wireless Earbuds,Electronics,1,3224.62,3224.62,North
ORD10535,2022-11-29,CUST3457,25.0,Female,PELE315,Smartwatch,Electronics,1,989.72,989.72,East
ORD13837,2022-11-29,CUST2873,26.0,Female,PHOM770,Table Lamp,Home & Kitchen,1,2065.01,2065.01,South
ORD13575,2022-11-29,CUST2916,37.0,Male,PBEA144,Face Wash,Beauty,1,1150.68,1150.68,East
ORD12457,2022-11-29,CUST2115,35.0,Female,PHOM250,Table Lamp,Home & Kitchen,1,318.33,318.33,West
ORD14784,2022-11-29,CUST2865,33.0,Female,PAPP409,Jacket,Apparel,1,723.24,723.24,East
ORD12334,2022-11-29,CUST2603,31.0,Female,PHOM956,Blender,Home & Kitchen,1,1032.0,1032.0,North
ORD13246,2022-11-30,CUST3089,30.0,Male,PHOM578,Blender,Home & Kitchen,1,1229.74,1229.74,North
ORD10354,2022-11-30,CUST2670,16.0,Female,PHOM901,Cushion Set,Home & Kitchen,1,2752.06,2752.06,South
ORD10802,2022-11-30,CUST3103,41.0,Male,PHOM434,Non-stick Pan,Home & Kitchen,1,857.55,857.55,South
ORD12754,2022-11-30,CUST3625,40.0,Female,PAPP864,Running Shoes,Apparel,2,538.06,1076.12,North
ORD15690,2022-11-30,CUST2488,48.0,Female,PHOM634,Table Lamp,Home & Kitchen,1,2130.29,2130.29,South
ORD15584,2022-11-30,CUST3179,24.0,Female,PELE872,Smartwatch,Electronics,1,2212.56,2212.56,South
ORD15710,2022-11-30,CUST2643,19.0,Male,PBEA944,Shampoo,Beauty,1,318.03,318.03,South
ORD13213,2022-11-30,CUST2357,22.0,Male,PHOM937,Non-stick Pan,Home & Kitchen,2,2872.74,5745.48,North
ORD14378,2022-12-01,CUST3736,42.0,Male,PSPO727,Cycling Gloves,Sports,2,1146.03,2292.06,East
ORD11268,2022-12-01,CUST2844,28.0,Female,PSPO175,Cricket Bat,Sports,1,263.77,263.77,North
ORD11477,2022-12-01,CUST2184,31.0,Male,PSPO571,Cricket Bat,Sports,2,1512.23,3024.46,North
ORD12515,2022-12-01,CUST2731,27.0,Male,PBEA176,Lipstick,Beauty,1,1000.76,1000.76,North
ORD10629,2022-12-01,CUST3028,27.0,Male,PHOM121,Blender,Home & Kitchen,1,819.97,819.97,North
ORD10349,2022-12-01,CUST2434,38.0,Female,PBEA369,Face Serum,Beauty,2,607.94,1215.88,North
ORD15767,2022-12-01,CUST3102,40.0,Male,PELE567,Smartphone Case,Electronics,2,3147.87,6295.74,South
ORD13812,2022-12-01,CUST2218,34.0,Female,PSPO325,Dumbbell Set,Sports,2,1360.81,2721.62,North
ORD12319,2022-12-01,CUST3263,59.0,Female,PELE675,Smartphone Case,Electronics,1,3754.38,3754.38,West
ORD11942,2022-12-01,CUST2726,28.0,Female,PBEA103,Face Serum,Beauty,1,1003.19,1003.19,South
ORD10791,2022-12-01,CUST2081,16.0,Male,PSPO442,Dumbbell Set,Sports,2,1049.28,2098.56,North
ORD12259,2022-12-01,CUST2720,24.0,Male,PBEA327,Face Serum,Beauty,1,1174.62,1174.62,North
ORD10117,2022-12-01,CUST3091,32.0,Female,PELE294,Wireless Earbuds,Electronics,2,4116.94,8233.88,North
ORD14565,2022-12-01,CUST2471,20.0,Male,PHOM912,Table Lamp,Home & Kitchen,1,2023.17,2023.17,West
ORD11923,2022-12-01,CUST3104,39.0,Male,PSPO612,Football,Sports,1,859.8,859.8,North
ORD15129,2022-12-01,CUST2016,27.0,Female,PAPP417,Cotton T-Shirt,Apparel,2,1540.42,3080.84,South
ORD10007,2022-12-01,CUST2054,24.0,Female,PAPP876,Jacket,Apparel,2,2140.87,4281.74,East
ORD12960,2022-12-01,CUST2053,36.0,Male,PSPO826,Cycling Gloves,Sports,1,831.69,831.69,South
ORD12965,2022-12-01,CUST3475,41.0,Male,PSPO199,Yoga Mat,Sports,1,1379.73,1379.73,North
ORD15236,2022-12-01,CUST3424,20.0,Female,PSPO600,Dumbbell Set,Sports,1,1415.74,1415.74,North
ORD13093,2022-12-02,CUST3270,36.0,Female,PAPP420,Cotton T-Shirt,Apparel,1,1311.56,1311.56,North
ORD14958,2022-12-02,CUST2850,34.0,Male,PSPO303,Yoga Mat,Sports,2,1005.76,2011.52,East
ORD12443,2022-12-02,CUST3024,47.0,Male,PHOM210,Cushion Set,Home & Kitchen,1,1497.97,1497.97,South
ORD15936,2022-12-02,CUST3159,35.0,Male,PHOM903,Table Lamp,Home & Kitchen,1,488.55,488.55,South
ORD12900,2022-12-02,CUST3051,29.0,Male,PHOM870,Storage Rack,Home & Kitchen,1,1306.93,1306.93,East
ORD10093,2022-12-02,CUST3781,25.0,Male,PHOM935,Table Lamp,Home & Kitchen,1,2230.56,2230.56,North
ORD10346,2022-12-02,CUST2333,42.0,Male,PELE484,Smartwatch,Electronics,1,2754.25,2754.25,East
ORD14353,2022-12-02,CUST3262,19.0,Male,PAPP649,Denim Jeans,Apparel,1,1758.01,1758.01,West
ORD14518,2022-12-02,CUST3557,40.0,Female,PELE165,Wireless Earbuds,Electronics,2,4456.35,8912.7,East
ORD15621,2022-12-02,CUST3076,16.0,Female,PAPP837,Jacket,Apparel,2,820.12,1640.24,East
ORD15492,2022-12-02,CUST3551,31.0,Female,PELE505,Wireless Earbuds,Electronics,1,867.37,867.37,North
ORD13136,2022-12-02,CUST2057,18.0,Female,PELE541,Wireless Earbuds,Electronics,2,3607.65,7215.3,South
ORD15366,2022-12-02,CUST2568,40.0,Male,PBEA250,Lipstick,Beauty,1,1086.14,1086.14,East
ORD11387,2022-12-02,CUST2639,33.0,Male,PELE691,Wireless Earbuds,Electronics,2,4431.1,8862.2,North
ORD14004,2022-12-02,CUST3268,36.0,Female,PELE243,Bluetooth Speaker,Electronics,1,4161.91,4161.91,West
ORD11877,2022-12-02,CUST3037,32.0,Female,PSPO983,Yoga Mat,Sports,1,384.48,384.48,South
ORD10996,2022-12-02,CUST2565,48.0,Female,PBEA295,Lipstick,Beauty,2,678.18,1356.36,North
ORD14908,2022-12-02,CUST3617,32.0,Male,PAPP808,Hoodie,Apparel,3,647.77,1943.31,North
ORD13158,2022-12-03,CUST3035,25.0,Female,PAPP661,Jacket,Apparel,2,928.04,1856.08,East
ORD12912,2022-12-03,CUST3357,28.0,Male,PBEA660,Shampoo,Beauty,1,1012.72,1012.72,West
ORD12544,2022-12-03,CUST3628,32.0,Female,PELE160,Power Bank,Electronics,1,3895.82,3895.82,East
ORD12097,2022-12-03,CUST3600,44.0,Female,PHOM260,Storage Rack,Home & Kitchen,2,558.49,1116.98,South
ORD11730,2022-12-03,CUST2261,29.0,Male,PELE563,Wireless Earbuds,Electronics,1,3392.97,3392.97,North
ORD12831,2022-12-03,CUST2020,27.0,Male,PELE862,Smartphone Case,Electronics,2,2283.63,4567.26,West
ORD10825,2022-12-03,CUST3547,33.0,Female,PAPP926,Cotton T-Shirt,Apparel,1,1518.77,1518.77,South
ORD15098,2022-12-03,CUST3195,35.0,Female,PAPP355,Hoodie,Apparel,2,605.22,1210.44,West
ORD14564,2022-12-03,CUST2644,19.0,Female,PHOM984,Storage Rack,Home & Kitchen,1,1704.59,1704.59,West
ORD15979,2022-12-03,CUST3202,24.0,Female,PELE269,Smartphone Case,Electronics,1,3548.47,3548.47,East
ORD15943,2022-12-03,CUST3339,29.0,Female,PBEA282,Perfume,Beauty,1,303.93,303.93,North
ORD13509,2022-12-03,CUST3157,42.0,Female,PELE303,Wireless Earbuds,Electronics,3,3420.28,10260.84,East
ORD10024,2022-12-03,CUST2276,29.0,Male,PELE129,Wireless Earbuds,Electronics,1,2927.33,2927.33,South
ORD12115,2022-12-03,CUST2675,37.0,Male,PHOM652,Blender,Home & Kitchen,2,524.93,1049.86,North
ORD10462,2022-12-03,CUST2483,22.0,Female,PELE359,Smartphone Case,Electronics,2,3892.42,7784.84,South
ORD14250,2022-12-03,CUST2223,32.0,Male,PBEA698,Face Wash,Beauty,1,1290.13,1290.13,South
ORD14788,2022-12-03,CUST3294,38.0,Male,PBEA471,Shampoo,Beauty,1,471.53,471.53,East
ORD12708,2022-12-03,CUST3542,29.0,Male,PBEA236,Perfume,Beauty,1,746.23,746.23,East
ORD12702,2022-12-03,CUST2494,41.0,Female,PELE885,Smartwatch,Electronics,2,2326.16,4652.32,South
ORD14537,2022-12-03,CUST3699,36.0,Female,PAPP259,Denim Jeans,Apparel,2,1294.06,2588.12,South
ORD11544,2022-12-04,CUST2035,24.0,Female,PBEA731,Lipstick,Beauty,1,982.48,982.48,South
ORD10084,2022-12-04,CUST2095,25.0,Female,PHOM249,Table Lamp,Home & Kitchen,1,1872.55,1872.55,West
ORD14922,2022-12-04,CUST2395,50.0,Female,PELE481,Bluetooth Speaker,Electronics,2,3659.43,7318.86,North
ORD14702,2022-12-04,CUST2711,37.0,Male,PAPP172,Running Shoes,Apparel,1,1471.68,1471.68,North
ORD15531,2022-12-04,CUST3225,31.0,Male,PELE805,Smartphone Case,Electronics,1,1356.52,1356.52,North
ORD15105,2022-12-04,CUST2544,45.0,Female,PELE227,Wireless Earbuds,Electronics,1,3902.46,3902.46,South
ORD12554,2022-12-04,CUST3092,52.0,Female,PHOM579,Blender,Home & Kitchen,2,1970.03,3940.06,East
ORD11890,2022-12-04,CUST3333,18.0,Female,PELE309,Smartphone Case,Electronics,1,3299.3,3299.3,South
ORD10733,2022-12-04,CUST3182,41.0,Female,PAPP376,Cotton T-Shirt,Apparel,2,2041.07,4082.14,South
ORD10566,2022-12-04,CUST3618,28.0,Male,PSPO477,Dumbbell Set,Sports,2,494.79,989.58,North
ORD12948,2022-12-04,CUST2883,22.0,Female,PSPO573,Yoga Mat,Sports,2,1235.34,2470.68,East
ORD13476,2022-12-04,CUST2243,16.0,Male,PSPO526,Dumbbell Set,Sports,1,266.66,266.66,West
ORD10667,2022-12-04,CUST3347,22.0,Female,PSPO232,Yoga Mat,Sports,1,2316.21,2316.21,North
ORD15141,2022-12-04,CUST2345,33.0,Male,PBEA530,Face Serum,Beauty,1,1428.17,1428.17,South
ORD14551,2022-12-04,CUST2603,42.0,Female,PELE460,Bluetooth Speaker,Electronics,2,3410.11,6820.22,South
ORD12358,2022-12-04,CUST3282,37.0,Female,PHOM705,Blender,Home & Kitchen,1,2142.56,2142.56,South
ORD14935,2022-12-04,CUST2144,52.0,Female,PELE298,Bluetooth Speaker,Electronics,1,2234.07,2234.07,South
ORD11568,2022-12-04,CUST2445,38.0,Male,PHOM342,Non-stick Pan,Home & Kitchen,1,2991.0,2991.0,North
ORD13986,2022-12-04,CUST2515,36.0,Female,PAPP185,Jacket,Apparel,1,1641.92,1641.92,North
ORD14135,2022-12-04,CUST3020,44.0,Female,PHOM131,Cushion Set,Home & Kitchen,1,1222.05,1222.05,South
ORD12507,2022-12-04,CUST2427,18.0,Female,PSPO164,Football,Sports,1,989.73,989.73,East
ORD15924,2022-12-04,CUST3650,32.0,Female,PBEA856,Face Wash,Beauty,1,755.48,755.48,East
ORD10833,2022-12-04,CUST3202,47.0,Male,PHOM815,Blender,Home & Kitchen,1,590.66,590.66,West
ORD15485,2022-12-04,CUST3144,16.0,Female,PHOM714,Blender,Home & Kitchen,3,2175.8,6527.4,East
ORD12840,2022-12-04,CUST2051,27.0,Female,PHOM138,Storage Rack,Home & Kitchen,2,2111.99,4223.98,West
ORD12713,2022-12-04,CUST3753,26.0,Female,PELE119,Smartwatch,Electronics,1,1745.23,1745.23,East
ORD10994,2022-12-05,CUST3545,45.0,Female,PELE757,Smartphone Case,Electronics,3,4090.49,12271.47,South
ORD14689,2022-12-05,CUST3600,29.0,Female,PBEA505,Perfume,Beauty,1,339.72,339.72,North
ORD12386,2022-12-05,CUST2920,38.0,Male,PELE540,Bluetooth Speaker,Electronics,1,2787.89,2787.89,South
ORD15920,2022-12-05,CUST2349,23.0,Female,PAPP522,Running Shoes,Apparel,2,1706.92,3413.84,South
ORD10494,2022-12-05,CUST3403,46.0,Female,PELE722,Power Bank,Electronics,2,1281.05,2562.1,East
ORD14720,2022-12-05,CUST2567,42.0,Male,PBEA341,Lipstick,Beauty,1,969.27,969.27,West
ORD15983,2022-12-05,CUST2138,42.0,Male,PHOM779,Cushion Set,Home & Kitchen,1,1697.99,1697.99,East
ORD10232,2022-12-05,CUST2894,33.0,Female,PSPO429,Dumbbell Set,Sports,1,797.95,797.95,South
ORD11325,2022-12-05,CUST3354,30.0,Male,PAPP679,Hoodie,Apparel,2,1973.95,3947.9,West
ORD12482,2022-12-05,CUST2503,20.0,Male,PELE154,Bluetooth Speaker,Electronics,2,1031.61,2063.22,North
ORD11736,2022-12-05,CUST2407,26.0,Male,PELE374,Smartwatch,Electronics,1,2019.83,2019.83,North
ORD14666,2022-12-05,CUST2906,37.0,Female,PBEA969,Face Wash,Beauty,1,519.44,519.44,North
ORD12687,2022-12-05,CUST3417,30.0,Male,PELE497,Smartwatch,Electronics,2,3483.22,6966.44,North
ORD11760,2022-12-05,CUST2949,17.0,Female,PAPP809,Cotton T-Shirt,Apparel,1,1936.27,1936.27,South
ORD13609,2022-12-05,CUST3335,27.0,Male,PHOM397,Non-stick Pan,Home & Kitchen,1,1580.69,1580.69,South
ORD14461,2022-12-05,CUST3757,26.0,Male,PBEA948,Perfume,Beauty,1,994.96,994.96,South
ORD10371,2022-12-05,CUST2907,41.0,Female,PELE158,Power Bank,Electronics,2,3118.99,6237.98,West
ORD10264,2022-12-05,CUST2717,34.0,Female,PHOM378,Cushion Set,Home & Kitchen,1,1504.58,1504.58,North
ORD10377,2022-12-05,CUST2753,30.0,Male,PELE260,Bluetooth Speaker,Electronics,1,1868.89,1868.89,North
ORD15338,2022-12-05,CUST3644,25.0,Female,PAPP127,Cotton T-Shirt,Apparel,2,1630.43,3260.86,South
ORD12513,2022-12-05,CUST2629,23.0,Female,PAPP354,Cotton T-Shirt,Apparel,1,1691.1,1691.1,South
ORD14619,2022-12-05,CUST3322,37.0,Female,PBEA247,Lipstick,Beauty,2,1023.35,2046.7,West
ORD11205,2022-12-06,CUST3038,36.0,Male,PSPO365,Football,Sports,1,620.05,620.05,West
ORD11128,2022-12-06,CUST3382,47.0,Female,PELE962,Wireless Earbuds,Electronics,1,1489.4,1489.4,East
ORD12232,2022-12-06,CUST2648,26.0,Male,PBEA685,Lipstick,Beauty,1,1273.36,1273.36,South
ORD14831,2022-12-06,CUST3052,21.0,Male,PHOM200,Storage Rack,Home & Kitchen,1,578.71,578.71,North
ORD14536,2022-12-06,CUST3615,30.0,Female,PBEA237,Lipstick,Beauty,1,844.06,844.06,North
ORD15510,2022-12-06,CUST3228,24.0,Female,PELE267,Bluetooth Speaker,Electronics,1,3894.68,3894.68,North
ORD12205,2022-12-06,CUST2812,27.0,Male,PBEA673,Perfume,Beauty,1,458.62,458.62,North
ORD14492,2022-12-06,CUST3280,24.0,Female,PAPP842,Denim Jeans,Apparel,1,1457.48,1457.48,North
ORD15753,2022-12-06,CUST3695,32.0,Male,PAPP313,Hoodie,Apparel,1,963.88,963.88,South
ORD14721,2022-12-06,CUST2580,29.0,Male,PHOM545,Storage Rack,Home & Kitchen,2,2398.31,4796.62,South
ORD13623,2022-12-06,CUST2893,31.0,Male,PBEA769,Face Wash,Beauty,2,1012.57,2025.14,South
ORD15608,2022-12-06,CUST3440,49.0,Female,PAPP286,Hoodie,Apparel,1,1683.81,1683.81,West
ORD14357,2022-12-06,CUST2869,21.0,Male,PAPP226,Running Shoes,Apparel,1,1850.0,1850.0,East
ORD11464,2022-12-06,CUST2900,44.0,Female,PBEA624,Lipstick,Beauty,1,158.16,158.16,West
ORD12081,2022-12-06,CUST3583,37.0,Female,PHOM107,Storage Rack,Home & Kitchen,1,434.01,434.01,South
ORD11856,2022-12-06,CUST2541,25.0,Female,PBEA745,Lipstick,Beauty,2,1037.8,2075.6,South
ORD14459,2022-12-06,CUST3392,30.0,Female,PHOM891,Storage Rack,Home & Kitchen,1,2732.86,2732.86,South
ORD13841,2022-12-06,CUST3580,39.0,Male,PBEA965,Face Serum,Beauty,2,871.68,1743.36,North
ORD10460,2022-12-06,CUST3705,24.0,Male,PHOM145,Table Lamp,Home & Kitchen,1,1571.88,1571.88,North
ORD13490,2022-12-06,CUST3381,24.0,Male,PHOM900,Blender,Home & Kitchen,1,1590.71,1590.71,South
ORD11154,2022-12-06,CUST2541,33.0,Male,PBEA871,Face Wash,Beauty,1,1289.93,1289.93,North
ORD13714,2022-12-06,CUST2642,40.0,Female,PSPO654,Cycling Gloves,Sports,2,698.13,1396.26,South
ORD10419,2022-12-07,CUST2826,22.0,Female,PAPP813,Cotton T-Shirt,Apparel,1,1838.39,1838.39,East
ORD13906,2022-12-07,CUST2117,44.0,Female,PAPP191,Cotton T-Shirt,Apparel,1,2076.97,2076.97,North
ORD14066,2022-12-07,CUST3233,35.0,Male,PELE220,Smartwatch,Electronics,1,1691.76,1691.76,North
ORD12354,2022-12-07,CUST3130,37.0,Male,PAPP767,Running Shoes,Apparel,1,1828.16,1828.16,South
ORD13471,2022-12-07,CUST3553,27.0,Female,PBEA334,Shampoo,Beauty,1,1165.67,1165.67,South
ORD10142,2022-12-07,CUST2524,39.0,Female,PELE379,Power Bank,Electronics,1,2607.31,2607.31,West
ORD10559,2022-12-07,CUST3190,34.0,Male,PELE634,Wireless Earbuds,Electronics,1,1329.6,1329.6,East
ORD12437,2022-12-07,CUST2231,29.0,Male,PELE761,Bluetooth Speaker,Electronics,2,4412.74,8825.48,South
ORD13842,2022-12-07,CUST3429,51.0,Female,PAPP258,Jacket,Apparel,2,588.24,1176.48,South
ORD15216,2022-12-07,CUST2359,40.0,Female,PAPP420,Jacket,Apparel,1,710.8,710.8,East
ORD14450,2022-12-07,CUST2576,35.0,Female,PBEA297,Perfume,Beauty,2,484.41,968.82,West
ORD11462,2022-12-07,CUST2217,47.0,Male,PAPP578,Jacket,Apparel,1,1101.27,1101.27,South
ORD11687,2022-12-07,CUST2965,25.0,Female,PBEA294,Face Serum,Beauty,2,1317.32,2634.64,South
ORD14718,2022-12-07,CUST3644,30.0,Male,PAPP787,Hoodie,Apparel,2,1252.24,2504.48,North
ORD13550,2022-12-07,CUST2671,36.0,Female,PELE827,Wireless Earbuds,Electronics,1,4355.23,4355.23,South
ORD12134,2022-12-07,CUST2394,28.0,Male,PSPO117,Dumbbell Set,Sports,1,553.15,553.15,North
ORD11709,2022-12-07,CUST2817,25.0,Male,PAPP121,Hoodie,Apparel,1,2034.05,2034.05,West
ORD12914,2022-12-07,CUST2225,19.0,Female,PHOM846,Blender,Home & Kitchen,1,1722.55,1722.55,North
ORD13074,2022-12-07,CUST3199,28.0,Male,PSPO701,Football,Sports,2,1141.29,2282.58,East
ORD10553,2022-12-08,CUST3180,34.0,Male,PAPP108,Cotton T-Shirt,Apparel,2,2196.44,4392.88,South
ORD13026,2022-12-08,CUST3728,20.0,Female,PELE240,Bluetooth Speaker,Electronics,2,1742.67,3485.34,North
ORD14113,2022-12-08,CUST2579,27.0,Female,PAPP193,Jacket,Apparel,1,1329.5,1329.5,West
ORD13167,2022-12-08,CUST3032,39.0,Male,PAPP202,Running Shoes,Apparel,2,1711.78,3423.56,West
ORD10242,2022-12-08,CUST2623,34.0,Female,PSPO433,Dumbbell Set,Sports,1,1865.4,1865.4,South
ORD15858,2022-12-08,CUST3663,39.0,Female,PELE705,Smartphone Case,Electronics,2,2927.19,5854.38,South
ORD11351,2022-12-08,CUST2708,16.0,Female,PAPP434,Running Shoes,Apparel,1,1234.57,1234.57,West
ORD11075,2022-12-08,CUST2926,47.0,Male,PBEA562,Face Serum,Beauty,1,372.81,372.81,West
ORD11650,2022-12-08,CUST3203,17.0,Male,PHOM277,Non-stick Pan,Home & Kitchen,2,2537.78,5075.56,South
ORD11253,2022-12-08,CUST2134,27.0,Female,PAPP140,Running Shoes,Apparel,1,928.37,928.37,West
ORD15382,2022-12-08,CUST2292,45.0,Female,PELE628,Power Bank,Electronics,2,1461.01,2922.02,East
ORD10992,2022-12-08,CUST2508,37.0,Female,PELE248,Wireless Earbuds,Electronics,1,1721.38,1721.38,South
ORD11714,2022-12-08,CUST3694,29.0,Male,PAPP303,Denim Jeans,Apparel,1,685.93,685.93,West
ORD10887,2022-12-08,CUST2421,36.0,Male,PHOM669,Non-stick Pan,Home & Kitchen,1,996.9,996.9,East
ORD15204,2022-12-08,CUST2819,27.0,Female,PBEA597,Shampoo,Beauty,1,1142.9,1142.9,West
ORD11461,2022-12-08,CUST2929,39.0,Female,PAPP946,Denim Jeans,Apparel,1,773.69,773.69,West
ORD14579,2022-12-08,CUST2253,37.0,Male,PAPP285,Running Shoes,Apparel,1,1654.18,1654.18,North
ORD14605,2022-12-08,CUST3788,40.0,Male,PAPP109,Cotton T-Shirt,Apparel,1,1076.52,1076.52,North
ORD15926,2022-12-08,CUST2288,19.0,Male,PBEA690,Lipstick,Beauty,2,618.84,1237.68,North
ORD12419,2022-12-09,CUST2801,30.0,Male,PSPO352,Cycling Gloves,Sports,2,330.28,660.56,East
ORD11123,2022-12-09,CUST2251,31.0,Male,PAPP527,Jacket,Apparel,2,1715.43,3430.86,South
ORD12663,2022-12-09,CUST2201,25.0,Female,PAPP934,Jacket,Apparel,1,1727.12,1727.12,South
ORD15085,2022-12-09,CUST2566,42.0,Male,PHOM555,Blender,Home & Kitchen,2,1161.85,2323.7,West
ORD11602,2022-12-09,CUST3492,32.0,Female,PSPO209,Cricket Bat,Sports,1,1881.5,1881.5,North
ORD11580,2022-12-09,CUST3779,37.0,Female,PAPP192,Running Shoes,Apparel,2,1204.59,2409.18,West
ORD14381,2022-12-09,CUST3014,17.0,Female,PELE783,Smartphone Case,Electronics,1,2747.68,2747.68,West
ORD14401,2022-12-09,CUST2424,38.0,Male,PBEA599,Lipstick,Beauty,1,617.49,617.49,South
ORD14629,2022-12-09,CUST2891,16.0,Female,PBEA884,Face Wash,Beauty,1,1245.82,1245.82,West
ORD14497,2022-12-09,CUST2623,41.0,Male,PSPO135,Football,Sports,1,588.98,588.98,North
ORD11130,2022-12-09,CUST2881,24.0,Male,PAPP834,Cotton T-Shirt,Apparel,3,1629.88,4889.64,West
ORD12961,2022-12-09,CUST3452,40.0,Female,PAPP753,Cotton T-Shirt,Apparel,1,591.81,591.81,North
ORD14362,2022-12-09,CUST2189,22.0,Female,PELE783,Wireless Earbuds,Electronics,1,2267.96,2267.96,North
ORD15247,2022-12-09,CUST2647,51.0,Male,PHOM551,Storage Rack,Home & Kitchen,1,662.2,662.2,West
ORD13971,2022-12-10,CUST2557,33.0,Male,PELE482,Power Bank,Electronics,1,2397.55,2397.55,North
ORD15650,2022-12-10,CUST2374,27.0,Female,PBEA898,Lipstick,Beauty,1,685.06,685.06,South
ORD10782,2022-12-10,CUST3164,19.0,Female,PBEA179,Face Wash,Beauty,1,820.73,820.73,East
ORD10633,2022-12-10,CUST2416,24.0,Female,PELE129,Smartwatch,Electronics,1,2838.16,2838.16,North
ORD14319,2022-12-10,CUST2924,25.0,Female,PBEA266,Lipstick,Beauty,1,204.87,204.87,East
ORD11424,2022-12-10,CUST2478,33.0,Female,PELE763,Power Bank,Electronics,1,1491.71,1491.71,South
ORD11605,2022-12-10,CUST3177,30.0,Male,PHOM790,Blender,Home & Kitchen,1,1741.25,1741.25,North
ORD10904,2022-12-10,CUST3635,35.0,Male,PHOM603,Storage Rack,Home & Kitchen,1,1989.17,1989.17,South
ORD11611,2022-12-10,CUST3754,16.0,Female,PBEA425,Face Serum,Beauty,1,1169.39,1169.39,South
ORD15428,2022-12-10,CUST3256,40.0,Male,PAPP916,Denim Jeans,Apparel,2,822.67,1645.34,West
ORD10721,2022-12-10,CUST3525,33.0,Male,PAPP284,Jacket,Apparel,1,722.54,722.54,South
ORD10757,2022-12-10,CUST3066,29.0,Male,PBEA794,Face Wash,Beauty,1,1197.28,1197.28,East
ORD12582,2022-12-10,CUST3124,29.0,Female,PAPP690,Hoodie,Apparel,1,665.14,665.14,South
ORD15018,2022-12-10,CUST2077,26.0,Female,PELE425,Smartphone Case,Electronics,1,1649.7,1649.7,East
ORD10160,2022-12-10,CUST3354,35.0,Male,PSPO849,Cycling Gloves,Sports,2,1666.27,3332.54,West
ORD11014,2022-12-10,CUST2527,41.0,Female,PELE616,Smartwatch,Electronics,1,3866.92,3866.92,North
ORD15370,2022-12-10,CUST3681,39.0,Female,PELE557,Smartphone Case,Electronics,2,815.18,1630.36,West
ORD14906,2022-12-10,CUST2464,34.0,Male,PAPP606,Denim Jeans,Apparel,1,2027.92,2027.92,West
ORD10262,2022-12-10,CUST2843,24.0,Male,PAPP353,Running Shoes,Apparel,1,793.66,793.66,North
ORD12445,2022-12-10,CUST2502,21.0,Male,PAPP240,Jacket,Apparel,1,1545.03,1545.03,South
ORD12464,2022-12-11,CUST3344,37.0,Female,PHOM180,Table Lamp,Home & Kitchen,1,964.26,964.26,North
ORD10235,2022-12-11,CUST3199,43.0,Female,PELE748,Wireless Earbuds,Electronics,1,4399.75,4399.75,South
ORD12355,2022-12-11,CUST3019,45.0,Male,PSPO117,Dumbbell Set,Sports,1,2070.44,2070.44,South
ORD15904,2022-12-11,CUST3361,33.0,Male,PHOM745,Non-stick Pan,Home & Kitchen,1,2639.82,2639.82,North
ORD15389,2022-12-11,CUST2814,24.0,Female,PAPP707,Jacket,Apparel,1,1525.85,1525.85,South
ORD10663,2022-12-11,CUST2899,37.0,Male,PBEA180,Face Wash,Beauty,3,160.45,481.35,West
ORD13451,2022-12-11,CUST3351,35.0,Female,PELE141,Wireless Earbuds,Electronics,2,2324.34,4648.68,South
ORD12701,2022-12-11,CUST3281,40.0,Male,PAPP623,Cotton T-Shirt,Apparel,1,1764.57,1764.57,North
ORD14365,2022-12-11,CUST3214,36.0,Male,PAPP701,Cotton T-Shirt,Apparel,1,2192.32,2192.32,South
ORD13683,2022-12-11,CUST2334,38.0,Female,PELE691,Smartwatch,Electronics,1,975.67,975.67,South
ORD11419,2022-12-11,CUST2069,22.0,Female,PELE835,Bluetooth Speaker,Electronics,1,3394.96,3394.96,East
ORD13114,2022-12-11,CUST2540,28.0,Male,PBEA705,Lipstick,Beauty,1,1015.06,1015.06,East
ORD11652,2022-12-11,CUST2784,43.0,Male,PELE439,Wireless Earbuds,Electronics,1,4222.53,4222.53,North
ORD10612,2022-12-11,CUST2023,27.0,Female,PBEA549,Face Serum,Beauty,1,487.95,487.95,East
ORD11381,2022-12-11,CUST3012,28.0,Female,PSPO252,Dumbbell Set,Sports,1,1822.11,1822.11,South
ORD13657,2022-12-11,CUST2672,34.0,Female,PSPO882,Yoga Mat,Sports,1,2139.44,2139.44,East
ORD14632,2022-12-11,CUST3353,28.0,Male,PELE612,Wireless Earbuds,Electronics,1,4170.16,4170.16,South
ORD13357,2022-12-11,CUST3543,25.0,Female,PELE396,Bluetooth Speaker,Electronics,2,4426.35,8852.7,South
ORD10498,2022-12-12,CUST2207,37.0,Female,PAPP588,Denim Jeans,Apparel,2,664.11,1328.22,South
ORD10502,2022-12-12,CUST3763,22.0,Female,PSPO990,Cycling Gloves,Sports,1,1929.32,1929.32,East
ORD10102,2022-12-12,CUST2420,26.0,Male,PBEA728,Face Serum,Beauty,1,404.62,404.62,South
ORD14795,2022-12-12,CUST3367,29.0,Female,PHOM908,Non-stick Pan,Home & Kitchen,1,1906.9,1906.9,North
ORD11454,2022-12-12,CUST2988,46.0,Female,PELE701,Wireless Earbuds,Electronics,1,4050.41,4050.41,South
ORD11521,2022-12-12,CUST3375,31.0,Female,PBEA996,Face Wash,Beauty,2,1458.01,2916.02,East
ORD10306,2022-12-12,CUST2894,29.0,Female,PAPP140,Cotton T-Shirt,Apparel,1,725.18,725.18,North
ORD14370,2022-12-12,CUST3632,40.0,Female,PBEA731,Lipstick,Beauty,2,1389.1,2778.2,East
ORD14358,2022-12-12,CUST2550,52.0,Female,PHOM735,Table Lamp,Home & Kitchen,1,2463.47,2463.47,West
ORD15593,2022-12-12,CUST3169,16.0,Female,PBEA383,Lipstick,Beauty,1,1140.88,1140.88,West
ORD15194,2022-12-12,CUST2554,32.0,Male,PBEA244,Shampoo,Beauty,1,1498.59,1498.59,North
ORD11941,2022-12-12,CUST3581,48.0,Female,PAPP638,Cotton T-Shirt,Apparel,1,1150.98,1150.98,East
ORD11694,2022-12-12,CUST2200,36.0,Male,PSPO474,Cricket Bat,Sports,1,1652.67,1652.67,South
ORD11588,2022-12-12,CUST2512,36.0,Male,PHOM929,Table Lamp,Home & Kitchen,1,1042.28,1042.28,South
ORD10442,2022-12-12,CUST2404,32.0,Female,PELE179,Smartphone Case,Electronics,1,4311.6,4311.6,East
ORD12356,2022-12-12,CUST2474,17.0,Male,PHOM657,Non-stick Pan,Home & Kitchen,1,1665.79,1665.79,East
ORD15250,2022-12-12,CUST2786,28.0,Female,PBEA109,Shampoo,Beauty,2,213.32,426.64,East
ORD12330,2022-12-13,CUST2597,35.0,Male,PSPO906,Cycling Gloves,Sports,2,1226.17,2452.34,East
ORD13095,2022-12-13,CUST2020,33.0,Female,PBEA838,Shampoo,Beauty,1,1158.83,1158.83,North
ORD13272,2022-12-13,CUST2125,36.0,Male,PELE627,Smartwatch,Electronics,2,4242.65,8485.3,North
ORD12180,2022-12-13,CUST2338,31.0,Female,PHOM829,Non-stick Pan,Home & Kitchen,1,1905.15,1905.15,West
ORD14677,2022-12-13,CUST2213,28.0,Male,PAPP881,Hoodie,Apparel,1,501.57,501.57,North
ORD10674,2022-12-13,CUST3559,27.0,Female,PHOM569,Table Lamp,Home & Kitchen,2,2217.59,4435.18,South
ORD12451,2022-12-13,CUST3358,16.0,Female,PELE228,Smartphone Case,Electronics,2,2143.36,4286.72,East
ORD10403,2022-12-13,CUST3685,32.0,Male,PELE905,Bluetooth Speaker,Electronics,1,1375.09,1375.09,South
ORD11839,2022-12-13,CUST2922,32.0,Female,PELE814,Wireless Earbuds,Electronics,2,1590.23,3180.46,West
ORD11514,2022-12-13,CUST2649,27.0,Male,PSPO839,Football,Sports,2,768.19,1536.38,North
ORD13911,2022-12-13,CUST2832,34.0,Male,PAPP508,Denim Jeans,Apparel,1,1492.34,1492.34,East
ORD13545,2022-12-13,CUST2555,38.0,Female,PAPP772,Running Shoes,Apparel,1,1336.06,1336.06,South
ORD10624,2022-12-13,CUST3762,40.0,Male,PSPO129,Yoga Mat,Sports,2,1112.33,2224.66,South
ORD15697,2022-12-13,CUST2384,33.0,Male,PELE604,Bluetooth Speaker,Electronics,1,2808.75,2808.75,North
ORD14130,2022-12-13,CUST3643,31.0,Female,PELE410,Wireless Earbuds,Electronics,1,3009.19,3009.19,North
ORD12295,2022-12-13,CUST3630,34.0,Male,PAPP994,Jacket,Apparel,1,1465.83,1465.83,North
ORD10281,2022-12-13,CUST2817,22.0,Male,PELE522,Bluetooth Speaker,Electronics,1,2012.94,2012.94,East
ORD12547,2022-12-13,CUST3639,35.0,Female,PBEA987,Face Wash,Beauty,1,1245.94,1245.94,South
ORD15814,2022-12-13,CUST3624,38.0,Female,PSPO583,Cricket Bat,Sports,2,821.99,1643.98,West
ORD12238,2022-12-13,CUST2852,27.0,Female,PHOM919,Storage Rack,Home & Kitchen,1,2772.85,2772.85,South
ORD12262,2022-12-13,CUST2335,34.0,Female,PHOM778,Blender,Home & Kitchen,1,2297.4,2297.4,South
ORD12404,2022-12-14,CUST3350,18.0,Female,PELE671,Wireless Earbuds,Electronics,1,4077.86,4077.86,South
ORD15862,2022-12-14,CUST3727,36.0,Male,PHOM262,Cushion Set,Home & Kitchen,1,1592.57,1592.57,West
ORD12862,2022-12-14,CUST2324,33.0,Female,PAPP552,Denim Jeans,Apparel,1,723.95,723.95,North
ORD14676,2022-12-14,CUST3629,41.0,Female,PELE914,Wireless Earbuds,Electronics,1,2281.63,2281.63,South
ORD10703,2022-12-14,CUST2904,33.0,Male,PELE269,Wireless Earbuds,Electronics,1,2593.62,2593.62,South
ORD13761,2022-12-14,CUST2246,28.0,Male,PELE604,Power Bank,Electronics,1,2782.3,2782.3,East
ORD11651,2022-12-14,CUST2924,16.0,Female,PSPO770,Dumbbell Set,Sports,2,278.04,556.08,South
ORD13814,2022-12-14,CUST3789,31.0,Male,PBEA909,Lipstick,Beauty,1,425.29,425.29,South
ORD14903,2022-12-14,CUST3380,45.0,Male,PAPP502,Jacket,Apparel,1,1463.4,1463.4,South
ORD12579,2022-12-14,CUST3784,40.0,Male,PELE773,Smartphone Case,Electronics,1,3471.89,3471.89,South
ORD12659,2022-12-14,CUST2597,28.0,Male,PSPO414,Cycling Gloves,Sports,1,773.16,773.16,North
ORD11039,2022-12-14,CUST2111,32.0,Female,PSPO762,Football,Sports,1,400.97,400.97,West
ORD13336,2022-12-14,CUST3254,41.0,Female,PAPP887,Jacket,Apparel,1,2187.72,2187.72,East
ORD12509,2022-12-14,CUST2504,30.0,Female,PBEA640,Lipstick,Beauty,1,1445.21,1445.21,South
ORD15846,2022-12-14,CUST3649,37.0,Male,PELE101,Power Bank,Electronics,2,1683.04,3366.08,South
ORD15310,2022-12-14,CUST3746,37.0,Male,PBEA535,Face Serum,Beauty,1,980.74,980.74,North
ORD15242,2022-12-15,CUST3109,26.0,Male,PBEA389,Lipstick,Beauty,1,1400.75,1400.75,South
ORD12873,2022-12-15,CUST2870,38.0,Male,PSPO955,Dumbbell Set,Sports,1,1332.91,1332.91,North
ORD14656,2022-12-15,CUST2735,33.0,Male,PSPO290,Cycling Gloves,Sports,1,1644.17,1644.17,North
ORD10916,2022-12-15,CUST2838,31.0,Female,PBEA259,Lipstick,Beauty,2,759.95,1519.9,North
ORD11402,2022-12-15,CUST2980,40.0,Male,PAPP706,Jacket,Apparel,3,867.66,2602.98,North
ORD13443,2022-12-15,CUST2425,38.0,Male,PSPO894,Cycling Gloves,Sports,2,1690.03,3380.06,East
ORD10862,2022-12-15,CUST3567,23.0,Female,PHOM250,Table Lamp,Home & Kitchen,1,1833.85,1833.85,North
ORD13094,2022-12-15,CUST3320,39.0,Female,PAPP931,Jacket,Apparel,1,976.89,976.89,East
ORD10432,2022-12-15,CUST3099,49.0,Male,PHOM376,Storage Rack,Home & Kitchen,1,2429.35,2429.35,North
ORD10267,2022-12-15,CUST2348,33.0,Female,PHOM726,Cushion Set,Home & Kitchen,2,2946.29,5892.58,North
ORD15181,2022-12-15,CUST2632,32.0,Female,PBEA499,Lipstick,Beauty,3,373.2,1119.6,South
ORD10001,2022-12-15,CUST2254,20.0,Male,PHOM562,Table Lamp,Home & Kitchen,1,1979.88,1979.88,North
ORD12499,2022-12-15,CUST2270,34.0,Female,PSPO544,Dumbbell Set,Sports,2,845.23,1690.46,West
ORD12619,2022-12-15,CUST3291,46.0,Female,PAPP701,Cotton T-Shirt,Apparel,1,1144.48,1144.48,North
ORD12989,2022-12-15,CUST3681,26.0,Female,PELE428,Smartwatch,Electronics,1,1714.44,1714.44,West
ORD15066,2022-12-16,CUST3138,32.0,Female,PELE685,Bluetooth Speaker,Electronics,1,3347.09,3347.09,North
ORD14988,2022-12-16,CUST2605,32.0,Female,PELE324,Power Bank,Electronics,1,1484.01,1484.01,East
ORD14309,2022-12-16,CUST2709,41.0,Male,PHOM896,Table Lamp,Home & Kitchen,1,1616.01,1616.01,North
ORD14865,2022-12-16,CUST3458,21.0,Male,PELE411,Smartphone Case,Electronics,1,1953.39,1953.39,West
ORD15686,2022-12-16,CUST2670,16.0,Male,PELE827,Power Bank,Electronics,2,4369.51,8739.02,West
ORD13003,2022-12-16,CUST2126,32.0,Female,PAPP850,Cotton T-Shirt,Apparel,1,1690.61,1690.61,West
ORD11952,2022-12-16,CUST3208,44.0,Female,PSPO620,Cricket Bat,Sports,1,2324.04,2324.04,West
ORD13117,2022-12-16,CUST2055,40.0,Female,PSPO838,Cricket Bat,Sports,1,807.72,807.72,South
ORD11834,2022-12-16,CUST2848,25.0,Male,PBEA200,Shampoo,Beauty,1,1415.39,1415.39,North
ORD12770,2022-12-16,CUST2232,32.0,Female,PHOM481,Table Lamp,Home & Kitchen,2,1765.68,3531.36,East
ORD14216,2022-12-16,CUST2483,40.0,Male,PHOM954,Storage Rack,Home & Kitchen,1,1946.41,1946.41,East
ORD10762,2022-12-16,CUST2471,18.0,Female,PELE643,Wireless Earbuds,Electronics,1,3561.85,3561.85,North
ORD11872,2022-12-16,CUST2964,47.0,Female,PELE550,Power Bank,Electronics,1,3608.26,3608.26,South
ORD12190,2022-12-16,CUST3347,18.0,Female,PBEA278,Face Wash,Beauty,1,192.19,192.19,North
ORD13821,2022-12-16,CUST2189,20.0,Male,PELE132,Bluetooth Speaker,Electronics,1,2078.26,2078.26,East
ORD13654,2022-12-16,CUST3231,40.0,Female,PBEA171,Face Serum,Beauty,1,273.19,273.19,North
ORD12830,2022-12-16,CUST3464,36.0,Male,PSPO692,Dumbbell Set,Sports,1,1435.4,1435.4,East
ORD13979,2022-12-16,CUST3424,22.0,Female,PAPP632,Jacket,Apparel,1,1650.59,1650.59,East
ORD14980,2022-12-16,CUST2295,40.0,Male,PHOM870,Blender,Home & Kitchen,1,851.92,851.92,North
ORD15839,2022-12-16,CUST2664,34.0,Female,PELE398,Smartwatch,Electronics,1,2299.34,2299.34,North
ORD11346,2022-12-16,CUST3555,29.0,Female,PAPP946,Denim Jeans,Apparel,3,564.58,1693.74,North
ORD11851,2022-12-17,CUST3207,42.0,Male,PELE134,Power Bank,Electronics,1,3878.2,3878.2,North
ORD12673,2022-12-17,CUST3456,16.0,Male,PELE746,Wireless Earbuds,Electronics,3,1372.7,4118.1,North
ORD12125,2022-12-17,CUST3118,21.0,Female,PSPO689,Football,Sports,2,2332.68,4665.36,South
ORD15234,2022-12-17,CUST2747,,Male,PHOM775,Cushion Set,Home & Kitchen,1,2878.41,2878.41,West
ORD15448,2022-12-17,CUST3162,31.0,Female,PELE685,Power Bank,Electronics,2,3003.78,6007.56,East
ORD10604,2022-12-17,CUST2903,40.0,Female,PBEA429,Perfume,Beauty,1,778.8,778.8,South
ORD15255,2022-12-17,CUST3233,29.0,Male,PAPP601,Cotton T-Shirt,Apparel,2,1331.7,2663.4,North
ORD15921,2022-12-17,CUST3054,32.0,Female,PELE714,Wireless Earbuds,Electronics,1,2780.19,2780.19,North
ORD14377,2022-12-17,CUST2000,37.0,Male,PHOM291,Cushion Set,Home & Kitchen,1,1292.23,1292.23,South
ORD11938,2022-12-17,CUST2985,47.0,Male,PHOM588,Table Lamp,Home & Kitchen,2,1451.52,2903.04,East
ORD15253,2022-12-17,CUST2501,17.0,Female,PELE708,Smartwatch,Electronics,3,3226.05,9678.15,West
ORD13457,2022-12-17,CUST3401,30.0,Male,PAPP903,Denim Jeans,Apparel,1,1423.46,1423.46,South
ORD14994,2022-12-17,CUST3058,32.0,Female,PELE624,Power Bank,Electronics,1,3038.6,3038.6,North
ORD12662,2022-12-17,CUST2261,16.0,Male,PAPP343,Jacket,Apparel,1,1971.44,1971.44,North
ORD11831,2022-12-17,CUST2501,25.0,Male,PELE342,Bluetooth Speaker,Electronics,1,4277.02,4277.02,West
ORD14480,2022-12-17,CUST3343,16.0,Male,PELE622,Smartwatch,Electronics,1,1804.07,1804.07,West
ORD14699,2022-12-17,CUST3669,29.0,Female,PELE745,Bluetooth Speaker,Electronics,3,3978.67,11936.01,North
ORD13603,2022-12-18,CUST3329,25.0,Male,PAPP116,Running Shoes,Apparel,1,454.0,454.0,East
ORD13602,2022-12-18,CUST2371,18.0,Female,PAPP182,Cotton T-Shirt,Apparel,2,1039.53,2079.06,East
ORD13668,2022-12-18,CUST2202,17.0,Female,PHOM664,Cushion Set,Home & Kitchen,1,2683.33,2683.33,West
ORD14716,2022-12-18,CUST2656,27.0,Male,PHOM609,Blender,Home & Kitchen,1,563.84,563.84,North
ORD10794,2022-12-18,CUST3797,47.0,Male,PELE271,Smartwatch,Electronics,1,2277.42,2277.42,West
ORD13616,2022-12-18,CUST2789,26.0,Female,PAPP909,Hoodie,Apparel,1,2090.3,2090.3,North
ORD10971,2022-12-18,CUST2328,16.0,Female,PHOM161,Non-stick Pan,Home & Kitchen,1,1413.43,1413.43,South
ORD12373,2022-12-18,CUST3630,25.0,Female,PSPO656,Cricket Bat,Sports,1,2228.29,2228.29,West
ORD15394,2022-12-18,CUST3098,23.0,Female,PHOM134,Storage Rack,Home & Kitchen,1,2881.1,2881.1,South
ORD13340,2022-12-18,CUST2264,31.0,Female,PHOM498,Table Lamp,Home & Kitchen,1,2143.63,2143.63,North
ORD15871,2022-12-18,CUST2767,32.0,Female,PELE197,Power Bank,Electronics,1,2307.31,2307.31,West
ORD13238,2022-12-19,CUST2898,30.0,Male,PSPO790,Cricket Bat,Sports,1,936.4,936.4,North
ORD15157,2022-12-19,CUST2778,37.0,Male,PSPO883,Dumbbell Set,Sports,1,1465.82,1465.82,North
ORD10061,2022-12-19,CUST3648,32.0,Male,PAPP619,Denim Jeans,Apparel,1,735.83,735.83,South
ORD11607,2022-12-19,CUST2110,30.0,Male,PHOM821,Storage Rack,Home & Kitchen,1,2564.21,2564.21,West
ORD11233,2022-12-19,CUST2617,51.0,Female,PAPP376,Running Shoes,Apparel,1,1151.62,1151.62,North
ORD11159,2022-12-19,CUST2435,20.0,Male,PAPP689,Jacket,Apparel,1,741.98,741.98,North
ORD14482,2022-12-19,CUST2844,22.0,Female,PBEA263,Perfume,Beauty,1,1095.63,1095.63,South
ORD12865,2022-12-19,CUST3559,16.0,Male,PHOM904,Cushion Set,Home & Kitchen,1,723.78,723.78,East
ORD12711,2022-12-19,CUST3236,40.0,Female,PBEA338,Shampoo,Beauty,1,739.82,739.82,East
ORD15091,2022-12-19,CUST3425,36.0,Female,PBEA974,Lipstick,Beauty,1,842.5,842.5,South
ORD11744,2022-12-19,CUST2469,26.0,Male,PAPP127,Denim Jeans,Apparel,2,1135.55,2271.1,North
ORD14529,2022-12-19,CUST2684,22.0,Male,PAPP189,Jacket,Apparel,2,2125.77,4251.54,East
ORD10903,2022-12-19,CUST3730,30.0,Female,PAPP980,Jacket,Apparel,1,427.84,427.84,East
ORD12919,2022-12-19,CUST2494,41.0,Male,PAPP572,Jacket,Apparel,1,1058.71,1058.71,West
ORD12302,2022-12-19,CUST2982,16.0,Male,PBEA650,Face Serum,Beauty,2,1134.9,2269.8,West
ORD13475,2022-12-20,CUST3482,27.0,Male,PBEA493,Shampoo,Beauty,1,1499.57,1499.57,South
ORD10567,2022-12-20,CUST2917,38.0,Male,PELE628,Bluetooth Speaker,Electronics,3,1458.77,4376.31,East
ORD11488,2022-12-20,CUST3274,40.0,Female,PELE120,Wireless Earbuds,Electronics,1,3301.5,3301.5,West
ORD13999,2022-12-20,CUST2991,37.0,Female,PSPO781,Cricket Bat,Sports,2,371.76,743.52,South
ORD13276,2022-12-20,CUST3313,29.0,Female,PBEA233,Face Serum,Beauty,1,1306.33,1306.33,South
ORD13820,2022-12-20,CUST2737,41.0,Male,PELE478,Wireless Earbuds,Electronics,1,3713.61,3713.61,East
ORD10552,2022-12-20,CUST2952,32.0,Female,PBEA861,Perfume,Beauty,1,652.62,652.62,East
ORD10599,2022-12-20,CUST3700,39.0,Female,PHOM248,Non-stick Pan,Home & Kitchen,1,2405.26,2405.26,North
ORD13775,2022-12-20,CUST3098,24.0,Female,PBEA581,Face Serum,Beauty,1,215.62,215.62,West
ORD10245,2022-12-20,CUST2301,18.0,Female,PAPP521,Denim Jeans,Apparel,1,699.09,699.09,North
ORD13133,2022-12-20,CUST2407,39.0,Female,PELE947,Wireless Earbuds,Electronics,1,1214.09,1214.09,North
ORD15618,2022-12-20,CUST2140,19.0,Male,PELE779,Smartwatch,Electronics,1,1365.05,1365.05,South
ORD11930,2022-12-20,CUST3150,32.0,Male,PAPP363,Jacket,Apparel,2,655.81,1311.62,West
ORD11587,2022-12-20,CUST2577,39.0,Female,PBEA135,Face Wash,Beauty,2,241.58,483.16,South
ORD10119,2022-12-20,CUST3058,24.0,Male,PBEA207,Shampoo,Beauty,1,1053.17,1053.17,North
ORD15454,2022-12-20,CUST3022,49.0,Male,PHOM163,Blender,Home & Kitchen,1,359.11,359.11,West
ORD11394,2022-12-20,CUST3520,38.0,Female,PHOM291,Non-stick Pan,Home & Kitchen,1,429.14,429.14,South
ORD14974,2022-12-20,CUST2870,28.0,Female,PHOM296,Storage Rack,Home & Kitchen,1,1879.17,1879.17,North
ORD14712,2022-12-21,CUST2196,34.0,Male,PAPP929,Hoodie,Apparel,1,808.23,808.23,North
ORD13339,2022-12-21,CUST3340,37.0,Female,PAPP938,Cotton T-Shirt,Apparel,1,1871.86,1871.86,West
ORD14686,2022-12-21,CUST2131,18.0,Female,PHOM634,Blender,Home & Kitchen,1,1245.21,1245.21,East
ORD14223,2022-12-21,CUST2334,30.0,Female,PELE512,Bluetooth Speaker,Electronics,1,4107.45,4107.45,North
ORD11812,2022-12-21,CUST3196,22.0,Male,PELE141,Smartwatch,Electronics,2,4098.02,8196.04,West
ORD15329,2022-12-21,CUST2914,50.0,Male,PBEA646,Lipstick,Beauty,1,432.42,432.42,West
ORD11023,2022-12-21,CUST2076,23.0,Female,PELE854,Power Bank,Electronics,1,3803.77,3803.77,West
ORD10446,2022-12-21,CUST3705,33.0,Female,PSPO400,Football,Sports,1,797.91,797.91,East
ORD13128,2022-12-21,CUST2757,31.0,Male,PAPP647,Running Shoes,Apparel,1,1169.97,1169.97,North
ORD13521,2022-12-21,CUST2203,38.0,Female,PSPO120,Yoga Mat,Sports,1,656.78,656.78,South
ORD11155,2022-12-21,CUST2777,16.0,Male,PBEA906,Face Serum,Beauty,3,656.67,1970.01,West
ORD13316,2022-12-21,CUST2159,23.0,Male,PELE960,Wireless Earbuds,Electronics,1,3226.53,3226.53,East
ORD11973,2022-12-21,CUST2229,24.0,Male,PAPP194,Denim Jeans,Apparel,1,1561.33,1561.33,West
ORD13824,2022-12-21,CUST2085,22.0,Female,PBEA202,Face Wash,Beauty,1,482.35,482.35,South
ORD15416,2022-12-21,CUST2659,34.0,Female,PBEA268,Shampoo,Beauty,2,224.78,449.56,North
ORD14951,2022-12-21,CUST2116,31.0,Male,PELE902,Wireless Earbuds,Electronics,1,829.0,829.0,East
ORD12063,2022-12-21,CUST3755,16.0,Female,PELE805,Smartwatch,Electronics,1,1702.71,1702.71,East
ORD10913,2022-12-21,CUST3682,28.0,Female,PELE122,Bluetooth Speaker,Electronics,1,2207.21,2207.21,East
ORD12916,2022-12-21,CUST3725,23.0,Female,PAPP148,Hoodie,Apparel,1,1501.29,1501.29,South
ORD10260,2022-12-21,CUST2917,30.0,Female,PELE162,Smartwatch,Electronics,1,1396.13,1396.13,North
ORD14085,2022-12-21,CUST2283,29.0,Female,PELE203,Bluetooth Speaker,Electronics,2,3204.25,6408.5,North
ORD14633,2022-12-21,CUST3541,37.0,Male,PELE854,Bluetooth Speaker,Electronics,1,1318.18,1318.18,North
ORD15122,2022-12-21,CUST3456,31.0,Male,PAPP663,Denim Jeans,Apparel,1,1988.59,1988.59,South
ORD10144,2022-12-21,CUST2467,38.0,Female,PELE604,Smartphone Case,Electronics,1,3762.16,3762.16,North
ORD12559,2022-12-21,CUST3354,25.0,Male,PAPP464,Jacket,Apparel,1,1658.48,1658.48,East
ORD15545,2022-12-21,CUST2839,33.0,Female,PSPO621,Yoga Mat,Sports,1,586.77,586.77,East
ORD14090,2022-12-21,CUST3012,45.0,Female,PHOM565,Blender,Home & Kitchen,1,2977.04,2977.04,South
ORD10784,2022-12-21,CUST2675,35.0,Female,PSPO280,Cycling Gloves,Sports,2,862.91,1725.82,South
ORD13484,2022-12-21,CUST2241,43.0,Female,PELE368,Bluetooth Speaker,Electronics,1,4377.55,4377.55,East
ORD11385,2022-12-21,CUST3475,39.0,Male,PHOM163,Storage Rack,Home & Kitchen,1,787.94,787.94,West
ORD11549,2022-12-21,CUST3174,32.0,Female,PAPP248,Running Shoes,Apparel,2,1590.3,3180.6,North
ORD12918,2022-12-22,CUST3468,43.0,Male,PBEA997,Shampoo,Beauty,1,428.88,428.88,North
ORD15286,2022-12-22,CUST2665,16.0,Female,PAPP366,Jacket,Apparel,1,1584.95,1584.95,North
ORD15559,2022-12-22,CUST2456,34.0,Female,PHOM170,Blender,Home & Kitchen,1,943.67,943.67,South
ORD13172,2022-12-22,CUST3176,25.0,Female,PELE972,Wireless Earbuds,Electronics,1,3853.63,3853.63,North
ORD11735,2022-12-22,CUST2257,23.0,Male,PELE227,Power Bank,Electronics,1,2360.82,2360.82,North
ORD10165,2022-12-22,CUST3071,55.0,Female,PAPP494,Denim Jeans,Apparel,3,1602.48,4807.44,East
ORD10098,2022-12-22,CUST3148,37.0,Male,PHOM855,Non-stick Pan,Home & Kitchen,1,2128.82,2128.82,South
ORD14302,2022-12-22,CUST2071,26.0,Male,PSPO432,Yoga Mat,Sports,1,811.58,811.58,East
ORD12956,2022-12-22,CUST2688,46.0,Male,PAPP769,Hoodie,Apparel,3,1414.81,4244.43,North
ORD14584,2022-12-22,CUST2087,32.0,Female,PAPP523,Hoodie,Apparel,1,1300.28,1300.28,North
ORD15124,2022-12-22,CUST3193,20.0,Male,PELE718,Power Bank,Electronics,1,3283.04,3283.04,East
ORD11664,2022-12-22,CUST2710,20.0,Male,PELE515,Power Bank,Electronics,1,3367.4,3367.4,East
ORD13038,2022-12-22,CUST2683,26.0,Male,PBEA818,Perfume,Beauty,2,889.96,1779.92,South
ORD14289,2022-12-22,CUST2989,38.0,Male,PELE115,Bluetooth Speaker,Electronics,1,954.32,954.32,East
ORD11391,2022-12-22,CUST2566,32.0,Female,PAPP932,Running Shoes,Apparel,1,1846.25,1846.25,East
ORD14498,2022-12-22,CUST2508,34.0,Male,PAPP950,Hoodie,Apparel,2,1791.34,3582.68,North
ORD13407,2022-12-22,CUST3185,21.0,Female,PSPO699,Cycling Gloves,Sports,2,914.34,1828.68,East
ORD11466,2022-12-23,CUST2741,21.0,Female,PELE591,Wireless Earbuds,Electronics,1,2052.68,2052.68,South
ORD14434,2022-12-23,CUST3109,29.0,Male,PSPO618,Cycling Gloves,Sports,1,1052.53,1052.53,West
ORD13777,2022-12-23,CUST3288,26.0,Male,PBEA372,Face Wash,Beauty,1,1328.33,1328.33,South
ORD12589,2022-12-23,CUST3360,33.0,Female,PAPP242,Jacket,Apparel,3,608.29,1824.87,West
ORD15161,2022-12-23,CUST2916,36.0,Female,PAPP969,Jacket,Apparel,1,1691.0,1691.0,West
ORD12041,2022-12-23,CUST2886,30.0,Female,PAPP742,Jacket,Apparel,2,400.05,800.1,West
ORD14340,2022-12-23,CUST3020,20.0,Male,PELE632,Bluetooth Speaker,Electronics,1,1087.98,1087.98,South
ORD11092,2022-12-23,CUST2618,44.0,Female,PELE370,Smartphone Case,Electronics,2,2382.56,4765.12,East
ORD14454,2022-12-23,CUST2364,34.0,Male,PELE706,Wireless Earbuds,Electronics,1,1697.66,1697.66,South
ORD10048,2022-12-23,CUST3433,29.0,Male,PAPP518,Denim Jeans,Apparel,1,1206.53,1206.53,North
ORD13338,2022-12-23,CUST3034,16.0,Female,PAPP703,Hoodie,Apparel,1,1837.4,1837.4,South
ORD12726,2022-12-23,CUST3743,39.0,Female,PBEA937,Lipstick,Beauty,1,235.37,235.37,South
ORD13325,2022-12-23,CUST3138,42.0,Female,PAPP719,Running Shoes,Apparel,2,2001.53,4003.06,South
ORD14863,2022-12-23,CUST2894,17.0,Male,PAPP289,Jacket,Apparel,1,1407.38,1407.38,West
ORD12941,2022-12-23,CUST3040,24.0,Female,PSPO685,Football,Sports,1,817.19,817.19,East
ORD13023,2022-12-23,CUST2622,27.0,Female,PSPO619,Cycling Gloves,Sports,1,1289.49,1289.49,North
ORD11674,2022-12-23,CUST3574,40.0,Male,PHOM500,Storage Rack,Home & Kitchen,2,2437.69,4875.38,North
ORD11186,2022-12-23,CUST2007,29.0,Female,PHOM302,Cushion Set,Home & Kitchen,2,849.84,1699.68,East
ORD12191,2022-12-23,CUST2805,37.0,Male,PELE943,Wireless Earbuds,Electronics,1,1807.25,1807.25,West
ORD12892,2022-12-23,CUST3296,38.0,Female,PAPP496,Denim Jeans,Apparel,1,1450.02,1450.02,East
ORD15248,2022-12-23,CUST2028,46.0,Male,PAPP681,Cotton T-Shirt,Apparel,1,770.85,770.85,South
ORD12843,2022-12-23,CUST3113,25.0,Female,PHOM722,Cushion Set,Home & Kitchen,1,1573.75,1573.75,North
ORD11200,2022-12-23,CUST2514,16.0,Male,PELE135,Power Bank,Electronics,1,895.7,895.7,North
ORD15014,2022-12-24,CUST3601,27.0,Male,PELE631,Smartphone Case,Electronics,2,3129.91,6259.82,East
ORD13779,2022-12-24,CUST3111,41.0,Female,PELE469,Wireless Earbuds,Electronics,1,4063.22,4063.22,North
ORD12253,2022-12-24,CUST3530,25.0,Female,PELE356,Bluetooth Speaker,Electronics,3,3004.53,9013.59,South
ORD12425,2022-12-24,CUST2655,34.0,Male,PSPO105,Cycling Gloves,Sports,1,2316.77,2316.77,East
ORD14047,2022-12-24,CUST2274,25.0,Male,PHOM350,Table Lamp,Home & Kitchen,1,2929.38,2929.38,East
ORD14444,2022-12-24,CUST2642,37.0,Female,PSPO964,Cycling Gloves,Sports,2,690.11,1380.22,North
ORD15569,2022-12-24,CUST3518,42.0,Female,PSPO216,Football,Sports,1,872.9,872.9,West
ORD13870,2022-12-24,CUST3357,38.0,Female,PHOM346,Table Lamp,Home & Kitchen,2,2871.23,5742.46,East
ORD13646,2022-12-24,CUST2609,40.0,Male,PELE257,Power Bank,Electronics,2,3395.65,6791.3,West
ORD13770,2022-12-24,CUST2480,36.0,Male,PHOM706,Non-stick Pan,Home & Kitchen,2,943.61,1887.22,North
ORD14503,2022-12-24,CUST2963,22.0,Male,PAPP942,Running Shoes,Apparel,2,1482.35,2964.7,West
ORD13954,2022-12-24,CUST3783,29.0,Female,PAPP596,Cotton T-Shirt,Apparel,1,671.2,671.2,East
ORD15537,2022-12-24,CUST2698,22.0,Male,PELE323,Wireless Earbuds,Electronics,1,1565.45,1565.45,East
ORD11421,2022-12-24,CUST2750,36.0,Male,PHOM232,Table Lamp,Home & Kitchen,1,2897.33,2897.33,South
ORD11581,2022-12-24,CUST2699,40.0,Male,PHOM971,Cushion Set,Home & Kitchen,1,314.42,314.42,East
ORD10745,2022-12-24,CUST3723,32.0,Female,PELE777,Power Bank,Electronics,1,1193.59,1193.59,West
ORD15131,2022-12-24,CUST2673,32.0,Female,PBEA759,Face Serum,Beauty,1,356.05,356.05,East
ORD10314,2022-12-24,CUST2784,42.0,Male,PHOM248,Table Lamp,Home & Kitchen,1,1046.0,1046.0,East
ORD12294,2022-12-24,CUST3073,27.0,Female,PELE243,Smartwatch,Electronics,2,3052.72,6105.44,South
ORD15433,2022-12-24,CUST2210,16.0,Female,PSPO276,Yoga Mat,Sports,1,1133.98,1133.98,North
ORD15823,2022-12-24,CUST3673,31.0,Male,PSPO265,Yoga Mat,Sports,2,2174.46,4348.92,North
ORD10017,2022-12-24,CUST2290,31.0,Male,PSPO635,Yoga Mat,Sports,1,2375.81,2375.81,East
ORD13891,2022-12-24,CUST2120,21.0,Female,PSPO292,Football,Sports,1,781.4,781.4,South
ORD12058,2022-12-25,CUST3559,33.0,Male,PELE217,Bluetooth Speaker,Electronics,1,3531.68,3531.68,North
ORD11446,2022-12-25,CUST2255,37.0,Female,PHOM879,Cushion Set,Home & Kitchen,1,1119.54,1119.54,West
ORD13722,2022-12-25,CUST2079,27.0,Male,PHOM568,Non-stick Pan,Home & Kitchen,3,1592.35,4777.05,South
ORD11021,2022-12-25,CUST2332,38.0,Male,PHOM292,Cushion Set,Home & Kitchen,1,488.33,488.33,West
ORD14985,2022-12-25,CUST3265,27.0,Female,PSPO597,Cycling Gloves,Sports,1,996.26,996.26,East
ORD15624,2022-12-25,CUST3035,39.0,Female,PSPO938,Football,Sports,1,404.93,404.93,South
ORD14474,2022-12-25,CUST3505,32.0,Female,PELE696,Smartphone Case,Electronics,2,2320.44,4640.88,East
ORD13704,2022-12-25,CUST2845,22.0,Female,PBEA706,Perfume,Beauty,2,712.84,1425.68,North
ORD13677,2022-12-25,CUST3113,34.0,Male,PAPP670,Cotton T-Shirt,Apparel,1,504.34,504.34,East
ORD10735,2022-12-25,CUST3425,44.0,Female,PSPO969,Dumbbell Set,Sports,2,280.12,560.24,South
ORD10805,2022-12-25,CUST2778,28.0,Female,PSPO873,Football,Sports,1,1905.72,1905.72,North
ORD12243,2022-12-25,CUST2166,23.0,Female,PELE603,Bluetooth Speaker,Electronics,1,1597.92,1597.92,North
ORD15546,2022-12-25,CUST3411,17.0,Female,PAPP727,Cotton T-Shirt,Apparel,1,1625.86,1625.86,East
ORD15919,2022-12-25,CUST3534,38.0,Female,PHOM579,Storage Rack,Home & Kitchen,1,1123.57,1123.57,South
ORD15631,2022-12-26,CUST2872,46.0,Female,PELE878,Smartphone Case,Electronics,1,1978.58,1978.58,South
ORD12725,2022-12-26,CUST3514,45.0,Female,PSPO353,Cricket Bat,Sports,1,1538.7,1538.7,West
ORD10578,2022-12-26,CUST3329,44.0,Male,PBEA666,Lipstick,Beauty,1,254.93,254.93,South
ORD10230,2022-12-26,CUST2097,50.0,Female,PELE923,Smartphone Case,Electronics,1,3132.37,3132.37,South
ORD13513,2022-12-26,CUST3493,16.0,Female,PELE135,Smartphone Case,Electronics,1,1744.21,1744.21,East
ORD13004,2022-12-26,CUST2959,17.0,Female,PELE978,Smartwatch,Electronics,1,2332.08,2332.08,North
ORD13549,2022-12-26,CUST2703,35.0,Female,PELE271,Smartwatch,Electronics,1,989.56,989.56,South
ORD13279,2022-12-26,CUST2477,17.0,Female,PELE934,Bluetooth Speaker,Electronics,1,3530.69,3530.69,South
ORD11717,2022-12-26,CUST2114,43.0,Male,PHOM485,Blender,Home & Kitchen,2,1379.9,2759.8,West
ORD14412,2022-12-26,CUST2676,43.0,Female,PAPP863,Hoodie,Apparel,2,1347.99,2695.98,North
ORD12698,2022-12-26,CUST2921,36.0,Male,PBEA915,Face Serum,Beauty,1,155.89,155.89,South
ORD15573,2022-12-26,CUST2284,22.0,Female,PAPP179,Cotton T-Shirt,Apparel,1,949.97,949.97,East
ORD14732,2022-12-26,CUST2925,23.0,Male,PHOM428,Table Lamp,Home & Kitchen,1,1955.01,1955.01,North
ORD10628,2022-12-26,CUST3145,47.0,Male,PELE870,Smartwatch,Electronics,1,4224.28,4224.28,North
ORD15776,2022-12-27,CUST2754,48.0,Male,PHOM883,Storage Rack,Home & Kitchen,1,2382.13,2382.13,North
ORD15039,2022-12-27,CUST3785,32.0,Male,PBEA215,Face Wash,Beauty,2,637.3,1274.6,North
ORD13951,2022-12-27,CUST2188,39.0,Male,PELE123,Power Bank,Electronics,1,1009.7,1009.7,South
ORD11657,2022-12-27,CUST2098,42.0,Male,PBEA161,Face Serum,Beauty,1,803.76,803.76,West
ORD15148,2022-12-27,CUST3399,28.0,Female,PBEA143,Face Wash,Beauty,1,804.96,804.96,South
ORD15034,2022-12-27,CUST3324,42.0,Female,PHOM737,Cushion Set,Home & Kitchen,1,924.87,924.87,West
ORD15954,2022-12-27,CUST2761,38.0,Male,PELE986,Power Bank,Electronics,1,3976.29,3976.29,South
ORD11786,2022-12-27,CUST3228,43.0,Male,PHOM655,Storage Rack,Home & Kitchen,1,1725.94,1725.94,South
ORD15213,2022-12-27,CUST3229,46.0,Female,PELE434,Smartphone Case,Electronics,1,4128.36,4128.36,North
ORD14467,2022-12-27,CUST3345,24.0,Male,PAPP519,Denim Jeans,Apparel,1,1607.71,1607.71,East
ORD13419,2022-12-27,CUST2796,35.0,Female,PHOM581,Table Lamp,Home & Kitchen,1,2888.02,2888.02,West
ORD14395,2022-12-27,CUST3072,26.0,Male,PAPP919,Cotton T-Shirt,Apparel,1,1647.69,1647.69,West
ORD13673,2022-12-27,CUST3370,24.0,Female,PELE368,Smartwatch,Electronics,2,4271.81,8543.62,South
ORD14026,2022-12-27,CUST3156,31.0,Male,PELE560,Power Bank,Electronics,1,2199.11,2199.11,West
ORD11471,2022-12-27,CUST2520,16.0,Female,PAPP453,Jacket,Apparel,2,1025.55,2051.1,East
ORD15876,2022-12-27,CUST3307,25.0,Male,PELE339,Smartwatch,Electronics,1,2584.3,2584.3,North
ORD14986,2022-12-27,CUST2057,52.0,Male,PELE637,Wireless Earbuds,Electronics,1,4123.09,4123.09,North
ORD15967,2022-12-27,CUST3085,28.0,Female,PBEA395,Face Wash,Beauty,2,372.42,744.84,North
ORD13527,2022-12-27,CUST2569,32.0,Male,PSPO942,Football,Sports,1,1289.63,1289.63,East
ORD12750,2022-12-27,CUST2439,25.0,Male,PAPP549,Denim Jeans,Apparel,1,1623.59,1623.59,South
ORD11772,2022-12-27,CUST3119,32.0,Male,PELE590,Wireless Earbuds,Electronics,1,3771.42,3771.42,East
ORD13204,2022-12-27,CUST3145,50.0,Male,PELE172,Power Bank,Electronics,1,2423.0,2423.0,South
ORD15076,2022-12-27,CUST2126,31.0,Female,PBEA389,Face Wash,Beauty,1,522.57,522.57,East
ORD10568,2022-12-27,CUST2115,32.0,Male,PBEA454,Face Serum,Beauty,1,1203.12,1203.12,South
ORD10954,2022-12-27,CUST2532,35.0,Male,PSPO671,Football,Sports,1,602.14,602.14,East
ORD12384,2022-12-27,CUST3065,24.0,Male,PELE994,Smartphone Case,Electronics,1,1170.58,1170.58,South
ORD12083,2022-12-27,CUST3210,39.0,Female,PAPP874,Hoodie,Apparel,1,1488.67,1488.67,South
ORD12562,2022-12-28,CUST3306,31.0,Male,PHOM386,Blender,Home & Kitchen,1,617.37,617.37,West
ORD14870,2022-12-28,CUST2356,37.0,Female,PELE418,Bluetooth Speaker,Electronics,2,3123.55,6247.1,West
ORD11499,2022-12-28,CUST2165,29.0,Male,PELE579,Wireless Earbuds,Electronics,2,1575.82,3151.64,North
ORD13612,2022-12-28,CUST2135,30.0,Female,PAPP141,Hoodie,Apparel,1,417.4,417.4,East
ORD15351,2022-12-28,CUST3375,40.0,Female,PHOM559,Cushion Set,Home & Kitchen,2,968.32,1936.64,East
ORD12682,2022-12-28,CUST3153,35.0,Male,PELE699,Smartphone Case,Electronics,3,2512.84,7538.52,East
ORD10551,2022-12-29,CUST3621,17.0,Male,PSPO702,Dumbbell Set,Sports,2,1027.87,2055.74,West
ORD12959,2022-12-29,CUST2011,21.0,Female,PELE922,Power Bank,Electronics,1,2946.99,2946.99,West
ORD14833,2022-12-30,CUST2409,46.0,Female,PHOM706,Cushion Set,Home & Kitchen,2,2856.5,5713.0,South
ORD14231,2022-12-30,CUST2173,38.0,Male,PELE314,Smartphone Case,Electronics,1,3864.3,3864.3,North
ORD13744,2022-12-30,CUST3117,27.0,Female,PSPO893,Football,Sports,1,268.79,268.79,North
ORD12760,2022-12-30,CUST2145,26.0,Male,PELE381,Smartwatch,Electronics,1,3290.68,3290.68,South
ORD14650,2022-12-30,CUST2648,41.0,Male,PBEA891,Lipstick,Beauty,1,1401.67,1401.67,South
ORD11114,2022-12-31,CUST3712,24.0,Male,PELE191,Smartwatch,Electronics,1,2906.87,2906.87,South
ORD11104,2022-12-31,CUST2584,33.0,Male,PELE834,Smartphone Case,Electronics,2,2707.14,5414.28,West
ORD12966,2022-12-31,CUST2265,42.0,Female,PHOM601,Cushion Set,Home & Kitchen,2,2648.83,5297.66,East
ORD13895,2022-12-31,CUST3282,32.0,Female,PBEA482,Face Serum,Beauty,1,366.75,366.75,South
ORD10642,2022-12-31,CUST2936,30.0,Female,PAPP692,Denim Jeans,Apparel,1,2051.51,2051.51,East
ORD13375,2022-12-31,CUST2662,24.0,Female,PBEA717,Face Wash,Beauty,1,566.3,566.3,North
ORD12237,2022-12-31,CUST2426,32.0,Male,PAPP483,Hoodie,Apparel,2,1139.3,2278.6,South
ORD11239,2023-01-01,CUST3289,40.0,Male,PELE323,Smartwatch,Electronics,1,2667.44,2667.44,East
ORD11746,2023-01-01,CUST3379,43.0,Female,PSPO934,Cricket Bat,Sports,1,1371.74,1371.74,South
ORD13919,2023-01-01,CUST2517,27.0,Female,PHOM154,Cushion Set,Home & Kitchen,2,613.61,1227.22,East
ORD12428,2023-01-01,CUST3751,34.0,Female,PELE417,Power Bank,Electronics,1,3800.82,3800.82,South
ORD15989,2023-01-02,CUST3614,29.0,Male,PHOM252,Cushion Set,Home & Kitchen,1,1940.48,1940.48,East
ORD15011,2023-01-02,CUST3072,33.0,Female,PELE965,Smartphone Case,Electronics,1,4166.45,4166.45,North
ORD10958,2023-01-02,CUST2309,27.0,Male,PAPP751,Jacket,Apparel,1,1455.47,1455.47,East
ORD13578,2023-01-02,CUST2133,42.0,Male,PAPP217,Cotton T-Shirt,Apparel,2,920.81,1841.62,South
ORD12546,2023-01-02,CUST2753,21.0,Female,PELE100,Smartwatch,Electronics,1,2524.75,2524.75,South
ORD13855,2023-01-02,CUST2529,31.0,Male,PBEA243,Lipstick,Beauty,1,1475.78,1475.78,South
ORD12044,2023-01-02,CUST2013,20.0,Female,PSPO451,Football,Sports,1,1312.92,1312.92,West
ORD15674,2023-01-02,CUST2919,24.0,Female,PAPP997,Jacket,Apparel,1,1163.84,1163.84,North
ORD11745,2023-01-03,CUST2577,44.0,Female,PBEA211,Face Serum,Beauty,1,1184.77,1184.77,West
ORD11129,2023-01-03,CUST3442,35.0,Female,PELE376,Smartwatch,Electronics,1,2463.45,2463.45,South
ORD15705,2023-01-03,CUST3329,24.0,Female,PAPP372,Cotton T-Shirt,Apparel,1,1223.22,1223.22,North
ORD12692,2023-01-03,CUST3467,38.0,Female,PSPO847,Cycling Gloves,Sports,1,2458.68,2458.68,North
ORD10836,2023-01-03,CUST3646,28.0,Female,PELE346,Smartphone Case,Electronics,1,3912.92,3912.92,South
ORD14627,2023-01-03,CUST3031,43.0,Female,PHOM196,Table Lamp,Home & Kitchen,2,813.95,1627.9,North
ORD12539,2023-01-03,CUST3193,44.0,Male,PELE745,Wireless Earbuds,Electronics,1,2085.53,2085.53,East
ORD14448,2023-01-03,CUST3467,34.0,Male,PELE121,Wireless Earbuds,Electronics,1,1131.92,1131.92,West
ORD11481,2023-01-04,CUST2834,36.0,Female,PHOM300,Non-stick Pan,Home & Kitchen,1,2589.11,2589.11,South
ORD15959,2023-01-04,CUST2320,44.0,Male,PSPO486,Football,Sports,1,2123.24,2123.24,West
ORD12158,2023-01-04,CUST3202,26.0,Male,PHOM351,Blender,Home & Kitchen,2,1552.69,3105.38,North
ORD15558,2023-01-04,CUST3466,46.0,Female,PAPP455,Jacket,Apparel,1,1186.77,1186.77,North
ORD13813,2023-01-04,CUST2005,30.0,Male,PELE506,Wireless Earbuds,Electronics,2,1713.19,3426.38,North
ORD13433,2023-01-04,CUST3517,27.0,Male,PSPO177,Cricket Bat,Sports,1,647.16,647.16,West
ORD15189,2023-01-05,CUST3749,28.0,Female,PAPP328,Cotton T-Shirt,Apparel,1,1742.13,1742.13,South
ORD11903,2023-01-05,CUST3585,30.0,Male,PAPP971,Hoodie,Apparel,2,408.75,817.5,West
ORD14485,2023-01-05,CUST2547,32.0,Female,PELE529,Bluetooth Speaker,Electronics,1,2259.96,2259.96,South
ORD11821,2023-01-05,CUST2660,27.0,Male,PHOM216,Blender,Home & Kitchen,2,2366.24,4732.48,West
ORD14335,2023-01-05,CUST3075,31.0,Male,PHOM710,Blender,Home & Kitchen,1,1699.44,1699.44,West
ORD12079,2023-01-06,CUST2377,24.0,Female,PAPP286,Cotton T-Shirt,Apparel,2,2092.16,4184.32,North
ORD15478,2023-01-06,CUST3678,42.0,Female,PELE746,Wireless Earbuds,Electronics,1,4311.87,4311.87,North
ORD15653,2023-01-06,CUST2257,28.0,Female,PAPP221,Running Shoes,Apparel,3,2123.88,6371.64,East
ORD11106,2023-01-06,CUST2233,42.0,Female,PAPP369,Hoodie,Apparel,1,1186.84,1186.84,North
ORD10812,2023-01-07,CUST2487,45.0,Male,PELE748,Smartphone Case,Electronics,1,2770.79,2770.79,South
ORD10548,2023-01-07,CUST3343,36.0,Female,PSPO187,Yoga Mat,Sports,1,2297.97,2297.97,North
ORD14837,2023-01-07,CUST3097,22.0,Male,PAPP528,Hoodie,Apparel,1,1237.0,1237.0,North
ORD10761,2023-01-08,CUST3554,38.0,Male,PHOM224,Table Lamp,Home & Kitchen,1,2620.82,2620.82,West
ORD13191,2023-01-08,CUST2611,30.0,Male,PAPP534,Hoodie,Apparel,1,1927.56,1927.56,North
ORD13042,2023-01-08,CUST2649,40.0,Female,PELE535,Bluetooth Speaker,Electronics,1,3526.93,3526.93,South
ORD10972,2023-01-08,CUST2706,25.0,Female,PHOM310,Storage Rack,Home & Kitchen,3,708.42,2125.26,North
ORD10570,2023-01-08,CUST2556,33.0,Male,PHOM192,Non-stick Pan,Home & Kitchen,1,340.46,340.46,South
ORD11056,2023-01-08,CUST3793,25.0,Male,PAPP474,Hoodie,Apparel,1,2127.01,2127.01,South
ORD15709,2023-01-08,CUST3056,44.0,Male,PELE933,Bluetooth Speaker,Electronics,2,2409.97,4819.94,North
ORD12896,2023-01-09,CUST2074,20.0,Male,PELE309,Wireless Earbuds,Electronics,1,2264.22,2264.22,West
ORD12402,2023-01-09,CUST2634,16.0,Male,PBEA126,Perfume,Beauty,1,429.53,429.53,North
ORD11927,2023-01-09,CUST3620,32.0,Female,PELE451,Power Bank,Electronics,1,2069.57,2069.57,East
ORD12747,2023-01-10,CUST2121,36.0,Male,PAPP308,Running Shoes,Apparel,1,531.96,531.96,South
ORD12979,2023-01-10,CUST3513,37.0,Male,PHOM804,Blender,Home & Kitchen,2,2179.29,4358.58,East
ORD12820,2023-01-10,CUST3125,34.0,Male,PAPP736,Cotton T-Shirt,Apparel,1,1938.01,1938.01,South
ORD11139,2023-01-10,CUST2448,25.0,Female,PELE623,Bluetooth Speaker,Electronics,1,1602.49,1602.49,West
ORD15605,2023-01-10,CUST3323,36.0,Male,PHOM650,Storage Rack,Home & Kitchen,1,1387.38,1387.38,South
ORD11729,2023-01-11,CUST3102,48.0,Female,PELE356,Bluetooth Speaker,Electronics,1,2729.19,2729.19,South
ORD12772,2023-01-11,CUST2942,23.0,Male,PAPP735,Denim Jeans,Apparel,1,447.91,447.91,South
ORD15806,2023-01-11,CUST3393,17.0,Female,PBEA172,Perfume,Beauty,1,1401.66,1401.66,North
ORD15703,2023-01-11,CUST3057,37.0,Male,PBEA100,Lipstick,Beauty,2,249.21,498.42,West
ORD13122,2023-01-11,CUST3766,54.0,Female,PELE774,Wireless Earbuds,Electronics,1,1694.62,1694.62,West
ORD14429,2023-01-11,CUST3436,34.0,Male,PAPP952,Running Shoes,Apparel,2,834.8,1669.6,North
ORD11624,2023-01-11,CUST3237,43.0,Male,PBEA785,Face Serum,Beauty,1,663.57,663.57,North
ORD11578,2023-01-12,CUST3027,27.0,Female,PAPP528,Running Shoes,Apparel,1,691.11,691.11,North
ORD11789,2023-01-12,CUST3730,27.0,Female,PBEA200,Lipstick,Beauty,2,359.75,719.5,West
ORD15683,2023-01-12,CUST3074,34.0,Male,PSPO741,Football,Sports,1,445.75,445.75,North
ORD11984,2023-01-12,CUST3644,47.0,Female,PAPP229,Cotton T-Shirt,Apparel,1,595.44,595.44,West
ORD11899,2023-01-12,CUST2270,18.0,Female,PHOM176,Storage Rack,Home & Kitchen,2,1178.5,2357.0,West
ORD10616,2023-01-12,CUST3026,27.0,Female,PELE182,Wireless Earbuds,Electronics,2,2283.7,4567.4,West
ORD15033,2023-01-12,CUST2871,20.0,Female,PELE249,Smartwatch,Electronics,1,1978.05,1978.05,North
ORD11558,2023-01-12,CUST3585,46.0,Female,PELE619,Bluetooth Speaker,Electronics,2,2091.29,4182.58,South
ORD11880,2023-01-13,CUST3583,35.0,Male,PAPP628,Denim Jeans,Apparel,2,2026.84,4053.68,South
ORD15754,2023-01-13,CUST2784,37.0,Male,PSPO505,Dumbbell Set,Sports,3,1034.07,3102.21,East
ORD11238,2023-01-13,CUST2108,23.0,Female,PAPP944,Hoodie,Apparel,2,1191.8,2383.6,South
ORD11350,2023-01-13,CUST2048,20.0,Male,PELE370,Smartwatch,Electronics,1,1238.72,1238.72,East
ORD14007,2023-01-13,CUST3616,21.0,Male,PAPP337,Hoodie,Apparel,3,1208.18,3624.54,West
ORD11226,2023-01-14,CUST3455,41.0,Female,PELE129,Bluetooth Speaker,Electronics,1,2005.66,2005.66,South
ORD13695,2023-01-14,CUST2312,26.0,Female,PHOM208,Storage Rack,Home & Kitchen,1,464.57,464.57,South
ORD15933,2023-01-15,CUST3751,21.0,Female,PSPO468,Dumbbell Set,Sports,1,1775.29,1775.29,East
ORD13554,2023-01-15,CUST3032,37.0,Male,PELE919,Power Bank,Electronics,1,2368.84,2368.84,South
ORD14208,2023-01-15,CUST3023,39.0,Female,PAPP634,Hoodie,Apparel,1,1408.29,1408.29,West
ORD14207,2023-01-15,CUST2119,40.0,Female,PBEA164,Face Serum,Beauty,2,1430.0,2860.0,North
ORD11331,2023-01-16,CUST2082,34.0,Male,PHOM427,Cushion Set,Home & Kitchen,1,2877.55,2877.55,West
ORD14740,2023-01-16,CUST3013,21.0,Male,PELE164,Smartphone Case,Electronics,2,1838.93,3677.86,North
ORD12120,2023-01-16,CUST2301,32.0,Male,PHOM740,Storage Rack,Home & Kitchen,1,2546.22,2546.22,West
ORD13854,2023-01-16,CUST2163,20.0,Female,PAPP980,Running Shoes,Apparel,1,992.56,992.56,South
ORD11192,2023-01-16,CUST3675,21.0,Female,PELE272,Bluetooth Speaker,Electronics,2,3612.29,7224.58,North
ORD15126,2023-01-16,CUST2451,38.0,Female,PELE450,Smartwatch,Electronics,1,1282.32,1282.32,West
ORD12275,2023-01-16,CUST2597,42.0,Female,PBEA877,Shampoo,Beauty,1,1383.89,1383.89,East
ORD12551,2023-01-16,CUST2128,21.0,Male,PHOM139,Blender,Home & Kitchen,2,870.05,1740.1,North
ORD11217,2023-01-16,CUST2102,38.0,Female,PHOM253,Non-stick Pan,Home & Kitchen,1,1810.66,1810.66,East
ORD12252,2023-01-16,CUST3721,35.0,Male,PSPO355,Football,Sports,1,1965.91,1965.91,North
ORD13067,2023-01-16,CUST2790,36.0,Female,PSPO176,Yoga Mat,Sports,1,608.03,608.03,West
ORD14182,2023-01-17,CUST2587,47.0,Male,PELE468,Power Bank,Electronics,1,3702.46,3702.46,West
ORD12584,2023-01-17,CUST3600,26.0,Male,PAPP833,Running Shoes,Apparel,1,458.84,458.84,West
ORD10251,2023-01-17,CUST2327,16.0,Female,PSPO250,Cycling Gloves,Sports,2,576.87,1153.74,North
ORD10405,2023-01-17,CUST2920,31.0,Female,PAPP166,Hoodie,Apparel,1,542.21,542.21,East
ORD14094,2023-01-18,CUST3288,20.0,Female,PBEA685,Shampoo,Beauty,1,180.12,180.12,South
ORD11134,2023-01-18,CUST3027,23.0,Female,PBEA983,Shampoo,Beauty,2,1315.27,2630.54,North
ORD12368,2023-01-18,CUST3316,25.0,Male,PELE873,Wireless Earbuds,Electronics,1,823.98,823.98,South
ORD10374,2023-01-18,CUST3216,36.0,Male,PSPO205,Cricket Bat,Sports,2,1654.69,3309.38,West
ORD15673,2023-01-18,CUST3562,17.0,Male,PELE533,Smartwatch,Electronics,1,2791.76,2791.76,West
ORD15808,2023-01-18,CUST3226,32.0,Female,PELE320,Wireless Earbuds,Electronics,2,3771.17,7542.34,West
ORD15636,2023-01-19,CUST2496,16.0,Female,PAPP123,Cotton T-Shirt,Apparel,1,449.94,449.94,West
ORD15004,2023-01-19,CUST2067,31.0,Female,PELE919,Smartphone Case,Electronics,2,3469.0,6938.0,West
ORD14990,2023-01-19,CUST3195,17.0,Female,PSPO433,Dumbbell Set,Sports,1,1842.14,1842.14,West
ORD14189,2023-01-19,CUST2675,20.0,Male,PBEA478,Perfume,Beauty,1,1449.73,1449.73,North
ORD12435,2023-01-19,CUST3548,41.0,Female,PHOM418,Blender,Home & Kitchen,1,1251.27,1251.27,East
ORD12208,2023-01-19,CUST2827,51.0,Female,PELE789,Smartwatch,Electronics,2,3942.61,7885.22,East
ORD11273,2023-01-19,CUST3442,20.0,Female,PHOM110,Cushion Set,Home & Kitchen,2,1436.55,2873.1,East
ORD12111,2023-01-19,CUST3093,41.0,Female,PAPP793,Denim Jeans,Apparel,1,410.98,410.98,South
ORD14430,2023-01-19,CUST2029,28.0,Male,PSPO278,Dumbbell Set,Sports,1,1879.09,1879.09,North
ORD10146,2023-01-19,CUST2912,32.0,Female,PHOM654,Storage Rack,Home & Kitchen,1,2543.82,2543.82,North
ORD13078,2023-01-20,CUST3123,19.0,Male,PAPP363,Cotton T-Shirt,Apparel,2,1301.44,2602.88,South
ORD12568,2023-01-20,CUST2237,30.0,Male,PSPO416,Cricket Bat,Sports,1,1439.6,1439.6,North
ORD15648,2023-01-20,CUST3537,25.0,Male,PELE348,Power Bank,Electronics,1,3984.2,3984.2,West
ORD14119,2023-01-20,CUST2212,17.0,Male,PELE622,Wireless Earbuds,Electronics,1,863.62,863.62,North
ORD10309,2023-01-20,CUST2037,22.0,Female,PELE412,Wireless Earbuds,Electronics,1,3917.15,3917.15,East
ORD13051,2023-01-20,CUST3145,34.0,Female,PSPO241,Cycling Gloves,Sports,1,2090.28,2090.28,South
ORD15628,2023-01-20,CUST2595,36.0,Female,PBEA349,Face Serum,Beauty,2,1058.73,2117.46,North
ORD12640,2023-01-21,CUST2681,28.0,Female,PHOM820,Table Lamp,Home & Kitchen,1,1266.45,1266.45,North
ORD15834,2023-01-22,CUST3165,33.0,Male,PHOM315,Blender,Home & Kitchen,2,1849.75,3699.5,North
ORD15457,2023-01-22,CUST3124,36.0,Female,PELE497,Wireless Earbuds,Electronics,1,830.53,830.53,West
ORD12803,2023-01-22,CUST3567,32.0,Male,PAPP304,Jacket,Apparel,1,1024.55,1024.55,West
ORD12315,2023-01-22,CUST2948,32.0,Female,PELE270,Smartphone Case,Electronics,2,3803.1,7606.2,South
ORD15994,2023-01-22,CUST3068,24.0,Female,PELE934,Bluetooth Speaker,Electronics,1,1324.02,1324.02,North
ORD13015,2023-01-22,CUST2567,26.0,Female,PELE171,Wireless Earbuds,Electronics,2,1174.6,2349.2,West
ORD12043,2023-01-22,CUST3533,45.0,Female,PHOM846,Table Lamp,Home & Kitchen,1,678.78,678.78,East
ORD11294,2023-01-22,CUST2288,19.0,Female,PSPO713,Yoga Mat,Sports,1,616.01,616.01,East
ORD15991,2023-01-22,CUST3497,28.0,Male,PSPO227,Football,Sports,1,2267.79,2267.79,South
ORD13424,2023-01-23,CUST2527,48.0,Male,PBEA104,Face Serum,Beauty,1,646.1,646.1,West
ORD10715,2023-01-24,CUST2177,29.0,Male,PELE355,Bluetooth Speaker,Electronics,1,2925.08,2925.08,South
ORD13787,2023-01-24,CUST2106,48.0,Female,PELE448,Smartwatch,Electronics,1,3423.01,3423.01,East
ORD14738,2023-01-24,CUST3209,16.0,Male,PAPP572,Hoodie,Apparel,2,1494.39,2988.78,North
ORD15117,2023-01-24,CUST3490,36.0,Male,PAPP510,Hoodie,Apparel,1,1068.72,1068.72,North
ORD14187,2023-01-24,CUST2821,22.0,Male,PSPO482,Cricket Bat,Sports,1,2222.92,2222.92,South
ORD11017,2023-01-24,CUST2037,32.0,Male,PHOM892,Storage Rack,Home & Kitchen,1,485.86,485.86,West
ORD12933,2023-01-24,CUST2878,24.0,Female,PELE759,Wireless Earbuds,Electronics,1,3922.59,3922.59,South
ORD15996,2023-01-24,CUST3263,30.0,Male,PHOM836,Cushion Set,Home & Kitchen,2,869.98,1739.96,East
ORD11870,2023-01-25,CUST2443,38.0,Male,PHOM188,Storage Rack,Home & Kitchen,1,1850.08,1850.08,South
ORD11031,2023-01-25,CUST2010,26.0,Male,PAPP381,Hoodie,Apparel,2,1295.39,2590.78,South
ORD10417,2023-01-25,CUST2815,20.0,Female,PAPP695,Cotton T-Shirt,Apparel,1,2124.53,2124.53,South
ORD11633,2023-01-26,CUST3097,21.0,Female,PBEA110,Face Wash,Beauty,1,1035.59,1035.59,South
ORD11316,2023-01-26,CUST3245,34.0,Female,PELE262,Wireless Earbuds,Electronics,2,4044.39,8088.78,North
ORD15476,2023-01-26,CUST2474,21.0,Female,PBEA810,Lipstick,Beauty,1,535.94,535.94,North
ORD13576,2023-01-26,CUST3427,30.0,Female,PBEA398,Perfume,Beauty,1,562.19,562.19,South
ORD12375,2023-01-26,CUST2086,45.0,Female,PHOM697,Blender,Home & Kitchen,1,2349.78,2349.78,North
ORD15802,2023-01-26,CUST3169,34.0,Male,PELE173,Bluetooth Speaker,Electronics,1,2937.67,2937.67,North
ORD13249,2023-01-27,CUST2076,28.0,Male,PSPO566,Yoga Mat,Sports,2,988.53,1977.06,East
ORD11882,2023-01-27,CUST3383,32.0,Male,PSPO915,Cycling Gloves,Sports,1,2167.04,2167.04,South
ORD11131,2023-01-27,CUST2361,51.0,Female,PAPP250,Denim Jeans,Apparel,2,909.12,1818.24,East
ORD10304,2023-01-28,CUST2082,35.0,Female,PBEA722,Shampoo,Beauty,1,887.51,887.51,East
ORD11820,2023-01-28,CUST2946,38.0,Female,PELE481,Power Bank,Electronics,1,3036.33,3036.33,South
ORD15509,2023-01-28,CUST3663,34.0,Female,PHOM207,Storage Rack,Home & Kitchen,1,807.84,807.84,West
ORD10847,2023-01-28,CUST2981,34.0,Female,PELE673,Smartphone Case,Electronics,1,1667.51,1667.51,South
ORD13041,2023-01-28,CUST3326,46.0,Female,PHOM879,Blender,Home & Kitchen,2,1374.7,2749.4,West
ORD12301,2023-01-28,CUST3220,24.0,Female,PSPO734,Football,Sports,1,260.35,260.35,West
ORD14212,2023-01-29,CUST3514,24.0,Female,PAPP941,Jacket,Apparel,2,962.29,1924.58,East
ORD15498,2023-01-29,CUST3124,28.0,Female,PHOM173,Cushion Set,Home & Kitchen,1,2682.83,2682.83,South
ORD13034,2023-01-29,CUST2200,26.0,Female,PHOM720,Blender,Home & Kitchen,1,1435.16,1435.16,East
ORD10882,2023-01-29,CUST3572,26.0,Male,PAPP242,Jacket,Apparel,1,1097.92,1097.92,North
ORD14197,2023-01-29,CUST3542,37.0,Male,PELE738,Smartphone Case,Electronics,1,2169.36,2169.36,North
ORD13882,2023-01-30,CUST2362,29.0,Female,PAPP523,Denim Jeans,Apparel,1,2057.31,2057.31,North
ORD14417,2023-01-30,CUST2212,35.0,Male,PELE126,Bluetooth Speaker,Electronics,1,1826.91,1826.91,South
ORD13255,2023-01-30,CUST3121,24.0,Male,PELE923,Smartphone Case,Electronics,1,3592.66,3592.66,West
ORD13712,2023-01-30,CUST2110,22.0,Male,PELE435,Smartphone Case,Electronics,2,1526.24,3052.48,East
ORD13670,2023-01-30,CUST3634,31.0,Female,PAPP467,Cotton T-Shirt,Apparel,1,1059.77,1059.77,North
ORD10922,2023-01-31,CUST3748,27.0,Male,PSPO309,Cycling Gloves,Sports,1,1499.83,1499.83,South
ORD15682,2023-01-31,CUST2060,30.0,Male,PHOM301,Blender,Home & Kitchen,3,1402.1,4206.3,West
ORD11594,2023-01-31,CUST3137,52.0,Male,PHOM998,Cushion Set,Home & Kitchen,1,456.03,456.03,South
ORD10239,2023-02-01,CUST3217,40.0,Female,PSPO528,Yoga Mat,Sports,1,1950.04,1950.04,West
ORD11881,2023-02-01,CUST3106,35.0,Male,PAPP724,Cotton T-Shirt,Apparel,1,1787.72,1787.72,North
ORD13931,2023-02-01,CUST2587,43.0,Female,PBEA729,Face Wash,Beauty,1,225.19,225.19,East
ORD11502,2023-02-01,CUST3562,31.0,Female,PHOM431,Cushion Set,Home & Kitchen,1,593.23,593.23,West
ORD15421,2023-02-01,CUST2273,33.0,Male,PAPP835,Running Shoes,Apparel,1,1000.27,1000.27,South
ORD10489,2023-02-01,CUST3156,20.0,Female,PSPO108,Dumbbell Set,Sports,1,2464.23,2464.23,West
ORD13717,2023-02-02,CUST2608,33.0,Female,PAPP489,Denim Jeans,Apparel,1,1891.36,1891.36,East
ORD14828,2023-02-02,CUST2796,51.0,Female,PELE670,Smartwatch,Electronics,2,2928.6,5857.2,South
ORD11262,2023-02-03,CUST3456,41.0,Male,PHOM300,Blender,Home & Kitchen,1,2602.6,2602.6,East
ORD15880,2023-02-03,CUST3018,47.0,Female,PBEA244,Face Wash,Beauty,2,888.79,1777.58,South
ORD12828,2023-02-04,CUST3005,40.0,Female,PBEA485,Shampoo,Beauty,2,888.37,1776.74,West
ORD12842,2023-02-04,CUST2560,19.0,Male,PAPP654,Denim Jeans,Apparel,2,968.65,1937.3,South
ORD14814,2023-02-04,CUST2955,31.0,Male,PELE872,Wireless Earbuds,Electronics,1,4266.52,4266.52,East
ORD11094,2023-02-04,CUST3714,25.0,Female,PAPP303,Hoodie,Apparel,1,1026.81,1026.81,West
ORD12715,2023-02-04,CUST3682,30.0,Female,PAPP819,Cotton T-Shirt,Apparel,2,1353.0,2706.0,North
ORD13018,2023-02-04,CUST3020,30.0,Male,PELE183,Power Bank,Electronics,2,4249.61,8499.22,North
ORD13444,2023-02-04,CUST3518,43.0,Female,PELE920,Wireless Earbuds,Electronics,1,1473.67,1473.67,South
ORD15384,2023-02-04,CUST2938,33.0,Male,PAPP492,Denim Jeans,Apparel,1,1183.8,1183.8,North
ORD11246,2023-02-04,CUST3096,46.0,Female,PHOM511,Non-stick Pan,Home & Kitchen,1,2707.75,2707.75,South
ORD10023,2023-02-04,CUST3495,24.0,Female,PAPP330,Cotton T-Shirt,Apparel,1,1097.38,1097.38,West
ORD14364,2023-02-05,CUST3178,25.0,Female,PAPP156,Denim Jeans,Apparel,1,757.56,757.56,North
ORD13734,2023-02-05,CUST2597,29.0,Female,PSPO204,Cycling Gloves,Sports,1,414.62,414.62,North
ORD15609,2023-02-05,CUST2053,20.0,Male,PELE878,Wireless Earbuds,Electronics,1,4198.08,4198.08,South
ORD13905,2023-02-05,CUST2261,50.0,Female,PAPP825,Jacket,Apparel,1,2164.58,2164.58,North
ORD12796,2023-02-05,CUST2005,16.0,Female,PHOM241,Blender,Home & Kitchen,1,650.17,650.17,South
ORD11068,2023-02-05,CUST3024,40.0,Male,PELE640,Smartwatch,Electronics,1,3456.77,3456.77,East
ORD10908,2023-02-06,CUST2900,37.0,Male,PAPP741,Running Shoes,Apparel,1,1492.12,1492.12,North
ORD13589,2023-02-06,CUST3486,21.0,Female,PBEA828,Lipstick,Beauty,1,1223.12,1223.12,East
ORD15896,2023-02-07,CUST2574,36.0,Male,PSPO211,Cycling Gloves,Sports,1,1348.15,1348.15,North
ORD14291,2023-02-07,CUST2889,42.0,Male,PELE824,Wireless Earbuds,Electronics,1,2047.92,2047.92,East
ORD10749,2023-02-07,CUST2601,35.0,Male,PBEA143,Shampoo,Beauty,1,1250.47,1250.47,East
ORD14283,2023-02-08,CUST3565,27.0,Male,PELE484,Smartphone Case,Electronics,1,2552.14,2552.14,West
ORD15581,2023-02-08,CUST2636,47.0,Female,PELE624,Power Bank,Electronics,1,4240.81,4240.81,South
ORD14512,2023-02-08,CUST2124,24.0,Male,PHOM787,Non-stick Pan,Home & Kitchen,1,1607.53,1607.53,South
ORD14261,2023-02-09,CUST3529,28.0,Female,PAPP886,Running Shoes,Apparel,1,893.15,893.15,North
ORD10704,2023-02-09,CUST2164,33.0,Female,PSPO459,Cricket Bat,Sports,1,1892.91,1892.91,North
ORD10845,2023-02-10,CUST3500,53.0,Female,PELE177,Smartwatch,Electronics,2,3756.88,7513.76,West
ORD15748,2023-02-10,CUST2359,29.0,Female,PHOM146,Blender,Home & Kitchen,2,721.21,1442.42,South
ORD10541,2023-02-10,CUST2361,16.0,Male,PSPO235,Cycling Gloves,Sports,1,1623.29,1623.29,South
ORD11569,2023-02-10,CUST2142,38.0,Female,PHOM594,Cushion Set,Home & Kitchen,1,1769.84,1769.84,East
ORD13022,2023-02-10,CUST2722,22.0,Female,PAPP465,Hoodie,Apparel,1,2139.62,2139.62,North
ORD14663,2023-02-11,CUST2542,26.0,Female,PELE270,Bluetooth Speaker,Electronics,1,1766.29,1766.29,North
ORD15990,2023-02-11,CUST2762,22.0,Male,PHOM985,Table Lamp,Home & Kitchen,1,2602.31,2602.31,North
ORD14623,2023-02-11,CUST3366,35.0,Female,PHOM113,Cushion Set,Home & Kitchen,1,559.48,559.48,West
ORD13264,2023-02-11,CUST3589,19.0,Female,PHOM798,Non-stick Pan,Home & Kitchen,1,982.18,982.18,North
ORD11737,2023-02-11,CUST3368,25.0,Male,PHOM451,Blender,Home & Kitchen,1,1216.58,1216.58,South
ORD11758,2023-02-12,CUST2841,16.0,Female,PAPP124,Running Shoes,Apparel,2,1724.52,3449.04,South
ORD10181,2023-02-12,CUST2272,33.0,Female,PAPP769,Jacket,Apparel,1,1986.26,1986.26,North
ORD10982,2023-02-12,CUST2140,22.0,Male,PELE527,Bluetooth Speaker,Electronics,2,3554.4,7108.8,North
ORD13280,2023-02-12,CUST2945,42.0,Male,PAPP888,Running Shoes,Apparel,1,1805.47,1805.47,North
ORD11776,2023-02-12,CUST2975,16.0,Male,PSPO377,Football,Sports,1,475.07,475.07,North
ORD12574,2023-02-12,CUST3101,37.0,Male,PAPP175,Hoodie,Apparel,1,1951.12,1951.12,East
ORD13903,2023-02-13,CUST3759,39.0,Male,PHOM893,Table Lamp,Home & Kitchen,1,478.35,478.35,North
ORD14246,2023-02-13,CUST3603,40.0,Male,PHOM648,Table Lamp,Home & Kitchen,2,624.74,1249.48,West
ORD12793,2023-02-13,CUST2616,32.0,Male,PHOM238,Storage Rack,Home & Kitchen,2,1498.13,2996.26,North
ORD14887,2023-02-13,CUST3227,36.0,Male,PELE430,Smartphone Case,Electronics,1,4284.5,4284.5,East
ORD15937,2023-02-13,CUST2481,21.0,Female,PBEA746,Lipstick,Beauty,1,773.26,773.26,East
ORD13232,2023-02-13,CUST3697,33.0,Male,PAPP987,Hoodie,Apparel,1,1770.09,1770.09,North
ORD11765,2023-02-14,CUST2213,28.0,Male,PHOM439,Cushion Set,Home & Kitchen,1,2759.47,2759.47,East
ORD13163,2023-02-14,CUST3494,38.0,Female,PELE327,Smartwatch,Electronics,1,3606.46,3606.46,East
ORD14433,2023-02-14,CUST3122,37.0,Male,PHOM559,Storage Rack,Home & Kitchen,1,770.85,770.85,East
ORD15536,2023-02-14,CUST2088,21.0,Female,PELE616,Smartwatch,Electronics,2,2599.48,5198.96,South
ORD12561,2023-02-14,CUST2305,35.0,Female,PELE684,Power Bank,Electronics,1,3726.15,3726.15,South
ORD10824,2023-02-14,CUST2309,19.0,Female,PSPO597,Yoga Mat,Sports,3,1059.86,3179.58,North
ORD12522,2023-02-14,CUST3151,32.0,Female,PSPO151,Yoga Mat,Sports,2,1191.96,2383.92,North
ORD11035,2023-02-14,CUST2912,36.0,Male,PHOM948,Blender,Home & Kitchen,1,2526.13,2526.13,South
ORD15601,2023-02-15,CUST2782,38.0,Male,PAPP194,Hoodie,Apparel,1,540.7,540.7,South
ORD11366,2023-02-15,CUST3787,49.0,Male,PHOM426,Storage Rack,Home & Kitchen,1,1751.91,1751.91,East
ORD13402,2023-02-15,CUST3238,41.0,Female,PAPP237,Denim Jeans,Apparel,1,1361.22,1361.22,West
ORD13312,2023-02-16,CUST2382,45.0,Male,PSPO958,Cycling Gloves,Sports,1,427.39,427.39,South
ORD10686,2023-02-16,CUST2026,21.0,Female,PAPP657,Hoodie,Apparel,2,1040.59,2081.18,West
ORD10148,2023-02-16,CUST3127,39.0,Female,PHOM125,Table Lamp,Home & Kitchen,2,842.49,1684.98,South
ORD13208,2023-02-16,CUST3410,22.0,Male,PSPO963,Cricket Bat,Sports,2,1300.29,2600.58,North
ORD13608,2023-02-16,CUST3584,26.0,Male,PHOM294,Cushion Set,Home & Kitchen,1,890.3,890.3,West
ORD15548,2023-02-16,CUST2407,48.0,Male,PAPP774,Jacket,Apparel,2,1304.38,2608.76,South
ORD14522,2023-02-16,CUST2959,43.0,Female,PELE470,Smartphone Case,Electronics,1,2840.62,2840.62,East
ORD13437,2023-02-17,CUST2954,33.0,Male,PAPP297,Hoodie,Apparel,1,497.35,497.35,South
ORD12337,2023-02-18,CUST3386,40.0,Female,PAPP576,Cotton T-Shirt,Apparel,1,1249.35,1249.35,North
ORD15054,2023-02-18,CUST2455,36.0,Female,PBEA229,Shampoo,Beauty,2,237.17,474.34,South
ORD11507,2023-02-18,CUST3771,37.0,Male,PAPP598,Running Shoes,Apparel,1,1506.79,1506.79,North
ORD13360,2023-02-18,CUST2618,26.0,Female,PHOM696,Table Lamp,Home & Kitchen,1,403.3,403.3,South
ORD12597,2023-02-18,CUST2898,43.0,Male,PHOM109,Blender,Home & Kitchen,1,413.93,413.93,North
ORD11961,2023-02-18,CUST2955,33.0,Male,PAPP363,Running Shoes,Apparel,1,773.91,773.91,North
ORD13326,2023-02-18,CUST2587,29.0,Female,PHOM577,Non-stick Pan,Home & Kitchen,1,1361.64,1361.64,East
ORD15907,2023-02-18,CUST2348,18.0,Female,PAPP639,Denim Jeans,Apparel,2,1085.17,2170.34,South
ORD10369,2023-02-18,CUST2240,16.0,Female,PBEA961,Lipstick,Beauty,2,689.42,1378.84,South
ORD12410,2023-02-18,CUST3168,41.0,Female,PHOM743,Storage Rack,Home & Kitchen,1,2429.68,2429.68,East
ORD10347,2023-02-18,CUST3763,29.0,Female,PHOM388,Table Lamp,Home & Kitchen,1,2921.38,2921.38,South
ORD11085,2023-02-19,CUST2349,43.0,Male,PSPO116,Football,Sports,1,1252.55,1252.55,North
ORD10984,2023-02-19,CUST3106,24.0,Male,PBEA989,Face Wash,Beauty,1,518.0,518.0,South
ORD14065,2023-02-19,CUST2902,40.0,Male,PBEA603,Shampoo,Beauty,1,819.41,819.41,South
ORD12776,2023-02-20,CUST2381,39.0,Female,PSPO813,Yoga Mat,Sports,1,1578.43,1578.43,South
ORD15452,2023-02-20,CUST3350,38.0,Male,PAPP514,Running Shoes,Apparel,1,1573.47,1573.47,East
ORD14934,2023-02-20,CUST3414,30.0,Male,PHOM806,Non-stick Pan,Home & Kitchen,1,2296.08,2296.08,North
ORD13631,2023-02-21,CUST2072,23.0,Female,PAPP792,Cotton T-Shirt,Apparel,1,1725.2,1725.2,West
ORD12915,2023-02-21,CUST2758,30.0,Female,PHOM685,Table Lamp,Home & Kitchen,1,1608.93,1608.93,South
ORD13006,2023-02-22,CUST2731,16.0,Male,PBEA523,Lipstick,Beauty,1,189.66,189.66,West
ORD14195,2023-02-22,CUST2443,41.0,Male,PHOM671,Cushion Set,Home & Kitchen,1,2243.37,2243.37,East
ORD11564,2023-02-22,CUST2200,38.0,Female,PHOM981,Cushion Set,Home & Kitchen,1,926.29,926.29,West
ORD15771,2023-02-22,CUST3714,32.0,Male,PBEA674,Perfume,Beauty,1,748.12,748.12,North
ORD10293,2023-02-22,CUST2181,17.0,Male,PBEA481,Shampoo,Beauty,1,650.78,650.78,South
ORD15341,2023-02-23,CUST2515,34.0,Male,PSPO742,Yoga Mat,Sports,2,421.91,843.82,East
ORD11543,2023-02-23,CUST3556,29.0,Female,PAPP268,Denim Jeans,Apparel,1,477.48,477.48,South
ORD10533,2023-02-23,CUST3064,34.0,Female,PELE888,Smartphone Case,Electronics,1,1036.46,1036.46,North
ORD10500,2023-02-23,CUST2697,19.0,Female,PSPO560,Dumbbell Set,Sports,1,1550.76,1550.76,West
ORD13587,2023-02-23,CUST2898,49.0,Male,PSPO180,Dumbbell Set,Sports,1,1947.76,1947.76,North
ORD15592,2023-02-24,CUST3295,36.0,Female,PELE957,Wireless Earbuds,Electronics,1,2153.02,2153.02,West
ORD11032,2023-02-24,CUST3020,32.0,Female,PBEA907,Face Wash,Beauty,1,828.72,828.72,North
ORD12780,2023-02-24,CUST3655,46.0,Female,PBEA674,Face Wash,Beauty,1,816.89,816.89,North
ORD12751,2023-02-24,CUST2123,25.0,Male,PSPO605,Dumbbell Set,Sports,2,1563.84,3127.68,South
ORD13958,2023-02-25,CUST2914,27.0,Female,PBEA914,Shampoo,Beauty,1,539.36,539.36,North
ORD12341,2023-02-25,CUST2319,22.0,Male,PHOM651,Storage Rack,Home & Kitchen,1,569.15,569.15,North
ORD12729,2023-02-25,CUST3609,28.0,Male,PAPP585,Running Shoes,Apparel,2,1936.29,3872.58,South
ORD15793,2023-02-25,CUST3454,29.0,Female,PAPP708,Hoodie,Apparel,1,1259.57,1259.57,South
ORD11393,2023-02-25,CUST3178,31.0,Female,PHOM497,Storage Rack,Home & Kitchen,1,2032.97,2032.97,North
ORD15270,2023-02-26,CUST2519,51.0,Male,PBEA365,Lipstick,Beauty,1,774.95,774.95,South
ORD11801,2023-02-26,CUST2037,19.0,Female,PBEA283,Lipstick,Beauty,1,354.49,354.49,North
ORD15130,2023-02-26,CUST2910,33.0,Male,PAPP986,Cotton T-Shirt,Apparel,1,1606.2,1606.2,South
ORD14041,2023-02-26,CUST2164,28.0,Female,PAPP413,Denim Jeans,Apparel,1,1575.73,1575.73,West
ORD11848,2023-02-27,CUST3550,29.0,Female,PBEA218,Shampoo,Beauty,1,326.82,326.82,South
ORD10611,2023-02-27,CUST2209,40.0,Female,PSPO834,Dumbbell Set,Sports,1,1164.72,1164.72,West
ORD10447,2023-02-27,CUST2956,32.0,Female,PBEA657,Perfume,Beauty,1,998.66,998.66,North
ORD11698,2023-02-27,CUST2256,40.0,Female,PAPP405,Running Shoes,Apparel,1,1071.72,1071.72,North
ORD10280,2023-02-27,CUST2840,19.0,Male,PBEA508,Perfume,Beauty,1,633.28,633.28,North
ORD14646,2023-02-27,CUST2377,19.0,Female,PBEA345,Face Wash,Beauty,1,787.41,787.41,East
ORD10918,2023-02-27,CUST2286,39.0,Female,PSPO176,Cricket Bat,Sports,2,720.23,1440.46,South
ORD10925,2023-02-28,CUST2600,26.0,Male,PHOM124,Table Lamp,Home & Kitchen,1,1069.11,1069.11,South
ORD11386,2023-02-28,CUST2921,30.0,Female,PHOM678,Storage Rack,Home & Kitchen,2,1185.1,2370.2,East
ORD14854,2023-02-28,CUST2888,35.0,Male,PHOM823,Blender,Home & Kitchen,1,704.31,704.31,North
ORD15120,2023-02-28,CUST3548,24.0,Female,PAPP570,Cotton T-Shirt,Apparel,2,1661.28,3322.56,East
ORD12485,2023-02-28,CUST3089,30.0,Male,PELE294,Smartphone Case,Electronics,2,4238.53,8477.06,North
ORD14324,2023-02-28,CUST3212,29.0,Male,PELE540,Smartwatch,Electronics,1,956.47,956.47,East
ORD15856,2023-02-28,CUST2077,36.0,Male,PHOM227,Table Lamp,Home & Kitchen,1,401.27,401.27,South
ORD15367,2023-02-28,CUST2685,45.0,Male,PSPO168,Yoga Mat,Sports,1,1091.81,1091.81,North
ORD12867,2023-03-01,CUST3249,17.0,Male,PELE135,Bluetooth Speaker,Electronics,1,2735.55,2735.55,South
ORD13286,2023-03-01,CUST2946,30.0,Male,PELE486,Smartwatch,Electronics,1,3205.92,3205.92,West
ORD12459,2023-03-01,CUST2610,41.0,Female,PAPP397,Cotton T-Shirt,Apparel,3,2155.87,6467.61,East
ORD10693,2023-03-01,CUST2073,39.0,Female,PELE318,Smartphone Case,Electronics,1,3419.05,3419.05,North
ORD15460,2023-03-01,CUST2293,23.0,Male,PELE724,Smartphone Case,Electronics,1,2256.36,2256.36,North
ORD10596,2023-03-01,CUST3246,27.0,Female,PELE649,Wireless Earbuds,Electronics,1,4000.77,4000.77,East
ORD15611,2023-03-02,CUST3510,33.0,Male,PHOM813,Table Lamp,Home & Kitchen,2,2732.13,5464.26,South
ORD14567,2023-03-02,CUST3376,33.0,Female,PAPP186,Running Shoes,Apparel,1,1104.58,1104.58,East
ORD14932,2023-03-02,CUST3325,30.0,Male,PSPO408,Yoga Mat,Sports,2,613.0,1226.0,West
ORD11511,2023-03-02,CUST3352,51.0,Male,PSPO296,Yoga Mat,Sports,1,853.52,853.52,East
ORD12032,2023-03-02,CUST3253,40.0,Male,PELE320,Bluetooth Speaker,Electronics,1,1662.85,1662.85,South
ORD11506,2023-03-03,CUST3229,19.0,Male,PSPO447,Cycling Gloves,Sports,1,1353.87,1353.87,West
ORD15368,2023-03-03,CUST2686,25.0,Female,PSPO868,Cycling Gloves,Sports,1,1868.91,1868.91,North
ORD10768,2023-03-03,CUST2603,29.0,Female,PSPO255,Cricket Bat,Sports,3,1633.84,4901.52,North
ORD11291,2023-03-03,CUST2014,36.0,Male,PAPP814,Jacket,Apparel,2,1886.14,3772.28,West
ORD12408,2023-03-03,CUST3362,36.0,Male,PAPP209,Cotton T-Shirt,Apparel,1,586.42,586.42,South
ORD14843,2023-03-04,CUST2366,21.0,Male,PSPO207,Football,Sports,1,1711.96,1711.96,South
ORD13862,2023-03-04,CUST2221,42.0,Female,PBEA748,Perfume,Beauty,2,1497.5,2995.0,South
ORD15664,2023-03-04,CUST3403,43.0,Male,PHOM623,Storage Rack,Home & Kitchen,1,973.55,973.55,East
ORD11868,2023-03-04,CUST2909,36.0,Male,PAPP854,Hoodie,Apparel,1,1514.71,1514.71,East
ORD11097,2023-03-04,CUST3696,27.0,Male,PELE157,Power Bank,Electronics,1,1584.94,1584.94,East
ORD10196,2023-03-05,CUST3330,21.0,Female,PSPO236,Cricket Bat,Sports,1,955.91,955.91,East
ORD11492,2023-03-05,CUST2307,41.0,Female,PSPO483,Cycling Gloves,Sports,2,331.0,662.0,West
ORD14328,2023-03-05,CUST2667,30.0,Male,PHOM947,Storage Rack,Home & Kitchen,1,2968.93,2968.93,West
ORD15051,2023-03-06,CUST2807,22.0,Male,PAPP540,Hoodie,Apparel,1,757.98,757.98,South
ORD12091,2023-03-06,CUST3375,16.0,Male,PSPO655,Dumbbell Set,Sports,1,805.59,805.59,South
ORD15950,2023-03-07,CUST2044,28.0,Male,PSPO814,Dumbbell Set,Sports,1,1162.98,1162.98,North
ORD12709,2023-03-07,CUST2360,40.0,Female,PHOM724,Non-stick Pan,Home & Kitchen,1,2787.87,2787.87,North
ORD10707,2023-03-07,CUST2979,37.0,Male,PELE248,Smartwatch,Electronics,1,4081.57,4081.57,South
ORD12169,2023-03-07,CUST3304,36.0,Female,PBEA533,Face Serum,Beauty,1,672.4,672.4,East
ORD14504,2023-03-07,CUST2237,23.0,Male,PBEA141,Perfume,Beauty,1,673.74,673.74,North
ORD11206,2023-03-07,CUST3063,28.0,Female,PHOM827,Storage Rack,Home & Kitchen,1,675.59,675.59,South
ORD15869,2023-03-08,CUST2370,29.0,Male,PELE313,Smartwatch,Electronics,1,3331.53,3331.53,West
ORD10945,2023-03-08,CUST2418,33.0,Female,PBEA761,Perfume,Beauty,1,1129.6,1129.6,South
ORD12826,2023-03-08,CUST2306,37.0,Male,PELE961,Smartwatch,Electronics,2,1283.21,2566.42,North
ORD14423,2023-03-08,CUST3586,35.0,Male,PELE873,Smartphone Case,Electronics,1,947.1,947.1,North
ORD13868,2023-03-08,CUST3507,29.0,Female,PHOM130,Non-stick Pan,Home & Kitchen,2,2028.8,4057.6,South
ORD15237,2023-03-08,CUST3432,34.0,Male,PBEA144,Shampoo,Beauty,1,477.85,477.85,West
ORD12461,2023-03-08,CUST2083,33.0,Male,PAPP764,Hoodie,Apparel,1,1430.87,1430.87,South
ORD14620,2023-03-08,CUST2822,37.0,Male,PELE421,Wireless Earbuds,Electronics,1,1690.82,1690.82,East
ORD11303,2023-03-08,CUST3304,23.0,Female,PELE104,Power Bank,Electronics,2,1265.58,2531.16,South
ORD13536,2023-03-09,CUST3152,40.0,Female,PELE270,Wireless Earbuds,Electronics,1,1286.63,1286.63,South
ORD12047,2023-03-09,CUST2066,41.0,Male,PSPO395,Yoga Mat,Sports,1,2005.53,2005.53,South
ORD10072,2023-03-10,CUST2788,16.0,Female,PBEA981,Face Serum,Beauty,1,243.71,243.71,West
ORD12756,2023-03-10,CUST2572,22.0,Male,PELE969,Smartwatch,Electronics,1,1566.38,1566.38,East
ORD10220,2023-03-10,CUST2463,21.0,Female,PELE733,Smartphone Case,Electronics,1,4186.39,4186.39,East
ORD10941,2023-03-10,CUST3290,48.0,Male,PAPP394,Cotton T-Shirt,Apparel,2,1038.06,2076.12,North
ORD14751,2023-03-10,CUST3348,45.0,Female,PELE386,Wireless Earbuds,Electronics,1,2678.61,2678.61,North
ORD13317,2023-03-10,CUST3784,25.0,Female,PAPP141,Running Shoes,Apparel,1,1966.98,1966.98,North
ORD10298,2023-03-11,CUST2845,22.0,Male,PELE754,Wireless Earbuds,Electronics,1,4194.11,4194.11,North
ORD12710,2023-03-11,CUST2608,42.0,Female,PHOM618,Table Lamp,Home & Kitchen,1,492.82,492.82,South
ORD14299,2023-03-11,CUST2079,38.0,Male,PELE596,Smartphone Case,Electronics,1,4080.44,4080.44,West
ORD14488,2023-03-11,CUST3181,36.0,Female,PHOM758,Cushion Set,Home & Kitchen,1,1412.23,1412.23,South
ORD12681,2023-03-11,CUST2224,42.0,Male,PAPP569,Denim Jeans,Apparel,1,783.69,783.69,East
ORD13068,2023-03-11,CUST2300,26.0,Male,PAPP708,Running Shoes,Apparel,1,526.36,526.36,West
ORD13901,2023-03-11,CUST3308,19.0,Male,PELE133,Power Bank,Electronics,1,2494.11,2494.11,West
ORD12633,2023-03-11,CUST3118,32.0,Female,PAPP694,Denim Jeans,Apparel,2,1134.67,2269.34,East
ORD11697,2023-03-12,CUST3234,27.0,Male,PAPP127,Cotton T-Shirt,Apparel,1,590.05,590.05,North
ORD13436,2023-03-12,CUST2855,32.0,Female,PBEA657,Face Wash,Beauty,1,1267.28,1267.28,East
ORD12329,2023-03-12,CUST3250,23.0,Female,PAPP102,Cotton T-Shirt,Apparel,1,1306.78,1306.78,South
ORD15906,2023-03-12,CUST2366,30.0,Male,PHOM563,Storage Rack,Home & Kitchen,1,711.76,711.76,East
ORD14220,2023-03-12,CUST3717,16.0,Male,PHOM104,Table Lamp,Home & Kitchen,1,2954.51,2954.51,North
ORD14915,2023-03-12,CUST2431,36.0,Male,PBEA353,Shampoo,Beauty,2,538.12,1076.24,North
ORD10728,2023-03-13,CUST2845,35.0,Male,PAPP630,Denim Jeans,Apparel,1,1062.63,1062.63,North
ORD14387,2023-03-13,CUST2406,43.0,Male,PHOM333,Table Lamp,Home & Kitchen,1,1871.99,1871.99,East
ORD13794,2023-03-13,CUST3713,42.0,Female,PAPP815,Cotton T-Shirt,Apparel,1,1250.04,1250.04,West
ORD10828,2023-03-13,CUST3170,28.0,Male,PBEA527,Perfume,Beauty,1,201.66,201.66,East
ORD14802,2023-03-13,CUST3395,43.0,Female,PAPP459,Hoodie,Apparel,1,1273.47,1273.47,West
ORD14463,2023-03-13,CUST2375,39.0,Female,PAPP890,Denim Jeans,Apparel,1,1210.13,1210.13,South
ORD14681,2023-03-13,CUST3354,18.0,Female,PELE372,Bluetooth Speaker,Electronics,2,4142.1,8284.2,North
ORD10950,2023-03-14,CUST2977,24.0,Female,PSPO382,Cycling Gloves,Sports,1,391.86,391.86,West
ORD12642,2023-03-14,CUST2410,29.0,Female,PHOM654,Cushion Set,Home & Kitchen,1,1504.2,1504.2,South
ORD12643,2023-03-14,CUST2425,39.0,Female,PHOM209,Blender,Home & Kitchen,1,1353.81,1353.81,South
ORD13745,2023-03-15,CUST2137,27.0,Male,PAPP352,Hoodie,Apparel,1,729.92,729.92,West
ORD12517,2023-03-15,CUST2970,41.0,Male,PHOM786,Non-stick Pan,Home & Kitchen,1,2809.26,2809.26,North
ORD13299,2023-03-16,CUST3590,20.0,Male,PELE399,Wireless Earbuds,Electronics,1,2029.91,2029.91,West
ORD14987,2023-03-16,CUST3670,29.0,Female,PHOM814,Non-stick Pan,Home & Kitchen,2,1670.44,3340.88,North
ORD15375,2023-03-16,CUST3310,26.0,Male,PELE611,Smartwatch,Electronics,3,3629.27,10887.81,East
ORD13950,2023-03-16,CUST3571,28.0,Female,PELE192,Bluetooth Speaker,Electronics,1,1064.65,1064.65,North
ORD14115,2023-03-16,CUST2669,32.0,Female,PELE202,Power Bank,Electronics,2,931.1,1862.2,North
ORD14098,2023-03-16,CUST2136,33.0,Male,PHOM674,Blender,Home & Kitchen,1,490.27,490.27,East
ORD14813,2023-03-16,CUST2753,18.0,Male,PHOM989,Blender,Home & Kitchen,1,2123.84,2123.84,East
ORD10141,2023-03-16,CUST2998,22.0,Female,PHOM811,Blender,Home & Kitchen,2,2290.43,4580.86,North
ORD14478,2023-03-17,CUST2191,35.0,Male,PAPP125,Jacket,Apparel,1,1508.8,1508.8,North
ORD10587,2023-03-17,CUST3383,28.0,Male,PSPO454,Dumbbell Set,Sports,1,1324.13,1324.13,West
ORD12377,2023-03-17,CUST2417,16.0,Male,PAPP788,Hoodie,Apparel,1,1305.53,1305.53,East
ORD12226,2023-03-17,CUST3219,31.0,Female,PBEA500,Face Wash,Beauty,2,494.52,989.04,South
ORD14161,2023-03-17,CUST2918,38.0,Male,PELE172,Power Bank,Electronics,1,3168.12,3168.12,South
ORD11497,2023-03-17,CUST3091,32.0,Female,PELE943,Bluetooth Speaker,Electronics,1,2276.32,2276.32,East
ORD15812,2023-03-17,CUST3395,36.0,Female,PAPP823,Cotton T-Shirt,Apparel,1,1014.37,1014.37,West
ORD13512,2023-03-18,CUST2434,54.0,Female,PSPO634,Cricket Bat,Sports,1,2388.21,2388.21,South
ORD14722,2023-03-18,CUST2403,33.0,Male,PAPP561,Jacket,Apparel,2,1549.73,3099.46,North
ORD10609,2023-03-18,CUST2736,28.0,Female,PELE461,Power Bank,Electronics,1,3543.72,3543.72,South
ORD13573,2023-03-18,CUST2716,22.0,Male,PELE893,Smartwatch,Electronics,1,968.01,968.01,South
ORD14973,2023-03-18,CUST3764,18.0,Female,PAPP806,Jacket,Apparel,1,695.01,695.01,East
ORD13584,2023-03-18,CUST3072,30.0,Female,PSPO903,Football,Sports,1,558.16,558.16,East
ORD10893,2023-03-19,CUST3395,46.0,Female,PAPP704,Hoodie,Apparel,3,1819.1,5457.3,North
ORD13922,2023-03-19,CUST2914,46.0,Female,PBEA236,Face Serum,Beauty,1,1183.23,1183.23,North
ORD15848,2023-03-19,CUST3407,41.0,Male,PELE849,Wireless Earbuds,Electronics,1,3029.14,3029.14,South
ORD10466,2023-03-19,CUST3168,36.0,Female,PAPP720,Cotton T-Shirt,Apparel,1,2048.61,2048.61,South
ORD15693,2023-03-19,CUST2127,26.0,Male,PBEA997,Face Serum,Beauty,1,796.74,796.74,East
ORD15757,2023-03-19,CUST2374,33.0,Female,PHOM538,Cushion Set,Home & Kitchen,1,2061.44,2061.44,East
ORD13667,2023-03-19,CUST3462,20.0,Female,PELE640,Power Bank,Electronics,1,2925.8,2925.8,North
ORD11956,2023-03-19,CUST2873,29.0,Female,PELE969,Wireless Earbuds,Electronics,1,1381.35,1381.35,West
ORD15792,2023-03-19,CUST2567,23.0,Male,PELE484,Power Bank,Electronics,1,1515.05,1515.05,South
ORD14278,2023-03-19,CUST3315,29.0,Male,PSPO980,Yoga Mat,Sports,1,412.44,412.44,South
ORD15026,2023-03-20,CUST3715,32.0,Male,PELE232,Smartphone Case,Electronics,1,3499.07,3499.07,North
ORD13598,2023-03-20,CUST3435,38.0,Male,PBEA787,Face Wash,Beauty,1,355.82,355.82,East
ORD10429,2023-03-20,CUST2820,22.0,Female,PSPO118,Yoga Mat,Sports,1,2419.51,2419.51,North
ORD14957,2023-03-21,CUST2441,47.0,Male,PBEA741,Lipstick,Beauty,1,964.34,964.34,South
ORD11537,2023-03-21,CUST3771,30.0,Female,PBEA520,Face Serum,Beauty,1,1325.79,1325.79,North
ORD14286,2023-03-21,CUST2283,45.0,Female,PELE569,Power Bank,Electronics,1,4142.55,4142.55,East
ORD12024,2023-03-21,CUST2134,37.0,Male,PAPP605,Cotton T-Shirt,Apparel,1,1421.04,1421.04,North
ORD15150,2023-03-21,CUST2856,35.0,Female,PAPP769,Denim Jeans,Apparel,1,1243.97,1243.97,West
ORD10278,2023-03-21,CUST2908,40.0,Male,PAPP859,Jacket,Apparel,2,2035.6,4071.2,West
ORD12066,2023-03-21,CUST3733,33.0,Male,PELE794,Bluetooth Speaker,Electronics,1,1380.83,1380.83,East
ORD14422,2023-03-22,CUST2024,31.0,Female,PAPP527,Hoodie,Apparel,1,700.73,700.73,North
ORD10588,2023-03-22,CUST3629,41.0,Male,PBEA245,Shampoo,Beauty,1,816.65,816.65,North
ORD15637,2023-03-22,CUST2952,31.0,Male,PAPP738,Jacket,Apparel,1,2107.54,2107.54,South
ORD10832,2023-03-22,CUST3195,37.0,Female,PELE378,Power Bank,Electronics,1,2034.03,2034.03,East
ORD13296,2023-03-23,CUST2307,27.0,Male,PELE269,Smartphone Case,Electronics,1,1151.52,1151.52,East
ORD13596,2023-03-24,CUST2466,28.0,Female,PELE908,Smartphone Case,Electronics,1,4151.11,4151.11,North
ORD14655,2023-03-24,CUST3445,28.0,Female,PELE588,Power Bank,Electronics,2,1357.1,2714.2,East
ORD15294,2023-03-24,CUST2519,32.0,Male,PHOM979,Storage Rack,Home & Kitchen,1,1219.52,1219.52,North
ORD11229,2023-03-24,CUST3214,46.0,Female,PELE100,Smartphone Case,Electronics,1,2056.16,2056.16,East
ORD12283,2023-03-25,CUST3495,37.0,Male,PSPO316,Cycling Gloves,Sports,1,2044.53,2044.53,South
ORD12885,2023-03-25,CUST3036,32.0,Female,PAPP475,Running Shoes,Apparel,1,719.41,719.41,West
ORD11343,2023-03-27,CUST3689,16.0,Female,PSPO464,Yoga Mat,Sports,1,2465.77,2465.77,South
ORD11384,2023-03-27,CUST2385,30.0,Female,PAPP132,Running Shoes,Apparel,1,2053.5,2053.5,North
ORD11456,2023-03-27,CUST2319,36.0,Female,PSPO154,Football,Sports,2,1986.79,3973.58,South
ORD14284,2023-03-27,CUST3151,34.0,Male,PSPO467,Football,Sports,1,1649.84,1649.84,West
ORD11724,2023-03-27,CUST2985,27.0,Female,PSPO107,Cycling Gloves,Sports,2,988.88,1977.76,South
ORD11567,2023-03-28,CUST2978,33.0,Male,PELE471,Power Bank,Electronics,1,4229.72,4229.72,East
ORD15010,2023-03-28,CUST2473,36.0,Male,PBEA400,Face Serum,Beauty,1,457.47,457.47,East
ORD14729,2023-03-28,CUST3377,38.0,Male,PBEA571,Perfume,Beauty,1,205.84,205.84,East
ORD10766,2023-03-28,CUST3279,21.0,Male,PAPP904,Denim Jeans,Apparel,1,584.93,584.93,North
ORD11120,2023-03-28,CUST2352,16.0,Female,PBEA871,Face Serum,Beauty,2,321.68,643.36,South
ORD15528,2023-03-28,CUST2437,25.0,Female,PHOM415,Blender,Home & Kitchen,1,1458.35,1458.35,North
ORD13839,2023-03-28,CUST3217,31.0,Female,PELE330,Wireless Earbuds,Electronics,1,1168.08,1168.08,South
ORD12456,2023-03-29,CUST3072,33.0,Female,PHOM799,Storage Rack,Home & Kitchen,1,2917.18,2917.18,North
ORD15712,2023-03-29,CUST2334,41.0,Female,PBEA940,Lipstick,Beauty,2,284.53,569.06,West
ORD11648,2023-03-29,CUST2777,33.0,Male,PELE280,Bluetooth Speaker,Electronics,1,2752.44,2752.44,East
ORD14437,2023-03-29,CUST2987,27.0,Male,PAPP726,Running Shoes,Apparel,1,1310.93,1310.93,South
ORD10266,2023-03-29,CUST3782,32.0,Female,PAPP666,Running Shoes,Apparel,1,1406.72,1406.72,South
ORD15319,2023-03-29,CUST2556,35.0,Female,PSPO341,Cycling Gloves,Sports,2,507.32,1014.64,West
ORD13920,2023-03-30,CUST3665,31.0,Female,PBEA552,Shampoo,Beauty,1,1257.74,1257.74,West
ORD12666,2023-03-30,CUST2364,37.0,Female,PAPP876,Hoodie,Apparel,2,1285.35,2570.7,East
ORD10811,2023-03-30,CUST2621,36.0,Female,PHOM699,Table Lamp,Home & Kitchen,1,522.49,522.49,North
ORD11613,2023-03-30,CUST2869,16.0,Female,PAPP993,Cotton T-Shirt,Apparel,1,446.35,446.35,South
ORD12010,2023-03-30,CUST3326,28.0,Female,PAPP909,Cotton T-Shirt,Apparel,1,1453.88,1453.88,North
ORD13808,2023-03-30,CUST3195,34.0,Male,PBEA189,Lipstick,Beauty,1,808.85,808.85,South
ORD15078,2023-03-31,CUST3154,27.0,Male,PELE143,Bluetooth Speaker,Electronics,2,1017.17,2034.34,South
ORD15586,2023-03-31,CUST2530,24.0,Male,PSPO425,Yoga Mat,Sports,2,968.0,1936.0,West
ORD10254,2023-03-31,CUST2712,29.0,Female,PBEA877,Lipstick,Beauty,1,1119.23,1119.23,North
ORD15173,2023-03-31,CUST3709,30.0,Male,PAPP205,Running Shoes,Apparel,1,1408.72,1408.72,North
ORD14742,2023-03-31,CUST3776,37.0,Female,PELE205,Smartphone Case,Electronics,1,3393.22,3393.22,North
ORD12048,2023-03-31,CUST2276,55.0,Female,PELE262,Smartphone Case,Electronics,1,2323.59,2323.59,East
ORD10806,2023-04-01,CUST3523,28.0,Male,PHOM814,Cushion Set,Home & Kitchen,1,824.49,824.49,North
ORD15083,2023-04-01,CUST2325,38.0,Male,PBEA257,Face Serum,Beauty,1,1496.85,1496.85,East
ORD12037,2023-04-01,CUST3088,33.0,Male,PAPP501,Denim Jeans,Apparel,1,996.78,996.78,North
ORD14562,2023-04-01,CUST3472,41.0,Male,PHOM446,Non-stick Pan,Home & Kitchen,1,1217.54,1217.54,South
ORD14610,2023-04-01,CUST2891,35.0,Male,PHOM502,Cushion Set,Home & Kitchen,1,1366.81,1366.81,South
ORD10268,2023-04-01,CUST3533,19.0,Male,PELE803,Smartwatch,Electronics,1,1220.59,1220.59,North
ORD15566,2023-04-01,CUST2985,32.0,Male,PELE367,Bluetooth Speaker,Electronics,1,3326.7,3326.7,North
ORD15615,2023-04-01,CUST2180,41.0,Female,PELE642,Power Bank,Electronics,2,2877.08,5754.16,East
ORD14157,2023-04-01,CUST3224,30.0,Male,PAPP219,Hoodie,Apparel,1,1368.86,1368.86,South
ORD12019,2023-04-02,CUST2734,31.0,Male,PELE716,Bluetooth Speaker,Electronics,2,2356.66,4713.32,South
ORD11954,2023-04-02,CUST3566,,Male,PHOM343,Cushion Set,Home & Kitchen,1,1035.08,1035.08,West
ORD12802,2023-04-02,CUST2379,24.0,Male,PSPO960,Cricket Bat,Sports,1,619.52,619.52,South
ORD11631,2023-04-02,CUST3399,17.0,Male,PELE833,Smartphone Case,Electronics,1,3266.25,3266.25,North
ORD10428,2023-04-03,CUST3380,32.0,Male,PAPP135,Denim Jeans,Apparel,1,1460.3,1460.3,South
ORD12854,2023-04-03,CUST3052,22.0,Male,PBEA262,Face Serum,Beauty,1,837.68,837.68,West
ORD13359,2023-04-03,CUST2823,34.0,Male,PELE714,Smartphone Case,Electronics,2,1403.82,2807.64,North
ORD11434,2023-04-03,CUST3643,18.0,Female,PHOM982,Storage Rack,Home & Kitchen,1,1248.48,1248.48,North
ORD13540,2023-04-04,CUST2397,37.0,Female,PELE419,Smartwatch,Electronics,1,2577.82,2577.82,West
ORD11095,2023-04-04,CUST3579,19.0,Male,PELE565,Bluetooth Speaker,Electronics,1,1416.46,1416.46,West
ORD13709,2023-04-04,CUST3250,29.0,Female,PAPP933,Hoodie,Apparel,1,1048.98,1048.98,West
ORD14178,2023-04-04,CUST2146,36.0,Female,PSPO723,Yoga Mat,Sports,1,698.93,698.93,North
ORD10009,2023-04-04,CUST3306,24.0,Male,PAPP180,Cotton T-Shirt,Apparel,2,757.34,1514.68,North
ORD13092,2023-04-04,CUST2548,36.0,Male,PAPP996,Denim Jeans,Apparel,1,1289.11,1289.11,North
ORD11610,2023-04-05,CUST3019,36.0,Female,PSPO321,Cricket Bat,Sports,1,2176.2,2176.2,North
ORD13043,2023-04-05,CUST2987,34.0,Female,PSPO796,Dumbbell Set,Sports,1,693.41,693.41,South
ORD12775,2023-04-05,CUST2223,22.0,Female,PBEA514,Face Serum,Beauty,1,408.82,408.82,North
ORD11970,2023-04-05,CUST3264,21.0,Male,PELE783,Power Bank,Electronics,1,3130.71,3130.71,East
ORD13055,2023-04-05,CUST2677,25.0,Female,PAPP632,Running Shoes,Apparel,1,1165.83,1165.83,South
ORD14056,2023-04-05,CUST2034,16.0,Male,PSPO325,Dumbbell Set,Sports,2,1818.63,3637.26,South
ORD11623,2023-04-05,CUST3481,45.0,Female,PELE576,Bluetooth Speaker,Electronics,1,3621.03,3621.03,South
ORD12934,2023-04-05,CUST3581,24.0,Female,PBEA987,Face Serum,Beauty,1,1433.31,1433.31,North
ORD13408,2023-04-05,CUST2068,29.0,Female,PSPO939,Cricket Bat,Sports,2,797.23,1594.46,South
ORD11086,2023-04-05,CUST2899,43.0,Male,PAPP250,Denim Jeans,Apparel,1,1996.91,1996.91,East
ORD10902,2023-04-05,CUST3439,21.0,Male,PHOM362,Non-stick Pan,Home & Kitchen,1,1855.03,1855.03,East
ORD14210,2023-04-05,CUST3359,32.0,Female,PBEA768,Perfume,Beauty,2,563.75,1127.5,East
ORD15317,2023-04-06,CUST2802,47.0,Female,PSPO886,Cycling Gloves,Sports,2,1851.97,3703.94,South
ORD11444,2023-04-06,CUST3382,44.0,Male,PAPP795,Hoodie,Apparel,1,1694.73,1694.73,East
ORD13259,2023-04-06,CUST2579,17.0,Male,PELE141,Bluetooth Speaker,Electronics,1,1333.45,1333.45,East
ORD14805,2023-04-06,CUST2393,16.0,Male,PAPP607,Running Shoes,Apparel,1,1858.24,1858.24,West
ORD14725,2023-04-06,CUST2875,36.0,Female,PHOM758,Non-stick Pan,Home & Kitchen,1,2663.45,2663.45,East
ORD14516,2023-04-06,CUST3085,34.0,Female,PAPP982,Jacket,Apparel,1,494.17,494.17,East
ORD13324,2023-04-06,CUST2425,29.0,Male,PELE869,Smartwatch,Electronics,2,2987.83,5975.66,South
ORD14089,2023-04-07,CUST3429,23.0,Male,PAPP428,Denim Jeans,Apparel,1,2068.0,2068.0,South
ORD13495,2023-04-07,CUST2810,30.0,Male,PHOM939,Cushion Set,Home & Kitchen,1,1564.71,1564.71,East
ORD10951,2023-04-07,CUST2853,25.0,Male,PELE697,Power Bank,Electronics,2,1686.6,3373.2,North
ORD14015,2023-04-07,CUST2854,25.0,Female,PAPP123,Jacket,Apparel,2,517.23,1034.46,North
ORD10526,2023-04-08,CUST2800,28.0,Male,PAPP726,Running Shoes,Apparel,1,1158.9,1158.9,West
ORD11854,2023-04-08,CUST2729,18.0,Male,PAPP212,Jacket,Apparel,2,544.43,1088.86,North
ORD12946,2023-04-08,CUST2805,17.0,Male,PELE468,Wireless Earbuds,Electronics,1,3665.58,3665.58,West
ORD15312,2023-04-08,CUST2237,27.0,Male,PHOM942,Blender,Home & Kitchen,1,1920.62,1920.62,North
ORD14462,2023-04-08,CUST3336,44.0,Male,PELE968,Power Bank,Electronics,1,1339.26,1339.26,North
ORD10648,2023-04-08,CUST3511,16.0,Female,PSPO772,Football,Sports,3,1029.06,3087.18,East
ORD15578,2023-04-08,CUST3296,43.0,Male,PAPP828,Denim Jeans,Apparel,1,1827.14,1827.14,South
ORD15817,2023-04-08,CUST2974,31.0,Male,PHOM451,Non-stick Pan,Home & Kitchen,1,2640.96,2640.96,West
ORD15935,2023-04-08,CUST3447,16.0,Female,PELE231,Wireless Earbuds,Electronics,2,1288.72,2577.44,North
ORD13896,2023-04-09,CUST2797,42.0,Female,PHOM701,Non-stick Pan,Home & Kitchen,2,1920.92,3841.84,East
ORD15481,2023-04-09,CUST2565,41.0,Female,PELE712,Smartphone Case,Electronics,2,4469.6,8939.2,North
ORD10221,2023-04-09,CUST2297,44.0,Female,PELE312,Smartphone Case,Electronics,2,2771.36,5542.72,West
ORD11614,2023-04-09,CUST3171,42.0,Male,PSPO233,Dumbbell Set,Sports,3,805.51,2416.53,West
ORD13732,2023-04-09,CUST2066,26.0,Female,PELE970,Wireless Earbuds,Electronics,1,1170.07,1170.07,East
ORD13230,2023-04-09,CUST2550,17.0,Male,PBEA595,Shampoo,Beauty,1,812.45,812.45,West
ORD12899,2023-04-09,CUST3029,31.0,Male,PHOM373,Non-stick Pan,Home & Kitchen,1,2629.02,2629.02,South
ORD14989,2023-04-10,CUST2382,19.0,Female,PELE479,Bluetooth Speaker,Electronics,1,3977.47,3977.47,South
ORD11182,2023-04-10,CUST3646,27.0,Female,PAPP814,Denim Jeans,Apparel,1,497.0,497.0,West
ORD13716,2023-04-10,CUST2152,19.0,Male,PHOM427,Table Lamp,Home & Kitchen,1,622.92,622.92,North
ORD15894,2023-04-10,CUST3437,41.0,Female,PBEA455,Perfume,Beauty,1,763.29,763.29,South
ORD15535,2023-04-10,CUST2687,30.0,Female,PBEA564,Face Wash,Beauty,1,1220.73,1220.73,South
ORD10677,2023-04-10,CUST3371,35.0,Male,PBEA566,Face Serum,Beauty,1,1466.12,1466.12,North
ORD11189,2023-04-11,CUST3402,25.0,Female,PAPP462,Hoodie,Apparel,1,1370.39,1370.39,North
ORD13165,2023-04-11,CUST3299,16.0,Female,PHOM809,Cushion Set,Home & Kitchen,1,1578.5,1578.5,North
ORD15164,2023-04-11,CUST3585,54.0,Female,PELE937,Smartwatch,Electronics,1,3044.11,3044.11,South
ORD15612,2023-04-11,CUST2917,35.0,Female,PHOM176,Storage Rack,Home & Kitchen,1,2868.2,2868.2,East
ORD11161,2023-04-11,CUST2837,32.0,Female,PELE235,Power Bank,Electronics,1,4156.84,4156.84,East
ORD10961,2023-04-12,CUST3438,35.0,Female,PELE439,Power Bank,Electronics,1,2335.28,2335.28,South
ORD11701,2023-04-12,CUST2449,32.0,Female,PELE592,Smartphone Case,Electronics,1,1493.2,1493.2,South
ORD11792,2023-04-12,CUST3329,29.0,Female,PAPP251,Denim Jeans,Apparel,1,1291.54,1291.54,North
ORD13077,2023-04-12,CUST2096,40.0,Male,PELE131,Bluetooth Speaker,Electronics,1,1276.54,1276.54,West
ORD15803,2023-04-12,CUST3232,31.0,Male,PAPP815,Running Shoes,Apparel,1,983.14,983.14,West
ORD14821,2023-04-13,CUST3255,45.0,Female,PELE767,Smartwatch,Electronics,2,3684.42,7368.84,South
ORD15013,2023-04-13,CUST2702,33.0,Female,PAPP604,Running Shoes,Apparel,2,1682.59,3365.18,North
ORD12923,2023-04-14,CUST2620,29.0,Male,PAPP390,Cotton T-Shirt,Apparel,1,1697.67,1697.67,North
ORD15059,2023-04-14,CUST2604,29.0,Male,PAPP316,Running Shoes,Apparel,2,820.72,1641.44,South
ORD15346,2023-04-14,CUST3539,43.0,Female,PELE869,Bluetooth Speaker,Electronics,1,2875.98,2875.98,East
ORD11171,2023-04-14,CUST3625,29.0,Female,PSPO758,Football,Sports,1,1182.24,1182.24,South
ORD10252,2023-04-15,CUST2362,35.0,Female,PSPO607,Dumbbell Set,Sports,1,456.82,456.82,West
ORD11116,2023-04-15,CUST3057,33.0,Male,PAPP617,Hoodie,Apparel,1,1041.2,1041.2,North
ORD10352,2023-04-15,CUST2591,27.0,Female,PELE264,Bluetooth Speaker,Electronics,1,1669.87,1669.87,West
ORD10073,2023-04-15,CUST3007,41.0,Female,PELE213,Smartwatch,Electronics,1,4389.58,4389.58,North
ORD10360,2023-04-15,CUST3592,29.0,Female,PELE694,Smartphone Case,Electronics,1,4043.46,4043.46,South
ORD15736,2023-04-15,CUST3723,23.0,Female,PSPO252,Cricket Bat,Sports,1,2065.74,2065.74,South
ORD15557,2023-04-16,CUST2039,23.0,Male,PELE103,Power Bank,Electronics,1,1467.75,1467.75,West
ORD10608,2023-04-16,CUST2259,52.0,Female,PSPO395,Yoga Mat,Sports,2,893.55,1787.1,North
ORD11914,2023-04-16,CUST3126,40.0,Male,PHOM719,Storage Rack,Home & Kitchen,1,1990.73,1990.73,East
ORD10514,2023-04-16,CUST2427,35.0,Male,PAPP662,Hoodie,Apparel,1,546.56,546.56,South
ORD11374,2023-04-16,CUST2079,25.0,Female,PELE584,Smartwatch,Electronics,1,3721.55,3721.55,North
ORD10879,2023-04-16,CUST3298,16.0,Female,PELE144,Smartwatch,Electronics,1,2272.9,2272.9,North
ORD15477,2023-04-17,CUST3359,34.0,Male,PBEA833,Perfume,Beauty,1,1167.94,1167.94,East
ORD15796,2023-04-17,CUST3385,25.0,Female,PHOM457,Table Lamp,Home & Kitchen,1,520.1,520.1,South
ORD11141,2023-04-17,CUST2101,47.0,Male,PAPP477,Denim Jeans,Apparel,2,907.49,1814.98,East
ORD11862,2023-04-18,CUST2508,16.0,Female,PHOM311,Storage Rack,Home & Kitchen,2,920.25,1840.5,West
ORD12676,2023-04-18,CUST3711,30.0,Female,PHOM840,Non-stick Pan,Home & Kitchen,1,2624.85,2624.85,West
ORD11827,2023-04-18,CUST3066,28.0,Male,PBEA840,Shampoo,Beauty,2,1026.24,2052.48,North
ORD12052,2023-04-18,CUST3514,44.0,Female,PELE653,Smartwatch,Electronics,1,1339.07,1339.07,West
ORD13800,2023-04-18,CUST2785,29.0,Male,PAPP481,Denim Jeans,Apparel,1,471.52,471.52,South
ORD10736,2023-04-18,CUST2574,41.0,Male,PELE759,Bluetooth Speaker,Electronics,2,2221.62,4443.24,East
ORD12719,2023-04-18,CUST3492,27.0,Male,PSPO891,Cricket Bat,Sports,1,678.04,678.04,South
ORD15243,2023-04-18,CUST2890,25.0,Male,PHOM655,Blender,Home & Kitchen,2,373.7,747.4,West
ORD10615,2023-04-19,CUST3223,26.0,Female,PELE895,Wireless Earbuds,Electronics,2,3384.63,6769.26,West
ORD14385,2023-04-19,CUST2582,39.0,Male,PBEA260,Face Serum,Beauty,2,1130.87,2261.74,North
ORD14396,2023-04-19,CUST2930,31.0,Female,PAPP645,Cotton T-Shirt,Apparel,1,698.94,698.94,North
ORD11441,2023-04-19,CUST2359,16.0,Male,PAPP385,Cotton T-Shirt,Apparel,1,1134.98,1134.98,South
ORD15844,2023-04-19,CUST3130,23.0,Female,PELE573,Wireless Earbuds,Electronics,1,2305.46,2305.46,West
ORD10440,2023-04-19,CUST3544,17.0,Male,PBEA858,Lipstick,Beauty,1,1068.4,1068.4,East
ORD13810,2023-04-20,CUST2778,24.0,Male,PAPP430,Hoodie,Apparel,1,1604.83,1604.83,North
ORD12245,2023-04-20,CUST2656,36.0,Male,PBEA946,Face Serum,Beauty,1,159.49,159.49,West
ORD14124,2023-04-20,CUST2691,41.0,Female,PELE383,Bluetooth Speaker,Electronics,1,4183.13,4183.13,West
ORD10248,2023-04-20,CUST3570,21.0,Female,PSPO698,Yoga Mat,Sports,2,1856.64,3713.28,East
ORD12545,2023-04-20,CUST3434,37.0,Female,PELE644,Power Bank,Electronics,1,2142.02,2142.02,South
ORD10646,2023-04-20,CUST3059,28.0,Female,PHOM641,Storage Rack,Home & Kitchen,1,1035.88,1035.88,North
ORD13371,2023-04-20,CUST2489,34.0,Female,PHOM208,Table Lamp,Home & Kitchen,2,1179.81,2359.62,East
ORD13758,2023-04-20,CUST3554,21.0,Male,PELE967,Bluetooth Speaker,Electronics,1,4191.18,4191.18,South
ORD15144,2023-04-20,CUST2949,37.0,Female,PAPP239,Running Shoes,Apparel,1,1843.66,1843.66,East
ORD15764,2023-04-20,CUST2994,32.0,Male,PAPP473,Jacket,Apparel,1,871.21,871.21,North
ORD14445,2023-04-21,CUST2620,23.0,Female,PAPP828,Denim Jeans,Apparel,1,1736.03,1736.03,South
ORD11704,2023-04-21,CUST2681,36.0,Female,PAPP337,Running Shoes,Apparel,1,2162.78,2162.78,West
ORD12736,2023-04-21,CUST2928,38.0,Male,PBEA212,Face Wash,Beauty,1,1188.47,1188.47,North
ORD13382,2023-04-21,CUST2377,41.0,Female,PAPP677,Jacket,Apparel,1,1870.16,1870.16,West
ORD15958,2023-04-21,CUST3441,41.0,Male,PSPO310,Cricket Bat,Sports,1,779.65,779.65,South
ORD14202,2023-04-22,CUST2790,16.0,Female,PHOM424,Blender,Home & Kitchen,1,1954.29,1954.29,North
ORD14164,2023-04-22,CUST3045,39.0,Female,PBEA511,Face Serum,Beauty,1,600.08,600.08,North
ORD15067,2023-04-22,CUST3227,33.0,Female,PAPP305,Jacket,Apparel,1,1431.05,1431.05,West
ORD11627,2023-04-22,CUST2307,38.0,Female,PELE323,Power Bank,Electronics,2,2819.97,5639.94,West
ORD12884,2023-04-22,CUST3369,16.0,Female,PSPO531,Cricket Bat,Sports,1,2135.21,2135.21,South
ORD11685,2023-04-22,CUST2586,37.0,Female,PAPP996,Hoodie,Apparel,3,1037.31,3111.93,North
ORD13628,2023-04-22,CUST3066,39.0,Female,PBEA646,Perfume,Beauty,3,348.6,1045.8,South
ORD11662,2023-04-23,CUST3260,39.0,Female,PELE497,Smartphone Case,Electronics,2,2540.9,5081.8,North
ORD12615,2023-04-23,CUST2550,24.0,Male,PELE282,Bluetooth Speaker,Electronics,2,1277.17,2554.34,North
ORD15256,2023-04-23,CUST3254,33.0,Female,PSPO799,Cricket Bat,Sports,1,1289.7,1289.7,South
ORD10204,2023-04-23,CUST2601,49.0,Female,PAPP976,Cotton T-Shirt,Apparel,1,2038.85,2038.85,South
ORD13621,2023-04-23,CUST3356,33.0,Female,PSPO596,Yoga Mat,Sports,1,2236.32,2236.32,South
ORD12857,2023-04-23,CUST3546,28.0,Female,PAPP848,Denim Jeans,Apparel,2,2124.1,4248.2,North
ORD13125,2023-04-24,CUST3005,32.0,Male,PHOM704,Non-stick Pan,Home & Kitchen,1,2665.39,2665.39,West
ORD14563,2023-04-24,CUST2342,23.0,Male,PBEA645,Face Wash,Beauty,3,565.13,1695.39,South
ORD12587,2023-04-24,CUST2481,39.0,Male,PELE988,Power Bank,Electronics,1,2250.65,2250.65,South
ORD14188,2023-04-24,CUST3365,32.0,Female,PAPP646,Running Shoes,Apparel,3,604.26,1812.78,South
ORD10843,2023-04-24,CUST3648,39.0,Female,PELE161,Power Bank,Electronics,1,1640.75,1640.75,East
ORD12743,2023-04-25,CUST3473,36.0,Male,PSPO391,Cricket Bat,Sports,1,1950.31,1950.31,North
ORD10122,2023-04-25,CUST3758,23.0,Male,PAPP978,Running Shoes,Apparel,1,876.94,876.94,North
ORD13884,2023-04-25,CUST2032,30.0,Female,PAPP906,Denim Jeans,Apparel,1,728.31,728.31,East
ORD14172,2023-04-25,CUST3652,33.0,Female,PHOM464,Table Lamp,Home & Kitchen,1,1416.87,1416.87,South
ORD13428,2023-04-25,CUST2203,26.0,Female,PSPO948,Football,Sports,2,316.11,632.22,East
ORD15158,2023-04-26,CUST3551,26.0,Male,PBEA641,Perfume,Beauty,2,942.44,1884.88,South
ORD11731,2023-04-26,CUST3278,22.0,Male,PELE449,Smartphone Case,Electronics,1,2359.73,2359.73,West
ORD14946,2023-04-26,CUST3251,32.0,Male,PHOM746,Blender,Home & Kitchen,1,2269.81,2269.81,East
ORD11335,2023-04-26,CUST3388,39.0,Male,PBEA657,Shampoo,Beauty,1,1248.68,1248.68,North
ORD10529,2023-04-26,CUST2284,36.0,Male,PAPP526,Denim Jeans,Apparel,1,840.55,840.55,West
ORD14519,2023-04-27,CUST2430,26.0,Male,PAPP515,Running Shoes,Apparel,1,571.01,571.01,South
ORD10493,2023-04-27,CUST3748,30.0,Female,PHOM770,Blender,Home & Kitchen,1,1740.22,1740.22,East
ORD13474,2023-04-27,CUST3668,30.0,Male,PAPP887,Denim Jeans,Apparel,1,493.44,493.44,East
ORD14631,2023-04-27,CUST3559,38.0,Female,PSPO417,Dumbbell Set,Sports,1,1024.65,1024.65,North
ORD15350,2023-04-27,CUST3006,19.0,Female,PELE533,Smartwatch,Electronics,1,1242.16,1242.16,South
ORD13168,2023-04-27,CUST2978,32.0,Female,PELE811,Wireless Earbuds,Electronics,1,2748.36,2748.36,South
ORD14469,2023-04-27,CUST2063,26.0,Male,PSPO628,Football,Sports,1,1933.3,1933.3,North
ORD15138,2023-04-28,CUST2800,32.0,Male,PAPP584,Denim Jeans,Apparel,1,629.63,629.63,West
ORD15073,2023-04-28,CUST2140,27.0,Female,PELE522,Power Bank,Electronics,1,1081.79,1081.79,South
ORD13538,2023-04-28,CUST3082,38.0,Female,PELE242,Wireless Earbuds,Electronics,1,1841.09,1841.09,South
ORD10359,2023-04-28,CUST3537,43.0,Male,PELE910,Smartphone Case,Electronics,1,1576.83,1576.83,North
ORD15340,2023-04-28,CUST3798,46.0,Male,PAPP599,Denim Jeans,Apparel,1,739.28,739.28,North
ORD15052,2023-04-28,CUST2970,39.0,Female,PSPO421,Cycling Gloves,Sports,2,1906.58,3813.16,East
ORD10857,2023-04-29,CUST3668,41.0,Male,PAPP357,Jacket,Apparel,1,649.63,649.63,West
ORD10799,2023-04-29,CUST3637,42.0,Female,PAPP777,Denim Jeans,Apparel,1,1284.42,1284.42,West
ORD12289,2023-04-29,CUST2346,46.0,Male,PSPO538,Yoga Mat,Sports,1,2403.97,2403.97,South
ORD12367,2023-04-29,CUST2348,24.0,Female,PBEA818,Perfume,Beauty,1,268.09,268.09,North
ORD11118,2023-04-29,CUST3168,27.0,Female,PHOM131,Storage Rack,Home & Kitchen,1,2258.41,2258.41,West
ORD15549,2023-04-29,CUST3454,32.0,Male,PAPP156,Denim Jeans,Apparel,1,767.47,767.47,West
ORD11072,2023-04-30,CUST3211,28.0,Female,PBEA275,Shampoo,Beauty,2,1168.73,2337.46,East
ORD12817,2023-04-30,CUST2668,34.0,Male,PBEA797,Face Wash,Beauty,2,251.03,502.06,West
ORD12255,2023-04-30,CUST2955,19.0,Male,PELE658,Wireless Earbuds,Electronics,1,3996.44,3996.44,East
ORD10664,2023-04-30,CUST2632,34.0,Female,PAPP764,Denim Jeans,Apparel,1,556.09,556.09,West
ORD14513,2023-05-01,CUST3295,27.0,Male,PAPP321,Jacket,Apparel,1,1091.49,1091.49,North
ORD10619,2023-05-01,CUST3664,35.0,Female,PBEA217,Face Serum,Beauty,2,1318.29,2636.58,South
ORD10638,2023-05-01,CUST3092,42.0,Female,PSPO246,Yoga Mat,Sports,1,1923.36,1923.36,East
ORD10363,2023-05-02,CUST3506,51.0,Female,PSPO263,Yoga Mat,Sports,2,1691.12,3382.24,North
ORD12147,2023-05-02,CUST2447,22.0,Female,PSPO649,Yoga Mat,Sports,1,2197.16,2197.16,East
ORD13201,2023-05-02,CUST2509,53.0,Male,PELE920,Wireless Earbuds,Electronics,1,3491.03,3491.03,West
ORD12654,2023-05-02,CUST3083,40.0,Female,PAPP510,Denim Jeans,Apparel,1,594.46,594.46,West
ORD10990,2023-05-02,CUST3439,32.0,Female,PELE921,Bluetooth Speaker,Electronics,1,3534.83,3534.83,North
ORD10603,2023-05-03,CUST3750,38.0,Female,PHOM841,Blender,Home & Kitchen,1,322.78,322.78,East
ORD10894,2023-05-03,CUST3092,32.0,Female,PELE916,Bluetooth Speaker,Electronics,1,2900.03,2900.03,West
ORD10590,2023-05-03,CUST3199,28.0,Male,PSPO254,Yoga Mat,Sports,2,722.44,1444.88,North
ORD15202,2023-05-03,CUST3579,35.0,Female,PELE705,Smartwatch,Electronics,1,2920.65,2920.65,West
ORD10681,2023-05-03,CUST2178,37.0,Female,PBEA616,Shampoo,Beauty,1,1217.92,1217.92,South
ORD14099,2023-05-03,CUST2711,31.0,Female,PELE461,Smartwatch,Electronics,1,803.94,803.94,West
ORD13580,2023-05-03,CUST2321,36.0,Female,PAPP501,Running Shoes,Apparel,2,1413.5,2827.0,North
ORD12529,2023-05-03,CUST3612,16.0,Male,PSPO909,Football,Sports,2,951.66,1903.32,South
ORD11721,2023-05-03,CUST2956,39.0,Male,PAPP997,Hoodie,Apparel,1,1701.29,1701.29,North
ORD14996,2023-05-04,CUST2634,25.0,Female,PBEA680,Lipstick,Beauty,1,277.21,277.21,North
ORD10878,2023-05-04,CUST2367,40.0,Female,PSPO523,Dumbbell Set,Sports,3,2474.74,7424.22,East
ORD11618,2023-05-04,CUST2760,34.0,Female,PAPP412,Jacket,Apparel,2,1623.21,3246.42,South
ORD13170,2023-05-04,CUST2257,23.0,Male,PBEA844,Lipstick,Beauty,1,1405.66,1405.66,North
ORD11212,2023-05-04,CUST3409,34.0,Female,PSPO900,Dumbbell Set,Sports,1,337.93,337.93,South
ORD11300,2023-05-04,CUST3135,34.0,Female,PELE928,Power Bank,Electronics,1,4277.6,4277.6,East
ORD12152,2023-05-04,CUST3557,24.0,Female,PBEA850,Lipstick,Beauty,1,859.33,859.33,North
ORD15966,2023-05-04,CUST2063,32.0,Female,PELE578,Bluetooth Speaker,Electronics,2,1038.41,2076.82,West
ORD12001,2023-05-05,CUST3339,30.0,Female,PHOM681,Storage Rack,Home & Kitchen,1,2330.63,2330.63,West
ORD12057,2023-05-05,CUST3601,27.0,Male,PSPO196,Cricket Bat,Sports,1,2138.35,2138.35,South
ORD10180,2023-05-05,CUST2188,24.0,Male,PBEA611,Face Serum,Beauty,2,787.17,1574.34,West
ORD10641,2023-05-05,CUST2604,31.0,Female,PBEA672,Lipstick,Beauty,1,605.71,605.71,South
ORD12249,2023-05-06,CUST2069,31.0,Male,PELE813,Smartphone Case,Electronics,2,4392.33,8784.66,East
ORD13671,2023-05-06,CUST2331,36.0,Male,PBEA712,Lipstick,Beauty,1,544.32,544.32,West
ORD13412,2023-05-06,CUST2281,35.0,Male,PELE267,Wireless Earbuds,Electronics,1,3199.98,3199.98,South
ORD12766,2023-05-06,CUST2887,26.0,Male,PELE393,Bluetooth Speaker,Electronics,1,2330.5,2330.5,East
ORD14675,2023-05-06,CUST3651,28.0,Male,PBEA435,Perfume,Beauty,2,690.17,1380.34,East
ORD10104,2023-05-06,CUST2588,45.0,Female,PAPP225,Cotton T-Shirt,Apparel,1,1284.76,1284.76,North
ORD13699,2023-05-06,CUST2501,25.0,Female,PAPP480,Running Shoes,Apparel,1,1974.24,1974.24,East
ORD15867,2023-05-07,CUST2648,25.0,Female,PHOM253,Table Lamp,Home & Kitchen,1,1746.95,1746.95,West
ORD14597,2023-05-08,CUST3752,30.0,Female,PSPO852,Yoga Mat,Sports,1,284.75,284.75,West
ORD10557,2023-05-08,CUST2154,45.0,Male,PBEA604,Face Serum,Beauty,1,160.26,160.26,South
ORD11282,2023-05-08,CUST2283,43.0,Female,PAPP650,Hoodie,Apparel,1,889.96,889.96,West
ORD10679,2023-05-08,CUST2590,40.0,Female,PELE114,Smartwatch,Electronics,1,2067.69,2067.69,East
ORD14264,2023-05-08,CUST2064,27.0,Female,PBEA359,Lipstick,Beauty,1,348.85,348.85,East
ORD11539,2023-05-09,CUST3461,38.0,Female,PSPO387,Cycling Gloves,Sports,1,1548.02,1548.02,East
ORD11957,2023-05-09,CUST2885,20.0,Male,PELE848,Power Bank,Electronics,1,970.67,970.67,West
ORD10885,2023-05-09,CUST3254,33.0,Male,PELE875,Bluetooth Speaker,Electronics,2,3514.8,7029.6,East
ORD11037,2023-05-10,CUST2889,23.0,Female,PAPP801,Cotton T-Shirt,Apparel,3,759.68,2279.04,South
ORD14574,2023-05-10,CUST3147,29.0,Female,PAPP874,Denim Jeans,Apparel,1,545.36,545.36,West
ORD12005,2023-05-10,CUST2295,26.0,Male,PSPO356,Yoga Mat,Sports,1,2371.21,2371.21,East
ORD14247,2023-05-10,CUST2719,31.0,Male,PSPO370,Yoga Mat,Sports,1,1984.37,1984.37,North
ORD14127,2023-05-10,CUST2585,40.0,Male,PAPP575,Hoodie,Apparel,1,1085.78,1085.78,South
ORD10915,2023-05-10,CUST2962,30.0,Male,PAPP110,Hoodie,Apparel,1,613.89,613.89,East
ORD11527,2023-05-10,CUST3112,27.0,Male,PELE720,Smartphone Case,Electronics,1,1107.4,1107.4,South
ORD15458,2023-05-10,CUST3541,22.0,Female,PSPO781,Cricket Bat,Sports,1,2177.89,2177.89,West
ORD11813,2023-05-10,CUST2921,33.0,Male,PELE243,Bluetooth Speaker,Electronics,1,2280.62,2280.62,North
ORD11741,2023-05-11,CUST3469,30.0,Male,PHOM397,Cushion Set,Home & Kitchen,1,981.3,981.3,West
ORD12426,2023-05-11,CUST2297,44.0,Male,PHOM467,Cushion Set,Home & Kitchen,1,2854.57,2854.57,South
ORD13590,2023-05-11,CUST3457,33.0,Male,PHOM501,Table Lamp,Home & Kitchen,2,2730.66,5461.32,North
ORD14416,2023-05-11,CUST2300,28.0,Male,PSPO242,Cycling Gloves,Sports,1,1511.78,1511.78,East
ORD11573,2023-05-12,CUST2130,18.0,Male,PAPP696,Running Shoes,Apparel,2,496.28,992.56,West
ORD11150,2023-05-12,CUST3458,29.0,Female,PAPP484,Hoodie,Apparel,1,1761.14,1761.14,East
ORD10045,2023-05-12,CUST2005,28.0,Female,PAPP744,Denim Jeans,Apparel,1,841.86,841.86,North
ORD15960,2023-05-12,CUST3741,16.0,Male,PHOM881,Blender,Home & Kitchen,1,1467.4,1467.4,West
ORD11819,2023-05-12,CUST3678,38.0,Female,PELE954,Power Bank,Electronics,1,3930.95,3930.95,North
ORD14789,2023-05-12,CUST2447,28.0,Male,PHOM352,Storage Rack,Home & Kitchen,1,1342.68,1342.68,South
ORD12672,2023-05-12,CUST2285,16.0,Male,PHOM723,Non-stick Pan,Home & Kitchen,1,1399.67,1399.67,North
ORD10963,2023-05-13,CUST2176,36.0,Male,PELE227,Smartphone Case,Electronics,2,4111.65,8223.3,East
ORD15167,2023-05-13,CUST2154,27.0,Male,PBEA540,Perfume,Beauty,1,1445.23,1445.23,West
ORD12374,2023-05-13,CUST3222,23.0,Female,PELE255,Bluetooth Speaker,Electronics,1,3179.4,3179.4,North
ORD10888,2023-05-13,CUST2847,29.0,Female,PBEA841,Shampoo,Beauty,1,968.51,968.51,West
ORD15233,2023-05-14,CUST2224,37.0,Male,PBEA451,Perfume,Beauty,2,1177.0,2354.0,West
ORD14217,2023-05-14,CUST3728,16.0,Male,PELE870,Wireless Earbuds,Electronics,1,3330.79,3330.79,East
ORD10000,2023-05-14,CUST3295,26.0,Male,PBEA329,Face Wash,Beauty,2,157.11,314.22,North
ORD11196,2023-05-14,CUST2147,51.0,Female,PHOM409,Storage Rack,Home & Kitchen,1,2519.31,2519.31,North
ORD10595,2023-05-15,CUST2282,40.0,Male,PAPP271,Hoodie,Apparel,1,1523.58,1523.58,West
ORD15407,2023-05-15,CUST3029,35.0,Male,PAPP216,Jacket,Apparel,1,1421.02,1421.02,North
ORD11896,2023-05-15,CUST2989,31.0,Male,PHOM263,Non-stick Pan,Home & Kitchen,1,1050.59,1050.59,South
ORD15396,2023-05-15,CUST3726,35.0,Female,PELE562,Power Bank,Electronics,1,1243.56,1243.56,East
ORD11945,2023-05-15,CUST3017,19.0,Male,PHOM746,Blender,Home & Kitchen,1,1619.93,1619.93,South
ORD10910,2023-05-16,CUST3382,,Male,PAPP598,Denim Jeans,Apparel,1,1739.75,1739.75,West
ORD12764,2023-05-16,CUST2076,24.0,Male,PELE526,Bluetooth Speaker,Electronics,2,3713.18,7426.36,South
ORD10515,2023-05-16,CUST3367,41.0,Female,PSPO285,Football,Sports,3,1893.54,5680.62,North
ORD15493,2023-05-16,CUST3248,42.0,Male,PSPO912,Cycling Gloves,Sports,1,1196.16,1196.16,South
ORD12317,2023-05-16,CUST2058,24.0,Female,PAPP748,Running Shoes,Apparel,1,1729.56,1729.56,East
ORD10563,2023-05-16,CUST2456,51.0,Female,PSPO626,Yoga Mat,Sports,2,931.7,1863.4,North
ORD15464,2023-05-17,CUST3363,32.0,Male,PHOM165,Blender,Home & Kitchen,1,2795.0,2795.0,East
ORD11988,2023-05-17,CUST2861,36.0,Female,PHOM329,Cushion Set,Home & Kitchen,3,2750.62,8251.86,North
ORD11843,2023-05-17,CUST2492,42.0,Female,PHOM792,Table Lamp,Home & Kitchen,1,1762.2,1762.2,North
ORD12902,2023-05-18,CUST3016,38.0,Male,PHOM280,Blender,Home & Kitchen,2,2118.07,4236.14,North
ORD11906,2023-05-18,CUST2676,32.0,Female,PSPO980,Dumbbell Set,Sports,1,1904.96,1904.96,South
ORD15280,2023-05-19,CUST3353,41.0,Male,PBEA837,Face Wash,Beauty,1,175.1,175.1,South
ORD15789,2023-05-19,CUST3567,43.0,Male,PBEA517,Shampoo,Beauty,1,1264.65,1264.65,South
ORD10726,2023-05-19,CUST3664,31.0,Male,PBEA179,Face Wash,Beauty,2,449.64,899.28,North
ORD14191,2023-05-20,CUST2144,24.0,Female,PBEA537,Face Serum,Beauty,1,716.09,716.09,North
ORD15266,2023-05-20,CUST2307,39.0,Female,PSPO650,Football,Sports,1,496.95,496.95,East
ORD12347,2023-05-20,CUST3242,24.0,Male,PBEA104,Face Serum,Beauty,1,1391.09,1391.09,West
ORD11975,2023-05-20,CUST2402,33.0,Female,PSPO215,Cricket Bat,Sports,1,2153.0,2153.0,North
ORD12543,2023-05-20,CUST2910,38.0,Female,PHOM515,Storage Rack,Home & Kitchen,1,2984.66,2984.66,North
ORD10138,2023-05-21,CUST3413,41.0,Male,PELE647,Bluetooth Speaker,Electronics,1,4030.54,4030.54,East
ORD12342,2023-05-21,CUST2970,31.0,Male,PBEA711,Face Wash,Beauty,1,165.3,165.3,West
ORD14923,2023-05-21,CUST3521,22.0,Female,PELE389,Wireless Earbuds,Electronics,1,4240.76,4240.76,West
ORD12501,2023-05-21,CUST2564,41.0,Female,PELE538,Smartwatch,Electronics,1,2829.36,2829.36,West
ORD15088,2023-05-21,CUST2329,32.0,Male,PBEA210,Face Serum,Beauty,1,999.01,999.01,North
ORD13738,2023-05-21,CUST2741,48.0,Female,PBEA556,Face Serum,Beauty,2,785.54,1571.08,North
ORD10044,2023-05-21,CUST3359,35.0,Male,PBEA749,Face Wash,Beauty,1,398.77,398.77,West
ORD14133,2023-05-22,CUST2899,49.0,Female,PSPO800,Dumbbell Set,Sports,2,2346.6,4693.2,North
ORD13792,2023-05-22,CUST2807,26.0,Male,PHOM442,Blender,Home & Kitchen,1,1396.45,1396.45,East
ORD15538,2023-05-22,CUST3753,43.0,Female,PHOM972,Non-stick Pan,Home & Kitchen,2,2625.94,5251.88,South
ORD13098,2023-05-22,CUST3480,38.0,Female,PBEA871,Perfume,Beauty,1,1149.32,1149.32,East
ORD11044,2023-05-22,CUST3129,20.0,Male,PELE452,Power Bank,Electronics,2,1230.63,2461.26,West
ORD10790,2023-05-22,CUST2284,30.0,Female,PAPP529,Cotton T-Shirt,Apparel,3,655.42,1966.26,North
ORD11688,2023-05-22,CUST2380,35.0,Female,PAPP245,Jacket,Apparel,2,1034.3,2068.6,North
ORD14640,2023-05-22,CUST2330,18.0,Male,PHOM742,Storage Rack,Home & Kitchen,1,1880.79,1880.79,East
ORD10079,2023-05-22,CUST3706,26.0,Male,PSPO687,Cycling Gloves,Sports,1,1368.32,1368.32,South
ORD15853,2023-05-23,CUST3015,34.0,Female,PELE507,Power Bank,Electronics,2,1892.65,3785.3,East
ORD10865,2023-05-23,CUST2344,40.0,Female,PHOM669,Blender,Home & Kitchen,1,2751.13,2751.13,West
ORD14806,2023-05-23,CUST2943,29.0,Female,PELE760,Power Bank,Electronics,1,3271.82,3271.82,North
ORD10177,2023-05-23,CUST2426,16.0,Male,PELE431,Power Bank,Electronics,2,3005.68,6011.36,North
ORD10386,2023-05-23,CUST2510,23.0,Male,PELE376,Power Bank,Electronics,1,1539.78,1539.78,West
ORD11918,2023-05-23,CUST3143,40.0,Male,PSPO997,Football,Sports,1,1985.83,1985.83,East
ORD14911,2023-05-23,CUST2878,45.0,Male,PBEA771,Face Serum,Beauty,1,931.4,931.4,North
ORD12421,2023-05-23,CUST2729,25.0,Male,PHOM489,Blender,Home & Kitchen,1,2927.05,2927.05,South
ORD15881,2023-05-24,CUST2318,36.0,Female,PAPP113,Denim Jeans,Apparel,1,602.4,602.4,South
ORD14929,2023-05-24,CUST3012,33.0,Male,PHOM430,Cushion Set,Home & Kitchen,1,2153.39,2153.39,South
ORD14419,2023-05-24,CUST3567,20.0,Female,PHOM455,Non-stick Pan,Home & Kitchen,1,2106.07,2106.07,East
ORD11415,2023-05-24,CUST3590,28.0,Male,PELE601,Wireless Earbuds,Electronics,1,967.78,967.78,South
ORD12290,2023-05-24,CUST2363,32.0,Male,PAPP647,Cotton T-Shirt,Apparel,1,2145.38,2145.38,North
ORD13131,2023-05-24,CUST3293,25.0,Female,PHOM661,Cushion Set,Home & Kitchen,3,2749.94,8249.82,East
ORD11748,2023-05-25,CUST2870,29.0,Male,PHOM569,Non-stick Pan,Home & Kitchen,1,2482.87,2482.87,South
ORD10998,2023-05-25,CUST3495,37.0,Female,PAPP282,Running Shoes,Apparel,1,1522.31,1522.31,East
ORD12031,2023-05-25,CUST2240,35.0,Male,PAPP147,Cotton T-Shirt,Apparel,1,1930.69,1930.69,South
ORD10409,2023-05-25,CUST2484,28.0,Female,PBEA354,Face Serum,Beauty,1,811.03,811.03,North
ORD12022,2023-05-25,CUST2469,24.0,Male,PSPO209,Cricket Bat,Sports,1,885.6,885.6,North
ORD14505,2023-05-25,CUST2391,16.0,Female,PSPO909,Dumbbell Set,Sports,1,2363.37,2363.37,North
ORD11888,2023-05-26,CUST2339,36.0,Female,PSPO625,Dumbbell Set,Sports,1,1048.03,1048.03,South
ORD15469,2023-05-26,CUST3202,23.0,Male,PHOM888,Cushion Set,Home & Kitchen,1,1806.28,1806.28,North
ORD11008,2023-05-26,CUST2244,16.0,Male,PHOM739,Non-stick Pan,Home & Kitchen,1,778.87,778.87,West
ORD14333,2023-05-26,CUST3606,22.0,Male,PELE935,Wireless Earbuds,Electronics,1,3024.81,3024.81,South
ORD15589,2023-05-26,CUST3367,32.0,Male,PSPO726,Yoga Mat,Sports,1,1173.42,1173.42,North
ORD13916,2023-05-26,CUST2978,39.0,Male,PELE542,Wireless Earbuds,Electronics,1,4196.6,4196.6,East
ORD12528,2023-05-26,CUST3489,23.0,Male,PBEA848,Lipstick,Beauty,1,1360.5,1360.5,West
ORD14298,2023-05-26,CUST2828,23.0,Male,PBEA967,Lipstick,Beauty,1,867.11,867.11,West
ORD15695,2023-05-26,CUST3356,37.0,Male,PSPO870,Cycling Gloves,Sports,2,1401.43,2802.86,North
ORD11763,2023-05-27,CUST2247,39.0,Male,PAPP284,Hoodie,Apparel,1,1261.51,1261.51,South
ORD13725,2023-05-27,CUST2985,37.0,Male,PBEA113,Perfume,Beauty,2,319.54,639.08,North
ORD14128,2023-05-27,CUST2776,37.0,Male,PHOM384,Blender,Home & Kitchen,1,1769.76,1769.76,East
ORD15147,2023-05-27,CUST2859,27.0,Male,PSPO641,Dumbbell Set,Sports,1,1693.14,1693.14,East
ORD10399,2023-05-27,CUST2569,41.0,Female,PBEA856,Perfume,Beauty,1,903.03,903.03,East
ORD15156,2023-05-27,CUST2607,20.0,Female,PELE746,Power Bank,Electronics,1,909.54,909.54,South
ORD11363,2023-05-27,CUST2015,30.0,Female,PSPO668,Football,Sports,2,1214.67,2429.34,South
ORD12316,2023-05-28,CUST3693,30.0,Male,PAPP232,Running Shoes,Apparel,3,1503.33,4509.99,East
ORD15455,2023-05-28,CUST2743,27.0,Male,PSPO102,Cycling Gloves,Sports,1,510.12,510.12,South
ORD12955,2023-05-28,CUST2983,24.0,Female,PSPO844,Cycling Gloves,Sports,1,2298.34,2298.34,South
ORD14173,2023-05-28,CUST2908,37.0,Male,PSPO642,Cricket Bat,Sports,1,664.87,664.87,East
ORD10193,2023-05-28,CUST3007,29.0,Male,PAPP145,Running Shoes,Apparel,1,794.97,794.97,West
ORD14103,2023-05-28,CUST2448,28.0,Female,PSPO355,Yoga Mat,Sports,1,2326.59,2326.59,West
ORD10030,2023-05-28,CUST2780,28.0,Female,PSPO761,Dumbbell Set,Sports,1,1756.73,1756.73,North
ORD13376,2023-05-28,CUST2261,26.0,Female,PELE103,Wireless Earbuds,Electronics,1,1204.08,1204.08,East
ORD13557,2023-05-29,CUST2245,29.0,Female,PELE994,Power Bank,Electronics,2,3903.77,7807.54,North
ORD14287,2023-05-29,CUST2325,28.0,Female,PAPP937,Cotton T-Shirt,Apparel,2,2181.67,4363.34,East
ORD12173,2023-05-30,CUST3630,23.0,Male,PHOM575,Cushion Set,Home & Kitchen,2,2560.97,5121.94,North
ORD10953,2023-05-30,CUST2098,40.0,Female,PELE592,Smartwatch,Electronics,1,4092.35,4092.35,North
ORD12657,2023-05-30,CUST2903,29.0,Female,PAPP446,Hoodie,Apparel,1,1835.83,1835.83,West
ORD11962,2023-05-30,CUST3505,33.0,Female,PHOM860,Blender,Home & Kitchen,1,2593.46,2593.46,North
ORD12773,2023-05-30,CUST2342,27.0,Female,PSPO562,Yoga Mat,Sports,1,1764.44,1764.44,South
ORD10636,2023-05-30,CUST3008,41.0,Male,PELE619,Bluetooth Speaker,Electronics,1,2624.34,2624.34,North
ORD14323,2023-05-30,CUST3644,36.0,Male,PHOM208,Non-stick Pan,Home & Kitchen,1,1653.32,1653.32,East
ORD10085,2023-05-30,CUST2873,43.0,Female,PBEA355,Face Serum,Beauty,2,1271.04,2542.08,North
ORD15337,2023-05-31,CUST3440,34.0,Female,PAPP891,Jacket,Apparel,1,1966.33,1966.33,East
ORD14905,2023-05-31,CUST2506,35.0,Female,PAPP580,Cotton T-Shirt,Apparel,1,760.47,760.47,West
ORD15079,2023-05-31,CUST2086,36.0,Female,PAPP753,Running Shoes,Apparel,1,1676.59,1676.59,South
ORD14371,2023-05-31,CUST3178,34.0,Male,PAPP116,Running Shoes,Apparel,1,1654.57,1654.57,North
ORD11681,2023-05-31,CUST3337,31.0,Male,PELE584,Bluetooth Speaker,Electronics,1,4220.08,4220.08,West
ORD12882,2023-05-31,CUST3069,30.0,Male,PELE183,Wireless Earbuds,Electronics,1,1589.69,1589.69,East
ORD11782,2023-06-01,CUST2484,22.0,Female,PHOM125,Cushion Set,Home & Kitchen,2,1980.98,3961.96,East
ORD15283,2023-06-01,CUST2299,34.0,Male,PSPO384,Yoga Mat,Sports,1,758.02,758.02,South
ORD15724,2023-06-01,CUST3678,22.0,Female,PELE186,Smartwatch,Electronics,1,2283.27,2283.27,East
ORD13459,2023-06-01,CUST2181,32.0,Male,PELE559,Bluetooth Speaker,Electronics,1,3567.36,3567.36,North
ORD12858,2023-06-01,CUST2072,24.0,Female,PSPO270,Cycling Gloves,Sports,1,1403.48,1403.48,East
ORD15678,2023-06-02,CUST2479,30.0,Male,PBEA218,Lipstick,Beauty,1,1071.13,1071.13,North
ORD15857,2023-06-02,CUST2842,36.0,Female,PSPO198,Cycling Gloves,Sports,1,2138.91,2138.91,West
ORD14895,2023-06-02,CUST3412,21.0,Female,PBEA483,Perfume,Beauty,1,1021.12,1021.12,North
ORD11540,2023-06-02,CUST3631,43.0,Female,PAPP197,Cotton T-Shirt,Apparel,1,620.57,620.57,North
ORD13148,2023-06-02,CUST2874,33.0,Male,PELE197,Smartphone Case,Electronics,1,3010.86,3010.86,East
ORD15292,2023-06-03,CUST2426,40.0,Female,PELE466,Bluetooth Speaker,Electronics,1,2978.69,2978.69,East
ORD11764,2023-06-03,CUST2489,34.0,Male,PELE873,Bluetooth Speaker,Electronics,1,2638.73,2638.73,North
ORD14667,2023-06-03,CUST2901,36.0,Male,PAPP824,Hoodie,Apparel,1,1145.1,1145.1,North
ORD15116,2023-06-04,CUST3735,33.0,Male,PSPO347,Yoga Mat,Sports,1,1741.75,1741.75,North
ORD10208,2023-06-04,CUST2611,32.0,Male,PSPO311,Cycling Gloves,Sports,1,1142.75,1142.75,South
ORD12621,2023-06-04,CUST3345,37.0,Male,PBEA969,Lipstick,Beauty,1,190.24,190.24,North
ORD15735,2023-06-04,CUST3764,16.0,Female,PBEA803,Face Serum,Beauty,3,895.18,2685.54,North
ORD11713,2023-06-04,CUST2944,41.0,Male,PAPP204,Running Shoes,Apparel,1,2024.57,2024.57,West
ORD14534,2023-06-04,CUST2721,29.0,Male,PELE840,Smartwatch,Electronics,2,925.1,1850.2,North
ORD15598,2023-06-04,CUST2369,28.0,Female,PELE892,Power Bank,Electronics,1,3065.46,3065.46,North
ORD10907,2023-06-04,CUST2919,43.0,Male,PSPO517,Cycling Gloves,Sports,2,2026.59,4053.18,North
ORD15779,2023-06-04,CUST2547,40.0,Male,PELE680,Smartwatch,Electronics,1,3512.35,3512.35,East
ORD14087,2023-06-04,CUST2317,34.0,Male,PSPO973,Yoga Mat,Sports,1,633.35,633.35,South
ORD13802,2023-06-04,CUST2140,39.0,Female,PELE497,Wireless Earbuds,Electronics,1,3493.46,3493.46,North
ORD13938,2023-06-05,CUST3514,19.0,Male,PELE187,Smartwatch,Electronics,1,4205.44,4205.44,North
ORD11220,2023-06-05,CUST2627,31.0,Male,PBEA435,Perfume,Beauty,2,232.52,465.04,West
ORD14147,2023-06-05,CUST2306,25.0,Male,PHOM260,Blender,Home & Kitchen,1,2376.81,2376.81,West
ORD15691,2023-06-05,CUST2513,33.0,Male,PSPO367,Yoga Mat,Sports,1,550.98,550.98,South
ORD15065,2023-06-05,CUST3074,20.0,Male,PELE718,Power Bank,Electronics,1,2928.88,2928.88,East
ORD14698,2023-06-06,CUST2442,22.0,Male,PHOM788,Storage Rack,Home & Kitchen,2,614.28,1228.56,North
ORD11995,2023-06-06,CUST3410,31.0,Female,PBEA899,Shampoo,Beauty,1,200.02,200.02,East
ORD10273,2023-06-06,CUST3145,35.0,Male,PELE214,Wireless Earbuds,Electronics,1,4318.69,4318.69,South
ORD11751,2023-06-06,CUST2145,33.0,Female,PELE948,Power Bank,Electronics,1,3779.48,3779.48,South
ORD13795,2023-06-06,CUST3053,20.0,Male,PAPP146,Denim Jeans,Apparel,1,1043.4,1043.4,North
ORD15945,2023-06-06,CUST2518,16.0,Female,PHOM963,Table Lamp,Home & Kitchen,1,2605.88,2605.88,East
ORD15415,2023-06-07,CUST3389,33.0,Female,PAPP401,Hoodie,Apparel,2,943.45,1886.9,North
ORD11405,2023-06-07,CUST3401,27.0,Male,PAPP648,Jacket,Apparel,1,2115.7,2115.7,West
ORD10183,2023-06-07,CUST2406,38.0,Male,PELE540,Power Bank,Electronics,1,1036.25,1036.25,South
ORD12385,2023-06-07,CUST3067,16.0,Male,PHOM130,Blender,Home & Kitchen,1,1274.47,1274.47,West
ORD13223,2023-06-07,CUST2143,31.0,Female,PELE729,Smartwatch,Electronics,2,4314.44,8628.88,East
ORD10710,2023-06-08,CUST3438,25.0,Female,PSPO835,Cricket Bat,Sports,1,1068.16,1068.16,South
ORD10558,2023-06-08,CUST2947,38.0,Male,PELE505,Wireless Earbuds,Electronics,2,3318.96,6637.92,South
ORD14546,2023-06-08,CUST3523,35.0,Female,PBEA265,Shampoo,Beauty,2,1346.54,2693.08,North
ORD11447,2023-06-08,CUST2956,34.0,Female,PSPO599,Cricket Bat,Sports,2,309.91,619.82,North
ORD14336,2023-06-08,CUST2902,27.0,Male,PSPO922,Dumbbell Set,Sports,1,2375.69,2375.69,North
ORD15419,2023-06-08,CUST2580,25.0,Female,PBEA479,Face Serum,Beauty,1,1313.72,1313.72,East
ORD11376,2023-06-08,CUST2071,42.0,Female,PHOM742,Non-stick Pan,Home & Kitchen,1,1798.55,1798.55,East
ORD14475,2023-06-08,CUST3288,40.0,Male,PAPP798,Hoodie,Apparel,1,1314.52,1314.52,South
ORD15275,2023-06-09,CUST3158,33.0,Female,PHOM568,Table Lamp,Home & Kitchen,1,2418.92,2418.92,North
ORD10591,2023-06-09,CUST2106,16.0,Male,PAPP263,Jacket,Apparel,1,1657.43,1657.43,South
ORD12944,2023-06-09,CUST2166,28.0,Male,PBEA663,Face Wash,Beauty,3,231.37,694.11,West
ORD13558,2023-06-09,CUST2034,19.0,Male,PAPP588,Cotton T-Shirt,Apparel,1,1122.26,1122.26,West
ORD11078,2023-06-09,CUST3481,31.0,Female,PAPP472,Denim Jeans,Apparel,1,1468.5,1468.5,South
ORD13313,2023-06-09,CUST3378,35.0,Female,PHOM836,Storage Rack,Home & Kitchen,1,980.89,980.89,East
ORD10818,2023-06-09,CUST2349,16.0,Female,PHOM480,Non-stick Pan,Home & Kitchen,1,1175.15,1175.15,South
ORD13181,2023-06-09,CUST3552,33.0,Male,PELE935,Smartphone Case,Electronics,1,3086.75,3086.75,West
ORD10970,2023-06-09,CUST3341,29.0,Male,PAPP877,Jacket,Apparel,1,706.18,706.18,South
ORD14428,2023-06-09,CUST2945,22.0,Male,PBEA824,Lipstick,Beauty,1,567.08,567.08,North
ORD13426,2023-06-10,CUST2392,31.0,Female,PAPP426,Cotton T-Shirt,Apparel,1,887.38,887.38,West
ORD13680,2023-06-10,CUST2564,35.0,Female,PHOM887,Non-stick Pan,Home & Kitchen,2,767.21,1534.42,East
ORD11993,2023-06-11,CUST2483,32.0,Male,PHOM463,Storage Rack,Home & Kitchen,1,1098.14,1098.14,South
ORD11855,2023-06-11,CUST2650,37.0,Male,PELE193,Smartphone Case,Electronics,1,840.33,840.33,South
ORD13851,2023-06-11,CUST2034,23.0,Female,PHOM877,Cushion Set,Home & Kitchen,2,1824.8,3649.6,East
ORD10798,2023-06-11,CUST2642,39.0,Male,PELE636,Smartwatch,Electronics,1,2847.86,2847.86,South
ORD12981,2023-06-12,CUST2612,30.0,Female,PELE199,Wireless Earbuds,Electronics,1,2191.5,2191.5,North
ORD11964,2023-06-12,CUST2427,27.0,Male,PHOM627,Table Lamp,Home & Kitchen,1,441.79,441.79,North
ORD15888,2023-06-12,CUST3465,22.0,Male,PHOM141,Non-stick Pan,Home & Kitchen,1,2147.33,2147.33,West
ORD12075,2023-06-12,CUST3385,43.0,Female,PBEA606,Face Wash,Beauty,1,959.98,959.98,South
ORD14221,2023-06-13,CUST2628,33.0,Female,PSPO240,Yoga Mat,Sports,2,1923.76,3847.52,North
ORD11616,2023-06-13,CUST2879,23.0,Male,PELE185,Wireless Earbuds,Electronics,1,1854.85,1854.85,North
ORD10154,2023-06-14,CUST2520,28.0,Male,PHOM761,Table Lamp,Home & Kitchen,2,589.03,1178.06,East
ORD11534,2023-06-15,CUST3645,39.0,Male,PAPP172,Jacket,Apparel,2,1105.7,2211.4,North
ORD13053,2023-06-15,CUST2030,29.0,Female,PELE914,Bluetooth Speaker,Electronics,1,3661.82,3661.82,West
ORD12552,2023-06-16,CUST2813,35.0,Male,PHOM776,Storage Rack,Home & Kitchen,1,874.07,874.07,South
ORD14369,2023-06-16,CUST3631,43.0,Female,PELE853,Smartphone Case,Electronics,1,3833.91,3833.91,North
ORD12570,2023-06-16,CUST2019,24.0,Male,PHOM908,Cushion Set,Home & Kitchen,1,871.9,871.9,North
ORD15334,2023-06-16,CUST3291,16.0,Female,PBEA211,Lipstick,Beauty,1,1397.37,1397.37,West
ORD14232,2023-06-17,CUST2856,16.0,Male,PELE763,Smartphone Case,Electronics,1,3500.98,3500.98,East
ORD15217,2023-06-17,CUST2621,44.0,Male,PAPP652,Jacket,Apparel,1,1030.35,1030.35,East
ORD10249,2023-06-17,CUST3531,16.0,Female,PAPP136,Jacket,Apparel,3,2026.63,6079.89,South
ORD13104,2023-06-18,CUST3670,29.0,Female,PHOM858,Cushion Set,Home & Kitchen,2,2315.44,4630.88,West
ORD13570,2023-06-18,CUST3290,29.0,Male,PSPO620,Yoga Mat,Sports,1,1973.32,1973.32,North
ORD11977,2023-06-18,CUST3347,40.0,Female,PSPO928,Cricket Bat,Sports,1,259.61,259.61,South
ORD13240,2023-06-19,CUST2369,47.0,Male,PAPP127,Denim Jeans,Apparel,1,2113.69,2113.69,South
ORD15055,2023-06-19,CUST2192,29.0,Male,PSPO972,Cricket Bat,Sports,1,333.51,333.51,North
ORD12364,2023-06-19,CUST3074,29.0,Male,PELE621,Power Bank,Electronics,1,2356.47,2356.47,North
ORD10390,2023-06-19,CUST3558,47.0,Female,PHOM360,Non-stick Pan,Home & Kitchen,1,469.53,469.53,East
ORD14944,2023-06-19,CUST2514,28.0,Female,PBEA747,Lipstick,Beauty,1,1438.19,1438.19,East
ORD10120,2023-06-19,CUST2633,20.0,Male,PHOM254,Non-stick Pan,Home & Kitchen,1,647.93,647.93,South
ORD13007,2023-06-19,CUST2942,22.0,Female,PHOM788,Non-stick Pan,Home & Kitchen,1,2005.63,2005.63,North
ORD10250,2023-06-19,CUST2046,30.0,Male,PHOM726,Cushion Set,Home & Kitchen,1,2426.8,2426.8,North
ORD15402,2023-06-19,CUST2195,33.0,Female,PHOM242,Storage Rack,Home & Kitchen,1,2995.18,2995.18,South
ORD13869,2023-06-19,CUST2292,20.0,Female,PHOM321,Non-stick Pan,Home & Kitchen,2,535.23,1070.46,North
ORD15663,2023-06-20,CUST3041,44.0,Female,PSPO349,Cycling Gloves,Sports,3,1354.0,4062.0,South
ORD15759,2023-06-20,CUST3664,34.0,Male,PELE188,Smartwatch,Electronics,2,3114.17,6228.34,South
ORD11791,2023-06-20,CUST3644,39.0,Male,PAPP465,Denim Jeans,Apparel,1,585.36,585.36,South
ORD12607,2023-06-20,CUST3763,39.0,Female,PAPP237,Denim Jeans,Apparel,1,1301.06,1301.06,East
ORD12393,2023-06-20,CUST2389,26.0,Male,PELE891,Bluetooth Speaker,Electronics,2,3287.74,6575.48,North
ORD15577,2023-06-20,CUST2020,33.0,Male,PAPP327,Running Shoes,Apparel,2,1760.31,3520.62,West
ORD12874,2023-06-20,CUST2522,49.0,Female,PHOM345,Blender,Home & Kitchen,1,1974.45,1974.45,East
ORD12008,2023-06-21,CUST3327,37.0,Female,PHOM963,Non-stick Pan,Home & Kitchen,2,1754.29,3508.58,North
ORD11720,2023-06-21,CUST3163,31.0,Female,PELE858,Wireless Earbuds,Electronics,1,3127.36,3127.36,North
ORD12799,2023-06-21,CUST3720,26.0,Female,PELE853,Wireless Earbuds,Electronics,1,3277.98,3277.98,South
ORD14155,2023-06-21,CUST2003,30.0,Female,PELE451,Wireless Earbuds,Electronics,2,2517.35,5034.7,West
ORD13805,2023-06-22,CUST3509,31.0,Male,PELE574,Bluetooth Speaker,Electronics,2,3783.23,7566.46,North
ORD12229,2023-06-22,CUST3529,43.0,Male,PELE719,Power Bank,Electronics,2,4298.27,8596.54,East
ORD11034,2023-06-22,CUST3752,48.0,Male,PSPO803,Dumbbell Set,Sports,2,2032.31,4064.62,North
ORD13875,2023-06-22,CUST2722,36.0,Male,PBEA653,Face Serum,Beauty,1,640.0,640.0,North
ORD11069,2023-06-22,CUST2253,31.0,Female,PHOM305,Blender,Home & Kitchen,2,2589.82,5179.64,East
ORD12895,2023-06-23,CUST2226,35.0,Male,PAPP393,Hoodie,Apparel,1,1992.81,1992.81,East
ORD12359,2023-06-23,CUST2642,31.0,Female,PHOM253,Storage Rack,Home & Kitchen,1,608.85,608.85,North
ORD14240,2023-06-23,CUST3397,21.0,Female,PBEA792,Perfume,Beauty,1,1013.69,1013.69,North
ORD11149,2023-06-23,CUST3782,37.0,Male,PSPO448,Dumbbell Set,Sports,1,2481.18,2481.18,East
ORD11794,2023-06-23,CUST2606,25.0,Female,PELE504,Wireless Earbuds,Electronics,1,2439.9,2439.9,North
ORD14270,2023-06-24,CUST3220,32.0,Male,PHOM397,Storage Rack,Home & Kitchen,1,1805.63,1805.63,East
ORD13439,2023-06-24,CUST3305,27.0,Male,PELE411,Power Bank,Electronics,2,2846.48,5692.96,North
ORD11307,2023-06-24,CUST2880,35.0,Female,PELE229,Power Bank,Electronics,3,4341.49,13024.47,West
ORD15661,2023-06-24,CUST2269,29.0,Male,PELE338,Smartwatch,Electronics,2,4007.64,8015.28,East
ORD10328,2023-06-24,CUST3084,33.0,Male,PSPO501,Football,Sports,1,981.45,981.45,West
ORD10929,2023-06-24,CUST2214,25.0,Female,PHOM733,Blender,Home & Kitchen,1,2330.89,2330.89,West
ORD12534,2023-06-24,CUST3010,32.0,Female,PAPP269,Cotton T-Shirt,Apparel,1,2072.11,2072.11,North
ORD12277,2023-06-24,CUST3168,28.0,Male,PAPP878,Jacket,Apparel,1,1534.37,1534.37,West
ORD10351,2023-06-24,CUST3347,34.0,Male,PELE755,Smartwatch,Electronics,2,2345.22,4690.44,West
ORD10216,2023-06-24,CUST2807,47.0,Male,PAPP685,Running Shoes,Apparel,1,517.55,517.55,West
ORD10670,2023-06-24,CUST3048,35.0,Male,PELE174,Wireless Earbuds,Electronics,1,2261.7,2261.7,East
ORD15154,2023-06-25,CUST3152,37.0,Female,PBEA203,Face Serum,Beauty,1,374.71,374.71,South
ORD11203,2023-06-25,CUST3130,49.0,Female,PBEA205,Perfume,Beauty,2,177.33,354.66,South
ORD15184,2023-06-25,CUST3555,48.0,Male,PAPP548,Running Shoes,Apparel,2,1655.77,3311.54,North
ORD12163,2023-06-26,CUST2683,23.0,Male,PAPP994,Jacket,Apparel,2,1613.14,3226.28,South
ORD13662,2023-06-26,CUST2375,37.0,Male,PHOM175,Cushion Set,Home & Kitchen,2,1172.18,2344.36,West
ORD12927,2023-06-26,CUST2519,34.0,Female,PELE519,Smartwatch,Electronics,1,1618.79,1618.79,North
ORD13493,2023-06-26,CUST3335,22.0,Female,PAPP809,Cotton T-Shirt,Apparel,1,1705.54,1705.54,West
ORD15038,2023-06-27,CUST3351,28.0,Female,PELE193,Smartphone Case,Electronics,1,3038.21,3038.21,West
ORD14273,2023-06-27,CUST2299,33.0,Male,PAPP459,Denim Jeans,Apparel,1,841.59,841.59,North
ORD14635,2023-06-27,CUST2748,48.0,Male,PHOM175,Blender,Home & Kitchen,1,2294.87,2294.87,North
ORD10097,2023-06-28,CUST2976,27.0,Male,PELE441,Wireless Earbuds,Electronics,1,3104.22,3104.22,South
ORD14855,2023-06-28,CUST3456,31.0,Male,PELE622,Bluetooth Speaker,Electronics,2,4217.12,8434.24,East
ORD12165,2023-06-28,CUST3276,22.0,Male,PELE796,Power Bank,Electronics,1,3221.61,3221.61,East
ORD13295,2023-06-28,CUST3596,28.0,Male,PSPO894,Yoga Mat,Sports,1,951.14,951.14,South
ORD10858,2023-06-28,CUST2652,34.0,Male,PHOM386,Non-stick Pan,Home & Kitchen,1,1406.64,1406.64,North
ORD14823,2023-06-28,CUST2079,38.0,Female,PBEA846,Lipstick,Beauty,1,1038.42,1038.42,East
ORD12197,2023-06-29,CUST2379,23.0,Female,PAPP423,Jacket,Apparel,1,2101.59,2101.59,North
ORD13726,2023-06-29,CUST3363,25.0,Male,PHOM478,Table Lamp,Home & Kitchen,2,2841.64,5683.28,East
ORD15899,2023-06-29,CUST2441,45.0,Female,PELE429,Smartwatch,Electronics,1,2622.63,2622.63,South
ORD12271,2023-06-29,CUST3756,36.0,Male,PHOM394,Table Lamp,Home & Kitchen,1,796.39,796.39,North
ORD15503,2023-06-29,CUST2019,39.0,Male,PHOM558,Non-stick Pan,Home & Kitchen,2,538.67,1077.34,East
ORD15499,2023-06-30,CUST3280,24.0,Female,PAPP429,Denim Jeans,Apparel,1,1097.71,1097.71,East
ORD11005,2023-06-30,CUST3267,22.0,Female,PAPP572,Jacket,Apparel,1,1774.27,1774.27,East
ORD15232,2023-06-30,CUST3655,49.0,Male,PBEA952,Perfume,Beauty,2,1499.06,2998.12,South
ORD14603,2023-06-30,CUST2539,33.0,Male,PELE854,Bluetooth Speaker,Electronics,1,3760.73,3760.73,West
ORD10957,2023-06-30,CUST3239,38.0,Female,PELE839,Power Bank,Electronics,2,1035.69,2071.38,East
ORD10807,2023-07-01,CUST3367,38.0,Male,PELE707,Power Bank,Electronics,1,2102.83,2102.83,West
ORD15774,2023-07-01,CUST2903,22.0,Female,PBEA843,Lipstick,Beauty,1,1261.83,1261.83,South
ORD13635,2023-07-01,CUST2880,19.0,Male,PHOM935,Non-stick Pan,Home & Kitchen,1,626.8,626.8,North
ORD15009,2023-07-01,CUST2562,16.0,Female,PBEA641,Shampoo,Beauty,1,888.58,888.58,North
ORD12718,2023-07-02,CUST2485,31.0,Female,PHOM558,Table Lamp,Home & Kitchen,2,1439.82,2879.64,South
ORD10019,2023-07-03,CUST2139,33.0,Male,PAPP536,Cotton T-Shirt,Apparel,2,635.94,1271.88,West
ORD12059,2023-07-03,CUST2239,34.0,Female,PELE219,Power Bank,Electronics,2,956.57,1913.14,North
ORD12971,2023-07-03,CUST3542,45.0,Male,PELE903,Power Bank,Electronics,2,912.96,1825.92,West
ORD10297,2023-07-03,CUST3577,28.0,Male,PAPP824,Jacket,Apparel,2,762.55,1525.1,West
ORD14269,2023-07-03,CUST3280,30.0,Female,PHOM994,Non-stick Pan,Home & Kitchen,1,1091.39,1091.39,North
ORD10484,2023-07-03,CUST2788,24.0,Female,PAPP728,Denim Jeans,Apparel,1,915.79,915.79,West
ORD14486,2023-07-04,CUST3265,36.0,Female,PSPO638,Yoga Mat,Sports,1,1620.09,1620.09,West
ORD12724,2023-07-04,CUST3569,43.0,Female,PHOM485,Cushion Set,Home & Kitchen,1,2520.84,2520.84,North
ORD13639,2023-07-04,CUST3035,50.0,Female,PELE677,Wireless Earbuds,Electronics,1,3044.5,3044.5,West
ORD15006,2023-07-05,CUST3352,44.0,Male,PAPP233,Denim Jeans,Apparel,2,1878.45,3756.9,East
ORD11917,2023-07-05,CUST3189,58.0,Female,PBEA546,Perfume,Beauty,1,1438.08,1438.08,West
ORD12185,2023-07-05,CUST3220,39.0,Female,PHOM623,Non-stick Pan,Home & Kitchen,3,440.7,1322.1,East
ORD13362,2023-07-05,CUST2475,45.0,Female,PAPP341,Hoodie,Apparel,1,1320.94,1320.94,South
ORD11823,2023-07-05,CUST3544,43.0,Female,PAPP954,Denim Jeans,Apparel,3,1326.5,3979.5,West
ORD11103,2023-07-05,CUST3088,38.0,Female,PAPP669,Hoodie,Apparel,1,1855.32,1855.32,North
ORD15562,2023-07-05,CUST3106,19.0,Male,PHOM241,Non-stick Pan,Home & Kitchen,2,1702.82,3405.64,West
ORD10246,2023-07-06,CUST3160,37.0,Female,PHOM205,Non-stick Pan,Home & Kitchen,1,2309.84,2309.84,South
ORD10785,2023-07-06,CUST2369,32.0,Female,PELE449,Bluetooth Speaker,Electronics,1,1859.76,1859.76,West
ORD10060,2023-07-06,CUST2695,35.0,Male,PAPP551,Denim Jeans,Apparel,1,651.67,651.67,North
ORD11994,2023-07-06,CUST2302,28.0,Female,PELE317,Smartwatch,Electronics,1,3155.42,3155.42,South
ORD11901,2023-07-06,CUST2254,16.0,Female,PSPO269,Dumbbell Set,Sports,1,1750.85,1750.85,North
ORD10157,2023-07-06,CUST3451,31.0,Female,PELE332,Bluetooth Speaker,Electronics,1,2521.51,2521.51,South
ORD14355,2023-07-06,CUST3382,26.0,Female,PHOM392,Non-stick Pan,Home & Kitchen,1,2198.18,2198.18,South
ORD10365,2023-07-06,CUST2526,31.0,Female,PELE663,Wireless Earbuds,Electronics,1,1700.45,1700.45,North
ORD11430,2023-07-06,CUST2664,48.0,Male,PELE139,Power Bank,Electronics,2,3729.62,7459.24,South
ORD15176,2023-07-07,CUST2379,34.0,Female,PAPP104,Running Shoes,Apparel,1,1201.36,1201.36,South
ORD11518,2023-07-07,CUST2359,27.0,Female,PSPO510,Cycling Gloves,Sports,2,2357.23,4714.46,East
ORD14862,2023-07-07,CUST2223,44.0,Male,PELE349,Power Bank,Electronics,2,1275.46,2550.92,West
ORD10223,2023-07-07,CUST3553,40.0,Male,PAPP730,Cotton T-Shirt,Apparel,1,616.43,616.43,South
ORD11015,2023-07-08,CUST2613,40.0,Female,PELE339,Wireless Earbuds,Electronics,1,3151.68,3151.68,North
ORD10581,2023-07-08,CUST3455,21.0,Male,PHOM205,Blender,Home & Kitchen,1,2197.99,2197.99,East
ORD14322,2023-07-08,CUST2562,45.0,Male,PAPP504,Denim Jeans,Apparel,1,585.67,585.67,West
ORD11458,2023-07-08,CUST2427,32.0,Female,PELE662,Power Bank,Electronics,2,1376.48,2752.96,West
ORD11181,2023-07-08,CUST2252,40.0,Female,PHOM857,Non-stick Pan,Home & Kitchen,1,1940.32,1940.32,East
ORD11242,2023-07-08,CUST3082,24.0,Male,PSPO447,Yoga Mat,Sports,2,913.91,1827.82,South
ORD10032,2023-07-09,CUST2277,26.0,Female,PHOM518,Non-stick Pan,Home & Kitchen,2,2672.47,5344.94,West
ORD14525,2023-07-09,CUST3263,53.0,Male,PELE997,Wireless Earbuds,Electronics,1,4255.36,4255.36,South
ORD11286,2023-07-09,CUST2350,40.0,Female,PHOM553,Storage Rack,Home & Kitchen,1,2271.1,2271.1,East
ORD12192,2023-07-09,CUST3575,31.0,Female,PBEA979,Perfume,Beauty,1,899.38,899.38,North
ORD10182,2023-07-09,CUST3224,25.0,Female,PSPO825,Yoga Mat,Sports,1,1010.03,1010.03,South
ORD15159,2023-07-09,CUST3393,22.0,Male,PELE485,Smartphone Case,Electronics,1,2562.86,2562.86,West
ORD15470,2023-07-09,CUST3656,28.0,Male,PHOM691,Storage Rack,Home & Kitchen,1,584.67,584.67,North
ORD13363,2023-07-09,CUST3756,36.0,Male,PHOM978,Storage Rack,Home & Kitchen,1,1320.64,1320.64,North
ORD11033,2023-07-09,CUST3414,27.0,Male,PHOM396,Storage Rack,Home & Kitchen,1,2307.38,2307.38,South
ORD14866,2023-07-10,CUST3074,37.0,Male,PSPO610,Cycling Gloves,Sports,1,1916.41,1916.41,East
ORD10649,2023-07-10,CUST2421,40.0,Male,PSPO358,Cricket Bat,Sports,1,764.81,764.81,North
ORD14455,2023-07-10,CUST2362,34.0,Female,PAPP689,Hoodie,Apparel,1,1107.77,1107.77,East
ORD14756,2023-07-10,CUST3253,44.0,Female,PSPO264,Cycling Gloves,Sports,2,727.94,1455.88,East
ORD11360,2023-07-10,CUST2114,24.0,Female,PHOM296,Cushion Set,Home & Kitchen,2,2656.17,5312.34,East
ORD14648,2023-07-10,CUST2017,27.0,Female,PAPP825,Running Shoes,Apparel,1,1507.85,1507.85,North
ORD12117,2023-07-11,CUST2935,24.0,Female,PAPP529,Denim Jeans,Apparel,1,1386.25,1386.25,North
ORD15048,2023-07-11,CUST3620,25.0,Female,PAPP870,Cotton T-Shirt,Apparel,1,1821.13,1821.13,West
ORD13522,2023-07-11,CUST3583,38.0,Male,PAPP211,Cotton T-Shirt,Apparel,1,1166.23,1166.23,South
ORD13861,2023-07-11,CUST3414,25.0,Female,PHOM659,Table Lamp,Home & Kitchen,1,2959.53,2959.53,East
ORD12064,2023-07-11,CUST2592,36.0,Male,PSPO754,Football,Sports,1,2406.31,2406.31,West
ORD11734,2023-07-11,CUST2129,31.0,Female,PAPP453,Hoodie,Apparel,1,742.14,742.14,East
ORD10490,2023-07-12,CUST2100,34.0,Male,PAPP430,Jacket,Apparel,1,2123.94,2123.94,East
ORD10577,2023-07-12,CUST2584,31.0,Male,PAPP840,Running Shoes,Apparel,2,1080.43,2160.86,West
ORD11525,2023-07-12,CUST3385,16.0,Female,PAPP127,Hoodie,Apparel,3,1485.46,4456.38,South
ORD11912,2023-07-12,CUST3310,41.0,Female,PAPP241,Jacket,Apparel,1,1131.67,1131.67,South
ORD11400,2023-07-12,CUST3239,34.0,Male,PELE876,Power Bank,Electronics,1,2660.57,2660.57,South
ORD12172,2023-07-12,CUST3040,29.0,Female,PAPP507,Denim Jeans,Apparel,1,1731.12,1731.12,East
ORD13617,2023-07-12,CUST3523,32.0,Male,PSPO142,Yoga Mat,Sports,1,2401.57,2401.57,North
ORD12782,2023-07-12,CUST2294,40.0,Female,PAPP548,Cotton T-Shirt,Apparel,1,880.33,880.33,North
ORD13012,2023-07-12,CUST3712,51.0,Female,PBEA763,Lipstick,Beauty,3,539.38,1618.14,East
ORD13214,2023-07-13,CUST3220,34.0,Male,PSPO637,Dumbbell Set,Sports,1,1994.95,1994.95,South
ORD12626,2023-07-13,CUST2389,25.0,Female,PHOM588,Table Lamp,Home & Kitchen,1,2783.61,2783.61,South
ORD13718,2023-07-13,CUST2842,28.0,Female,PHOM603,Storage Rack,Home & Kitchen,1,1089.49,1089.49,North
ORD15064,2023-07-13,CUST2556,25.0,Male,PELE672,Power Bank,Electronics,2,1820.86,3641.72,South
ORD11080,2023-07-13,CUST2874,42.0,Female,PELE778,Smartphone Case,Electronics,1,4419.13,4419.13,North
ORD13934,2023-07-13,CUST3246,24.0,Female,PHOM530,Storage Rack,Home & Kitchen,2,835.41,1670.82,North
ORD13833,2023-07-14,CUST2586,20.0,Female,PAPP524,Denim Jeans,Apparel,1,1257.78,1257.78,South
ORD12778,2023-07-14,CUST2589,34.0,Female,PSPO616,Cricket Bat,Sports,1,1450.33,1450.33,North
ORD12990,2023-07-14,CUST3560,45.0,Male,PBEA679,Lipstick,Beauty,1,350.45,350.45,North
ORD14939,2023-07-14,CUST3263,50.0,Female,PHOM505,Storage Rack,Home & Kitchen,1,1277.41,1277.41,North
ORD10861,2023-07-14,CUST3364,32.0,Female,PBEA291,Shampoo,Beauty,1,496.0,496.0,West
ORD11669,2023-07-14,CUST3618,28.0,Female,PBEA826,Shampoo,Beauty,1,822.89,822.89,East
ORD15137,2023-07-15,CUST3707,20.0,Male,PHOM465,Table Lamp,Home & Kitchen,2,463.9,927.8,East
ORD13774,2023-07-15,CUST2324,34.0,Female,PELE244,Wireless Earbuds,Electronics,1,4207.55,4207.55,West
ORD14391,2023-07-15,CUST2421,39.0,Female,PAPP796,Hoodie,Apparel,1,903.22,903.22,North
ORD14617,2023-07-15,CUST3008,25.0,Female,PBEA901,Face Wash,Beauty,1,999.97,999.97,North
ORD15940,2023-07-15,CUST3565,28.0,Female,PBEA298,Face Wash,Beauty,2,845.54,1691.08,North
ORD12525,2023-07-15,CUST2576,38.0,Female,PSPO196,Yoga Mat,Sports,2,2323.67,4647.34,East
ORD15077,2023-07-15,CUST2325,31.0,Female,PAPP434,Cotton T-Shirt,Apparel,1,1629.24,1629.24,South
ORD11216,2023-07-15,CUST3560,30.0,Male,PELE531,Smartphone Case,Electronics,1,3095.39,3095.39,North
ORD13782,2023-07-16,CUST2661,45.0,Female,PSPO919,Dumbbell Set,Sports,1,2117.21,2117.21,East
ORD11849,2023-07-16,CUST2223,47.0,Female,PELE602,Smartwatch,Electronics,2,3290.45,6580.9,South
ORD11905,2023-07-16,CUST3143,51.0,Male,PELE142,Wireless Earbuds,Electronics,1,1179.69,1179.69,East
ORD15035,2023-07-16,CUST2289,27.0,Female,PELE486,Wireless Earbuds,Electronics,1,3875.19,3875.19,East
ORD13037,2023-07-16,CUST2722,41.0,Female,PHOM218,Blender,Home & Kitchen,1,1029.23,1029.23,North
ORD12110,2023-07-16,CUST2371,21.0,Female,PAPP823,Hoodie,Apparel,1,1067.13,1067.13,East
ORD12563,2023-07-17,CUST2254,32.0,Male,PBEA564,Perfume,Beauty,1,410.62,410.62,West
ORD13113,2023-07-17,CUST2386,49.0,Male,PSPO936,Cycling Gloves,Sports,1,1306.23,1306.23,West
ORD12847,2023-07-17,CUST3272,30.0,Male,PSPO258,Cricket Bat,Sports,3,1163.45,3490.35,East
ORD14281,2023-07-17,CUST3332,30.0,Female,PELE243,Wireless Earbuds,Electronics,1,1687.88,1687.88,West
ORD11194,2023-07-18,CUST3508,16.0,Male,PELE712,Power Bank,Electronics,1,2605.61,2605.61,East
ORD10241,2023-07-18,CUST3461,37.0,Male,PAPP341,Hoodie,Apparel,1,762.71,762.71,South
ORD10168,2023-07-18,CUST2016,42.0,Male,PELE581,Smartphone Case,Electronics,1,2773.79,2773.79,East
ORD14013,2023-07-18,CUST3232,35.0,Male,PELE326,Wireless Earbuds,Electronics,1,1088.57,1088.57,West
ORD12952,2023-07-18,CUST3776,32.0,Female,PBEA905,Shampoo,Beauty,1,823.08,823.08,North
ORD13649,2023-07-18,CUST2204,46.0,Male,PSPO697,Cycling Gloves,Sports,2,1678.92,3357.84,South
ORD10988,2023-07-18,CUST3663,19.0,Female,PHOM446,Table Lamp,Home & Kitchen,1,2678.27,2678.27,East
ORD13982,2023-07-18,CUST2595,48.0,Female,PELE235,Smartwatch,Electronics,1,1498.56,1498.56,North
ORD15354,2023-07-18,CUST2513,38.0,Male,PELE382,Smartwatch,Electronics,1,2412.7,2412.7,South
ORD10191,2023-07-19,CUST2885,36.0,Male,PSPO268,Cycling Gloves,Sports,1,1201.34,1201.34,North
ORD13715,2023-07-19,CUST2742,25.0,Female,PSPO502,Cricket Bat,Sports,1,1028.4,1028.4,East
ORD10392,2023-07-19,CUST2611,31.0,Female,PSPO821,Cycling Gloves,Sports,1,1244.59,1244.59,East
ORD14034,2023-07-19,CUST2288,35.0,Male,PELE598,Smartphone Case,Electronics,1,2064.6,2064.6,East
ORD11101,2023-07-20,CUST3327,51.0,Female,PELE266,Smartphone Case,Electronics,1,2535.46,2535.46,West
ORD12907,2023-07-20,CUST2640,42.0,Male,PSPO477,Cycling Gloves,Sports,3,421.7,1265.1,East
ORD12787,2023-07-20,CUST3509,46.0,Female,PHOM102,Table Lamp,Home & Kitchen,1,952.38,952.38,South
ORD13239,2023-07-20,CUST2505,26.0,Female,PHOM832,Cushion Set,Home & Kitchen,1,1677.85,1677.85,West
ORD11411,2023-07-20,CUST3442,40.0,Male,PAPP461,Cotton T-Shirt,Apparel,3,1245.58,3736.74,West
ORD11672,2023-07-20,CUST2194,40.0,Female,PELE530,Power Bank,Electronics,1,2257.38,2257.38,North
ORD14893,2023-07-21,CUST3109,38.0,Male,PHOM720,Table Lamp,Home & Kitchen,1,418.69,418.69,East
ORD14898,2023-07-21,CUST2698,26.0,Male,PAPP122,Denim Jeans,Apparel,1,518.06,518.06,North
ORD11589,2023-07-21,CUST3159,39.0,Male,PAPP830,Hoodie,Apparel,2,1053.1,2106.2,East
ORD13553,2023-07-21,CUST2821,16.0,Female,PAPP503,Jacket,Apparel,1,1675.38,1675.38,North
ORD13366,2023-07-21,CUST3404,21.0,Female,PBEA304,Shampoo,Beauty,2,1400.02,2800.04,West
ORD15756,2023-07-21,CUST3461,28.0,Male,PHOM562,Non-stick Pan,Home & Kitchen,1,1015.76,1015.76,North
ORD14064,2023-07-21,CUST2454,33.0,Female,PSPO650,Cycling Gloves,Sports,2,945.96,1891.92,East
ORD11231,2023-07-22,CUST3334,36.0,Female,PBEA384,Face Wash,Beauty,1,1060.96,1060.96,North
ORD11936,2023-07-22,CUST2975,29.0,Male,PAPP954,Cotton T-Shirt,Apparel,1,1505.71,1505.71,East
ORD12164,2023-07-22,CUST2410,33.0,Male,PAPP929,Running Shoes,Apparel,1,2007.89,2007.89,West
ORD12658,2023-07-22,CUST3690,35.0,Female,PELE911,Bluetooth Speaker,Electronics,1,4394.46,4394.46,East
ORD10876,2023-07-22,CUST2406,21.0,Female,PAPP198,Cotton T-Shirt,Apparel,1,1485.93,1485.93,North
ORD12733,2023-07-22,CUST2321,41.0,Female,PELE200,Smartwatch,Electronics,2,4216.18,8432.36,North
ORD13769,2023-07-22,CUST3710,38.0,Female,PSPO936,Football,Sports,3,1718.18,5154.54,West
ORD12416,2023-07-23,CUST3289,27.0,Male,PSPO838,Dumbbell Set,Sports,1,1123.11,1123.11,West
ORD15001,2023-07-23,CUST3348,24.0,Female,PHOM454,Table Lamp,Home & Kitchen,1,1959.85,1959.85,South
ORD13449,2023-07-23,CUST2618,48.0,Male,PHOM349,Non-stick Pan,Home & Kitchen,1,1098.12,1098.12,South
ORD15908,2023-07-23,CUST2816,36.0,Female,PHOM725,Non-stick Pan,Home & Kitchen,1,2805.66,2805.66,East
ORD13454,2023-07-24,CUST3439,44.0,Female,PELE199,Smartphone Case,Electronics,2,3564.49,7128.98,South
ORD10126,2023-07-24,CUST2877,36.0,Male,PAPP643,Denim Jeans,Apparel,1,1130.31,1130.31,North
ORD12335,2023-07-24,CUST2905,38.0,Male,PSPO653,Cycling Gloves,Sports,1,709.5,709.5,South
ORD12735,2023-07-24,CUST2495,23.0,Female,PELE398,Smartwatch,Electronics,1,3198.85,3198.85,South
ORD13630,2023-07-24,CUST2168,21.0,Female,PBEA162,Face Wash,Beauty,1,1404.79,1404.79,North
ORD12917,2023-07-24,CUST2411,20.0,Female,PBEA179,Face Serum,Beauty,1,853.53,853.53,South
ORD12264,2023-07-24,CUST2510,42.0,Male,PHOM648,Table Lamp,Home & Kitchen,2,1400.31,2800.62,West
ORD11718,2023-07-24,CUST2596,25.0,Female,PHOM263,Cushion Set,Home & Kitchen,1,744.8,744.8,South
ORD14864,2023-07-24,CUST2078,31.0,Male,PSPO738,Football,Sports,2,645.11,1290.22,West
ORD15524,2023-07-25,CUST3052,24.0,Female,PBEA580,Face Wash,Beauty,1,918.32,918.32,South
ORD11166,2023-07-25,CUST3376,16.0,Female,PELE894,Power Bank,Electronics,1,1347.86,1347.86,North
ORD11198,2023-07-25,CUST3741,16.0,Male,PBEA511,Perfume,Beauty,1,1374.34,1374.34,South
ORD14171,2023-07-25,CUST3148,50.0,Female,PSPO256,Cycling Gloves,Sports,1,891.51,891.51,East
ORD12620,2023-07-25,CUST3780,25.0,Female,PBEA584,Face Wash,Beauty,1,801.46,801.46,North
ORD10792,2023-07-25,CUST2788,46.0,Male,PBEA657,Shampoo,Beauty,1,204.1,204.1,North
ORD10582,2023-07-26,CUST2652,25.0,Female,PBEA907,Face Wash,Beauty,1,1097.62,1097.62,North
ORD12230,2023-07-26,CUST3500,35.0,Male,PAPP503,Jacket,Apparel,1,1373.71,1373.71,East
ORD10774,2023-07-26,CUST2341,24.0,Female,PBEA693,Face Wash,Beauty,2,1238.86,2477.72,East
ORD11691,2023-07-27,CUST2587,16.0,Male,PSPO148,Dumbbell Set,Sports,1,1246.96,1246.96,South
ORD13562,2023-07-27,CUST2015,16.0,Male,PBEA719,Perfume,Beauty,2,1147.53,2295.06,South
ORD13515,2023-07-28,CUST3588,31.0,Male,PAPP724,Jacket,Apparel,1,1119.92,1119.92,South
ORD13284,2023-07-28,CUST2769,27.0,Female,PHOM817,Non-stick Pan,Home & Kitchen,1,769.16,769.16,North
ORD13060,2023-07-28,CUST3236,31.0,Male,PELE985,Power Bank,Electronics,1,4190.1,4190.1,North
ORD11001,2023-07-28,CUST2448,32.0,Female,PELE344,Power Bank,Electronics,1,981.05,981.05,North
ORD15406,2023-07-29,CUST2260,28.0,Male,PHOM807,Cushion Set,Home & Kitchen,1,1761.49,1761.49,North
ORD15743,2023-07-29,CUST2108,30.0,Female,PELE129,Smartwatch,Electronics,1,1117.83,1117.83,West
ORD10669,2023-07-29,CUST2345,32.0,Female,PHOM958,Non-stick Pan,Home & Kitchen,1,2196.6,2196.6,North
ORD15313,2023-07-29,CUST3500,31.0,Female,PBEA944,Shampoo,Beauty,2,665.8,1331.6,South
ORD14101,2023-07-29,CUST2425,30.0,Female,PELE929,Smartwatch,Electronics,1,3473.2,3473.2,North
ORD13044,2023-07-29,CUST3242,30.0,Female,PBEA553,Face Wash,Beauty,1,310.11,310.11,East
ORD14148,2023-07-29,CUST2013,32.0,Female,PHOM139,Non-stick Pan,Home & Kitchen,1,1608.91,1608.91,East
ORD13063,2023-07-30,CUST2606,29.0,Male,PHOM108,Blender,Home & Kitchen,1,1866.05,1866.05,South
ORD10765,2023-07-30,CUST2205,31.0,Female,PBEA196,Perfume,Beauty,1,1143.15,1143.15,North
ORD13289,2023-07-30,CUST3041,37.0,Male,PAPP334,Denim Jeans,Apparel,2,565.78,1131.56,East
ORD15096,2023-07-30,CUST3794,21.0,Female,PSPO937,Football,Sports,1,1068.01,1068.01,North
ORD15036,2023-07-30,CUST2712,49.0,Female,PELE984,Power Bank,Electronics,3,4485.13,13455.39,East
ORD10897,2023-07-30,CUST2694,40.0,Male,PBEA521,Perfume,Beauty,1,577.18,577.18,South
ORD14199,2023-07-30,CUST3465,33.0,Male,PELE115,Bluetooth Speaker,Electronics,1,2499.23,2499.23,West
ORD14652,2023-07-30,CUST2905,48.0,Female,PELE748,Wireless Earbuds,Electronics,1,1191.7,1191.7,West
ORD14968,2023-07-30,CUST3443,48.0,Male,PBEA226,Face Serum,Beauty,1,501.17,501.17,East
ORD10096,2023-07-31,CUST2578,18.0,Female,PHOM202,Blender,Home & Kitchen,1,2088.78,2088.78,South
ORD14728,2023-07-31,CUST3784,35.0,Female,PAPP627,Jacket,Apparel,1,1616.5,1616.5,North
ORD13966,2023-07-31,CUST3112,25.0,Male,PHOM769,Cushion Set,Home & Kitchen,3,1413.81,4241.43,East
ORD11133,2023-07-31,CUST2700,40.0,Female,PAPP758,Denim Jeans,Apparel,1,458.71,458.71,East
ORD13101,2023-07-31,CUST2583,30.0,Female,PELE797,Bluetooth Speaker,Electronics,3,3861.06,11583.18,South
ORD14860,2023-07-31,CUST3078,29.0,Female,PSPO140,Football,Sports,2,1185.23,2370.46,South
ORD13772,2023-08-01,CUST2028,25.0,Male,PHOM379,Blender,Home & Kitchen,1,1455.31,1455.31,South
ORD11081,2023-08-01,CUST3377,46.0,Male,PSPO547,Yoga Mat,Sports,1,1050.94,1050.94,North
ORD11584,2023-08-01,CUST3585,34.0,Male,PSPO648,Cycling Gloves,Sports,1,817.63,817.63,West
ORD11500,2023-08-01,CUST3154,30.0,Male,PELE189,Bluetooth Speaker,Electronics,1,1548.31,1548.31,West
ORD10445,2023-08-02,CUST3615,34.0,Female,PHOM476,Storage Rack,Home & Kitchen,2,2559.99,5119.98,North
ORD13753,2023-08-02,CUST3661,35.0,Male,PBEA118,Face Serum,Beauty,1,997.43,997.43,North
ORD12074,2023-08-03,CUST2618,38.0,Male,PAPP185,Cotton T-Shirt,Apparel,1,973.51,973.51,West
ORD13473,2023-08-03,CUST2833,44.0,Male,PHOM217,Blender,Home & Kitchen,1,2517.83,2517.83,South
ORD15347,2023-08-03,CUST3497,36.0,Male,PHOM884,Non-stick Pan,Home & Kitchen,2,360.26,720.52,South
ORD10814,2023-08-03,CUST2051,22.0,Female,PHOM503,Storage Rack,Home & Kitchen,1,2066.94,2066.94,South
ORD12503,2023-08-03,CUST2772,40.0,Male,PAPP995,Hoodie,Apparel,1,1800.17,1800.17,West
ORD13935,2023-08-03,CUST3425,,Female,PAPP898,Running Shoes,Apparel,2,664.22,1328.44,North
ORD11417,2023-08-03,CUST3513,35.0,Female,PAPP732,Cotton T-Shirt,Apparel,1,1311.38,1311.38,North
ORD15818,2023-08-04,CUST2933,34.0,Male,PAPP509,Cotton T-Shirt,Apparel,3,1603.87,4811.61,North
ORD10852,2023-08-04,CUST2210,41.0,Male,PELE684,Bluetooth Speaker,Electronics,1,2698.63,2698.63,North
ORD15392,2023-08-04,CUST2379,35.0,Female,PELE356,Smartwatch,Electronics,1,2413.71,2413.71,East
ORD15882,2023-08-05,CUST2444,33.0,Male,PELE155,Smartphone Case,Electronics,1,2324.12,2324.12,North
ORD13144,2023-08-05,CUST2686,39.0,Male,PELE503,Smartwatch,Electronics,1,3569.23,3569.23,South
ORD14312,2023-08-06,CUST3416,39.0,Male,PBEA419,Face Serum,Beauty,1,1124.13,1124.13,East
ORD13355,2023-08-06,CUST2001,27.0,Female,PHOM308,Non-stick Pan,Home & Kitchen,1,1695.97,1695.97,North
ORD11259,2023-08-06,CUST3749,47.0,Male,PAPP784,Hoodie,Apparel,1,893.14,893.14,South
ORD14636,2023-08-06,CUST3277,36.0,Male,PSPO719,Cricket Bat,Sports,1,1973.0,1973.0,East
ORD11628,2023-08-06,CUST3000,30.0,Male,PAPP613,Hoodie,Apparel,1,1874.21,1874.21,East
ORD11570,2023-08-07,CUST3651,28.0,Female,PELE786,Smartphone Case,Electronics,1,1761.65,1761.65,West
ORD11209,2023-08-07,CUST3279,40.0,Female,PHOM718,Storage Rack,Home & Kitchen,1,635.69,635.69,East
ORD14750,2023-08-07,CUST3250,43.0,Female,PAPP660,Hoodie,Apparel,1,2063.63,2063.63,East
ORD10034,2023-08-07,CUST3361,18.0,Female,PBEA709,Lipstick,Beauty,2,196.43,392.86,East
ORD11028,2023-08-07,CUST2601,28.0,Female,PAPP228,Jacket,Apparel,1,874.2,874.2,East
ORD11254,2023-08-07,CUST2897,33.0,Female,PELE257,Smartwatch,Electronics,1,3706.3,3706.3,South
ORD11306,2023-08-07,CUST2642,34.0,Female,PBEA200,Face Wash,Beauty,2,163.67,327.34,East
ORD15827,2023-08-07,CUST2353,36.0,Female,PBEA750,Lipstick,Beauty,1,431.46,431.46,West
ORD12984,2023-08-07,CUST2730,16.0,Female,PBEA588,Perfume,Beauty,1,848.67,848.67,South
ORD10898,2023-08-08,CUST3448,42.0,Female,PELE981,Power Bank,Electronics,3,4371.31,13113.93,North
ORD12700,2023-08-08,CUST3144,47.0,Male,PHOM148,Storage Rack,Home & Kitchen,1,1221.13,1221.13,East
ORD12076,2023-08-08,CUST2119,38.0,Female,PAPP530,Jacket,Apparel,2,914.61,1829.22,North
ORD13948,2023-08-08,CUST2097,35.0,Female,PHOM475,Cushion Set,Home & Kitchen,1,2972.31,2972.31,East
ORD12171,2023-08-09,CUST2831,40.0,Male,PBEA194,Perfume,Beauty,1,472.42,472.42,East
ORD10756,2023-08-10,CUST2750,50.0,Male,PAPP197,Cotton T-Shirt,Apparel,1,632.12,632.12,West
ORD14867,2023-08-10,CUST2832,24.0,Female,PHOM190,Cushion Set,Home & Kitchen,2,367.65,735.3,South
ORD14481,2023-08-10,CUST2988,29.0,Female,PBEA440,Perfume,Beauty,1,1162.48,1162.48,North
ORD12557,2023-08-10,CUST2497,41.0,Female,PBEA565,Lipstick,Beauty,1,1112.41,1112.41,East
ORD13898,2023-08-10,CUST2964,25.0,Male,PELE562,Power Bank,Electronics,1,3532.95,3532.95,North
ORD10718,2023-08-11,CUST2103,45.0,Female,PHOM797,Cushion Set,Home & Kitchen,2,1300.07,2600.14,East
ORD11245,2023-08-11,CUST3465,34.0,Female,PAPP216,Running Shoes,Apparel,1,425.28,425.28,North
ORD15461,2023-08-12,CUST3187,22.0,Male,PSPO262,Cricket Bat,Sports,1,659.16,659.16,South
ORD13071,2023-08-12,CUST2442,26.0,Female,PHOM271,Table Lamp,Home & Kitchen,1,310.06,310.06,East
ORD11959,2023-08-13,CUST2924,33.0,Male,PBEA955,Lipstick,Beauty,1,1249.4,1249.4,South
ORD10324,2023-08-13,CUST3318,,Male,PELE323,Wireless Earbuds,Electronics,1,3012.99,3012.99,South
ORD12494,2023-08-13,CUST3579,27.0,Male,PELE308,Smartwatch,Electronics,2,3143.47,6286.94,South
ORD14651,2023-08-13,CUST2026,18.0,Male,PELE583,Smartwatch,Electronics,1,2013.05,2013.05,North
ORD10002,2023-08-13,CUST3111,41.0,Male,PHOM846,Cushion Set,Home & Kitchen,1,968.29,968.29,North
ORD14254,2023-08-14,CUST2482,21.0,Female,PELE570,Wireless Earbuds,Electronics,2,1388.48,2776.96,North
ORD12931,2023-08-14,CUST3599,37.0,Male,PELE344,Bluetooth Speaker,Electronics,1,3111.6,3111.6,North
ORD10037,2023-08-14,CUST2883,18.0,Female,PAPP500,Hoodie,Apparel,2,1382.6,2765.2,West
ORD14997,2023-08-15,CUST3546,40.0,Female,PSPO651,Yoga Mat,Sports,2,1492.32,2984.64,West
ORD13561,2023-08-15,CUST2028,30.0,Male,PHOM828,Cushion Set,Home & Kitchen,1,1583.08,1583.08,North
ORD15447,2023-08-16,CUST3407,48.0,Female,PSPO233,Yoga Mat,Sports,1,2484.33,2484.33,East
ORD12670,2023-08-16,CUST2997,32.0,Female,PELE156,Smartphone Case,Electronics,1,1726.57,1726.57,North
ORD11338,2023-08-16,CUST3467,16.0,Female,PAPP342,Running Shoes,Apparel,1,1614.48,1614.48,North
ORD11515,2023-08-16,CUST3390,47.0,Male,PSPO721,Cricket Bat,Sports,2,825.65,1651.3,North
ORD14625,2023-08-16,CUST2745,28.0,Male,PAPP183,Hoodie,Apparel,2,1829.33,3658.66,North
ORD10059,2023-08-16,CUST3605,35.0,Male,PBEA295,Perfume,Beauty,1,1422.75,1422.75,South
ORD12450,2023-08-16,CUST2954,17.0,Male,PAPP728,Jacket,Apparel,1,722.6,722.6,North
ORD15929,2023-08-17,CUST3176,16.0,Female,PHOM842,Table Lamp,Home & Kitchen,2,2816.11,5632.22,North
ORD15160,2023-08-17,CUST3138,33.0,Female,PAPP136,Hoodie,Apparel,1,855.08,855.08,East
ORD13103,2023-08-17,CUST2338,40.0,Male,PBEA911,Lipstick,Beauty,1,1424.13,1424.13,South
ORD14836,2023-08-17,CUST2518,36.0,Female,PAPP860,Jacket,Apparel,1,2136.41,2136.41,East
ORD13064,2023-08-18,CUST2031,28.0,Male,PELE891,Wireless Earbuds,Electronics,1,2989.47,2989.47,West
ORD14591,2023-08-18,CUST3626,38.0,Male,PSPO518,Football,Sports,1,739.99,739.99,South
ORD13981,2023-08-18,CUST3074,35.0,Male,PHOM422,Blender,Home & Kitchen,1,466.6,466.6,West
ORD12893,2023-08-19,CUST3729,28.0,Female,PELE767,Bluetooth Speaker,Electronics,1,3755.64,3755.64,South
ORD12447,2023-08-19,CUST3609,29.0,Male,PELE242,Smartwatch,Electronics,1,2281.25,2281.25,West
ORD14054,2023-08-19,CUST3737,27.0,Female,PHOM873,Storage Rack,Home & Kitchen,1,2130.11,2130.11,East
ORD13893,2023-08-19,CUST3388,28.0,Male,PSPO507,Yoga Mat,Sports,1,1799.19,1799.19,East
ORD11117,2023-08-19,CUST3027,30.0,Female,PELE455,Smartphone Case,Electronics,1,3934.22,3934.22,West
ORD14873,2023-08-19,CUST2592,29.0,Female,PELE686,Power Bank,Electronics,1,1877.84,1877.84,North
ORD12602,2023-08-19,CUST3455,40.0,Female,PHOM492,Storage Rack,Home & Kitchen,1,2617.7,2617.7,West
ORD11692,2023-08-20,CUST3770,32.0,Female,PSPO471,Dumbbell Set,Sports,1,1513.08,1513.08,South
ORD10053,2023-08-20,CUST2449,16.0,Female,PELE807,Smartphone Case,Electronics,1,1442.62,1442.62,North
ORD14566,2023-08-20,CUST2823,48.0,Male,PELE771,Power Bank,Electronics,1,3688.55,3688.55,North
ORD11295,2023-08-20,CUST2983,40.0,Female,PAPP930,Jacket,Apparel,1,1365.21,1365.21,West
ORD15134,2023-08-20,CUST2008,36.0,Male,PAPP775,Cotton T-Shirt,Apparel,2,2103.87,4207.74,West
ORD12096,2023-08-21,CUST2359,22.0,Female,PHOM241,Blender,Home & Kitchen,1,743.05,743.05,South
ORD12737,2023-08-21,CUST3737,23.0,Male,PELE168,Bluetooth Speaker,Electronics,1,1682.31,1682.31,West
ORD15891,2023-08-22,CUST2862,29.0,Female,PELE934,Bluetooth Speaker,Electronics,2,1076.85,2153.7,West
ORD10288,2023-08-22,CUST2946,33.0,Female,PELE113,Wireless Earbuds,Electronics,1,3720.7,3720.7,East
ORD10839,2023-08-22,CUST2151,18.0,Female,PAPP918,Running Shoes,Apparel,1,1561.83,1561.83,North
ORD15523,2023-08-22,CUST3778,43.0,Female,PELE241,Bluetooth Speaker,Electronics,1,2555.19,2555.19,South
ORD10366,2023-08-22,CUST3667,45.0,Male,PSPO670,Yoga Mat,Sports,1,665.43,665.43,East
ORD10315,2023-08-22,CUST2590,22.0,Male,PELE215,Smartphone Case,Electronics,1,1254.63,1254.63,South
ORD13414,2023-08-22,CUST2401,33.0,Male,PHOM585,Table Lamp,Home & Kitchen,1,1603.56,1603.56,South
ORD11512,2023-08-23,CUST2428,33.0,Male,PELE461,Smartphone Case,Electronics,1,4073.48,4073.48,North
ORD15981,2023-08-23,CUST2745,51.0,Male,PELE309,Wireless Earbuds,Electronics,2,2221.37,4442.74,East
ORD14938,2023-08-23,CUST2491,41.0,Male,PELE264,Power Bank,Electronics,1,1024.07,1024.07,East
ORD13189,2023-08-23,CUST2378,30.0,Female,PSPO400,Yoga Mat,Sports,1,862.39,862.39,East
ORD14818,2023-08-23,CUST2050,40.0,Female,PHOM348,Table Lamp,Home & Kitchen,1,2832.55,2832.55,North
ORD14587,2023-08-23,CUST3289,26.0,Female,PAPP852,Jacket,Apparel,1,446.47,446.47,West
ORD11297,2023-08-24,CUST2518,24.0,Male,PSPO344,Cycling Gloves,Sports,1,2194.97,2194.97,North
ORD10627,2023-08-24,CUST3212,26.0,Male,PBEA810,Lipstick,Beauty,1,1355.28,1355.28,North
ORD10355,2023-08-24,CUST2793,35.0,Male,PBEA932,Shampoo,Beauty,1,295.08,295.08,North
ORD10473,2023-08-24,CUST3361,23.0,Male,PELE220,Wireless Earbuds,Electronics,1,2421.45,2421.45,South
ORD15667,2023-08-25,CUST2023,40.0,Male,PBEA419,Lipstick,Beauty,1,762.82,762.82,South
ORD12531,2023-08-25,CUST2530,18.0,Female,PAPP102,Denim Jeans,Apparel,1,594.32,594.32,South
ORD11889,2023-08-25,CUST2788,16.0,Female,PELE934,Wireless Earbuds,Electronics,1,2389.4,2389.4,West
ORD11065,2023-08-25,CUST3452,32.0,Male,PBEA171,Shampoo,Beauty,1,843.81,843.81,North
ORD15258,2023-08-25,CUST3278,20.0,Male,PELE276,Smartphone Case,Electronics,2,1233.87,2467.74,East
ORD13823,2023-08-25,CUST2680,24.0,Male,PELE330,Power Bank,Electronics,1,2991.56,2991.56,East
ORD11773,2023-08-25,CUST2568,44.0,Female,PAPP971,Running Shoes,Apparel,1,882.42,882.42,South
ORD10779,2023-08-26,CUST3324,25.0,Female,PELE234,Power Bank,Electronics,1,1958.12,1958.12,West
ORD15861,2023-08-26,CUST2032,23.0,Male,PELE165,Power Bank,Electronics,1,2958.94,2958.94,East
ORD15734,2023-08-26,CUST2189,36.0,Female,PHOM388,Storage Rack,Home & Kitchen,1,2715.83,2715.83,West
ORD11732,2023-08-26,CUST3112,23.0,Male,PSPO453,Dumbbell Set,Sports,1,1960.46,1960.46,West
ORD15597,2023-08-27,CUST2567,21.0,Female,PBEA773,Shampoo,Beauty,1,214.99,214.99,East
ORD11802,2023-08-27,CUST3524,39.0,Male,PELE989,Smartwatch,Electronics,1,3842.79,3842.79,North
ORD12333,2023-08-27,CUST2759,18.0,Female,PHOM376,Blender,Home & Kitchen,1,347.83,347.83,East
ORD15488,2023-08-27,CUST2421,32.0,Female,PSPO984,Football,Sports,1,682.86,682.86,South
ORD13984,2023-08-27,CUST2181,29.0,Male,PBEA500,Shampoo,Beauty,2,408.8,817.6,South
ORD10382,2023-08-28,CUST3349,32.0,Male,PELE159,Wireless Earbuds,Electronics,1,3382.13,3382.13,East
ORD14185,2023-08-28,CUST3748,16.0,Female,PSPO892,Football,Sports,3,996.35,2989.05,West
ORD14589,2023-08-29,CUST2228,17.0,Female,PAPP252,Denim Jeans,Apparel,1,546.04,546.04,East
ORD11083,2023-08-29,CUST3350,16.0,Male,PHOM340,Storage Rack,Home & Kitchen,2,687.31,1374.62,East
ORD10043,2023-08-29,CUST3101,31.0,Male,PSPO334,Dumbbell Set,Sports,1,1617.69,1617.69,East
ORD14825,2023-08-29,CUST2424,25.0,Male,PAPP704,Cotton T-Shirt,Apparel,2,1665.83,3331.66,South
ORD14177,2023-08-29,CUST3303,43.0,Male,PELE527,Smartphone Case,Electronics,1,1164.44,1164.44,South
ORD10159,2023-08-29,CUST2017,34.0,Male,PHOM785,Cushion Set,Home & Kitchen,2,2279.33,4558.66,South
ORD15170,2023-08-29,CUST3564,28.0,Female,PHOM136,Storage Rack,Home & Kitchen,1,2853.98,2853.98,South
ORD12540,2023-08-30,CUST3511,29.0,Female,PAPP546,Denim Jeans,Apparel,1,1272.63,1272.63,South
ORD12744,2023-08-30,CUST2403,48.0,Female,PELE903,Wireless Earbuds,Electronics,2,3671.07,7342.14,North
ORD13610,2023-08-30,CUST2533,30.0,Male,PHOM877,Cushion Set,Home & Kitchen,2,909.8,1819.6,West
ORD13403,2023-08-30,CUST2563,22.0,Female,PELE420,Power Bank,Electronics,1,4400.07,4400.07,North
ORD10501,2023-08-31,CUST3167,36.0,Male,PSPO475,Cycling Gloves,Sports,1,1977.46,1977.46,East
ORD10456,2023-08-31,CUST2313,16.0,Male,PAPP834,Cotton T-Shirt,Apparel,1,1090.74,1090.74,East
ORD10335,2023-08-31,CUST2634,24.0,Male,PHOM207,Cushion Set,Home & Kitchen,2,1317.3,2634.6,West
ORD12472,2023-09-01,CUST2800,34.0,Male,PSPO197,Football,Sports,2,1031.97,2063.94,North
ORD12812,2023-09-01,CUST2609,35.0,Female,PBEA618,Shampoo,Beauty,1,214.12,214.12,South
ORD12021,2023-09-01,CUST3748,25.0,Male,PELE314,Smartphone Case,Electronics,1,4396.69,4396.69,East
ORD10173,2023-09-01,CUST3185,26.0,Female,PBEA502,Perfume,Beauty,1,511.32,511.32,North
ORD14660,2023-09-01,CUST3735,32.0,Male,PHOM866,Cushion Set,Home & Kitchen,2,1908.27,3816.54,South
ORD10389,2023-09-02,CUST2737,34.0,Male,PSPO828,Yoga Mat,Sports,2,1005.19,2010.38,North
ORD15364,2023-09-02,CUST3769,28.0,Male,PBEA413,Perfume,Beauty,1,1098.08,1098.08,North
ORD10356,2023-09-02,CUST3405,38.0,Female,PELE893,Wireless Earbuds,Electronics,2,1667.41,3334.82,South
ORD13614,2023-09-02,CUST2220,44.0,Female,PHOM333,Non-stick Pan,Home & Kitchen,2,1252.5,2505.0,South
ORD15751,2023-09-02,CUST3648,37.0,Female,PELE607,Smartphone Case,Electronics,2,1917.95,3835.9,South
ORD10683,2023-09-03,CUST2120,30.0,Female,PHOM441,Non-stick Pan,Home & Kitchen,1,723.2,723.2,North
ORD10464,2023-09-03,CUST3506,32.0,Female,PELE313,Wireless Earbuds,Electronics,1,956.94,956.94,North
ORD12480,2023-09-03,CUST3079,39.0,Female,PHOM702,Non-stick Pan,Home & Kitchen,1,690.59,690.59,West
ORD15218,2023-09-03,CUST2875,32.0,Male,PELE614,Power Bank,Electronics,1,1105.94,1105.94,North
ORD12815,2023-09-03,CUST2031,36.0,Male,PAPP288,Cotton T-Shirt,Apparel,1,894.04,894.04,North
ORD15518,2023-09-03,CUST3382,45.0,Male,PAPP880,Hoodie,Apparel,1,1829.34,1829.34,South
ORD15427,2023-09-04,CUST2696,22.0,Male,PBEA788,Face Wash,Beauty,1,872.04,872.04,South
ORD15788,2023-09-04,CUST2394,17.0,Female,PAPP394,Cotton T-Shirt,Apparel,1,1437.17,1437.17,West
ORD15656,2023-09-04,CUST2513,33.0,Male,PELE896,Smartphone Case,Electronics,1,2923.97,2923.97,East
ORD14110,2023-09-04,CUST2747,19.0,Female,PELE903,Wireless Earbuds,Electronics,1,930.78,930.78,South
ORD13588,2023-09-04,CUST3144,43.0,Female,PSPO389,Dumbbell Set,Sports,1,466.35,466.35,West
ORD10890,2023-09-05,CUST3162,33.0,Male,PSPO659,Cricket Bat,Sports,1,1244.85,1244.85,West
ORD11604,2023-09-05,CUST2484,39.0,Male,PELE184,Smartwatch,Electronics,3,1237.12,3711.36,West
ORD15780,2023-09-05,CUST3237,17.0,Female,PAPP565,Running Shoes,Apparel,1,1704.31,1704.31,South
ORD13058,2023-09-05,CUST2435,33.0,Female,PSPO798,Football,Sports,1,975.5,975.5,North
ORD14311,2023-09-05,CUST3139,24.0,Female,PAPP188,Denim Jeans,Apparel,1,1460.09,1460.09,East
ORD14708,2023-09-06,CUST2105,36.0,Female,PAPP745,Denim Jeans,Apparel,1,1114.33,1114.33,South
ORD13394,2023-09-06,CUST3046,29.0,Male,PELE882,Smartwatch,Electronics,2,889.78,1779.56,North
ORD11079,2023-09-06,CUST2910,38.0,Male,PELE386,Smartphone Case,Electronics,2,3403.46,6806.92,South
ORD12964,2023-09-06,CUST2872,19.0,Male,PAPP305,Jacket,Apparel,1,966.37,966.37,South
ORD10455,2023-09-07,CUST2725,37.0,Female,PSPO298,Cycling Gloves,Sports,1,1866.51,1866.51,East
ORD11091,2023-09-07,CUST3083,26.0,Male,PAPP871,Jacket,Apparel,1,1768.48,1768.48,East
ORD12588,2023-09-07,CUST3541,30.0,Male,PAPP677,Hoodie,Apparel,2,1554.35,3108.7,North
ORD13401,2023-09-07,CUST2298,36.0,Female,PHOM440,Storage Rack,Home & Kitchen,1,1648.3,1648.3,South
ORD11356,2023-09-07,CUST3560,55.0,Male,PSPO296,Yoga Mat,Sports,1,1546.17,1546.17,West
ORD14664,2023-09-08,CUST2514,37.0,Male,PHOM443,Blender,Home & Kitchen,2,517.99,1035.98,North
ORD11210,2023-09-08,CUST3591,37.0,Female,PHOM673,Blender,Home & Kitchen,1,426.27,426.27,South
ORD15388,2023-09-08,CUST2897,28.0,Male,PAPP472,Denim Jeans,Apparel,1,1457.28,1457.28,North
ORD12679,2023-09-09,CUST3428,25.0,Male,PELE516,Power Bank,Electronics,1,1146.36,1146.36,South
ORD11047,2023-09-09,CUST3427,34.0,Female,PSPO975,Cricket Bat,Sports,1,589.07,589.07,East
ORD15451,2023-09-09,CUST2898,46.0,Female,PELE833,Smartwatch,Electronics,2,3288.87,6577.74,North
ORD15731,2023-09-09,CUST2798,38.0,Male,PELE148,Power Bank,Electronics,1,3067.17,3067.17,South
ORD10516,2023-09-10,CUST3192,34.0,Female,PHOM795,Table Lamp,Home & Kitchen,1,365.84,365.84,South
ORD12087,2023-09-10,CUST2078,41.0,Male,PAPP207,Denim Jeans,Apparel,1,766.29,766.29,North
ORD14616,2023-09-10,CUST3426,51.0,Male,PSPO504,Football,Sports,1,744.65,744.65,North
ORD11164,2023-09-10,CUST3571,22.0,Female,PELE198,Bluetooth Speaker,Electronics,1,4165.56,4165.56,West
ORD11675,2023-09-10,CUST2157,33.0,Female,PAPP658,Hoodie,Apparel,1,421.53,421.53,East
ORD12366,2023-09-10,CUST2890,40.0,Male,PAPP166,Running Shoes,Apparel,2,2070.48,4140.96,North
ORD11046,2023-09-10,CUST3175,37.0,Female,PELE930,Smartphone Case,Electronics,1,4187.72,4187.72,East
ORD12310,2023-09-11,CUST2581,26.0,Female,PELE766,Smartphone Case,Electronics,1,2628.31,2628.31,South
ORD10214,2023-09-12,CUST3249,26.0,Female,PHOM228,Cushion Set,Home & Kitchen,1,2372.46,2372.46,South
ORD11315,2023-09-12,CUST2174,30.0,Female,PBEA506,Face Wash,Beauty,2,907.04,1814.08,South
ORD14058,2023-09-12,CUST2096,16.0,Male,PAPP102,Running Shoes,Apparel,1,1740.79,1740.79,North
ORD11617,2023-09-12,CUST3301,54.0,Female,PAPP785,Running Shoes,Apparel,1,1352.41,1352.41,East
ORD13190,2023-09-13,CUST3119,38.0,Female,PELE258,Wireless Earbuds,Electronics,1,1064.49,1064.49,East
ORD11053,2023-09-13,CUST2204,24.0,Male,PELE975,Power Bank,Electronics,1,3657.09,3657.09,North
ORD15794,2023-09-13,CUST2389,28.0,Female,PHOM206,Table Lamp,Home & Kitchen,3,2202.33,6606.99,East
ORD13542,2023-09-13,CUST2648,30.0,Male,PAPP866,Hoodie,Apparel,1,1892.58,1892.58,West
ORD15490,2023-09-13,CUST3212,24.0,Female,PAPP529,Denim Jeans,Apparel,1,884.21,884.21,South
ORD12139,2023-09-13,CUST3161,42.0,Male,PSPO550,Cycling Gloves,Sports,2,464.44,928.88,North
ORD12285,2023-09-13,CUST2928,34.0,Female,PHOM800,Storage Rack,Home & Kitchen,2,2941.0,5882.0,North
ORD10410,2023-09-14,CUST3474,30.0,Male,PELE469,Wireless Earbuds,Electronics,1,2307.18,2307.18,East
ORD15659,2023-09-14,CUST3663,34.0,Male,PHOM739,Blender,Home & Kitchen,1,490.57,490.57,West
ORD15938,2023-09-14,CUST2104,27.0,Male,PBEA775,Lipstick,Beauty,1,1352.08,1352.08,West
ORD11110,2023-09-14,CUST2064,49.0,Female,PBEA385,Shampoo,Beauty,1,446.61,446.61,South
ORD11922,2023-09-14,CUST2100,28.0,Female,PAPP354,Cotton T-Shirt,Apparel,2,1167.69,2335.38,South
ORD11866,2023-09-14,CUST3665,32.0,Male,PHOM950,Table Lamp,Home & Kitchen,1,2104.91,2104.91,East
ORD11609,2023-09-14,CUST2437,35.0,Male,PELE346,Power Bank,Electronics,1,2827.48,2827.48,North
ORD14611,2023-09-15,CUST3795,26.0,Male,PHOM436,Non-stick Pan,Home & Kitchen,1,752.91,752.91,West
ORD13297,2023-09-15,CUST2214,23.0,Female,PHOM205,Blender,Home & Kitchen,2,1569.89,3139.78,North
ORD11985,2023-09-15,CUST2867,48.0,Female,PBEA730,Face Serum,Beauty,1,212.22,212.22,South
ORD10850,2023-09-16,CUST2050,34.0,Male,PHOM213,Storage Rack,Home & Kitchen,1,2713.4,2713.4,East
ORD15267,2023-09-16,CUST2740,,Female,PAPP775,Denim Jeans,Apparel,1,1875.88,1875.88,North
ORD13220,2023-09-16,CUST2475,17.0,Female,PHOM791,Non-stick Pan,Home & Kitchen,1,2230.68,2230.68,West
ORD10886,2023-09-16,CUST2956,29.0,Female,PELE652,Bluetooth Speaker,Electronics,2,913.75,1827.5,South
ORD10934,2023-09-17,CUST2674,44.0,Male,PAPP699,Denim Jeans,Apparel,2,2103.74,4207.48,South
ORD10418,2023-09-17,CUST3450,44.0,Female,PHOM475,Non-stick Pan,Home & Kitchen,1,1622.35,1622.35,West
ORD10550,2023-09-17,CUST2695,41.0,Male,PAPP628,Cotton T-Shirt,Apparel,1,898.11,898.11,North
ORD14186,2023-09-17,CUST2394,19.0,Female,PAPP816,Denim Jeans,Apparel,2,2089.6,4179.2,South
ORD15522,2023-09-17,CUST2046,31.0,Male,PSPO573,Football,Sports,1,1442.09,1442.09,East
ORD10659,2023-09-18,CUST3101,30.0,Male,PELE889,Smartwatch,Electronics,1,1886.24,1886.24,North
ORD10471,2023-09-18,CUST2518,33.0,Male,PBEA381,Shampoo,Beauty,3,1186.36,3559.08,North
ORD14491,2023-09-18,CUST3724,16.0,Female,PSPO546,Cycling Gloves,Sports,1,455.98,455.98,North
ORD14159,2023-09-18,CUST2306,33.0,Female,PAPP761,Cotton T-Shirt,Apparel,1,1221.2,1221.2,East
ORD14835,2023-09-18,CUST2951,40.0,Female,PSPO492,Cycling Gloves,Sports,1,1633.53,1633.53,South
ORD11861,2023-09-18,CUST3398,31.0,Male,PAPP710,Running Shoes,Apparel,1,1443.1,1443.1,South
ORD12784,2023-09-19,CUST2397,33.0,Male,PBEA925,Lipstick,Beauty,1,549.33,549.33,South
ORD13120,2023-09-19,CUST3222,32.0,Male,PAPP960,Denim Jeans,Apparel,2,1244.59,2489.18,North
ORD11998,2023-09-19,CUST2271,39.0,Male,PELE948,Smartphone Case,Electronics,1,2151.99,2151.99,North
ORD11332,2023-09-20,CUST3407,28.0,Female,PSPO983,Dumbbell Set,Sports,1,736.79,736.79,East
ORD15028,2023-09-20,CUST3214,23.0,Female,PELE913,Power Bank,Electronics,1,4137.97,4137.97,North
ORD13188,2023-09-20,CUST2940,30.0,Male,PELE965,Smartphone Case,Electronics,3,804.48,2413.44,West
ORD14771,2023-09-20,CUST2052,28.0,Female,PAPP619,Jacket,Apparel,1,850.93,850.93,South
ORD15133,2023-09-20,CUST3667,27.0,Male,PBEA297,Perfume,Beauty,2,1269.32,2538.64,North
ORD12156,2023-09-20,CUST3596,20.0,Female,PAPP125,Running Shoes,Apparel,1,1216.23,1216.23,East
ORD15301,2023-09-20,CUST3195,47.0,Male,PSPO343,Cycling Gloves,Sports,1,1196.02,1196.02,West
ORD11113,2023-09-20,CUST3633,29.0,Female,PSPO712,Yoga Mat,Sports,1,2361.07,2361.07,East
ORD12758,2023-09-20,CUST2263,32.0,Male,PHOM898,Table Lamp,Home & Kitchen,1,1028.2,1028.2,West
ORD12067,2023-09-21,CUST3412,24.0,Female,PBEA418,Face Wash,Beauty,1,708.09,708.09,South
ORD12651,2023-09-21,CUST2476,27.0,Male,PHOM880,Table Lamp,Home & Kitchen,1,358.97,358.97,North
ORD15494,2023-09-21,CUST3330,38.0,Male,PHOM975,Storage Rack,Home & Kitchen,1,2111.12,2111.12,North
ORD12030,2023-09-21,CUST2018,37.0,Male,PELE821,Bluetooth Speaker,Electronics,1,844.04,844.04,West
ORD10236,2023-09-21,CUST2483,40.0,Male,PHOM166,Table Lamp,Home & Kitchen,2,2763.78,5527.56,East
ORD10926,2023-09-21,CUST3134,32.0,Female,PELE137,Power Bank,Electronics,2,2735.93,5471.86,North
ORD15626,2023-09-21,CUST2295,33.0,Female,PELE101,Power Bank,Electronics,1,1682.52,1682.52,West
ORD11915,2023-09-21,CUST3198,35.0,Female,PHOM682,Storage Rack,Home & Kitchen,1,711.08,711.08,West
ORD10476,2023-09-22,CUST3294,40.0,Male,PELE247,Smartphone Case,Electronics,1,2142.28,2142.28,East
ORD11396,2023-09-22,CUST3610,37.0,Female,PHOM639,Storage Rack,Home & Kitchen,2,1290.97,2581.94,South
ORD15425,2023-09-22,CUST3671,51.0,Female,PHOM905,Cushion Set,Home & Kitchen,2,2246.23,4492.46,South
ORD12174,2023-09-22,CUST2558,27.0,Female,PAPP347,Hoodie,Apparel,1,839.72,839.72,South
ORD12939,2023-09-23,CUST2992,37.0,Female,PAPP966,Running Shoes,Apparel,2,930.53,1861.06,West
ORD15212,2023-09-23,CUST3003,26.0,Female,PAPP991,Running Shoes,Apparel,1,961.19,961.19,West
ORD11818,2023-09-23,CUST2459,43.0,Male,PSPO867,Cricket Bat,Sports,2,1598.16,3196.32,East
ORD12601,2023-09-23,CUST2317,32.0,Female,PBEA547,Shampoo,Beauty,1,1490.76,1490.76,North
ORD14692,2023-09-23,CUST2509,36.0,Female,PELE662,Wireless Earbuds,Electronics,1,3302.15,3302.15,East
ORD13830,2023-09-24,CUST3765,36.0,Female,PHOM897,Storage Rack,Home & Kitchen,1,2765.71,2765.71,East
ORD13751,2023-09-24,CUST2040,38.0,Female,PAPP376,Hoodie,Apparel,1,2095.48,2095.48,North
ORD13343,2023-09-24,CUST2450,36.0,Male,PHOM559,Storage Rack,Home & Kitchen,1,2556.07,2556.07,North
ORD11743,2023-09-24,CUST3342,30.0,Female,PELE875,Bluetooth Speaker,Electronics,1,2377.02,2377.02,East
ORD12215,2023-09-24,CUST2513,43.0,Female,PAPP527,Running Shoes,Apparel,1,647.96,647.96,West
ORD10218,2023-09-24,CUST2772,30.0,Female,PHOM742,Table Lamp,Home & Kitchen,1,619.68,619.68,North
ORD15778,2023-09-24,CUST3059,26.0,Male,PHOM609,Non-stick Pan,Home & Kitchen,1,898.65,898.65,South
ORD13526,2023-09-25,CUST2016,29.0,Female,PELE582,Smartwatch,Electronics,2,884.18,1768.36,East
ORD12617,2023-09-25,CUST3045,47.0,Female,PAPP236,Denim Jeans,Apparel,1,424.03,424.03,West
ORD11893,2023-09-25,CUST2048,26.0,Female,PAPP457,Denim Jeans,Apparel,2,1314.08,2628.16,East
ORD15379,2023-09-25,CUST3185,36.0,Male,PAPP813,Jacket,Apparel,3,737.92,2213.76,South
ORD15843,2023-09-25,CUST2393,36.0,Male,PSPO712,Cycling Gloves,Sports,2,557.23,1114.46,East
ORD11487,2023-09-26,CUST3382,21.0,Male,PELE977,Wireless Earbuds,Electronics,1,2297.5,2297.5,West
ORD11754,2023-09-26,CUST3227,35.0,Male,PAPP197,Hoodie,Apparel,2,1835.45,3670.9,North
ORD11693,2023-09-26,CUST3215,31.0,Female,PHOM330,Storage Rack,Home & Kitchen,1,2189.35,2189.35,South
ORD11700,2023-09-26,CUST3586,25.0,Female,PHOM182,Storage Rack,Home & Kitchen,2,670.99,1341.98,North
ORD10068,2023-09-26,CUST2504,38.0,Female,PAPP697,Hoodie,Apparel,1,1307.2,1307.2,South
ORD15264,2023-09-26,CUST2657,30.0,Female,PBEA633,Shampoo,Beauty,1,409.31,409.31,North
ORD12049,2023-09-26,CUST2770,44.0,Female,PELE947,Smartwatch,Electronics,2,1348.61,2697.22,North
ORD12131,2023-09-26,CUST3640,45.0,Male,PSPO702,Dumbbell Set,Sports,1,1398.19,1398.19,West
ORD12833,2023-09-26,CUST3669,33.0,Female,PHOM159,Cushion Set,Home & Kitchen,1,828.18,828.18,West
ORD12338,2023-09-26,CUST2898,37.0,Female,PELE409,Power Bank,Electronics,1,3765.9,3765.9,North
ORD13293,2023-09-27,CUST2981,51.0,Male,PAPP124,Hoodie,Apparel,1,655.04,655.04,North
ORD13684,2023-09-27,CUST2599,21.0,Male,PELE128,Smartwatch,Electronics,1,4484.56,4484.56,North
ORD10454,2023-09-27,CUST2912,30.0,Female,PELE184,Power Bank,Electronics,1,970.78,970.78,East
ORD10178,2023-09-27,CUST2704,32.0,Male,PBEA659,Face Serum,Beauty,2,1391.22,2782.44,South
ORD14038,2023-09-27,CUST2551,21.0,Male,PBEA203,Shampoo,Beauty,2,1167.52,2335.04,East
ORD14592,2023-09-28,CUST2531,25.0,Female,PELE854,Smartphone Case,Electronics,1,2730.31,2730.31,East
ORD14032,2023-09-28,CUST2371,19.0,Female,PELE913,Power Bank,Electronics,1,4253.56,4253.56,West
ORD11916,2023-09-28,CUST2185,16.0,Male,PAPP428,Hoodie,Apparel,1,2153.51,2153.51,North
ORD15099,2023-09-29,CUST3694,40.0,Female,PAPP979,Running Shoes,Apparel,1,1759.67,1759.67,South
ORD10338,2023-09-29,CUST2442,49.0,Female,PBEA241,Face Serum,Beauty,1,644.7,644.7,West
ORD11485,2023-09-29,CUST3493,27.0,Male,PBEA610,Face Wash,Beauty,1,656.46,656.46,East
ORD11643,2023-09-29,CUST2641,41.0,Female,PHOM600,Cushion Set,Home & Kitchen,1,2030.43,2030.43,North
ORD14776,2023-09-29,CUST2876,30.0,Female,PELE856,Wireless Earbuds,Electronics,1,1878.48,1878.48,North
ORD10592,2023-09-30,CUST2657,30.0,Female,PBEA873,Face Serum,Beauty,1,199.29,199.29,East
ORD15251,2023-09-30,CUST2880,28.0,Female,PHOM808,Cushion Set,Home & Kitchen,2,1809.62,3619.24,South
ORD10586,2023-10-01,CUST2113,33.0,Female,PSPO234,Cycling Gloves,Sports,1,2456.56,2456.56,South
ORD15530,2023-10-01,CUST3209,40.0,Male,PAPP295,Cotton T-Shirt,Apparel,1,2083.98,2083.98,South
ORD12003,2023-10-01,CUST3202,25.0,Female,PELE377,Power Bank,Electronics,1,1993.31,1993.31,East
ORD10884,2023-10-01,CUST3122,40.0,Female,PELE554,Wireless Earbuds,Electronics,1,4498.43,4498.43,South
ORD14375,2023-10-01,CUST2000,36.0,Male,PAPP582,Running Shoes,Apparel,2,471.67,943.34,North
ORD12454,2023-10-01,CUST3521,29.0,Male,PAPP864,Jacket,Apparel,1,588.57,588.57,South
ORD11676,2023-10-01,CUST2494,31.0,Male,PAPP818,Denim Jeans,Apparel,1,1826.96,1826.96,North
ORD14055,2023-10-01,CUST2496,39.0,Male,PSPO228,Yoga Mat,Sports,1,2216.03,2216.03,East
ORD10974,2023-10-01,CUST2178,36.0,Male,PBEA270,Face Serum,Beauty,1,646.59,646.59,North
ORD11100,2023-10-01,CUST2636,16.0,Female,PHOM337,Storage Rack,Home & Kitchen,1,2210.19,2210.19,East
ORD15717,2023-10-01,CUST2770,37.0,Female,PELE749,Power Bank,Electronics,1,2737.79,2737.79,West
ORD14704,2023-10-01,CUST3034,28.0,Male,PBEA651,Shampoo,Beauty,2,1155.88,2311.76,South
ORD12656,2023-10-01,CUST3298,35.0,Female,PELE810,Wireless Earbuds,Electronics,1,3602.02,3602.02,South
ORD15798,2023-10-01,CUST3623,32.0,Female,PBEA548,Face Wash,Beauty,1,538.9,538.9,North
ORD15188,2023-10-01,CUST2096,32.0,Female,PAPP185,Jacket,Apparel,1,1604.68,1604.68,South
ORD12723,2023-10-01,CUST2480,38.0,Male,PELE424,Smartwatch,Electronics,1,1268.12,1268.12,North
ORD10741,2023-10-02,CUST2685,40.0,Female,PHOM108,Table Lamp,Home & Kitchen,2,516.05,1032.1,North
ORD13112,2023-10-02,CUST2487,37.0,Female,PAPP719,Running Shoes,Apparel,1,1057.18,1057.18,North
ORD10465,2023-10-02,CUST3701,36.0,Male,PAPP945,Denim Jeans,Apparel,1,717.39,717.39,East
ORD13464,2023-10-02,CUST2749,40.0,Male,PBEA706,Face Serum,Beauty,1,1006.51,1006.51,East
ORD11026,2023-10-02,CUST2670,47.0,Female,PHOM110,Table Lamp,Home & Kitchen,1,2974.68,2974.68,South
ORD15305,2023-10-02,CUST3419,23.0,Female,PAPP406,Denim Jeans,Apparel,1,1290.17,1290.17,East
ORD11007,2023-10-02,CUST3200,48.0,Female,PHOM105,Storage Rack,Home & Kitchen,1,2562.23,2562.23,East
ORD15968,2023-10-02,CUST2751,42.0,Female,PBEA671,Perfume,Beauty,1,946.93,946.93,South
ORD12949,2023-10-02,CUST2393,16.0,Female,PHOM700,Non-stick Pan,Home & Kitchen,2,1716.61,3433.22,South
ORD13489,2023-10-02,CUST2581,33.0,Male,PHOM376,Blender,Home & Kitchen,1,1532.45,1532.45,East
ORD13865,2023-10-02,CUST3799,37.0,Female,PAPP213,Denim Jeans,Apparel,2,871.42,1742.84,West
ORD14590,2023-10-02,CUST3638,28.0,Female,PHOM199,Storage Rack,Home & Kitchen,2,790.28,1580.56,West
ORD14785,2023-10-02,CUST3533,38.0,Female,PELE568,Power Bank,Electronics,1,2983.59,2983.59,South
ORD14981,2023-10-02,CUST2709,23.0,Male,PSPO750,Football,Sports,1,315.69,315.69,West
ORD10730,2023-10-02,CUST2026,18.0,Female,PHOM205,Cushion Set,Home & Kitchen,1,2796.46,2796.46,North
ORD15399,2023-10-02,CUST2469,32.0,Female,PBEA546,Face Wash,Beauty,1,513.02,513.02,North
ORD13372,2023-10-02,CUST3030,,Female,PELE427,Smartwatch,Electronics,1,2229.4,2229.4,East
ORD11436,2023-10-02,CUST3213,22.0,Male,PHOM897,Blender,Home & Kitchen,1,2807.0,2807.0,South
ORD11318,2023-10-02,CUST3540,31.0,Female,PELE626,Smartphone Case,Electronics,1,3951.04,3951.04,South
ORD15855,2023-10-02,CUST2534,23.0,Male,PSPO879,Cycling Gloves,Sports,1,429.77,429.77,East
ORD11413,2023-10-02,CUST3590,33.0,Female,PAPP901,Jacket,Apparel,1,596.44,596.44,South
ORD11621,2023-10-03,CUST3604,43.0,Male,PAPP683,Cotton T-Shirt,Apparel,1,1297.17,1297.17,North
ORD11482,2023-10-03,CUST3211,34.0,Female,PBEA472,Perfume,Beauty,1,1209.98,1209.98,South
ORD12730,2023-10-03,CUST3501,30.0,Female,PAPP878,Hoodie,Apparel,2,1773.38,3546.76,East
ORD15487,2023-10-03,CUST2922,24.0,Female,PELE651,Bluetooth Speaker,Electronics,1,1242.3,1242.3,North
ORD11833,2023-10-03,CUST3312,37.0,Male,PHOM582,Blender,Home & Kitchen,2,587.87,1175.74,West
ORD12783,2023-10-03,CUST2365,31.0,Male,PBEA418,Face Serum,Beauty,1,1014.7,1014.7,East
ORD13097,2023-10-03,CUST2215,45.0,Female,PHOM451,Storage Rack,Home & Kitchen,2,742.08,1484.16,East
ORD14977,2023-10-03,CUST3180,32.0,Female,PELE597,Bluetooth Speaker,Electronics,1,1583.99,1583.99,South
ORD10170,2023-10-03,CUST2398,22.0,Female,PBEA381,Shampoo,Beauty,1,1412.49,1412.49,North
ORD15733,2023-10-03,CUST2040,47.0,Female,PBEA180,Face Wash,Beauty,1,564.88,564.88,West
ORD12904,2023-10-03,CUST3513,24.0,Male,PBEA349,Lipstick,Beauty,1,985.11,985.11,West
ORD10645,2023-10-03,CUST3066,20.0,Female,PELE946,Bluetooth Speaker,Electronics,1,3368.73,3368.73,West
ORD10229,2023-10-03,CUST2689,36.0,Male,PSPO968,Football,Sports,1,1287.76,1287.76,East
ORD15044,2023-10-03,CUST2257,25.0,Male,PBEA984,Shampoo,Beauty,1,1026.7,1026.7,North
ORD11946,2023-10-03,CUST3232,36.0,Female,PBEA689,Perfume,Beauty,2,1330.89,2661.78,East
ORD10746,2023-10-03,CUST3325,31.0,Female,PBEA562,Face Serum,Beauty,1,717.27,717.27,East
ORD11825,2023-10-03,CUST2778,20.0,Male,PAPP724,Running Shoes,Apparel,1,712.17,712.17,East
ORD11659,2023-10-04,CUST3402,33.0,Female,PELE989,Power Bank,Electronics,1,4488.17,4488.17,North
ORD14332,2023-10-04,CUST3264,41.0,Female,PHOM899,Cushion Set,Home & Kitchen,1,1779.24,1779.24,South
ORD12879,2023-10-04,CUST3345,35.0,Female,PAPP501,Running Shoes,Apparel,1,1850.09,1850.09,North
ORD13780,2023-10-04,CUST3150,25.0,Female,PBEA989,Perfume,Beauty,1,962.73,962.73,North
ORD15183,2023-10-04,CUST2198,28.0,Male,PELE453,Power Bank,Electronics,2,1546.59,3093.18,South
ORD12855,2023-10-04,CUST2645,40.0,Male,PBEA558,Face Serum,Beauty,1,1341.27,1341.27,North
ORD13858,2023-10-04,CUST3445,16.0,Male,PHOM146,Storage Rack,Home & Kitchen,1,2217.79,2217.79,West
ORD15782,2023-10-04,CUST3431,31.0,Male,PAPP885,Jacket,Apparel,2,2174.32,4348.64,North
ORD15714,2023-10-04,CUST3015,31.0,Male,PELE869,Smartphone Case,Electronics,1,4256.13,4256.13,North
ORD12742,2023-10-04,CUST2374,36.0,Female,PSPO262,Football,Sports,1,508.06,508.06,South
ORD12901,2023-10-04,CUST3483,46.0,Female,PAPP399,Running Shoes,Apparel,1,1861.15,1861.15,West
ORD12888,2023-10-04,CUST2772,32.0,Male,PHOM722,Cushion Set,Home & Kitchen,2,1388.72,2777.44,North
ORD13224,2023-10-04,CUST3434,31.0,Male,PSPO596,Cycling Gloves,Sports,1,2105.46,2105.46,South
ORD12506,2023-10-04,CUST3059,35.0,Male,PELE624,Power Bank,Electronics,1,1066.79,1066.79,East
ORD10787,2023-10-04,CUST3392,22.0,Female,PELE997,Smartphone Case,Electronics,1,3694.65,3694.65,South
ORD10917,2023-10-04,CUST2024,40.0,Male,PELE183,Smartphone Case,Electronics,3,3029.71,9089.13,East
ORD15306,2023-10-04,CUST2559,32.0,Male,PBEA754,Face Serum,Beauty,1,1204.35,1204.35,East
ORD11655,2023-10-04,CUST2780,20.0,Female,PBEA688,Perfume,Beauty,1,1452.97,1452.97,East
ORD12369,2023-10-05,CUST3723,35.0,Male,PELE491,Bluetooth Speaker,Electronics,2,3199.31,6398.62,South
ORD11874,2023-10-05,CUST2813,37.0,Female,PELE371,Bluetooth Speaker,Electronics,1,4245.63,4245.63,West
ORD15646,2023-10-05,CUST2011,36.0,Male,PELE373,Wireless Earbuds,Electronics,1,2799.95,2799.95,South
ORD15278,2023-10-05,CUST3636,33.0,Male,PBEA634,Shampoo,Beauty,3,964.08,2892.24,East
ORD10164,2023-10-05,CUST3791,38.0,Male,PAPP956,Jacket,Apparel,1,1378.83,1378.83,North
ORD14464,2023-10-05,CUST2812,38.0,Male,PELE797,Smartphone Case,Electronics,1,3667.04,3667.04,East
ORD13183,2023-10-05,CUST3134,30.0,Female,PELE818,Power Bank,Electronics,2,1649.15,3298.3,South
ORD10185,2023-10-05,CUST2167,26.0,Male,PBEA335,Face Wash,Beauty,1,1371.5,1371.5,East
ORD14170,2023-10-06,CUST2193,16.0,Male,PHOM263,Blender,Home & Kitchen,1,1315.93,1315.93,East
ORD14447,2023-10-06,CUST3784,19.0,Female,PHOM287,Blender,Home & Kitchen,1,1043.6,1043.6,South
ORD11777,2023-10-06,CUST3542,31.0,Female,PELE475,Bluetooth Speaker,Electronics,1,3347.6,3347.6,East
ORD12810,2023-10-06,CUST2471,47.0,Female,PELE941,Wireless Earbuds,Electronics,1,3144.58,3144.58,East
ORD11710,2023-10-06,CUST2507,19.0,Female,PBEA609,Face Wash,Beauty,1,641.06,641.06,East
ORD14673,2023-10-06,CUST3614,47.0,Male,PHOM111,Non-stick Pan,Home & Kitchen,2,2031.37,4062.74,North
ORD13817,2023-10-06,CUST3762,49.0,Female,PHOM121,Table Lamp,Home & Kitchen,1,885.82,885.82,North
ORD14874,2023-10-06,CUST3587,30.0,Female,PHOM141,Non-stick Pan,Home & Kitchen,1,2563.78,2563.78,South
ORD10758,2023-10-06,CUST3727,21.0,Female,PBEA608,Perfume,Beauty,1,1475.48,1475.48,South
ORD12616,2023-10-06,CUST2316,37.0,Male,PAPP485,Running Shoes,Apparel,2,2196.85,4393.7,North
ORD11290,2023-10-06,CUST3174,40.0,Female,PSPO689,Dumbbell Set,Sports,1,840.56,840.56,West
ORD11576,2023-10-06,CUST2692,31.0,Male,PELE607,Power Bank,Electronics,2,2883.39,5766.78,North
ORD14263,2023-10-06,CUST3589,38.0,Male,PBEA629,Face Serum,Beauty,2,157.53,315.06,North
ORD14910,2023-10-06,CUST3056,33.0,Female,PAPP402,Hoodie,Apparel,1,697.74,697.74,West
ORD13822,2023-10-06,CUST3598,42.0,Male,PELE370,Bluetooth Speaker,Electronics,2,1112.04,2224.08,South
ORD12705,2023-10-06,CUST2626,16.0,Female,PBEA729,Face Wash,Beauty,1,872.6,872.6,South
ORD10014,2023-10-06,CUST2070,39.0,Female,PHOM294,Blender,Home & Kitchen,2,2130.26,4260.52,East
ORD14483,2023-10-06,CUST2992,24.0,Male,PELE859,Smartwatch,Electronics,1,2906.94,2906.94,North
ORD12697,2023-10-07,CUST2448,33.0,Female,PHOM957,Table Lamp,Home & Kitchen,1,2853.96,2853.96,North
ORD14877,2023-10-07,CUST3763,27.0,Female,PBEA973,Shampoo,Beauty,1,815.02,815.02,West
ORD14114,2023-10-07,CUST3301,28.0,Male,PSPO946,Football,Sports,1,2119.31,2119.31,North
ORD12178,2023-10-07,CUST2744,33.0,Male,PBEA871,Shampoo,Beauty,1,1468.68,1468.68,East
ORD10370,2023-10-07,CUST3620,27.0,Female,PHOM750,Cushion Set,Home & Kitchen,1,661.24,661.24,West
ORD15467,2023-10-07,CUST2537,27.0,Female,PAPP374,Cotton T-Shirt,Apparel,1,590.86,590.86,South
ORD11073,2023-10-07,CUST2414,36.0,Male,PAPP340,Hoodie,Apparel,1,1630.16,1630.16,South
ORD11805,2023-10-07,CUST2883,28.0,Female,PSPO652,Football,Sports,2,1682.42,3364.84,South
ORD12348,2023-10-07,CUST2259,36.0,Female,PELE277,Smartphone Case,Electronics,2,1423.81,2847.62,South
ORD10900,2023-10-07,CUST2240,37.0,Male,PHOM838,Blender,Home & Kitchen,1,1683.49,1683.49,East
ORD10290,2023-10-07,CUST2871,27.0,Female,PSPO549,Yoga Mat,Sports,1,776.64,776.64,West
ORD15024,2023-10-07,CUST2574,23.0,Male,PELE947,Smartphone Case,Electronics,1,1203.8,1203.8,West
ORD13832,2023-10-07,CUST3037,44.0,Male,PELE567,Power Bank,Electronics,1,3044.32,3044.32,South
ORD14052,2023-10-07,CUST2532,27.0,Male,PELE578,Smartwatch,Electronics,1,1376.5,1376.5,East
ORD14027,2023-10-07,CUST3179,49.0,Female,PELE735,Smartphone Case,Electronics,1,2989.98,2989.98,East
ORD10222,2023-10-07,CUST2673,31.0,Male,PHOM673,Table Lamp,Home & Kitchen,1,1873.91,1873.91,West
ORD12284,2023-10-07,CUST3640,33.0,Male,PELE704,Wireless Earbuds,Electronics,1,834.07,834.07,West
ORD14543,2023-10-07,CUST3545,28.0,Female,PAPP283,Cotton T-Shirt,Apparel,1,1640.61,1640.61,West
ORD14320,2023-10-07,CUST2439,32.0,Male,PAPP559,Running Shoes,Apparel,1,592.67,592.67,North
ORD10299,2023-10-07,CUST3607,37.0,Female,PAPP697,Running Shoes,Apparel,1,783.77,783.77,South
ORD14942,2023-10-08,CUST3647,17.0,Female,PELE600,Smartwatch,Electronics,1,3672.03,3672.03,West
ORD13556,2023-10-08,CUST2508,16.0,Male,PHOM493,Non-stick Pan,Home & Kitchen,1,2691.79,2691.79,North
ORD15533,2023-10-08,CUST2104,16.0,Male,PSPO156,Cricket Bat,Sports,2,1673.27,3346.54,West
ORD15206,2023-10-08,CUST3490,29.0,Male,PAPP453,Cotton T-Shirt,Apparel,1,1620.65,1620.65,South
ORD10234,2023-10-08,CUST3749,28.0,Male,PELE342,Smartwatch,Electronics,1,1562.14,1562.14,North
ORD13152,2023-10-08,CUST3626,21.0,Male,PSPO411,Cycling Gloves,Sports,1,781.05,781.05,West
ORD11574,2023-10-08,CUST2036,30.0,Male,PBEA170,Face Serum,Beauty,2,606.44,1212.88,West
ORD13873,2023-10-08,CUST2330,16.0,Male,PHOM505,Non-stick Pan,Home & Kitchen,2,353.23,706.46,North
ORD12423,2023-10-08,CUST3221,30.0,Male,PAPP455,Hoodie,Apparel,1,1232.85,1232.85,North
ORD11398,2023-10-08,CUST3498,29.0,Male,PELE799,Bluetooth Speaker,Electronics,1,1251.41,1251.41,East
ORD14109,2023-10-08,CUST3563,21.0,Female,PELE759,Bluetooth Speaker,Electronics,1,3475.21,3475.21,West
ORD14308,2023-10-08,CUST3183,30.0,Male,PBEA805,Perfume,Beauty,2,311.42,622.84,East
ORD11156,2023-10-08,CUST2189,43.0,Male,PELE249,Power Bank,Electronics,1,2756.39,2756.39,West
ORD14954,2023-10-08,CUST3184,54.0,Female,PBEA604,Perfume,Beauty,3,250.13,750.39,North
ORD10569,2023-10-08,CUST3252,24.0,Female,PHOM651,Non-stick Pan,Home & Kitchen,1,2714.12,2714.12,North
ORD11395,2023-10-08,CUST2047,20.0,Male,PSPO434,Cycling Gloves,Sports,1,1497.34,1497.34,West
ORD13924,2023-10-08,CUST2101,44.0,Female,PELE222,Power Bank,Electronics,1,1480.39,1480.39,East
ORD12993,2023-10-08,CUST2014,37.0,Male,PELE422,Power Bank,Electronics,2,2801.57,5603.14,South
ORD11982,2023-10-09,CUST3025,37.0,Male,PSPO973,Football,Sports,1,1904.55,1904.55,South
ORD14272,2023-10-09,CUST2070,26.0,Male,PAPP311,Hoodie,Apparel,1,871.91,871.91,North
ORD15517,2023-10-09,CUST3599,35.0,Female,PAPP450,Cotton T-Shirt,Apparel,1,1474.18,1474.18,East
ORD14205,2023-10-09,CUST2522,29.0,Female,PSPO737,Yoga Mat,Sports,1,2213.1,2213.1,North
ORD10151,2023-10-09,CUST2005,34.0,Female,PBEA119,Shampoo,Beauty,1,243.89,243.89,North
ORD11218,2023-10-09,CUST3576,43.0,Female,PHOM194,Storage Rack,Home & Kitchen,1,787.11,787.11,East
ORD10321,2023-10-09,CUST2108,19.0,Male,PELE630,Bluetooth Speaker,Electronics,2,4192.8,8385.6,North
ORD13432,2023-10-09,CUST2081,39.0,Female,PHOM857,Non-stick Pan,Home & Kitchen,2,536.57,1073.14,East
ORD10274,2023-10-09,CUST2560,29.0,Male,PAPP782,Denim Jeans,Apparel,1,1274.74,1274.74,North
ORD15445,2023-10-09,CUST2173,29.0,Female,PAPP505,Cotton T-Shirt,Apparel,2,754.64,1509.28,West
ORD13150,2023-10-09,CUST2539,31.0,Female,PELE434,Power Bank,Electronics,1,1228.95,1228.95,North
ORD13265,2023-10-09,CUST3762,33.0,Male,PAPP446,Jacket,Apparel,2,1297.12,2594.24,South
ORD15423,2023-10-09,CUST3618,42.0,Female,PSPO989,Cycling Gloves,Sports,1,1699.29,1699.29,East
ORD10380,2023-10-09,CUST3665,41.0,Male,PELE486,Wireless Earbuds,Electronics,1,4375.39,4375.39,North
ORD10395,2023-10-09,CUST2892,22.0,Male,PAPP770,Jacket,Apparel,1,1722.2,1722.2,North
ORD13675,2023-10-09,CUST2927,42.0,Female,PBEA316,Face Serum,Beauty,1,173.81,173.81,West
ORD10829,2023-10-09,CUST2131,24.0,Male,PELE867,Bluetooth Speaker,Electronics,1,1505.2,1505.2,South
ORD13939,2023-10-09,CUST2833,17.0,Male,PAPP370,Running Shoes,Apparel,1,1113.04,1113.04,South
ORD15344,2023-10-09,CUST2519,31.0,Female,PELE812,Power Bank,Electronics,1,2687.5,2687.5,South
ORD13664,2023-10-10,CUST2408,40.0,Male,PAPP818,Denim Jeans,Apparel,1,1956.01,1956.01,East
ORD12045,2023-10-10,CUST2237,39.0,Male,PBEA916,Face Wash,Beauty,1,462.08,462.08,North
ORD12247,2023-10-10,CUST3126,41.0,Male,PELE102,Power Bank,Electronics,1,991.67,991.67,North
ORD14608,2023-10-10,CUST2887,20.0,Female,PELE468,Wireless Earbuds,Electronics,1,4141.81,4141.81,East
ORD15567,2023-10-10,CUST2667,36.0,Male,PAPP978,Cotton T-Shirt,Apparel,1,1192.76,1192.76,North
ORD12109,2023-10-10,CUST2663,36.0,Male,PELE213,Bluetooth Speaker,Electronics,1,947.27,947.27,East
ORD13642,2023-10-10,CUST2589,36.0,Female,PSPO890,Cricket Bat,Sports,1,1977.61,1977.61,South
ORD12287,2023-10-10,CUST2276,40.0,Female,PAPP644,Running Shoes,Apparel,1,621.23,621.23,East
ORD14966,2023-10-10,CUST2900,30.0,Female,PELE823,Wireless Earbuds,Electronics,1,4165.2,4165.2,West
ORD12478,2023-10-10,CUST3068,34.0,Male,PSPO601,Cycling Gloves,Sports,1,2397.82,2397.82,West
ORD14533,2023-10-10,CUST2461,47.0,Female,PAPP839,Running Shoes,Apparel,3,1540.43,4621.29,North
ORD13327,2023-10-10,CUST2964,38.0,Female,PHOM356,Blender,Home & Kitchen,1,1372.61,1372.61,West
ORD11302,2023-10-10,CUST3276,23.0,Female,PELE941,Power Bank,Electronics,2,1891.83,3783.66,North
ORD15689,2023-10-10,CUST2485,44.0,Male,PELE440,Power Bank,Electronics,1,1556.23,1556.23,North
ORD12524,2023-10-10,CUST2896,44.0,Female,PHOM434,Non-stick Pan,Home & Kitchen,1,2713.23,2713.23,East
ORD13062,2023-10-10,CUST3500,37.0,Male,PHOM136,Blender,Home & Kitchen,1,1120.42,1120.42,North
ORD14144,2023-10-10,CUST3584,29.0,Female,PAPP692,Denim Jeans,Apparel,2,1477.67,2955.34,South
ORD11563,2023-10-10,CUST3151,35.0,Male,PAPP604,Denim Jeans,Apparel,2,1248.09,2496.18,North
ORD10027,2023-10-10,CUST2607,28.0,Male,PSPO639,Yoga Mat,Sports,1,1389.57,1389.57,South
ORD10759,2023-10-10,CUST2250,36.0,Female,PBEA854,Perfume,Beauty,2,1341.6,2683.2,East
ORD15296,2023-10-11,CUST2740,16.0,Female,PAPP302,Running Shoes,Apparel,1,1383.63,1383.63,West
ORD15916,2023-10-11,CUST3322,26.0,Male,PAPP917,Cotton T-Shirt,Apparel,1,608.44,608.44,West
ORD14028,2023-10-11,CUST3082,50.0,Male,PELE611,Power Bank,Electronics,2,4055.45,8110.9,North
ORD11027,2023-10-11,CUST3278,32.0,Female,PSPO334,Dumbbell Set,Sports,1,2229.43,2229.43,North
ORD12105,2023-10-11,CUST3070,18.0,Male,PELE366,Bluetooth Speaker,Electronics,2,1285.56,2571.12,East
ORD14190,2023-10-11,CUST2222,28.0,Female,PBEA302,Lipstick,Beauty,1,664.19,664.19,South
ORD11798,2023-10-11,CUST2805,49.0,Male,PAPP435,Cotton T-Shirt,Apparel,1,562.12,562.12,East
ORD14642,2023-10-11,CUST2704,40.0,Male,PHOM283,Non-stick Pan,Home & Kitchen,1,668.83,668.83,South
ORD14341,2023-10-11,CUST3064,39.0,Female,PAPP819,Cotton T-Shirt,Apparel,1,633.07,633.07,East
ORD10665,2023-10-11,CUST2373,24.0,Female,PSPO971,Yoga Mat,Sports,1,1307.43,1307.43,North
ORD13215,2023-10-12,CUST3692,40.0,Male,PBEA521,Face Wash,Beauty,1,445.19,445.19,West
ORD11143,2023-10-12,CUST2918,44.0,Male,PAPP740,Denim Jeans,Apparel,1,583.19,583.19,South
ORD15015,2023-10-12,CUST3033,31.0,Female,PAPP126,Jacket,Apparel,1,2050.09,2050.09,North
ORD12759,2023-10-12,CUST3523,21.0,Male,PBEA774,Face Wash,Beauty,1,266.06,266.06,West
ORD15585,2023-10-12,CUST2592,30.0,Female,PHOM815,Storage Rack,Home & Kitchen,3,1521.38,4564.14,East
ORD11463,2023-10-12,CUST3712,23.0,Male,PSPO543,Yoga Mat,Sports,1,352.28,352.28,South
ORD15901,2023-10-12,CUST2512,26.0,Male,PELE589,Wireless Earbuds,Electronics,1,1893.87,1893.87,West
ORD10224,2023-10-12,CUST2805,16.0,Female,PELE444,Power Bank,Electronics,1,2629.05,2629.05,North
ORD15020,2023-10-12,CUST3280,39.0,Male,PBEA910,Face Wash,Beauty,1,426.16,426.16,East
ORD10040,2023-10-12,CUST2255,23.0,Male,PAPP460,Cotton T-Shirt,Apparel,1,1551.68,1551.68,North
ORD11121,2023-10-12,CUST2462,33.0,Female,PBEA874,Shampoo,Beauty,1,753.13,753.13,North
ORD14274,2023-10-12,CUST2531,32.0,Male,PELE337,Smartwatch,Electronics,1,1067.84,1067.84,North
ORD10385,2023-10-12,CUST2591,22.0,Female,PELE493,Wireless Earbuds,Electronics,1,3591.42,3591.42,West
ORD15245,2023-10-12,CUST3167,34.0,Male,PSPO879,Cricket Bat,Sports,2,1221.06,2442.12,North
ORD14215,2023-10-12,CUST2524,16.0,Female,PHOM562,Cushion Set,Home & Kitchen,2,1856.15,3712.3,East
ORD15955,2023-10-12,CUST2828,26.0,Male,PAPP946,Running Shoes,Apparel,1,993.2,993.2,North
ORD14277,2023-10-12,CUST3042,36.0,Female,PELE789,Smartwatch,Electronics,1,2290.09,2290.09,West
ORD13002,2023-10-12,CUST2928,28.0,Male,PELE793,Wireless Earbuds,Electronics,1,3709.89,3709.89,South
ORD13705,2023-10-12,CUST3659,32.0,Female,PAPP904,Hoodie,Apparel,1,756.09,756.09,East
ORD14259,2023-10-12,CUST3673,,Male,PAPP615,Hoodie,Apparel,1,461.34,461.34,South
ORD15911,2023-10-12,CUST2089,39.0,Female,PAPP352,Hoodie,Apparel,2,912.48,1824.96,North
ORD11836,2023-10-12,CUST2116,37.0,Female,PAPP619,Jacket,Apparel,1,2183.55,2183.55,North
ORD11453,2023-10-12,CUST3029,32.0,Male,PBEA297,Lipstick,Beauty,2,1358.34,2716.68,West
ORD10793,2023-10-12,CUST2463,28.0,Female,PSPO453,Dumbbell Set,Sports,3,2119.04,6357.12,North
ORD15645,2023-10-13,CUST2025,38.0,Female,PBEA347,Shampoo,Beauty,1,1493.54,1493.54,East
ORD13374,2023-10-13,CUST3284,23.0,Male,PHOM200,Non-stick Pan,Home & Kitchen,1,2322.43,2322.43,South
ORD14441,2023-10-13,CUST2817,17.0,Female,PELE372,Bluetooth Speaker,Electronics,1,1370.12,1370.12,South
ORD13881,2023-10-13,CUST3443,25.0,Male,PSPO321,Cycling Gloves,Sports,1,1005.1,1005.1,East
ORD10028,2023-10-13,CUST3369,27.0,Male,PSPO804,Yoga Mat,Sports,1,1783.32,1783.32,East
ORD15195,2023-10-13,CUST2097,35.0,Female,PHOM285,Cushion Set,Home & Kitchen,1,1145.02,1145.02,South
ORD14730,2023-10-13,CUST3098,16.0,Female,PELE935,Bluetooth Speaker,Electronics,2,1333.46,2666.92,South
ORD13801,2023-10-13,CUST2195,48.0,Male,PELE743,Smartwatch,Electronics,1,1772.59,1772.59,East
ORD13961,2023-10-13,CUST2230,30.0,Female,PAPP596,Cotton T-Shirt,Apparel,1,1377.68,1377.68,South
ORD13796,2023-10-13,CUST2185,34.0,Female,PHOM714,Cushion Set,Home & Kitchen,1,2702.86,2702.86,West
ORD13199,2023-10-13,CUST3603,21.0,Female,PBEA860,Lipstick,Beauty,1,610.6,610.6,South
ORD15730,2023-10-13,CUST2968,40.0,Male,PAPP161,Denim Jeans,Apparel,1,657.48,657.48,South
ORD14999,2023-10-13,CUST2735,25.0,Male,PELE246,Power Bank,Electronics,1,3740.62,3740.62,East
ORD14840,2023-10-13,CUST3793,23.0,Male,PAPP346,Cotton T-Shirt,Apparel,1,1545.27,1545.27,North
ORD12785,2023-10-13,CUST3719,41.0,Male,PHOM743,Cushion Set,Home & Kitchen,1,1953.92,1953.92,North
ORD11900,2023-10-13,CUST2962,23.0,Male,PELE204,Wireless Earbuds,Electronics,2,4387.68,8775.36,West
ORD12823,2023-10-13,CUST2719,28.0,Male,PELE769,Power Bank,Electronics,2,4343.91,8687.82,East
ORD13793,2023-10-13,CUST3356,33.0,Female,PAPP267,Running Shoes,Apparel,1,2005.6,2005.6,North
ORD13287,2023-10-13,CUST2649,40.0,Female,PHOM681,Blender,Home & Kitchen,1,1323.89,1323.89,South
ORD11826,2023-10-13,CUST2760,49.0,Female,PAPP462,Jacket,Apparel,1,1195.8,1195.8,West
ORD13853,2023-10-14,CUST2189,37.0,Male,PAPP287,Cotton T-Shirt,Apparel,2,1602.93,3205.86,South
ORD14138,2023-10-14,CUST2602,30.0,Female,PELE360,Smartphone Case,Electronics,1,1969.5,1969.5,South
ORD12194,2023-10-14,CUST2616,22.0,Male,PELE428,Bluetooth Speaker,Electronics,2,4210.2,8420.4,South
ORD12957,2023-10-14,CUST3192,23.0,Male,PHOM606,Blender,Home & Kitchen,3,489.93,1469.79,East
ORD13488,2023-10-14,CUST3580,30.0,Female,PAPP299,Running Shoes,Apparel,2,549.22,1098.44,North
ORD15277,2023-10-14,CUST3036,24.0,Female,PHOM161,Blender,Home & Kitchen,1,2062.66,2062.66,East
ORD14816,2023-10-14,CUST2706,22.0,Male,PAPP649,Hoodie,Apparel,2,1535.36,3070.72,West
ORD13132,2023-10-14,CUST2412,36.0,Female,PELE960,Bluetooth Speaker,Electronics,2,3363.47,6726.94,South
ORD13460,2023-10-14,CUST2174,29.0,Male,PELE522,Power Bank,Electronics,1,4396.09,4396.09,South
ORD12910,2023-10-14,CUST2721,34.0,Female,PBEA187,Shampoo,Beauty,1,1350.28,1350.28,South
ORD14325,2023-10-14,CUST3597,29.0,Female,PELE174,Smartwatch,Electronics,2,3631.92,7263.84,North
ORD14959,2023-10-14,CUST2990,37.0,Male,PSPO185,Yoga Mat,Sports,1,1658.95,1658.95,South
ORD14151,2023-10-14,CUST2740,41.0,Female,PAPP504,Hoodie,Apparel,1,2007.77,2007.77,North
ORD15928,2023-10-14,CUST2317,26.0,Male,PAPP136,Jacket,Apparel,1,1898.24,1898.24,West
ORD13397,2023-10-14,CUST2352,38.0,Female,PAPP495,Denim Jeans,Apparel,1,941.43,941.43,East
ORD14241,2023-10-14,CUST3481,33.0,Female,PAPP162,Denim Jeans,Apparel,1,926.44,926.44,South
ORD13491,2023-10-14,CUST3305,24.0,Female,PELE461,Wireless Earbuds,Electronics,1,3421.06,3421.06,North
ORD14294,2023-10-14,CUST2509,40.0,Male,PSPO193,Football,Sports,3,540.89,1622.67,West
ORD12124,2023-10-14,CUST3496,26.0,Male,PHOM291,Storage Rack,Home & Kitchen,1,461.96,461.96,East
ORD15300,2023-10-14,CUST2397,28.0,Male,PSPO333,Cycling Gloves,Sports,1,846.42,846.42,East
ORD11814,2023-10-14,CUST3668,42.0,Male,PSPO212,Football,Sports,1,1735.85,1735.85,South
ORD11483,2023-10-14,CUST2436,30.0,Female,PELE328,Wireless Earbuds,Electronics,2,4410.79,8821.58,East
ORD10021,2023-10-15,CUST3613,40.0,Female,PBEA642,Perfume,Beauty,3,1020.1,3060.3,East
ORD15551,2023-10-15,CUST3171,22.0,Female,PBEA891,Lipstick,Beauty,1,423.87,423.87,North
ORD15766,2023-10-15,CUST3005,29.0,Female,PELE465,Smartphone Case,Electronics,1,2081.49,2081.49,East
ORD14531,2023-10-15,CUST3030,38.0,Female,PHOM269,Table Lamp,Home & Kitchen,2,1497.62,2995.24,North
ORD15977,2023-10-15,CUST3177,19.0,Female,PHOM742,Table Lamp,Home & Kitchen,1,1990.66,1990.66,South
ORD15727,2023-10-15,CUST3547,33.0,Male,PSPO897,Cricket Bat,Sports,1,1937.93,1937.93,South
ORD13648,2023-10-15,CUST2781,30.0,Male,PAPP945,Denim Jeans,Apparel,1,1566.55,1566.55,West
ORD13030,2023-10-15,CUST2993,37.0,Male,PELE923,Smartwatch,Electronics,1,3939.38,3939.38,East
ORD15603,2023-10-15,CUST2513,29.0,Female,PHOM109,Cushion Set,Home & Kitchen,1,544.05,544.05,East
ORD11542,2023-10-15,CUST2866,19.0,Male,PAPP422,Cotton T-Shirt,Apparel,2,2143.38,4286.76,East
ORD12223,2023-10-15,CUST3525,33.0,Female,PSPO528,Football,Sports,1,1960.72,1960.72,South
ORD11112,2023-10-15,CUST3032,35.0,Female,PELE151,Wireless Earbuds,Electronics,1,3454.3,3454.3,East
ORD12757,2023-10-15,CUST2590,27.0,Female,PBEA857,Face Serum,Beauty,1,1399.53,1399.53,South
ORD15027,2023-10-16,CUST2559,19.0,Female,PHOM212,Blender,Home & Kitchen,2,2435.83,4871.66,North
ORD13440,2023-10-16,CUST2475,30.0,Male,PHOM146,Non-stick Pan,Home & Kitchen,1,1073.98,1073.98,West
ORD15390,2023-10-16,CUST2803,30.0,Male,PAPP110,Cotton T-Shirt,Apparel,2,1355.73,2711.46,East
ORD14798,2023-10-16,CUST3217,30.0,Male,PAPP783,Jacket,Apparel,1,811.77,811.77,South
ORD10163,2023-10-16,CUST2710,27.0,Female,PSPO156,Cycling Gloves,Sports,1,633.95,633.95,South
ORD10722,2023-10-16,CUST2165,38.0,Male,PSPO976,Dumbbell Set,Sports,1,1253.98,1253.98,South
ORD15249,2023-10-16,CUST2402,43.0,Male,PELE998,Wireless Earbuds,Electronics,1,4156.88,4156.88,East
ORD11572,2023-10-16,CUST2168,29.0,Female,PELE379,Smartphone Case,Electronics,1,3897.07,3897.07,North
ORD13547,2023-10-16,CUST2352,28.0,Male,PELE830,Smartphone Case,Electronics,1,1567.06,1567.06,East
ORD12082,2023-10-16,CUST3474,22.0,Male,PAPP407,Cotton T-Shirt,Apparel,1,2123.99,2123.99,North
ORD11250,2023-10-16,CUST3637,32.0,Male,PELE531,Smartphone Case,Electronics,1,2906.54,2906.54,North
ORD13171,2023-10-16,CUST3709,25.0,Male,PELE471,Wireless Earbuds,Electronics,2,4268.72,8537.44,South
ORD14807,2023-10-16,CUST2749,16.0,Female,PAPP910,Cotton T-Shirt,Apparel,1,484.78,484.78,East
ORD14759,2023-10-16,CUST2998,29.0,Male,PSPO430,Cycling Gloves,Sports,1,1075.38,1075.38,West
ORD14083,2023-10-16,CUST2967,32.0,Female,PAPP104,Running Shoes,Apparel,1,522.01,522.01,North
ORD14351,2023-10-16,CUST3710,27.0,Female,PELE250,Smartphone Case,Electronics,1,2264.28,2264.28,East
ORD14092,2023-10-16,CUST3086,36.0,Male,PELE112,Power Bank,Electronics,2,2466.44,4932.88,North
ORD10383,2023-10-16,CUST2574,19.0,Female,PELE777,Bluetooth Speaker,Electronics,2,4213.67,8427.34,South
ORD13687,2023-10-16,CUST3517,16.0,Female,PELE308,Bluetooth Speaker,Electronics,1,4076.93,4076.93,South
ORD13739,2023-10-16,CUST3173,43.0,Male,PELE203,Power Bank,Electronics,1,4438.37,4438.37,South
ORD15922,2023-10-17,CUST3565,16.0,Female,PBEA667,Perfume,Beauty,1,199.8,199.8,West
ORD11935,2023-10-17,CUST2205,25.0,Female,PAPP637,Jacket,Apparel,1,1497.94,1497.94,West
ORD14521,2023-10-17,CUST2720,35.0,Male,PELE823,Smartwatch,Electronics,1,1181.3,1181.3,West
ORD13109,2023-10-17,CUST2689,19.0,Female,PELE785,Bluetooth Speaker,Electronics,1,1875.98,1875.98,South
ORD13507,2023-10-17,CUST2516,40.0,Male,PAPP331,Cotton T-Shirt,Apparel,1,595.73,595.73,East
ORD11301,2023-10-17,CUST2596,30.0,Male,PELE855,Power Bank,Electronics,1,4162.26,4162.26,East
ORD15491,2023-10-17,CUST3214,22.0,Female,PELE871,Bluetooth Speaker,Electronics,1,2302.51,2302.51,North
ORD10601,2023-10-17,CUST3108,16.0,Male,PHOM538,Blender,Home & Kitchen,1,2551.78,2551.78,West
ORD15355,2023-10-17,CUST3776,21.0,Female,PELE881,Power Bank,Electronics,1,2671.61,2671.61,West
ORD10114,2023-10-17,CUST3427,38.0,Male,PHOM368,Cushion Set,Home & Kitchen,2,1764.26,3528.52,West
ORD13952,2023-10-17,CUST3011,37.0,Female,PELE508,Smartwatch,Electronics,1,2055.7,2055.7,West
ORD14561,2023-10-17,CUST2449,47.0,Male,PHOM634,Blender,Home & Kitchen,2,346.38,692.76,North
ORD10194,2023-10-17,CUST2863,39.0,Female,PBEA578,Lipstick,Beauty,1,482.47,482.47,North
ORD10305,2023-10-17,CUST3196,37.0,Female,PSPO394,Cricket Bat,Sports,1,518.04,518.04,South
ORD14095,2023-10-17,CUST2232,26.0,Male,PSPO899,Yoga Mat,Sports,1,441.08,441.08,West
ORD13835,2023-10-17,CUST3715,23.0,Male,PHOM757,Storage Rack,Home & Kitchen,1,787.85,787.85,East
ORD15438,2023-10-17,CUST2091,28.0,Male,PSPO229,Cricket Bat,Sports,1,2027.97,2027.97,East
ORD13029,2023-10-17,CUST3461,39.0,Female,PBEA670,Face Wash,Beauty,1,979.2,979.2,East
ORD10539,2023-10-17,CUST2385,25.0,Female,PBEA311,Face Serum,Beauty,1,775.07,775.07,East
ORD14383,2023-10-17,CUST3565,36.0,Female,PELE914,Smartphone Case,Electronics,2,2012.6,4025.2,South
ORD14624,2023-10-18,CUST3663,48.0,Male,PSPO315,Dumbbell Set,Sports,1,1228.97,1228.97,East
ORD10153,2023-10-18,CUST2667,27.0,Female,PBEA195,Perfume,Beauty,1,933.5,933.5,South
ORD11784,2023-10-18,CUST2725,18.0,Male,PAPP332,Hoodie,Apparel,1,1258.94,1258.94,East
ORD15868,2023-10-18,CUST2924,43.0,Female,PHOM367,Blender,Home & Kitchen,1,1828.95,1828.95,East
ORD12974,2023-10-18,CUST3182,27.0,Male,PSPO985,Yoga Mat,Sports,1,311.02,311.02,West
ORD13543,2023-10-18,CUST3470,33.0,Male,PHOM360,Blender,Home & Kitchen,1,2392.37,2392.37,South
ORD13309,2023-10-18,CUST2812,29.0,Male,PELE642,Wireless Earbuds,Electronics,1,830.89,830.89,South
ORD11807,2023-10-18,CUST2157,48.0,Female,PELE685,Wireless Earbuds,Electronics,1,1461.59,1461.59,East
ORD13900,2023-10-18,CUST2483,34.0,Female,PAPP601,Cotton T-Shirt,Apparel,1,2039.38,2039.38,West
ORD14276,2023-10-18,CUST3755,36.0,Male,PELE447,Wireless Earbuds,Electronics,1,2243.24,2243.24,North
ORD13915,2023-10-18,CUST2987,40.0,Male,PAPP729,Hoodie,Apparel,1,910.14,910.14,North
ORD15182,2023-10-18,CUST3601,23.0,Female,PSPO507,Football,Sports,2,499.74,999.48,North
ORD10727,2023-10-18,CUST2228,41.0,Female,PAPP991,Running Shoes,Apparel,1,1171.94,1171.94,East
ORD13242,2023-10-18,CUST2656,21.0,Male,PAPP640,Denim Jeans,Apparel,2,2044.55,4089.1,East
ORD14727,2023-10-18,CUST3435,45.0,Male,PHOM938,Cushion Set,Home & Kitchen,2,1425.42,2850.84,North
ORD10199,2023-10-18,CUST3278,45.0,Male,PHOM741,Storage Rack,Home & Kitchen,1,1792.0,1792.0,South
ORD14707,2023-10-18,CUST3784,37.0,Male,PAPP550,Running Shoes,Apparel,1,1026.6,1026.6,South
ORD14637,2023-10-18,CUST2519,20.0,Male,PHOM514,Non-stick Pan,Home & Kitchen,1,463.29,463.29,West
ORD10240,2023-10-18,CUST2792,18.0,Female,PAPP355,Hoodie,Apparel,1,720.93,720.93,South
ORD14061,2023-10-18,CUST3569,25.0,Female,PELE797,Power Bank,Electronics,1,1583.1,1583.1,West
ORD12474,2023-10-18,CUST3002,45.0,Male,PELE511,Power Bank,Electronics,1,2863.95,2863.95,South
ORD15357,2023-10-18,CUST3742,37.0,Female,PSPO828,Yoga Mat,Sports,1,2348.67,2348.67,North
ORD11475,2023-10-18,CUST3215,25.0,Female,PELE588,Smartphone Case,Electronics,1,3375.35,3375.35,North
ORD11892,2023-10-18,CUST2349,34.0,Female,PBEA115,Perfume,Beauty,1,847.65,847.65,North
ORD10621,2023-10-19,CUST2108,16.0,Female,PELE116,Smartphone Case,Electronics,1,4467.58,4467.58,East
ORD10201,2023-10-19,CUST3516,39.0,Male,PBEA388,Face Serum,Beauty,1,228.01,228.01,South
ORD13888,2023-10-19,CUST2454,38.0,Female,PAPP325,Denim Jeans,Apparel,1,953.04,953.04,East
ORD13413,2023-10-19,CUST3242,27.0,Male,PBEA833,Perfume,Beauty,2,1454.84,2909.68,East
ORD13137,2023-10-19,CUST2668,25.0,Male,PSPO344,Cricket Bat,Sports,3,1353.5,4060.5,North
ORD10786,2023-10-19,CUST2051,31.0,Male,PELE769,Smartphone Case,Electronics,2,903.0,1806.0,North
ORD11536,2023-10-19,CUST2724,32.0,Male,PSPO514,Yoga Mat,Sports,1,1476.65,1476.65,North
ORD11747,2023-10-19,CUST3173,42.0,Female,PBEA816,Shampoo,Beauty,1,742.61,742.61,West
ORD11950,2023-10-19,CUST2614,33.0,Female,PBEA118,Lipstick,Beauty,1,295.51,295.51,East
ORD11184,2023-10-19,CUST3161,33.0,Male,PAPP424,Denim Jeans,Apparel,2,2086.37,4172.74,West
ORD13963,2023-10-19,CUST3702,16.0,Male,PHOM353,Non-stick Pan,Home & Kitchen,1,664.38,664.38,West
ORD12592,2023-10-19,CUST2049,29.0,Male,PELE125,Wireless Earbuds,Electronics,1,1827.38,1827.38,North
ORD10930,2023-10-19,CUST2969,34.0,Female,PSPO459,Cricket Bat,Sports,1,794.48,794.48,East
ORD15625,2023-10-19,CUST2103,28.0,Female,PELE671,Smartphone Case,Electronics,1,2640.33,2640.33,South
ORD13084,2023-10-19,CUST2719,39.0,Male,PELE417,Power Bank,Electronics,1,4431.41,4431.41,East
ORD10967,2023-10-19,CUST2568,24.0,Female,PELE191,Smartphone Case,Electronics,2,3521.02,7042.04,North
ORD12791,2023-10-19,CUST2229,23.0,Female,PSPO172,Football,Sports,2,292.2,584.4,North
ORD11520,2023-10-19,CUST2634,30.0,Male,PSPO509,Cycling Gloves,Sports,1,1953.34,1953.34,West
ORD13404,2023-10-20,CUST3712,43.0,Female,PAPP227,Cotton T-Shirt,Apparel,2,767.01,1534.02,South
ORD13364,2023-10-20,CUST2847,25.0,Female,PAPP928,Denim Jeans,Apparel,2,1114.05,2228.1,East
ORD12175,2023-10-20,CUST3010,26.0,Male,PAPP964,Denim Jeans,Apparel,2,782.0,1564.0,East
ORD14415,2023-10-20,CUST3696,26.0,Male,PBEA923,Face Wash,Beauty,1,1394.93,1394.93,West
ORD14233,2023-10-20,CUST3701,30.0,Male,PAPP444,Denim Jeans,Apparel,1,595.99,595.99,North
ORD14711,2023-10-20,CUST3683,39.0,Male,PAPP962,Cotton T-Shirt,Apparel,1,587.28,587.28,South
ORD11598,2023-10-20,CUST2491,29.0,Female,PBEA914,Shampoo,Beauty,2,769.26,1538.52,East
ORD10319,2023-10-20,CUST3180,21.0,Female,PAPP596,Hoodie,Apparel,2,1722.42,3444.84,North
ORD15917,2023-10-20,CUST3126,35.0,Female,PELE705,Wireless Earbuds,Electronics,1,1855.92,1855.92,North
ORD14238,2023-10-20,CUST2428,16.0,Male,PELE860,Wireless Earbuds,Electronics,2,2796.66,5593.32,North
ORD15060,2023-10-20,CUST3592,31.0,Male,PAPP288,Cotton T-Shirt,Apparel,1,2048.7,2048.7,South
ORD11012,2023-10-20,CUST3251,28.0,Female,PELE486,Wireless Earbuds,Electronics,1,1732.22,1732.22,North
ORD14348,2023-10-20,CUST2498,38.0,Male,PHOM824,Blender,Home & Kitchen,1,343.9,343.9,East
ORD15972,2023-10-20,CUST3664,39.0,Male,PAPP501,Denim Jeans,Apparel,1,1358.6,1358.6,North
ORD14317,2023-10-20,CUST2360,43.0,Female,PSPO738,Dumbbell Set,Sports,2,324.46,648.92,East
ORD12361,2023-10-20,CUST3538,26.0,Female,PBEA787,Perfume,Beauty,1,789.48,789.48,South
ORD12219,2023-10-20,CUST2268,21.0,Female,PELE824,Smartphone Case,Electronics,2,1933.09,3866.18,East
ORD14376,2023-10-20,CUST3122,32.0,Male,PHOM863,Non-stick Pan,Home & Kitchen,1,2400.27,2400.27,South
ORD14024,2023-10-20,CUST2120,41.0,Female,PSPO286,Cricket Bat,Sports,1,1948.18,1948.18,North
ORD11066,2023-10-20,CUST2645,30.0,Female,PELE795,Power Bank,Electronics,3,4496.49,13489.47,North
ORD10470,2023-10-20,CUST2135,27.0,Male,PHOM262,Non-stick Pan,Home & Kitchen,1,2496.68,2496.68,North
ORD10530,2023-10-20,CUST3597,40.0,Male,PHOM495,Storage Rack,Home & Kitchen,2,2803.63,5607.26,West
ORD10499,2023-10-21,CUST3678,26.0,Female,PELE178,Smartwatch,Electronics,1,1487.44,1487.44,East
ORD13369,2023-10-21,CUST2773,32.0,Male,PSPO311,Cycling Gloves,Sports,1,1092.57,1092.57,West
ORD14693,2023-10-21,CUST3755,32.0,Male,PBEA800,Face Wash,Beauty,1,1256.48,1256.48,West
ORD11884,2023-10-21,CUST3455,26.0,Female,PAPP842,Jacket,Apparel,1,2112.39,2112.39,North
ORD13110,2023-10-21,CUST2623,40.0,Female,PAPP726,Denim Jeans,Apparel,1,530.9,530.9,South
ORD10962,2023-10-21,CUST3439,40.0,Male,PBEA913,Face Serum,Beauty,1,569.66,569.66,South
ORD12200,2023-10-21,CUST2058,37.0,Male,PAPP370,Denim Jeans,Apparel,3,2128.04,6384.12,East
ORD11309,2023-10-21,CUST3656,36.0,Female,PBEA733,Lipstick,Beauty,1,638.41,638.41,South
ORD12042,2023-10-21,CUST3725,32.0,Female,PELE518,Smartphone Case,Electronics,2,1872.89,3745.78,West
ORD14255,2023-10-21,CUST2426,28.0,Female,PBEA856,Face Wash,Beauty,1,804.55,804.55,East
ORD12639,2023-10-21,CUST2415,29.0,Female,PHOM549,Non-stick Pan,Home & Kitchen,2,2400.64,4801.28,South
ORD11057,2023-10-21,CUST2972,34.0,Female,PHOM294,Table Lamp,Home & Kitchen,1,692.01,692.01,South
ORD15765,2023-10-21,CUST2937,42.0,Male,PHOM929,Storage Rack,Home & Kitchen,1,2768.43,2768.43,North
ORD14226,2023-10-21,CUST3508,26.0,Male,PBEA698,Face Serum,Beauty,1,1491.2,1491.2,South
ORD11703,2023-10-21,CUST2762,24.0,Male,PAPP950,Jacket,Apparel,2,888.23,1776.46,North
ORD13989,2023-10-21,CUST2571,28.0,Male,PBEA180,Perfume,Beauty,1,815.51,815.51,East
ORD13420,2023-10-21,CUST2409,39.0,Female,PBEA711,Face Serum,Beauty,1,1219.48,1219.48,North
ORD13597,2023-10-21,CUST2097,28.0,Male,PELE491,Smartphone Case,Electronics,1,1095.68,1095.68,South
ORD10993,2023-10-21,CUST3250,21.0,Female,PAPP849,Jacket,Apparel,1,1862.06,1862.06,North
ORD10606,2023-10-21,CUST3706,31.0,Female,PELE887,Power Bank,Electronics,2,3354.12,6708.24,South
ORD11991,2023-10-21,CUST2536,25.0,Male,PELE133,Power Bank,Electronics,2,3898.43,7796.86,North
ORD15214,2023-10-21,CUST2566,38.0,Female,PAPP214,Jacket,Apparel,2,1958.14,3916.28,South
ORD10127,2023-10-21,CUST3274,16.0,Female,PAPP284,Denim Jeans,Apparel,1,2150.0,2150.0,North
ORD14649,2023-10-22,CUST3501,16.0,Female,PBEA167,Lipstick,Beauty,3,828.39,2485.17,South
ORD12717,2023-10-22,CUST3004,36.0,Male,PAPP586,Jacket,Apparel,1,1586.15,1586.15,North
ORD14003,2023-10-22,CUST2600,39.0,Female,PBEA141,Shampoo,Beauty,1,1129.87,1129.87,North
ORD13804,2023-10-22,CUST2730,36.0,Female,PELE323,Power Bank,Electronics,1,1422.14,1422.14,West
ORD13523,2023-10-22,CUST3458,33.0,Female,PHOM956,Blender,Home & Kitchen,1,958.33,958.33,North
ORD13241,2023-10-22,CUST2454,38.0,Female,PELE141,Power Bank,Electronics,1,3017.61,3017.61,East
ORD10443,2023-10-22,CUST3693,19.0,Female,PAPP677,Denim Jeans,Apparel,2,1198.94,2397.88,South
ORD14292,2023-10-22,CUST2852,26.0,Female,PHOM766,Non-stick Pan,Home & Kitchen,1,1744.54,1744.54,North
ORD11660,2023-10-22,CUST3348,16.0,Female,PSPO531,Dumbbell Set,Sports,2,2004.97,4009.94,South
ORD12088,2023-10-22,CUST3262,31.0,Male,PELE878,Bluetooth Speaker,Electronics,1,2476.97,2476.97,East
ORD14044,2023-10-23,CUST3074,33.0,Female,PHOM192,Table Lamp,Home & Kitchen,2,556.08,1112.16,East
ORD15865,2023-10-23,CUST3197,27.0,Male,PAPP863,Jacket,Apparel,1,1845.51,1845.51,West
ORD11897,2023-10-23,CUST3463,26.0,Female,PELE302,Wireless Earbuds,Electronics,1,1912.48,1912.48,South
ORD13993,2023-10-23,CUST3219,34.0,Female,PHOM978,Non-stick Pan,Home & Kitchen,1,2945.6,2945.6,North
ORD15866,2023-10-23,CUST2335,37.0,Male,PELE330,Smartphone Case,Electronics,1,1720.69,1720.69,East
ORD10451,2023-10-23,CUST2441,32.0,Female,PAPP211,Running Shoes,Apparel,2,789.87,1579.74,South
ORD14201,2023-10-23,CUST3632,29.0,Female,PAPP647,Jacket,Apparel,1,2055.52,2055.52,East
ORD11696,2023-10-23,CUST3706,24.0,Female,PHOM917,Blender,Home & Kitchen,1,1797.44,1797.44,West
ORD15847,2023-10-23,CUST2233,32.0,Male,PHOM774,Table Lamp,Home & Kitchen,1,2003.3,2003.3,East
ORD13016,2023-10-23,CUST2147,25.0,Male,PAPP505,Denim Jeans,Apparel,1,415.61,415.61,South
ORD14774,2023-10-23,CUST3191,24.0,Male,PAPP476,Denim Jeans,Apparel,1,1972.08,1972.08,North
ORD15878,2023-10-23,CUST2313,39.0,Male,PBEA229,Perfume,Beauty,1,932.57,932.57,South
ORD12436,2023-10-23,CUST2794,35.0,Male,PHOM729,Non-stick Pan,Home & Kitchen,2,437.43,874.86,North
ORD14967,2023-10-23,CUST2042,30.0,Female,PELE487,Smartphone Case,Electronics,1,2795.91,2795.91,North
ORD10112,2023-10-23,CUST3783,30.0,Female,PHOM189,Storage Rack,Home & Kitchen,1,2448.41,2448.41,South
ORD10729,2023-10-23,CUST2608,26.0,Female,PHOM276,Cushion Set,Home & Kitchen,1,920.75,920.75,West
ORD11004,2023-10-23,CUST2290,29.0,Female,PAPP626,Denim Jeans,Apparel,2,924.97,1849.94,West
ORD14194,2023-10-23,CUST3788,44.0,Female,PELE604,Power Bank,Electronics,1,1731.24,1731.24,North
ORD15380,2023-10-24,CUST2521,44.0,Male,PELE250,Power Bank,Electronics,2,3747.12,7494.24,East
ORD10150,2023-10-24,CUST2779,23.0,Female,PAPP423,Jacket,Apparel,1,778.08,778.08,South
ORD13308,2023-10-24,CUST3009,35.0,Male,PAPP995,Jacket,Apparel,1,1204.43,1204.43,South
ORD10003,2023-10-24,CUST3524,50.0,Female,PAPP693,Jacket,Apparel,2,1735.19,3470.38,North
ORD12269,2023-10-24,CUST2444,25.0,Female,PSPO101,Yoga Mat,Sports,1,1808.88,1808.88,North
ORD14595,2023-10-24,CUST3183,37.0,Female,PBEA376,Perfume,Beauty,2,1319.72,2639.44,South
ORD14577,2023-10-24,CUST2099,58.0,Male,PAPP781,Jacket,Apparel,2,1126.01,2252.02,South
ORD10778,2023-10-24,CUST3015,38.0,Male,PHOM606,Non-stick Pan,Home & Kitchen,1,1061.73,1061.73,West
ORD14121,2023-10-24,CUST2682,32.0,Male,PAPP220,Hoodie,Apparel,2,1572.35,3144.7,North
ORD12500,2023-10-24,CUST3431,26.0,Female,PELE427,Smartwatch,Electronics,1,3054.91,3054.91,North
ORD15220,2023-10-24,CUST2084,36.0,Female,PAPP731,Running Shoes,Apparel,1,2054.23,2054.23,East
ORD12618,2023-10-24,CUST3566,29.0,Female,PBEA924,Perfume,Beauty,1,912.81,912.81,South
ORD11314,2023-10-24,CUST2097,22.0,Male,PSPO185,Yoga Mat,Sports,1,1885.3,1885.3,South
ORD12261,2023-10-24,CUST2786,16.0,Male,PHOM524,Non-stick Pan,Home & Kitchen,1,1030.51,1030.51,West
ORD14096,2023-10-24,CUST3033,26.0,Female,PAPP817,Cotton T-Shirt,Apparel,1,742.15,742.15,North
ORD11878,2023-10-25,CUST3098,32.0,Female,PELE693,Power Bank,Electronics,2,1107.93,2215.86,North
ORD10449,2023-10-25,CUST3776,23.0,Female,PELE150,Smartphone Case,Electronics,1,3924.72,3924.72,North
ORD15728,2023-10-25,CUST3038,36.0,Male,PELE652,Bluetooth Speaker,Electronics,1,2967.18,2967.18,South
ORD13740,2023-10-25,CUST2816,16.0,Female,PAPP600,Denim Jeans,Apparel,1,948.03,948.03,West
ORD13942,2023-10-25,CUST2427,30.0,Male,PELE390,Smartwatch,Electronics,1,3362.73,3362.73,West
ORD11775,2023-10-25,CUST3595,25.0,Male,PAPP290,Jacket,Apparel,1,785.45,785.45,South
ORD14141,2023-10-25,CUST2296,22.0,Female,PBEA241,Perfume,Beauty,1,1387.94,1387.94,West
ORD10231,2023-10-25,CUST2306,28.0,Male,PAPP390,Denim Jeans,Apparel,1,1714.42,1714.42,East
ORD12565,2023-10-25,CUST2304,32.0,Male,PHOM779,Cushion Set,Home & Kitchen,2,702.19,1404.38,South
ORD11953,2023-10-25,CUST3129,32.0,Male,PELE801,Smartwatch,Electronics,1,3259.45,3259.45,North
ORD11167,2023-10-25,CUST2805,36.0,Female,PAPP129,Hoodie,Apparel,1,1189.13,1189.13,North
ORD12216,2023-10-25,CUST2237,39.0,Male,PHOM553,Blender,Home & Kitchen,1,2603.79,2603.79,North
ORD12937,2023-10-25,CUST2877,20.0,Male,PHOM963,Storage Rack,Home & Kitchen,1,406.73,406.73,West
ORD12116,2023-10-25,CUST2193,18.0,Male,PELE365,Bluetooth Speaker,Electronics,1,1792.1,1792.1,North
ORD12600,2023-10-25,CUST3354,25.0,Female,PSPO600,Dumbbell Set,Sports,2,1348.12,2696.24,South
ORD15304,2023-10-25,CUST2872,38.0,Male,PAPP267,Denim Jeans,Apparel,1,956.82,956.82,North
ORD14861,2023-10-25,CUST2949,23.0,Male,PSPO757,Yoga Mat,Sports,1,511.19,511.19,West
ORD14820,2023-10-25,CUST2252,29.0,Female,PHOM441,Blender,Home & Kitchen,2,2389.62,4779.24,North
ORD13021,2023-10-25,CUST2799,35.0,Male,PBEA922,Face Wash,Beauty,1,1160.99,1160.99,West
ORD13773,2023-10-25,CUST3329,48.0,Male,PHOM937,Table Lamp,Home & Kitchen,1,2762.56,2762.56,West
ORD12669,2023-10-25,CUST3691,20.0,Male,PAPP837,Hoodie,Apparel,1,661.52,661.52,East
ORD11437,2023-10-25,CUST3140,47.0,Male,PAPP895,Denim Jeans,Apparel,1,1704.44,1704.44,East
ORD13392,2023-10-25,CUST3607,21.0,Male,PAPP728,Jacket,Apparel,1,1792.34,1792.34,North
ORD14406,2023-10-26,CUST2351,30.0,Male,PAPP571,Running Shoes,Apparel,1,1561.14,1561.14,East
ORD13435,2023-10-26,CUST2908,38.0,Male,PSPO291,Cricket Bat,Sports,1,1849.67,1849.67,West
ORD11241,2023-10-26,CUST2377,33.0,Female,PHOM287,Blender,Home & Kitchen,2,1170.67,2341.34,South
ORD13179,2023-10-26,CUST2663,32.0,Female,PHOM667,Blender,Home & Kitchen,1,1105.68,1105.68,South
ORD15965,2023-10-26,CUST2304,16.0,Female,PELE309,Smartphone Case,Electronics,1,2560.22,2560.22,East
ORD14992,2023-10-26,CUST3325,31.0,Male,PELE665,Smartwatch,Electronics,1,3923.15,3923.15,West
ORD13478,2023-10-26,CUST2132,16.0,Female,PELE557,Smartphone Case,Electronics,1,2072.15,2072.15,East
ORD15153,2023-10-26,CUST3086,30.0,Female,PELE351,Bluetooth Speaker,Electronics,1,2716.04,2716.04,West
ORD14293,2023-10-26,CUST2385,35.0,Male,PAPP784,Denim Jeans,Apparel,2,1291.06,2582.12,West
ORD11538,2023-10-26,CUST3253,24.0,Male,PBEA349,Face Serum,Beauty,3,607.89,1823.67,North
ORD13799,2023-10-26,CUST2050,30.0,Female,PAPP317,Denim Jeans,Apparel,1,1851.51,1851.51,West
ORD14267,2023-10-26,CUST2579,28.0,Female,PHOM348,Table Lamp,Home & Kitchen,1,1138.89,1138.89,North
ORD13686,2023-10-26,CUST3549,36.0,Female,PSPO273,Cycling Gloves,Sports,1,1577.01,1577.01,South
ORD10688,2023-10-26,CUST2553,28.0,Male,PELE623,Smartwatch,Electronics,1,2694.74,2694.74,North
ORD15413,2023-10-26,CUST3460,36.0,Male,PSPO753,Cricket Bat,Sports,1,1190.43,1190.43,South
ORD14694,2023-10-26,CUST3652,26.0,Female,PAPP251,Denim Jeans,Apparel,1,879.66,879.66,North
ORD12470,2023-10-27,CUST3126,27.0,Female,PBEA998,Face Serum,Beauty,1,552.69,552.69,North
ORD15555,2023-10-27,CUST2636,35.0,Male,PAPP828,Hoodie,Apparel,1,1085.78,1085.78,South
ORD11728,2023-10-27,CUST2401,34.0,Female,PHOM141,Storage Rack,Home & Kitchen,1,442.03,442.03,South
ORD13258,2023-10-27,CUST3506,23.0,Male,PELE277,Smartphone Case,Electronics,3,2001.73,6005.19,West
ORD12231,2023-10-27,CUST2935,25.0,Male,PAPP764,Cotton T-Shirt,Apparel,2,1835.7,3671.4,East
ORD10202,2023-10-27,CUST2758,19.0,Male,PBEA262,Lipstick,Beauty,2,732.43,1464.86,North
ORD10057,2023-10-27,CUST3764,25.0,Male,PHOM192,Table Lamp,Home & Kitchen,3,2223.38,6670.14,West
ORD13926,2023-10-27,CUST3153,31.0,Female,PAPP972,Hoodie,Apparel,1,1147.85,1147.85,East
ORD11283,2023-10-27,CUST3188,19.0,Female,PHOM633,Table Lamp,Home & Kitchen,3,632.76,1898.28,South
ORD13405,2023-10-27,CUST2405,19.0,Female,PAPP378,Jacket,Apparel,1,1365.72,1365.72,North
ORD14104,2023-10-27,CUST3154,44.0,Female,PSPO730,Football,Sports,1,986.31,986.31,North
ORD14082,2023-10-28,CUST3099,26.0,Male,PELE200,Wireless Earbuds,Electronics,1,1777.29,1777.29,South
ORD13953,2023-10-28,CUST3504,32.0,Female,PHOM383,Storage Rack,Home & Kitchen,2,786.09,1572.18,North
ORD12595,2023-10-28,CUST3567,37.0,Male,PELE146,Power Bank,Electronics,2,1100.94,2201.88,South
ORD13510,2023-10-29,CUST2240,18.0,Female,PAPP601,Hoodie,Apparel,2,937.53,1875.06,West
ORD12886,2023-10-29,CUST2817,40.0,Female,PELE983,Power Bank,Electronics,1,3534.44,3534.44,East
ORD13892,2023-10-29,CUST3267,45.0,Female,PAPP228,Hoodie,Apparel,1,750.0,750.0,South
ORD11683,2023-10-29,CUST3335,37.0,Male,PAPP847,Cotton T-Shirt,Apparel,2,1757.86,3515.72,North
ORD14139,2023-10-29,CUST3184,34.0,Female,PBEA966,Face Serum,Beauty,2,696.96,1393.92,West
ORD11406,2023-10-30,CUST2637,29.0,Male,PSPO248,Dumbbell Set,Sports,1,2441.35,2441.35,North
ORD14060,2023-10-30,CUST2378,40.0,Female,PAPP572,Running Shoes,Apparel,1,412.77,412.77,West
ORD11680,2023-10-30,CUST2212,24.0,Female,PELE123,Bluetooth Speaker,Electronics,1,3135.0,3135.0,North
ORD12628,2023-10-31,CUST3235,22.0,Male,PELE503,Bluetooth Speaker,Electronics,1,2024.53,2024.53,South
ORD12623,2023-10-31,CUST2212,26.0,Female,PELE980,Smartwatch,Electronics,1,2429.23,2429.23,North
ORD10089,2023-10-31,CUST3553,39.0,Female,PBEA856,Perfume,Beauty,1,1132.08,1132.08,South
ORD13291,2023-10-31,CUST2268,26.0,Female,PBEA873,Face Wash,Beauty,1,748.39,748.39,North
ORD14810,2023-10-31,CUST3169,29.0,Male,PAPP215,Running Shoes,Apparel,1,951.44,951.44,North
ORD13387,2023-11-01,CUST2749,57.0,Female,PELE819,Power Bank,Electronics,2,4056.2,8112.4,South
ORD12140,2023-11-01,CUST2492,32.0,Male,PBEA863,Shampoo,Beauty,1,1030.07,1030.07,West
ORD15393,2023-11-01,CUST3721,26.0,Female,PHOM208,Blender,Home & Kitchen,1,827.41,827.41,North
ORD15363,2023-11-01,CUST2693,22.0,Female,PHOM769,Cushion Set,Home & Kitchen,1,986.95,986.95,South
ORD11940,2023-11-01,CUST2298,20.0,Female,PBEA181,Face Serum,Beauty,1,1229.26,1229.26,North
ORD11247,2023-11-01,CUST3318,32.0,Male,PHOM198,Non-stick Pan,Home & Kitchen,1,1169.09,1169.09,East
ORD11879,2023-11-01,CUST3339,29.0,Male,PAPP665,Denim Jeans,Apparel,1,1392.34,1392.34,North
ORD10712,2023-11-01,CUST2744,25.0,Male,PBEA971,Lipstick,Beauty,1,1145.88,1145.88,North
ORD11663,2023-11-01,CUST2047,28.0,Female,PELE252,Wireless Earbuds,Electronics,1,2571.59,2571.59,East
ORD11947,2023-11-01,CUST3521,23.0,Female,PBEA466,Perfume,Beauty,1,386.8,386.8,North
ORD14575,2023-11-01,CUST2445,34.0,Female,PBEA292,Face Serum,Beauty,2,1370.95,2741.9,South
ORD10105,2023-11-01,CUST2278,31.0,Male,PELE374,Smartwatch,Electronics,1,3603.57,3603.57,South
ORD15179,2023-11-01,CUST3796,45.0,Female,PELE650,Smartwatch,Electronics,1,3882.32,3882.32,East
ORD10524,2023-11-01,CUST3429,34.0,Male,PAPP791,Denim Jeans,Apparel,1,1795.58,1795.58,South
ORD14783,2023-11-01,CUST2477,24.0,Female,PELE412,Smartwatch,Electronics,2,1842.46,3684.92,South
ORD15265,2023-11-01,CUST3267,40.0,Female,PELE903,Smartphone Case,Electronics,1,2463.55,2463.55,South
ORD10238,2023-11-01,CUST3603,29.0,Female,PELE704,Bluetooth Speaker,Electronics,2,1287.87,2575.74,East
ORD10841,2023-11-02,CUST2592,40.0,Female,PHOM222,Blender,Home & Kitchen,1,439.39,439.39,South
ORD11234,2023-11-02,CUST3764,36.0,Male,PAPP501,Cotton T-Shirt,Apparel,2,2087.89,4175.78,East
ORD10872,2023-11-02,CUST2215,38.0,Male,PSPO264,Yoga Mat,Sports,1,970.02,970.02,North
ORD15241,2023-11-02,CUST2713,34.0,Male,PELE201,Smartphone Case,Electronics,1,2917.12,2917.12,North
ORD13690,2023-11-02,CUST3521,20.0,Female,PAPP860,Jacket,Apparel,2,403.56,807.12,West
ORD13430,2023-11-02,CUST3108,39.0,Female,PBEA781,Face Serum,Beauty,1,1380.43,1380.43,East
ORD11146,2023-11-02,CUST3460,16.0,Female,PELE503,Power Bank,Electronics,1,1698.86,1698.86,South
ORD13054,2023-11-02,CUST2986,27.0,Female,PSPO445,Yoga Mat,Sports,2,515.92,1031.84,South
ORD10495,2023-11-02,CUST3698,31.0,Female,PELE700,Wireless Earbuds,Electronics,1,3946.9,3946.9,North
ORD12093,2023-11-02,CUST2632,29.0,Male,PAPP663,Jacket,Apparel,1,1345.18,1345.18,South
ORD10461,2023-11-03,CUST3667,35.0,Male,PAPP137,Denim Jeans,Apparel,1,1036.27,1036.27,West
ORD15349,2023-11-03,CUST2831,28.0,Female,PHOM934,Blender,Home & Kitchen,1,2986.97,2986.97,West
ORD12599,2023-11-03,CUST3169,39.0,Male,PHOM331,Table Lamp,Home & Kitchen,2,1269.09,2538.18,West
ORD10453,2023-11-03,CUST2111,18.0,Male,PELE685,Smartphone Case,Electronics,2,1814.66,3629.32,North
ORD14040,2023-11-03,CUST2856,37.0,Female,PAPP414,Cotton T-Shirt,Apparel,1,2115.64,2115.64,South
ORD10434,2023-11-03,CUST3528,48.0,Male,PHOM457,Table Lamp,Home & Kitchen,1,1444.08,1444.08,East
ORD12834,2023-11-03,CUST2731,16.0,Male,PBEA730,Face Wash,Beauty,1,1265.84,1265.84,North
ORD13564,2023-11-03,CUST3789,37.0,Male,PBEA748,Face Wash,Beauty,3,1318.96,3956.88,North
ORD12794,2023-11-03,CUST3294,47.0,Female,PELE880,Smartwatch,Electronics,1,4345.55,4345.55,South
ORD10047,2023-11-03,CUST2412,30.0,Female,PBEA284,Lipstick,Beauty,1,1128.64,1128.64,East
ORD12062,2023-11-03,CUST2669,41.0,Female,PSPO610,Yoga Mat,Sports,1,844.57,844.57,East
ORD11169,2023-11-03,CUST3113,28.0,Male,PHOM995,Cushion Set,Home & Kitchen,2,1880.63,3761.26,North
ORD10899,2023-11-03,CUST3447,26.0,Male,PELE706,Power Bank,Electronics,1,1907.88,1907.88,East
ORD15804,2023-11-03,CUST3742,38.0,Male,PAPP570,Running Shoes,Apparel,1,990.6,990.6,South
ORD10205,2023-11-03,CUST3572,37.0,Female,PAPP151,Jacket,Apparel,1,2088.32,2088.32,South
ORD15575,2023-11-03,CUST3227,25.0,Male,PHOM522,Non-stick Pan,Home & Kitchen,1,2418.79,2418.79,West
ORD11960,2023-11-03,CUST2976,40.0,Male,PBEA611,Face Wash,Beauty,1,1335.46,1335.46,South
ORD12299,2023-11-03,CUST2284,30.0,Male,PELE992,Wireless Earbuds,Electronics,1,3009.57,3009.57,South
ORD10413,2023-11-03,CUST2391,46.0,Male,PBEA606,Perfume,Beauty,2,694.22,1388.44,South
ORD14544,2023-11-03,CUST3098,20.0,Male,PAPP655,Hoodie,Apparel,1,1170.05,1170.05,North
ORD10968,2023-11-03,CUST3145,40.0,Male,PSPO869,Cricket Bat,Sports,1,1447.86,1447.86,South
ORD13956,2023-11-03,CUST2110,36.0,Male,PELE568,Smartwatch,Electronics,1,1086.72,1086.72,West
ORD12291,2023-11-03,CUST3213,31.0,Male,PELE513,Bluetooth Speaker,Electronics,1,3487.3,3487.3,North
ORD12144,2023-11-03,CUST2753,44.0,Female,PBEA937,Perfume,Beauty,1,170.88,170.88,North
ORD12424,2023-11-03,CUST2404,38.0,Male,PHOM998,Blender,Home & Kitchen,1,1133.51,1133.51,East
ORD10565,2023-11-03,CUST2550,39.0,Male,PHOM459,Table Lamp,Home & Kitchen,1,463.71,463.71,South
ORD13502,2023-11-04,CUST3252,44.0,Female,PAPP375,Cotton T-Shirt,Apparel,1,1702.67,1702.67,South
ORD10269,2023-11-04,CUST2239,29.0,Female,PAPP891,Denim Jeans,Apparel,1,1441.7,1441.7,North
ORD15657,2023-11-04,CUST3484,45.0,Male,PBEA535,Perfume,Beauty,2,186.21,372.42,North
ORD12835,2023-11-04,CUST3253,24.0,Female,PELE897,Bluetooth Speaker,Electronics,2,4483.21,8966.42,North
ORD11077,2023-11-04,CUST3246,29.0,Female,PAPP184,Cotton T-Shirt,Apparel,1,1179.3,1179.3,East
ORD15352,2023-11-04,CUST3106,38.0,Female,PSPO253,Cricket Bat,Sports,1,944.13,944.13,West
ORD14950,2023-11-04,CUST3481,20.0,Male,PHOM674,Storage Rack,Home & Kitchen,1,2094.38,2094.38,West
ORD13943,2023-11-05,CUST2150,27.0,Male,PHOM554,Cushion Set,Home & Kitchen,2,679.31,1358.62,East
ORD14142,2023-11-05,CUST2490,37.0,Female,PELE154,Smartphone Case,Electronics,1,4280.12,4280.12,South
ORD12674,2023-11-05,CUST3613,19.0,Female,PBEA848,Face Serum,Beauty,1,706.0,706.0,South
ORD10344,2023-11-05,CUST2686,20.0,Female,PELE757,Smartwatch,Electronics,1,4296.75,4296.75,South
ORD14386,2023-11-05,CUST2387,22.0,Female,PHOM843,Non-stick Pan,Home & Kitchen,1,2041.76,2041.76,South
ORD10042,2023-11-05,CUST2089,17.0,Male,PHOM867,Blender,Home & Kitchen,2,2384.96,4769.92,North
ORD10610,2023-11-05,CUST3755,21.0,Female,PSPO248,Yoga Mat,Sports,1,948.09,948.09,South
ORD10020,2023-11-05,CUST3697,16.0,Male,PAPP780,Jacket,Apparel,1,574.25,574.25,South
ORD12304,2023-11-05,CUST2498,25.0,Male,PAPP878,Running Shoes,Apparel,1,551.55,551.55,South
ORD11107,2023-11-05,CUST2669,34.0,Female,PELE375,Bluetooth Speaker,Electronics,1,951.82,951.82,North
ORD14303,2023-11-05,CUST3723,29.0,Male,PELE567,Smartphone Case,Electronics,1,2536.79,2536.79,North
ORD10579,2023-11-05,CUST3228,25.0,Male,PELE318,Smartphone Case,Electronics,1,1329.15,1329.15,East
ORD14073,2023-11-05,CUST2166,30.0,Male,PBEA280,Face Serum,Beauty,1,820.47,820.47,East
ORD13496,2023-11-05,CUST2088,47.0,Male,PELE898,Smartwatch,Electronics,1,1520.41,1520.41,West
ORD14621,2023-11-05,CUST3035,16.0,Male,PHOM795,Cushion Set,Home & Kitchen,1,2464.82,2464.82,East
ORD13778,2023-11-06,CUST2615,34.0,Female,PBEA952,Perfume,Beauty,1,1113.92,1113.92,North
ORD11422,2023-11-06,CUST3614,34.0,Female,PELE120,Power Bank,Electronics,2,2412.5,4825.0,East
ORD12473,2023-11-06,CUST2919,20.0,Male,PAPP525,Hoodie,Apparel,3,1971.26,5913.78,South
ORD13936,2023-11-06,CUST3018,16.0,Female,PHOM824,Cushion Set,Home & Kitchen,2,2317.76,4635.52,West
ORD10837,2023-11-06,CUST2399,26.0,Female,PBEA703,Perfume,Beauty,1,1442.72,1442.72,West
ORD15676,2023-11-06,CUST2691,45.0,Female,PBEA602,Face Wash,Beauty,3,834.17,2502.51,West
ORD11597,2023-11-06,CUST3684,19.0,Male,PELE174,Wireless Earbuds,Electronics,1,1888.01,1888.01,East
ORD10459,2023-11-06,CUST2416,25.0,Male,PHOM423,Cushion Set,Home & Kitchen,1,1525.46,1525.46,West
ORD12251,2023-11-06,CUST2602,51.0,Female,PELE410,Bluetooth Speaker,Electronics,1,1404.28,1404.28,North
ORD14502,2023-11-06,CUST3295,31.0,Female,PBEA613,Face Wash,Beauty,1,340.37,340.37,North
ORD12686,2023-11-06,CUST3241,25.0,Female,PELE192,Power Bank,Electronics,1,4284.28,4284.28,South
ORD15526,2023-11-06,CUST2284,48.0,Male,PAPP855,Hoodie,Apparel,1,1398.79,1398.79,South
ORD15444,2023-11-06,CUST2695,39.0,Male,PSPO518,Dumbbell Set,Sports,2,299.46,598.92,North
ORD11885,2023-11-06,CUST3066,43.0,Male,PBEA194,Perfume,Beauty,1,1315.52,1315.52,South
ORD13632,2023-11-06,CUST3391,43.0,Male,PHOM119,Non-stick Pan,Home & Kitchen,1,852.7,852.7,South
ORD10600,2023-11-06,CUST2539,27.0,Female,PBEA536,Perfume,Beauty,1,320.85,320.85,North
ORD10291,2023-11-06,CUST3696,28.0,Female,PHOM913,Storage Rack,Home & Kitchen,3,1249.92,3749.76,West
ORD12972,2023-11-06,CUST2241,21.0,Male,PAPP822,Denim Jeans,Apparel,1,1210.81,1210.81,East
ORD13153,2023-11-06,CUST3250,24.0,Female,PHOM673,Table Lamp,Home & Kitchen,1,362.04,362.04,West
ORD11152,2023-11-06,CUST2709,28.0,Female,PBEA309,Face Serum,Beauty,1,393.64,393.64,West
ORD10071,2023-11-06,CUST3012,29.0,Female,PSPO641,Yoga Mat,Sports,2,902.14,1804.28,South
ORD12065,2023-11-06,CUST3128,24.0,Male,PBEA813,Shampoo,Beauty,1,525.63,525.63,East
ORD14724,2023-11-06,CUST2220,30.0,Male,PELE387,Bluetooth Speaker,Electronics,1,1513.58,1513.58,North
ORD14891,2023-11-06,CUST2655,32.0,Male,PSPO864,Cycling Gloves,Sports,1,1293.42,1293.42,North
ORD15376,2023-11-06,CUST3110,35.0,Female,PELE660,Smartphone Case,Electronics,1,1857.37,1857.37,North
ORD13178,2023-11-06,CUST3018,34.0,Male,PELE877,Wireless Earbuds,Electronics,1,2866.34,2866.34,North
ORD11562,2023-11-07,CUST2900,16.0,Male,PAPP642,Hoodie,Apparel,1,2022.58,2022.58,North
ORD12143,2023-11-07,CUST2137,36.0,Female,PELE347,Wireless Earbuds,Electronics,1,1845.29,1845.29,West
ORD10149,2023-11-07,CUST3472,31.0,Male,PHOM194,Non-stick Pan,Home & Kitchen,1,725.52,725.52,North
ORD12514,2023-11-07,CUST3083,38.0,Female,PAPP560,Hoodie,Apparel,1,660.38,660.38,South
ORD11715,2023-11-07,CUST3239,37.0,Female,PELE267,Smartwatch,Electronics,1,2606.24,2606.24,East
ORD10172,2023-11-07,CUST2540,44.0,Female,PHOM366,Table Lamp,Home & Kitchen,1,1965.39,1965.39,East
ORD12406,2023-11-07,CUST3434,25.0,Female,PAPP581,Cotton T-Shirt,Apparel,1,1253.92,1253.92,West
ORD13301,2023-11-07,CUST2298,18.0,Female,PAPP426,Hoodie,Apparel,1,1399.7,1399.7,South
ORD11522,2023-11-07,CUST3004,36.0,Male,PBEA537,Perfume,Beauty,1,261.29,261.29,East
ORD12852,2023-11-07,CUST2372,42.0,Male,PBEA756,Face Wash,Beauty,1,557.23,557.23,West
ORD11347,2023-11-07,CUST3325,25.0,Female,PBEA451,Face Wash,Beauty,1,1116.39,1116.39,North
ORD13520,2023-11-07,CUST2394,51.0,Male,PHOM596,Non-stick Pan,Home & Kitchen,1,402.97,402.97,South
ORD10439,2023-11-07,CUST3650,29.0,Female,PELE757,Power Bank,Electronics,1,2670.33,2670.33,East
ORD13274,2023-11-07,CUST2174,40.0,Male,PHOM714,Blender,Home & Kitchen,1,2715.56,2715.56,East
ORD14508,2023-11-07,CUST3015,22.0,Male,PSPO627,Football,Sports,1,2231.69,2231.69,East
ORD13314,2023-11-07,CUST2235,30.0,Male,PBEA414,Shampoo,Beauty,1,1279.02,1279.02,West
ORD10050,2023-11-07,CUST2022,37.0,Male,PBEA237,Lipstick,Beauty,2,783.9,1567.8,South
ORD12690,2023-11-07,CUST2861,31.0,Male,PSPO414,Football,Sports,1,417.94,417.94,North
ORD13707,2023-11-07,CUST2177,29.0,Male,PHOM679,Blender,Home & Kitchen,2,2936.82,5873.64,South
ORD10211,2023-11-07,CUST2573,21.0,Male,PSPO525,Football,Sports,1,739.55,739.55,East
ORD10373,2023-11-07,CUST3688,48.0,Female,PSPO172,Football,Sports,1,1590.0,1590.0,South
ORD15540,2023-11-07,CUST3439,50.0,Female,PELE927,Smartphone Case,Electronics,2,3431.51,6863.02,South
ORD14645,2023-11-07,CUST2568,34.0,Female,PAPP884,Jacket,Apparel,1,1266.36,1266.36,West
ORD14830,2023-11-07,CUST2326,16.0,Male,PAPP815,Denim Jeans,Apparel,1,1780.14,1780.14,West
ORD14748,2023-11-08,CUST3508,27.0,Female,PAPP136,Denim Jeans,Apparel,1,1474.57,1474.57,South
ORD13749,2023-11-08,CUST3761,40.0,Male,PSPO714,Cricket Bat,Sports,1,1917.02,1917.02,South
ORD13127,2023-11-08,CUST2169,29.0,Male,PELE610,Smartphone Case,Electronics,2,2929.49,5858.98,East
ORD14670,2023-11-08,CUST2608,34.0,Female,PBEA151,Lipstick,Beauty,1,1446.26,1446.26,South
ORD10320,2023-11-08,CUST2736,23.0,Female,PELE806,Bluetooth Speaker,Electronics,1,2361.88,2361.88,West
ORD13406,2023-11-08,CUST3144,41.0,Female,PHOM533,Non-stick Pan,Home & Kitchen,1,653.23,653.23,North
ORD14053,2023-11-08,CUST2605,35.0,Female,PAPP237,Cotton T-Shirt,Apparel,1,2072.23,2072.23,East
ORD12951,2023-11-08,CUST2032,47.0,Male,PELE968,Bluetooth Speaker,Electronics,2,4371.96,8743.92,West
ORD14879,2023-11-08,CUST3080,48.0,Male,PAPP857,Cotton T-Shirt,Apparel,1,2193.35,2193.35,East
ORD10375,2023-11-08,CUST3008,28.0,Female,PBEA112,Lipstick,Beauty,2,1015.75,2031.5,North
ORD15348,2023-11-08,CUST2848,40.0,Male,PHOM936,Blender,Home & Kitchen,2,2332.51,4665.02,East
ORD12201,2023-11-08,CUST3140,26.0,Male,PELE487,Smartphone Case,Electronics,2,3787.46,7574.92,West
ORD15374,2023-11-08,CUST2935,34.0,Male,PELE845,Smartwatch,Electronics,1,2019.74,2019.74,East
ORD14230,2023-11-08,CUST2240,32.0,Female,PHOM486,Storage Rack,Home & Kitchen,1,2126.0,2126.0,South
ORD11341,2023-11-08,CUST3427,29.0,Male,PAPP131,Denim Jeans,Apparel,1,1511.29,1511.29,North
ORD14772,2023-11-08,CUST3273,16.0,Male,PHOM339,Blender,Home & Kitchen,1,2582.26,2582.26,North
ORD11140,2023-11-08,CUST2100,23.0,Female,PAPP664,Hoodie,Apparel,1,1414.51,1414.51,South
ORD12986,2023-11-08,CUST3637,35.0,Male,PELE991,Smartphone Case,Electronics,1,4378.54,4378.54,West
ORD15483,2023-11-08,CUST3585,29.0,Female,PBEA553,Lipstick,Beauty,1,1347.52,1347.52,North
ORD12877,2023-11-08,CUST3505,18.0,Male,PELE870,Bluetooth Speaker,Electronics,1,2301.38,2301.38,North
ORD12267,2023-11-08,CUST3424,34.0,Male,PAPP741,Denim Jeans,Apparel,1,1209.4,1209.4,West
ORD12160,2023-11-08,CUST2559,31.0,Female,PSPO721,Football,Sports,3,1772.8,5318.4,East
ORD15541,2023-11-08,CUST3241,26.0,Male,PHOM907,Storage Rack,Home & Kitchen,1,1892.57,1892.57,East
ORD13786,2023-11-08,CUST2493,37.0,Male,PAPP822,Hoodie,Apparel,1,522.71,522.71,North
ORD14897,2023-11-08,CUST2239,28.0,Female,PAPP125,Running Shoes,Apparel,3,2197.28,6591.84,East
ORD15552,2023-11-08,CUST3761,33.0,Female,PSPO242,Yoga Mat,Sports,1,1310.07,1310.07,North
ORD12479,2023-11-08,CUST3337,18.0,Female,PBEA207,Shampoo,Beauty,1,536.61,536.61,South
ORD10849,2023-11-09,CUST3075,48.0,Male,PHOM586,Non-stick Pan,Home & Kitchen,1,2891.39,2891.39,East
ORD12346,2023-11-09,CUST3226,31.0,Female,PHOM423,Storage Rack,Home & Kitchen,1,1056.41,1056.41,West
ORD10255,2023-11-09,CUST3336,23.0,Female,PAPP788,Hoodie,Apparel,1,2043.03,2043.03,West
ORD10155,2023-11-09,CUST2425,19.0,Female,PAPP619,Hoodie,Apparel,1,2156.68,2156.68,West
ORD13130,2023-11-09,CUST3335,31.0,Male,PHOM196,Blender,Home & Kitchen,1,1137.47,1137.47,East
ORD14343,2023-11-09,CUST2210,37.0,Female,PELE487,Smartwatch,Electronics,2,2885.43,5770.86,North
ORD15003,2023-11-09,CUST2358,35.0,Female,PELE597,Wireless Earbuds,Electronics,1,1364.52,1364.52,South
ORD13720,2023-11-09,CUST2277,26.0,Male,PHOM573,Storage Rack,Home & Kitchen,1,1816.31,1816.31,East
ORD11983,2023-11-09,CUST2159,40.0,Female,PAPP237,Hoodie,Apparel,1,875.49,875.49,South
ORD14075,2023-11-09,CUST2673,27.0,Female,PAPP476,Denim Jeans,Apparel,1,934.99,934.99,North
ORD10634,2023-11-09,CUST2939,35.0,Male,PHOM510,Non-stick Pan,Home & Kitchen,1,2808.38,2808.38,West
ORD11810,2023-11-09,CUST2344,39.0,Male,PHOM518,Blender,Home & Kitchen,1,2914.58,2914.58,South
ORD13876,2023-11-09,CUST3684,40.0,Male,PBEA903,Perfume,Beauty,1,934.98,934.98,North
ORD10937,2023-11-09,CUST2757,22.0,Female,PELE954,Bluetooth Speaker,Electronics,1,3038.13,3038.13,South
ORD13175,2023-11-09,CUST3272,38.0,Female,PHOM804,Blender,Home & Kitchen,1,1629.84,1629.84,South
ORD13593,2023-11-10,CUST3461,35.0,Male,PBEA111,Shampoo,Beauty,1,1384.4,1384.4,East
ORD12987,2023-11-10,CUST2473,36.0,Female,PBEA366,Face Wash,Beauty,1,1268.55,1268.55,South
ORD13367,2023-11-10,CUST3194,20.0,Female,PELE755,Wireless Earbuds,Electronics,1,1813.57,1813.57,South
ORD12590,2023-11-10,CUST3147,40.0,Female,PHOM634,Blender,Home & Kitchen,1,2821.45,2821.45,West
ORD14907,2023-11-10,CUST3140,33.0,Female,PSPO927,Cycling Gloves,Sports,2,2254.4,4508.8,South
ORD12511,2023-11-10,CUST2883,33.0,Female,PHOM944,Blender,Home & Kitchen,1,2816.93,2816.93,North
ORD15521,2023-11-10,CUST3593,34.0,Male,PAPP186,Jacket,Apparel,1,1889.97,1889.97,West
ORD12936,2023-11-10,CUST3434,29.0,Female,PBEA970,Shampoo,Beauty,1,641.0,641.0,East
ORD14547,2023-11-10,CUST2330,16.0,Female,PAPP897,Running Shoes,Apparel,2,1071.64,2143.28,South
ORD10123,2023-11-10,CUST3621,26.0,Female,PELE208,Smartwatch,Electronics,1,4261.93,4261.93,East
ORD14601,2023-11-10,CUST2173,16.0,Female,PAPP432,Running Shoes,Apparel,1,1151.99,1151.99,South
ORD11412,2023-11-10,CUST2749,27.0,Male,PELE804,Smartwatch,Electronics,1,2227.16,2227.16,North
ORD13544,2023-11-10,CUST3041,40.0,Male,PHOM504,Storage Rack,Home & Kitchen,1,698.04,698.04,South
ORD15654,2023-11-10,CUST3305,37.0,Female,PELE791,Smartphone Case,Electronics,3,3965.06,11895.18,North
ORD14316,2023-11-10,CUST2866,44.0,Male,PELE326,Power Bank,Electronics,1,4274.96,4274.96,West
ORD15486,2023-11-10,CUST3609,42.0,Male,PSPO132,Dumbbell Set,Sports,1,842.22,842.22,South
ORD13902,2023-11-10,CUST2555,17.0,Male,PELE359,Smartwatch,Electronics,1,3044.38,3044.38,East
ORD14618,2023-11-10,CUST3224,35.0,Female,PBEA780,Lipstick,Beauty,1,398.93,398.93,South
ORD10381,2023-11-10,CUST2766,33.0,Male,PBEA205,Face Serum,Beauty,1,259.14,259.14,West
ORD11070,2023-11-10,CUST2888,28.0,Female,PBEA727,Face Wash,Beauty,1,749.2,749.2,West
ORD13281,2023-11-10,CUST2183,20.0,Female,PHOM452,Non-stick Pan,Home & Kitchen,1,1850.0,1850.0,West
ORD11359,2023-11-10,CUST2585,37.0,Female,PBEA325,Lipstick,Beauty,1,837.51,837.51,East
ORD15471,2023-11-10,CUST3453,45.0,Female,PELE801,Smartwatch,Electronics,2,2374.71,4749.42,South
ORD11981,2023-11-11,CUST3033,17.0,Male,PAPP359,Running Shoes,Apparel,1,2194.7,2194.7,South
ORD10513,2023-11-11,CUST3714,20.0,Female,PELE104,Power Bank,Electronics,1,1738.97,1738.97,North
ORD12870,2023-11-11,CUST3297,44.0,Male,PSPO510,Cycling Gloves,Sports,2,563.26,1126.52,West
ORD14363,2023-11-11,CUST3059,24.0,Female,PBEA418,Face Serum,Beauty,2,586.71,1173.42,East
ORD14993,2023-11-11,CUST2136,36.0,Female,PBEA447,Perfume,Beauty,2,476.46,952.92,East
ORD14169,2023-11-11,CUST2078,21.0,Female,PHOM657,Storage Rack,Home & Kitchen,1,860.41,860.41,East
ORD15987,2023-11-11,CUST2609,26.0,Male,PAPP711,Jacket,Apparel,2,1655.04,3310.08,South
ORD15273,2023-11-11,CUST3550,45.0,Male,PELE593,Wireless Earbuds,Electronics,3,2540.51,7621.53,North
ORD13599,2023-11-11,CUST3328,33.0,Female,PSPO285,Dumbbell Set,Sports,1,1854.1,1854.1,South
ORD10258,2023-11-11,CUST3559,46.0,Female,PELE668,Bluetooth Speaker,Electronics,1,1685.11,1685.11,North
ORD11990,2023-11-11,CUST3681,34.0,Female,PAPP278,Jacket,Apparel,2,1290.71,2581.42,South
ORD12630,2023-11-11,CUST3139,23.0,Male,PBEA322,Lipstick,Beauty,1,939.59,939.59,West
ORD12622,2023-11-11,CUST3541,41.0,Female,PELE601,Wireless Earbuds,Electronics,2,1103.69,2207.38,East
ORD15372,2023-11-11,CUST2420,22.0,Female,PAPP195,Denim Jeans,Apparel,1,1303.7,1303.7,East
ORD13651,2023-11-11,CUST2897,53.0,Female,PELE159,Smartphone Case,Electronics,1,1975.08,1975.08,South
ORD10975,2023-11-11,CUST2924,24.0,Male,PHOM700,Storage Rack,Home & Kitchen,1,1848.42,1848.42,East
ORD10015,2023-11-11,CUST3192,31.0,Female,PBEA875,Face Serum,Beauty,1,607.19,607.19,South
ORD12585,2023-11-11,CUST2987,39.0,Male,PSPO303,Yoga Mat,Sports,1,720.85,720.85,South
ORD15412,2023-11-12,CUST2932,32.0,Female,PAPP800,Running Shoes,Apparel,2,1940.66,3881.32,West
ORD10076,2023-11-12,CUST2772,46.0,Female,PELE605,Smartwatch,Electronics,1,1397.17,1397.17,West
ORD11328,2023-11-12,CUST2608,16.0,Male,PELE807,Power Bank,Electronics,1,2559.11,2559.11,South
ORD15560,2023-11-12,CUST3736,30.0,Male,PSPO221,Cricket Bat,Sports,2,1077.26,2154.52,South
ORD12496,2023-11-12,CUST3478,40.0,Female,PBEA779,Face Wash,Beauty,1,944.46,944.46,East
ORD12195,2023-11-12,CUST3213,20.0,Male,PAPP483,Denim Jeans,Apparel,1,840.71,840.71,East
ORD14945,2023-11-12,CUST3493,25.0,Male,PSPO315,Cricket Bat,Sports,1,647.7,647.7,North
ORD11774,2023-11-12,CUST3467,30.0,Female,PELE584,Wireless Earbuds,Electronics,1,2943.81,2943.81,South
ORD14770,2023-11-12,CUST3344,23.0,Female,PHOM241,Table Lamp,Home & Kitchen,1,457.61,457.61,East
ORD10325,2023-11-12,CUST3668,22.0,Male,PELE179,Wireless Earbuds,Electronics,1,4288.93,4288.93,North
ORD15093,2023-11-12,CUST2962,25.0,Female,PSPO301,Yoga Mat,Sports,2,1110.08,2220.16,South
ORD10920,2023-11-12,CUST2140,39.0,Female,PSPO837,Dumbbell Set,Sports,1,1922.36,1922.36,North
ORD10834,2023-11-12,CUST2715,32.0,Female,PAPP952,Denim Jeans,Apparel,3,1185.33,3555.99,West
ORD14527,2023-11-12,CUST2900,27.0,Male,PHOM875,Table Lamp,Home & Kitchen,1,792.96,792.96,South
ORD13156,2023-11-12,CUST2773,38.0,Male,PHOM126,Blender,Home & Kitchen,1,1061.73,1061.73,West
ORD12154,2023-11-13,CUST3637,21.0,Male,PAPP743,Jacket,Apparel,2,1107.33,2214.66,North
ORD13177,2023-11-13,CUST2364,22.0,Female,PBEA571,Perfume,Beauty,1,471.81,471.81,South
ORD11051,2023-11-13,CUST2985,42.0,Female,PSPO727,Dumbbell Set,Sports,1,2358.51,2358.51,South
ORD13480,2023-11-13,CUST3515,31.0,Female,PAPP411,Cotton T-Shirt,Apparel,1,2078.56,2078.56,South
ORD15193,2023-11-13,CUST2569,24.0,Female,PELE410,Bluetooth Speaker,Electronics,1,3751.95,3751.95,South
ORD14500,2023-11-13,CUST3076,36.0,Male,PHOM128,Non-stick Pan,Home & Kitchen,1,1220.79,1220.79,North
ORD10116,2023-11-13,CUST3695,22.0,Male,PSPO454,Football,Sports,1,1088.47,1088.47,North
ORD15658,2023-11-13,CUST3269,41.0,Male,PBEA480,Face Serum,Beauty,1,1483.31,1483.31,North
ORD15005,2023-11-13,CUST2600,36.0,Male,PAPP436,Hoodie,Apparel,1,1972.01,1972.01,East
ORD15288,2023-11-13,CUST2958,33.0,Female,PBEA354,Shampoo,Beauty,1,1369.31,1369.31,East
ORD15840,2023-11-13,CUST3560,40.0,Female,PBEA825,Perfume,Beauty,1,936.78,936.78,North
ORD15961,2023-11-13,CUST3521,21.0,Female,PAPP980,Hoodie,Apparel,1,1400.83,1400.83,East
ORD13422,2023-11-13,CUST2537,16.0,Female,PSPO211,Dumbbell Set,Sports,1,1340.44,1340.44,North
ORD13867,2023-11-13,CUST2720,25.0,Male,PBEA805,Lipstick,Beauty,1,1326.48,1326.48,West
ORD14049,2023-11-13,CUST3257,51.0,Male,PHOM451,Non-stick Pan,Home & Kitchen,1,1718.02,1718.02,South
ORD10630,2023-11-13,CUST2806,30.0,Female,PELE300,Smartphone Case,Electronics,1,3079.98,3079.98,South
ORD11510,2023-11-13,CUST3506,32.0,Female,PELE800,Smartphone Case,Electronics,3,1807.61,5422.83,East
ORD10070,2023-11-14,CUST3795,27.0,Male,PHOM365,Cushion Set,Home & Kitchen,1,2082.72,2082.72,South
ORD13945,2023-11-14,CUST2521,17.0,Female,PHOM439,Storage Rack,Home & Kitchen,1,2577.47,2577.47,East
ORD12122,2023-11-14,CUST2512,16.0,Female,PHOM945,Non-stick Pan,Home & Kitchen,1,2202.02,2202.02,South
ORD10087,2023-11-14,CUST2156,29.0,Male,PSPO760,Cycling Gloves,Sports,1,1500.85,1500.85,North
ORD11553,2023-11-14,CUST3776,28.0,Male,PELE322,Smartwatch,Electronics,1,1235.11,1235.11,West
ORD12257,2023-11-14,CUST2551,30.0,Male,PHOM572,Non-stick Pan,Home & Kitchen,1,1047.8,1047.8,West
ORD13968,2023-11-14,CUST3510,31.0,Female,PAPP370,Hoodie,Apparel,1,1950.83,1950.83,South
ORD14931,2023-11-14,CUST2543,47.0,Female,PELE705,Power Bank,Electronics,1,3291.35,3291.35,South
ORD13361,2023-11-14,CUST3081,30.0,Female,PHOM635,Storage Rack,Home & Kitchen,1,1530.72,1530.72,North
ORD12644,2023-11-14,CUST3782,23.0,Male,PELE422,Smartwatch,Electronics,1,2344.65,2344.65,West
ORD13040,2023-11-14,CUST2043,36.0,Male,PELE990,Smartwatch,Electronics,1,3637.51,3637.51,South
ORD14176,2023-11-14,CUST3295,30.0,Male,PHOM355,Non-stick Pan,Home & Kitchen,2,1228.82,2457.64,North
ORD15790,2023-11-14,CUST3148,31.0,Male,PHOM218,Storage Rack,Home & Kitchen,2,373.3,746.6,North
ORD13643,2023-11-14,CUST2706,44.0,Female,PAPP734,Cotton T-Shirt,Apparel,1,1421.87,1421.87,East
ORD11555,2023-11-14,CUST3123,17.0,Male,PHOM736,Non-stick Pan,Home & Kitchen,1,1230.88,1230.88,East
ORD15276,2023-11-14,CUST2667,42.0,Female,PHOM615,Cushion Set,Home & Kitchen,1,871.94,871.94,West
ORD10184,2023-11-14,CUST2708,32.0,Male,PELE324,Bluetooth Speaker,Electronics,1,1852.49,1852.49,West
ORD12732,2023-11-14,CUST2836,40.0,Male,PHOM139,Non-stick Pan,Home & Kitchen,1,2659.95,2659.95,West
ORD13017,2023-11-14,CUST3146,18.0,Female,PAPP672,Running Shoes,Apparel,2,1869.26,3738.52,South
ORD11532,2023-11-15,CUST3421,48.0,Female,PELE136,Bluetooth Speaker,Electronics,1,2102.8,2102.8,East
ORD11428,2023-11-15,CUST3031,32.0,Male,PELE527,Wireless Earbuds,Electronics,2,4281.87,8563.74,East
ORD15998,2023-11-15,CUST2806,24.0,Female,PELE650,Smartwatch,Electronics,1,3704.72,3704.72,North
ORD13969,2023-11-15,CUST3756,33.0,Female,PAPP776,Jacket,Apparel,2,1269.46,2538.92,South
ORD14380,2023-11-15,CUST3109,27.0,Male,PBEA897,Face Serum,Beauty,1,1483.3,1483.3,West
ORD15879,2023-11-15,CUST2036,29.0,Female,PHOM766,Storage Rack,Home & Kitchen,1,1393.38,1393.38,West
ORD10871,2023-11-15,CUST2441,16.0,Male,PELE541,Power Bank,Electronics,1,4333.22,4333.22,West
ORD11725,2023-11-15,CUST2618,32.0,Female,PELE550,Wireless Earbuds,Electronics,1,2006.77,2006.77,West
ORD14499,2023-11-15,CUST3271,32.0,Female,PBEA243,Face Wash,Beauty,1,1089.01,1089.01,East
ORD12493,2023-11-15,CUST2973,35.0,Female,PHOM513,Blender,Home & Kitchen,1,432.6,432.6,East
ORD10488,2023-11-15,CUST2323,34.0,Female,PSPO894,Dumbbell Set,Sports,1,1856.66,1856.66,North
ORD14439,2023-11-15,CUST2544,35.0,Female,PHOM406,Cushion Set,Home & Kitchen,1,658.55,658.55,North
ORD15228,2023-11-15,CUST2362,33.0,Female,PSPO556,Cricket Bat,Sports,1,1942.95,1942.95,West
ORD11853,2023-11-15,CUST2104,26.0,Male,PELE612,Smartphone Case,Electronics,1,1777.08,1777.08,West
ORD14842,2023-11-15,CUST3029,30.0,Female,PSPO412,Dumbbell Set,Sports,1,1198.2,1198.2,South
ORD11183,2023-11-16,CUST3335,48.0,Male,PBEA820,Shampoo,Beauty,1,446.04,446.04,North
ORD13665,2023-11-16,CUST2132,37.0,Male,PHOM148,Cushion Set,Home & Kitchen,2,364.6,729.2,West
ORD11519,2023-11-16,CUST3258,30.0,Female,PELE382,Bluetooth Speaker,Electronics,2,3119.34,6238.68,East
ORD10877,2023-11-16,CUST2790,32.0,Female,PELE327,Smartphone Case,Electronics,2,3628.17,7256.34,North
ORD14672,2023-11-16,CUST3525,20.0,Male,PELE445,Power Bank,Electronics,1,2309.63,2309.63,East
ORD12270,2023-11-16,CUST2668,30.0,Male,PHOM449,Non-stick Pan,Home & Kitchen,1,364.32,364.32,West
ORD10859,2023-11-16,CUST3479,42.0,Female,PELE278,Smartphone Case,Electronics,1,3783.49,3783.49,North
ORD10508,2023-11-16,CUST2120,24.0,Female,PSPO114,Dumbbell Set,Sports,2,1080.04,2160.08,North
ORD13991,2023-11-16,CUST2514,33.0,Male,PHOM476,Cushion Set,Home & Kitchen,2,2712.15,5424.3,West
ORD11948,2023-11-16,CUST3187,20.0,Female,PHOM411,Storage Rack,Home & Kitchen,1,1852.56,1852.56,East
ORD13024,2023-11-16,CUST3518,21.0,Male,PELE125,Power Bank,Electronics,1,3361.81,3361.81,North
ORD11547,2023-11-16,CUST2692,29.0,Female,PHOM853,Cushion Set,Home & Kitchen,1,727.18,727.18,North
ORD15563,2023-11-16,CUST2783,39.0,Male,PELE502,Smartphone Case,Electronics,1,1924.26,1924.26,South
ORD11093,2023-11-16,CUST3373,35.0,Female,PSPO263,Yoga Mat,Sports,1,2493.17,2493.17,South
ORD10318,2023-11-16,CUST3629,42.0,Male,PELE201,Smartwatch,Electronics,1,4181.16,4181.16,West
ORD13697,2023-11-16,CUST3020,38.0,Male,PHOM484,Non-stick Pan,Home & Kitchen,1,709.27,709.27,North
ORD13210,2023-11-16,CUST2667,26.0,Male,PHOM187,Storage Rack,Home & Kitchen,1,2365.69,2365.69,South
ORD13634,2023-11-16,CUST2684,33.0,Male,PBEA375,Shampoo,Beauty,1,308.63,308.63,East
ORD13708,2023-11-16,CUST2538,43.0,Male,PHOM967,Table Lamp,Home & Kitchen,1,2745.23,2745.23,North
ORD14160,2023-11-17,CUST3624,36.0,Female,PELE374,Smartwatch,Electronics,2,4241.35,8482.7,South
ORD15696,2023-11-17,CUST2267,32.0,Female,PBEA340,Lipstick,Beauty,1,1003.72,1003.72,North
ORD14558,2023-11-17,CUST3709,42.0,Male,PELE266,Power Bank,Electronics,1,2226.04,2226.04,South
ORD10525,2023-11-17,CUST3364,30.0,Male,PSPO805,Cycling Gloves,Sports,2,2246.14,4492.28,South
ORD14630,2023-11-17,CUST2257,21.0,Male,PSPO849,Cricket Bat,Sports,2,1898.97,3797.94,North
ORD10689,2023-11-17,CUST3011,40.0,Female,PBEA416,Perfume,Beauty,1,1002.16,1002.16,West
ORD15529,2023-11-17,CUST3015,22.0,Female,PELE666,Bluetooth Speaker,Electronics,1,3070.01,3070.01,East
ORD13625,2023-11-17,CUST3037,34.0,Female,PAPP831,Cotton T-Shirt,Apparel,2,721.4,1442.8,West
ORD15786,2023-11-17,CUST3211,26.0,Female,PELE433,Wireless Earbuds,Electronics,2,2899.38,5798.76,West
ORD12324,2023-11-17,CUST2642,30.0,Male,PHOM878,Storage Rack,Home & Kitchen,1,952.02,952.02,South
ORD12073,2023-11-17,CUST2845,36.0,Male,PHOM814,Table Lamp,Home & Kitchen,1,2705.39,2705.39,South
ORD14921,2023-11-17,CUST2201,30.0,Male,PAPP572,Running Shoes,Apparel,1,1588.92,1588.92,North
ORD13600,2023-11-17,CUST2605,37.0,Female,PELE432,Wireless Earbuds,Electronics,1,4451.35,4451.35,South
ORD10062,2023-11-17,CUST2277,23.0,Male,PHOM141,Storage Rack,Home & Kitchen,1,2918.26,2918.26,East
ORD15525,2023-11-17,CUST3038,32.0,Male,PHOM980,Cushion Set,Home & Kitchen,1,2260.37,2260.37,West
ORD15405,2023-11-17,CUST2467,17.0,Female,PELE598,Power Bank,Electronics,2,1250.84,2501.68,West
ORD13992,2023-11-17,CUST2872,41.0,Female,PHOM892,Table Lamp,Home & Kitchen,1,1101.89,1101.89,North
ORD14817,2023-11-17,CUST3006,30.0,Female,PHOM977,Table Lamp,Home & Kitchen,1,503.3,503.3,West
ORD13031,2023-11-17,CUST3099,22.0,Female,PBEA186,Face Serum,Beauty,1,1425.25,1425.25,West
ORD14972,2023-11-17,CUST3237,35.0,Female,PHOM417,Storage Rack,Home & Kitchen,1,1971.97,1971.97,West
ORD13514,2023-11-17,CUST2437,39.0,Female,PSPO369,Cycling Gloves,Sports,1,2478.72,2478.72,South
ORD12878,2023-11-17,CUST3133,36.0,Female,PELE573,Wireless Earbuds,Electronics,2,4418.91,8837.82,South
ORD14736,2023-11-17,CUST2164,29.0,Male,PBEA669,Lipstick,Beauty,1,1433.58,1433.58,South
ORD10755,2023-11-17,CUST3367,43.0,Female,PHOM130,Blender,Home & Kitchen,2,1012.85,2025.7,South
ORD14229,2023-11-17,CUST3359,28.0,Female,PAPP923,Hoodie,Apparel,1,1346.71,1346.71,East
ORD15450,2023-11-18,CUST2862,37.0,Male,PELE620,Smartwatch,Electronics,1,2768.51,2768.51,East
ORD12583,2023-11-18,CUST2837,35.0,Female,PAPP168,Denim Jeans,Apparel,1,1850.42,1850.42,West
ORD13455,2023-11-18,CUST3584,32.0,Male,PELE533,Bluetooth Speaker,Electronics,1,2537.19,2537.19,South
ORD13164,2023-11-18,CUST2669,22.0,Female,PSPO954,Cricket Bat,Sports,2,968.21,1936.42,West
ORD13226,2023-11-18,CUST3165,48.0,Male,PHOM364,Table Lamp,Home & Kitchen,2,1865.78,3731.56,North
ORD13764,2023-11-18,CUST2195,25.0,Female,PSPO758,Yoga Mat,Sports,1,1192.95,1192.95,North
ORD14315,2023-11-19,CUST3555,21.0,Male,PSPO831,Dumbbell Set,Sports,1,1267.13,1267.13,North
ORD12339,2023-11-19,CUST2792,28.0,Female,PBEA350,Shampoo,Beauty,1,1174.65,1174.65,North
ORD13461,2023-11-19,CUST3408,25.0,Female,PELE545,Smartphone Case,Electronics,2,3740.52,7481.04,East
ORD13332,2023-11-19,CUST2737,40.0,Male,PELE767,Power Bank,Electronics,3,1119.03,3357.09,East
ORD14473,2023-11-19,CUST3461,41.0,Male,PELE258,Wireless Earbuds,Electronics,1,1173.02,1173.02,East
ORD10512,2023-11-19,CUST2629,27.0,Male,PSPO516,Cricket Bat,Sports,2,900.56,1801.12,North
ORD12801,2023-11-19,CUST3071,33.0,Male,PELE846,Wireless Earbuds,Electronics,1,4181.73,4181.73,South
ORD15698,2023-11-19,CUST3648,21.0,Male,PBEA940,Lipstick,Beauty,2,1265.42,2530.84,North
ORD14628,2023-11-19,CUST3759,29.0,Male,PSPO325,Dumbbell Set,Sports,1,1079.36,1079.36,East
ORD12280,2023-11-19,CUST3500,24.0,Female,PELE786,Smartphone Case,Electronics,2,3662.23,7324.46,West
ORD11920,2023-11-19,CUST2734,27.0,Female,PAPP756,Jacket,Apparel,1,1029.3,1029.3,East
ORD11219,2023-11-19,CUST3058,23.0,Female,PSPO384,Cricket Bat,Sports,1,371.94,371.94,North
ORD14573,2023-11-19,CUST2693,35.0,Male,PBEA179,Perfume,Beauty,1,1142.88,1142.88,North
ORD13001,2023-11-19,CUST3693,27.0,Male,PSPO154,Cycling Gloves,Sports,2,2142.15,4284.3,South
ORD14356,2023-11-19,CUST3708,20.0,Male,PBEA792,Perfume,Beauty,1,491.28,491.28,North
ORD13146,2023-11-19,CUST3237,38.0,Female,PAPP740,Denim Jeans,Apparel,1,691.41,691.41,East
ORD11649,2023-11-19,CUST2810,16.0,Male,PELE959,Bluetooth Speaker,Electronics,1,2927.77,2927.77,South
ORD15680,2023-11-19,CUST3763,34.0,Female,PBEA475,Perfume,Beauty,1,288.26,288.26,East
ORD10361,2023-11-19,CUST2613,27.0,Female,PSPO812,Yoga Mat,Sports,1,288.17,288.17,North
ORD15729,2023-11-20,CUST3681,38.0,Female,PAPP536,Hoodie,Apparel,1,1051.03,1051.03,South
ORD12553,2023-11-20,CUST3229,34.0,Male,PHOM984,Storage Rack,Home & Kitchen,1,1048.21,1048.21,South
ORD10542,2023-11-20,CUST3788,40.0,Male,PELE440,Bluetooth Speaker,Electronics,1,2262.46,2262.46,West
ORD13790,2023-11-20,CUST2185,37.0,Female,PAPP490,Cotton T-Shirt,Apparel,2,1151.57,2303.14,South
ORD11706,2023-11-20,CUST3286,22.0,Male,PBEA538,Shampoo,Beauty,1,1326.42,1326.42,East
ORD11333,2023-11-20,CUST3219,26.0,Male,PSPO275,Cricket Bat,Sports,1,1315.92,1315.92,West
ORD10952,2023-11-20,CUST2498,37.0,Male,PAPP790,Denim Jeans,Apparel,1,1832.42,1832.42,West
ORD12242,2023-11-20,CUST3252,36.0,Female,PSPO774,Dumbbell Set,Sports,2,1997.06,3994.12,South
ORD15226,2023-11-20,CUST2074,39.0,Male,PSPO284,Football,Sports,1,1408.95,1408.95,East
ORD15440,2023-11-20,CUST2575,33.0,Male,PAPP830,Jacket,Apparel,2,1666.11,3332.22,East
ORD13743,2023-11-20,CUST2775,23.0,Female,PELE444,Power Bank,Electronics,1,3548.67,3548.67,West
ORD11661,2023-11-20,CUST2245,38.0,Male,PELE422,Power Bank,Electronics,1,1079.02,1079.02,North
ORD13516,2023-11-20,CUST2303,47.0,Male,PELE303,Wireless Earbuds,Electronics,1,2628.36,2628.36,East
ORD12707,2023-11-20,CUST2699,32.0,Female,PSPO327,Football,Sports,1,2445.62,2445.62,North
ORD12875,2023-11-20,CUST3260,25.0,Female,PELE295,Wireless Earbuds,Electronics,1,2301.78,2301.78,West
ORD10367,2023-11-20,CUST2977,26.0,Female,PHOM879,Non-stick Pan,Home & Kitchen,1,415.89,415.89,North
ORD12706,2023-11-20,CUST2108,29.0,Female,PAPP831,Hoodie,Apparel,1,1332.2,1332.2,South
ORD12141,2023-11-20,CUST3049,32.0,Male,PHOM605,Storage Rack,Home & Kitchen,2,2632.11,5264.22,East
ORD11071,2023-11-21,CUST3709,33.0,Female,PBEA903,Face Wash,Beauty,1,531.72,531.72,South
ORD13298,2023-11-21,CUST2717,24.0,Male,PAPP853,Jacket,Apparel,2,525.23,1050.46,North
ORD10257,2023-11-21,CUST3523,33.0,Male,PHOM181,Non-stick Pan,Home & Kitchen,1,1744.96,1744.96,West
ORD12381,2023-11-21,CUST2852,23.0,Female,PBEA192,Shampoo,Beauty,1,593.08,593.08,North
ORD12889,2023-11-21,CUST2836,27.0,Male,PAPP230,Running Shoes,Apparel,2,1545.47,3090.94,South
ORD13843,2023-11-21,CUST2683,51.0,Female,PBEA418,Perfume,Beauty,2,1398.64,2797.28,North
ORD10931,2023-11-21,CUST2221,45.0,Male,PELE980,Power Bank,Electronics,1,4373.47,4373.47,West
ORD15177,2023-11-21,CUST2226,16.0,Male,PAPP146,Running Shoes,Apparel,1,1422.76,1422.76,East
ORD10192,2023-11-21,CUST2204,40.0,Female,PHOM154,Cushion Set,Home & Kitchen,2,2875.02,5750.04,North
ORD10863,2023-11-21,CUST3569,32.0,Male,PELE364,Smartwatch,Electronics,2,1049.88,2099.76,South
ORD12765,2023-11-21,CUST3221,36.0,Male,PELE680,Smartwatch,Electronics,1,4484.53,4484.53,South
ORD11362,2023-11-21,CUST2707,37.0,Male,PHOM710,Storage Rack,Home & Kitchen,2,2313.08,4626.16,West
ORD15166,2023-11-21,CUST2779,26.0,Female,PHOM264,Blender,Home & Kitchen,1,1293.2,1293.2,East
ORD10770,2023-11-21,CUST3773,42.0,Female,PAPP557,Hoodie,Apparel,1,1179.47,1179.47,West
ORD12526,2023-11-21,CUST2325,22.0,Male,PELE914,Smartphone Case,Electronics,1,3033.39,3033.39,South
ORD12274,2023-11-21,CUST2988,31.0,Female,PSPO124,Football,Sports,3,1363.37,4090.11,East
ORD12441,2023-11-22,CUST2434,46.0,Male,PHOM947,Storage Rack,Home & Kitchen,1,1227.12,1227.12,North
ORD12556,2023-11-22,CUST2432,20.0,Female,PBEA159,Shampoo,Beauty,1,873.52,873.52,South
ORD15259,2023-11-22,CUST3097,26.0,Female,PELE334,Power Bank,Electronics,1,4273.86,4273.86,East
ORD12720,2023-11-22,CUST3576,39.0,Female,PHOM689,Table Lamp,Home & Kitchen,1,1001.11,1001.11,South
ORD10891,2023-11-22,CUST2521,22.0,Male,PAPP170,Jacket,Apparel,1,1117.4,1117.4,East
ORD11165,2023-11-22,CUST2427,36.0,Male,PHOM666,Blender,Home & Kitchen,2,1133.76,2267.52,South
ORD15944,2023-11-22,CUST3011,30.0,Female,PAPP524,Denim Jeans,Apparel,1,1026.36,1026.36,South
ORD15547,2023-11-22,CUST3793,23.0,Male,PAPP509,Cotton T-Shirt,Apparel,1,512.47,512.47,South
ORD10860,2023-11-22,CUST2537,29.0,Male,PELE902,Power Bank,Electronics,1,1226.33,1226.33,West
ORD10939,2023-11-22,CUST3630,32.0,Female,PBEA706,Lipstick,Beauty,1,1393.34,1393.34,North
ORD15424,2023-11-22,CUST2366,19.0,Male,PAPP274,Cotton T-Shirt,Apparel,2,1674.95,3349.9,East
ORD14165,2023-11-22,CUST3774,16.0,Male,PSPO416,Dumbbell Set,Sports,1,2174.67,2174.67,East
ORD12576,2023-11-22,CUST2624,34.0,Male,PBEA610,Lipstick,Beauty,1,1028.7,1028.7,East
ORD15942,2023-11-22,CUST3540,30.0,Female,PHOM323,Blender,Home & Kitchen,1,1834.39,1834.39,South
ORD14538,2023-11-23,CUST3761,43.0,Male,PSPO847,Dumbbell Set,Sports,1,862.79,862.79,South
ORD12763,2023-11-23,CUST3791,46.0,Male,PBEA747,Perfume,Beauty,2,312.25,624.5,East
ORD13776,2023-11-23,CUST3058,36.0,Male,PAPP965,Cotton T-Shirt,Apparel,2,789.31,1578.62,West
ORD14198,2023-11-23,CUST2030,38.0,Female,PAPP461,Cotton T-Shirt,Apparel,1,1826.1,1826.1,North
ORD11274,2023-11-23,CUST2211,35.0,Male,PSPO164,Cricket Bat,Sports,1,1060.65,1060.65,South
ORD10128,2023-11-23,CUST2348,33.0,Female,PELE912,Bluetooth Speaker,Electronics,1,4266.73,4266.73,West
ORD13791,2023-11-23,CUST2796,32.0,Female,PSPO953,Dumbbell Set,Sports,1,1253.94,1253.94,East
ORD10981,2023-11-23,CUST3048,45.0,Male,PSPO723,Football,Sports,1,916.29,916.29,North
ORD11404,2023-11-23,CUST3576,27.0,Female,PHOM873,Table Lamp,Home & Kitchen,1,1087.03,1087.03,North
ORD15741,2023-11-23,CUST2062,25.0,Male,PELE411,Smartwatch,Electronics,1,3417.35,3417.35,North
ORD12610,2023-11-23,CUST2007,32.0,Female,PELE351,Bluetooth Speaker,Electronics,1,2153.02,2153.02,North
ORD14542,2023-11-23,CUST2622,36.0,Male,PAPP113,Hoodie,Apparel,1,1278.3,1278.3,South
ORD12792,2023-11-23,CUST3234,36.0,Female,PSPO668,Cricket Bat,Sports,1,2434.14,2434.14,East
ORD10397,2023-11-23,CUST2251,37.0,Male,PELE696,Smartphone Case,Electronics,2,1314.74,2629.48,South
ORD12150,2023-11-23,CUST3064,24.0,Female,PHOM796,Table Lamp,Home & Kitchen,1,2636.83,2636.83,North
ORD12797,2023-11-23,CUST2646,47.0,Female,PBEA556,Perfume,Beauty,1,1135.87,1135.87,East
ORD10692,2023-11-23,CUST2749,22.0,Male,PHOM947,Non-stick Pan,Home & Kitchen,1,1143.28,1143.28,East
ORD10555,2023-11-23,CUST2955,30.0,Female,PBEA714,Lipstick,Beauty,1,866.82,866.82,South
ORD15939,2023-11-23,CUST3402,35.0,Male,PELE736,Smartwatch,Electronics,1,4134.1,4134.1,North
ORD15439,2023-11-23,CUST3374,25.0,Male,PELE633,Wireless Earbuds,Electronics,2,2992.58,5985.16,North
ORD13048,2023-11-23,CUST2128,48.0,Male,PHOM204,Non-stick Pan,Home & Kitchen,1,577.57,577.57,South
ORD13877,2023-11-23,CUST2004,16.0,Male,PHOM103,Cushion Set,Home & Kitchen,1,706.15,706.15,East
ORD12816,2023-11-23,CUST2726,39.0,Female,PHOM426,Blender,Home & Kitchen,1,1761.45,1761.45,West
ORD11577,2023-11-23,CUST3391,28.0,Male,PAPP594,Denim Jeans,Apparel,1,1469.77,1469.77,South
ORD14069,2023-11-24,CUST2301,26.0,Female,PBEA385,Lipstick,Beauty,2,187.28,374.56,South
ORD12688,2023-11-24,CUST2158,41.0,Male,PBEA427,Perfume,Beauty,2,389.53,779.06,South
ORD14659,2023-11-24,CUST2359,41.0,Male,PELE740,Bluetooth Speaker,Electronics,2,2739.1,5478.2,South
ORD10682,2023-11-24,CUST2077,33.0,Female,PSPO177,Dumbbell Set,Sports,1,673.86,673.86,West
ORD10796,2023-11-24,CUST3414,38.0,Male,PHOM664,Table Lamp,Home & Kitchen,1,2485.78,2485.78,South
ORD15670,2023-11-24,CUST2811,22.0,Male,PBEA818,Perfume,Beauty,2,1116.96,2233.92,West
ORD12749,2023-11-24,CUST2947,19.0,Female,PELE369,Power Bank,Electronics,3,4214.09,12642.27,West
ORD10580,2023-11-24,CUST3793,39.0,Female,PAPP454,Denim Jeans,Apparel,1,1994.55,1994.55,West
ORD15072,2023-11-24,CUST2042,39.0,Female,PELE349,Smartwatch,Electronics,1,2586.5,2586.5,South
ORD14524,2023-11-24,CUST3068,44.0,Female,PAPP424,Running Shoes,Apparel,1,496.37,496.37,South
ORD10650,2023-11-24,CUST2957,40.0,Female,PAPP450,Hoodie,Apparel,1,2124.33,2124.33,West
ORD13978,2023-11-24,CUST3420,26.0,Female,PSPO797,Football,Sports,1,385.42,385.42,West
ORD14145,2023-11-24,CUST3634,16.0,Female,PSPO527,Cycling Gloves,Sports,1,1342.23,1342.23,South
ORD12012,2023-11-24,CUST2018,30.0,Female,PELE230,Power Bank,Electronics,1,3126.24,3126.24,West
ORD15224,2023-11-24,CUST2576,22.0,Female,PSPO869,Dumbbell Set,Sports,1,1694.7,1694.7,South
ORD13506,2023-11-24,CUST3190,26.0,Female,PBEA444,Lipstick,Beauty,2,940.66,1881.32,North
ORD15720,2023-11-24,CUST3197,29.0,Male,PSPO890,Cycling Gloves,Sports,2,690.26,1380.52,East
ORD12394,2023-11-24,CUST2801,16.0,Male,PAPP799,Running Shoes,Apparel,1,2155.73,2155.73,North
ORD15123,2023-11-24,CUST2808,37.0,Male,PBEA162,Face Serum,Beauty,1,1295.16,1295.16,South
ORD11224,2023-11-24,CUST3682,28.0,Male,PELE498,Smartwatch,Electronics,1,2943.99,2943.99,North
ORD12398,2023-11-24,CUST2156,33.0,Male,PHOM963,Blender,Home & Kitchen,1,1736.29,1736.29,East
ORD12704,2023-11-24,CUST3799,26.0,Female,PELE943,Power Bank,Electronics,1,2891.26,2891.26,South
ORD10617,2023-11-24,CUST2199,34.0,Female,PAPP679,Running Shoes,Apparel,2,811.92,1623.84,North
ORD11622,2023-11-25,CUST3669,37.0,Female,PBEA451,Shampoo,Beauty,1,759.52,759.52,East
ORD13140,2023-11-25,CUST3147,33.0,Male,PSPO499,Yoga Mat,Sports,1,1897.58,1897.58,West
ORD15619,2023-11-25,CUST2366,33.0,Male,PHOM895,Cushion Set,Home & Kitchen,1,1251.36,1251.36,North
ORD14472,2023-11-25,CUST3391,36.0,Male,PHOM667,Storage Rack,Home & Kitchen,1,2596.25,2596.25,South
ORD12665,2023-11-25,CUST3085,27.0,Female,PELE321,Power Bank,Electronics,1,1938.35,1938.35,South
ORD13300,2023-11-25,CUST2943,19.0,Female,PELE619,Wireless Earbuds,Electronics,2,2423.86,4847.72,South
ORD12207,2023-11-25,CUST2963,43.0,Male,PAPP949,Cotton T-Shirt,Apparel,1,1654.55,1654.55,West
ORD11886,2023-11-25,CUST2686,28.0,Male,PSPO984,Dumbbell Set,Sports,3,1852.05,5556.15,North
ORD14526,2023-11-25,CUST3084,20.0,Female,PSPO369,Cycling Gloves,Sports,1,1240.3,1240.3,East
ORD12157,2023-11-25,CUST3361,42.0,Female,PBEA395,Shampoo,Beauty,1,619.95,619.95,West
ORD14036,2023-11-25,CUST2534,32.0,Male,PELE182,Bluetooth Speaker,Electronics,1,3131.65,3131.65,South
ORD13607,2023-11-25,CUST2592,32.0,Male,PBEA731,Perfume,Beauty,1,783.38,783.38,East
ORD14404,2023-11-25,CUST3507,40.0,Female,PSPO570,Cricket Bat,Sports,1,1343.97,1343.97,West
ORD15604,2023-11-25,CUST2607,25.0,Female,PSPO130,Cricket Bat,Sports,2,2082.13,4164.26,South
ORD13613,2023-11-25,CUST2766,49.0,Female,PAPP465,Hoodie,Apparel,1,1256.99,1256.99,North
ORD13115,2023-11-25,CUST2549,44.0,Female,PELE886,Power Bank,Electronics,1,1744.6,1744.6,South
ORD10313,2023-11-25,CUST3700,31.0,Male,PELE108,Wireless Earbuds,Electronics,1,2610.47,2610.47,North
ORD10797,2023-11-25,CUST2202,30.0,Male,PAPP757,Running Shoes,Apparel,1,731.57,731.57,South
ORD10005,2023-11-25,CUST3013,29.0,Female,PHOM273,Blender,Home & Kitchen,2,2087.98,4175.96,North
ORD13629,2023-11-25,CUST3529,33.0,Male,PBEA666,Face Serum,Beauty,2,787.94,1575.88,East
ORD15620,2023-11-25,CUST2862,55.0,Female,PBEA698,Face Wash,Beauty,1,1292.3,1292.3,West
ORD12085,2023-11-25,CUST2138,56.0,Female,PAPP247,Running Shoes,Apparel,1,757.42,757.42,West
ORD12089,2023-11-25,CUST2989,31.0,Female,PAPP392,Denim Jeans,Apparel,1,1889.66,1889.66,East
ORD15430,2023-11-25,CUST3797,39.0,Female,PSPO225,Yoga Mat,Sports,1,2115.16,2115.16,South
ORD12106,2023-11-25,CUST2897,46.0,Female,PAPP942,Running Shoes,Apparel,2,596.91,1193.82,North
ORD14658,2023-11-25,CUST2475,36.0,Female,PHOM441,Table Lamp,Home & Kitchen,1,328.03,328.03,East
ORD10869,2023-11-26,CUST2639,29.0,Male,PSPO622,Cycling Gloves,Sports,1,1861.94,1861.94,West
ORD10626,2023-11-26,CUST3193,41.0,Male,PSPO494,Cricket Bat,Sports,1,2174.88,2174.88,North
ORD10010,2023-11-26,CUST2927,24.0,Female,PSPO323,Yoga Mat,Sports,2,1209.96,2419.92,North
ORD15668,2023-11-26,CUST3595,36.0,Female,PELE178,Power Bank,Electronics,1,2667.41,2667.41,North
ORD15824,2023-11-26,CUST2801,22.0,Male,PAPP860,Cotton T-Shirt,Apparel,3,1643.98,4931.94,West
ORD15837,2023-11-26,CUST3771,26.0,Male,PELE384,Smartwatch,Electronics,2,3353.06,6706.12,South
ORD10284,2023-11-26,CUST3155,31.0,Male,PELE160,Wireless Earbuds,Electronics,1,900.95,900.95,North
ORD15021,2023-11-26,CUST3044,23.0,Female,PELE772,Wireless Earbuds,Electronics,1,3118.86,3118.86,East
ORD14152,2023-11-26,CUST2841,25.0,Male,PAPP953,Denim Jeans,Apparel,1,917.69,917.69,West
ORD11670,2023-11-26,CUST2171,26.0,Female,PELE633,Power Bank,Electronics,2,816.65,1633.3,North
ORD14811,2023-11-26,CUST2535,36.0,Male,PELE697,Power Bank,Electronics,1,4415.56,4415.56,West
ORD11629,2023-11-26,CUST2173,31.0,Female,PAPP683,Cotton T-Shirt,Apparel,1,1432.86,1432.86,East
ORD12849,2023-11-26,CUST2755,33.0,Male,PAPP629,Cotton T-Shirt,Apparel,1,1584.21,1584.21,East
ORD10129,2023-11-26,CUST2351,32.0,Female,PELE909,Smartphone Case,Electronics,1,2471.7,2471.7,North
ORD12813,2023-11-26,CUST3574,54.0,Female,PELE516,Smartwatch,Electronics,1,4272.38,4272.38,West
ORD11533,2023-11-26,CUST2065,42.0,Female,PHOM465,Blender,Home & Kitchen,2,2619.35,5238.7,South
ORD14042,2023-11-26,CUST3538,29.0,Female,PELE604,Wireless Earbuds,Electronics,1,2927.57,2927.57,East
ORD14166,2023-11-26,CUST2415,44.0,Male,PELE955,Bluetooth Speaker,Electronics,1,4110.77,4110.77,North
ORD11204,2023-11-26,CUST2423,45.0,Female,PELE938,Bluetooth Speaker,Electronics,1,3813.17,3813.17,West
ORD12250,2023-11-26,CUST3740,42.0,Male,PELE668,Bluetooth Speaker,Electronics,1,1665.34,1665.34,West
ORD11352,2023-11-26,CUST3231,31.0,Female,PHOM653,Storage Rack,Home & Kitchen,1,776.56,776.56,South
ORD12808,2023-11-26,CUST3416,34.0,Male,PELE191,Bluetooth Speaker,Electronics,1,2171.41,2171.41,West
ORD14327,2023-11-26,CUST2031,24.0,Female,PELE638,Smartphone Case,Electronics,1,2993.1,2993.1,South
ORD13429,2023-11-26,CUST3128,34.0,Male,PSPO729,Dumbbell Set,Sports,1,277.94,277.94,South
ORD11673,2023-11-26,CUST2680,23.0,Male,PAPP797,Running Shoes,Apparel,1,1278.28,1278.28,South
ORD12166,2023-11-26,CUST2596,35.0,Male,PBEA319,Lipstick,Beauty,1,1263.69,1263.69,East
ORD14787,2023-11-26,CUST3448,29.0,Female,PSPO790,Yoga Mat,Sports,1,759.71,759.71,West
ORD15002,2023-11-26,CUST2225,47.0,Female,PELE120,Bluetooth Speaker,Electronics,1,4350.38,4350.38,North
ORD12372,2023-11-26,CUST3267,26.0,Female,PELE582,Smartphone Case,Electronics,1,2104.71,2104.71,East
ORD13085,2023-11-26,CUST3562,24.0,Female,PSPO789,Yoga Mat,Sports,1,453.08,453.08,East
ORD12532,2023-11-26,CUST2105,33.0,Female,PAPP973,Jacket,Apparel,1,468.64,468.64,East
ORD15900,2023-11-26,CUST2937,32.0,Male,PELE723,Smartwatch,Electronics,1,4123.36,4123.36,North
ORD10995,2023-11-26,CUST2240,40.0,Male,PELE551,Smartwatch,Electronics,2,1276.25,2552.5,West
ORD12118,2023-11-26,CUST3663,26.0,Female,PELE833,Power Bank,Electronics,1,3578.51,3578.51,West
ORD11686,2023-11-26,CUST3047,26.0,Male,PHOM469,Blender,Home & Kitchen,1,1499.56,1499.56,West
ORD14414,2023-11-27,CUST3459,33.0,Male,PSPO119,Cycling Gloves,Sports,1,1791.65,1791.65,West
ORD12298,2023-11-27,CUST2310,30.0,Male,PHOM324,Table Lamp,Home & Kitchen,2,2002.54,4005.08,North
ORD15614,2023-11-27,CUST2474,17.0,Female,PAPP827,Hoodie,Apparel,1,420.56,420.56,East
ORD11323,2023-11-27,CUST3776,18.0,Male,PELE600,Wireless Earbuds,Electronics,1,1823.17,1823.17,West
ORD15395,2023-11-27,CUST3024,18.0,Female,PELE309,Bluetooth Speaker,Electronics,1,4386.1,4386.1,West
ORD11733,2023-11-27,CUST2419,40.0,Male,PBEA114,Shampoo,Beauty,2,759.93,1519.86,South
ORD11817,2023-11-27,CUST2215,39.0,Female,PELE989,Smartwatch,Electronics,3,2344.73,7034.19,East
ORD13154,2023-11-27,CUST2754,30.0,Male,PHOM692,Blender,Home & Kitchen,2,2875.37,5750.74,East
ORD10272,2023-11-27,CUST2424,28.0,Male,PELE565,Power Bank,Electronics,1,2807.17,2807.17,West
ORD15373,2023-11-27,CUST3587,28.0,Male,PHOM431,Cushion Set,Home & Kitchen,1,2606.5,2606.5,East
ORD13157,2023-11-27,CUST2827,29.0,Female,PBEA289,Face Wash,Beauty,1,806.03,806.03,South
ORD14678,2023-11-27,CUST2308,23.0,Male,PBEA793,Face Wash,Beauty,1,831.33,831.33,West
ORD14791,2023-11-27,CUST2539,38.0,Female,PAPP495,Denim Jeans,Apparel,1,1933.59,1933.59,North
ORD15905,2023-11-27,CUST3163,29.0,Male,PAPP900,Denim Jeans,Apparel,1,560.19,560.19,South
ORD10485,2023-11-27,CUST2813,36.0,Female,PELE674,Smartwatch,Electronics,1,3394.74,3394.74,South
ORD13209,2023-11-28,CUST3704,30.0,Male,PBEA453,Face Wash,Beauty,1,590.26,590.26,North
ORD11305,2023-11-28,CUST2213,29.0,Male,PELE570,Smartphone Case,Electronics,1,3318.56,3318.56,East
ORD15431,2023-11-28,CUST2273,35.0,Male,PSPO639,Cricket Bat,Sports,1,558.96,558.96,East
ORD12502,2023-11-28,CUST2587,39.0,Male,PSPO103,Yoga Mat,Sports,1,1605.14,1605.14,South
ORD11684,2023-11-29,CUST2073,16.0,Female,PSPO801,Football,Sports,1,2350.01,2350.01,East
ORD11783,2023-11-29,CUST3044,43.0,Male,PHOM151,Table Lamp,Home & Kitchen,1,1537.15,1537.15,West
ORD10896,2023-11-29,CUST2713,32.0,Female,PHOM783,Cushion Set,Home & Kitchen,2,674.1,1348.2,West
ORD15746,2023-11-30,CUST3679,20.0,Male,PBEA654,Face Wash,Beauty,1,675.74,675.74,North
ORD14885,2023-11-30,CUST3397,19.0,Female,PSPO822,Cricket Bat,Sports,1,1127.07,1127.07,East
ORD14487,2023-11-30,CUST2091,30.0,Male,PHOM570,Storage Rack,Home & Kitchen,1,1857.27,1857.27,West
ORD15580,2023-11-30,CUST2919,41.0,Female,PELE252,Smartwatch,Electronics,1,3494.16,3494.16,West
ORD11390,2023-11-30,CUST2570,40.0,Female,PELE339,Smartphone Case,Electronics,1,3150.82,3150.82,East
ORD12265,2023-11-30,CUST3598,51.0,Male,PBEA198,Face Wash,Beauty,1,988.02,988.02,North
ORD12055,2023-11-30,CUST2914,40.0,Male,PELE820,Bluetooth Speaker,Electronics,2,1602.75,3205.5,East
ORD14523,2023-12-01,CUST2340,39.0,Female,PELE352,Power Bank,Electronics,1,2008.98,2008.98,West
ORD14851,2023-12-01,CUST2809,27.0,Female,PSPO656,Cycling Gloves,Sports,1,760.91,760.91,North
ORD10909,2023-12-01,CUST2629,32.0,Male,PBEA423,Face Wash,Beauty,2,429.38,858.76,West
ORD13694,2023-12-01,CUST3203,36.0,Male,PHOM923,Non-stick Pan,Home & Kitchen,1,1971.9,1971.9,North
ORD11666,2023-12-01,CUST2569,23.0,Male,PAPP402,Cotton T-Shirt,Apparel,2,1603.35,3206.7,South
ORD13139,2023-12-01,CUST3085,25.0,Female,PSPO234,Football,Sports,1,2330.51,2330.51,East
ORD13236,2023-12-01,CUST3234,16.0,Female,PBEA171,Perfume,Beauty,2,229.47,458.94,North
ORD11096,2023-12-01,CUST3452,25.0,Male,PBEA104,Lipstick,Beauty,3,1365.22,4095.66,East
ORD12548,2023-12-01,CUST2879,16.0,Male,PBEA677,Shampoo,Beauty,1,460.23,460.23,West
ORD14797,2023-12-01,CUST3071,16.0,Male,PBEA971,Face Serum,Beauty,2,1361.41,2722.82,South
ORD13929,2023-12-01,CUST3578,29.0,Male,PHOM689,Table Lamp,Home & Kitchen,1,1546.58,1546.58,West
ORD13091,2023-12-01,CUST2142,24.0,Male,PHOM325,Storage Rack,Home & Kitchen,1,2291.81,2291.81,West
ORD10477,2023-12-01,CUST2243,31.0,Male,PHOM645,Blender,Home & Kitchen,1,1476.92,1476.92,West
ORD11529,2023-12-01,CUST3286,42.0,Male,PBEA570,Lipstick,Beauty,1,1367.15,1367.15,North
ORD11355,2023-12-01,CUST3746,29.0,Male,PSPO106,Football,Sports,1,1160.63,1160.63,South
ORD11221,2023-12-01,CUST2317,28.0,Male,PHOM962,Non-stick Pan,Home & Kitchen,2,2116.55,4233.1,South
ORD12825,2023-12-01,CUST2870,34.0,Male,PELE449,Bluetooth Speaker,Electronics,2,1052.4,2104.8,South
ORD15591,2023-12-01,CUST2920,41.0,Male,PHOM833,Table Lamp,Home & Kitchen,1,946.04,946.04,West
ORD12365,2023-12-01,CUST2016,30.0,Male,PBEA540,Shampoo,Beauty,1,380.91,380.91,North
ORD13410,2023-12-01,CUST2073,43.0,Male,PELE786,Wireless Earbuds,Electronics,2,4020.74,8041.48,West
ORD12409,2023-12-01,CUST3331,34.0,Female,PAPP912,Jacket,Apparel,1,1859.23,1859.23,West
ORD11808,2023-12-01,CUST2501,43.0,Male,PBEA523,Face Serum,Beauty,1,300.84,300.84,North
ORD14568,2023-12-01,CUST2403,36.0,Female,PAPP886,Hoodie,Apparel,1,440.38,440.38,North
ORD10698,2023-12-01,CUST2534,32.0,Male,PBEA315,Lipstick,Beauty,2,1088.89,2177.78,East
ORD15825,2023-12-01,CUST2693,16.0,Male,PELE290,Smartphone Case,Electronics,1,801.67,801.67,South
ORD12685,2023-12-01,CUST2578,34.0,Male,PELE824,Power Bank,Electronics,1,1480.89,1480.89,East
ORD14679,2023-12-02,CUST3431,34.0,Male,PELE226,Bluetooth Speaker,Electronics,1,2427.06,2427.06,North
ORD15070,2023-12-02,CUST2550,28.0,Female,PHOM976,Non-stick Pan,Home & Kitchen,1,2637.74,2637.74,West
ORD13193,2023-12-02,CUST2004,41.0,Male,PSPO118,Yoga Mat,Sports,1,389.79,389.79,North
ORD15516,2023-12-02,CUST2352,27.0,Male,PBEA594,Face Serum,Beauty,1,656.58,656.58,North
ORD12573,2023-12-02,CUST2732,37.0,Female,PAPP976,Cotton T-Shirt,Apparel,1,809.43,809.43,North
ORD11275,2023-12-02,CUST3389,38.0,Female,PHOM352,Cushion Set,Home & Kitchen,1,379.32,379.32,West
ORD13088,2023-12-02,CUST3213,17.0,Male,PAPP384,Hoodie,Apparel,1,1150.04,1150.04,North
ORD14572,2023-12-02,CUST2292,32.0,Female,PSPO957,Football,Sports,2,1775.32,3550.64,South
ORD12305,2023-12-02,CUST2188,32.0,Male,PHOM113,Blender,Home & Kitchen,1,965.9,965.9,East
ORD15441,2023-12-02,CUST3471,29.0,Female,PELE302,Wireless Earbuds,Electronics,1,2274.44,2274.44,East
ORD14688,2023-12-02,CUST3501,26.0,Female,PELE572,Power Bank,Electronics,1,3932.71,3932.71,North
ORD12991,2023-12-02,CUST3513,16.0,Female,PHOM964,Non-stick Pan,Home & Kitchen,1,2870.45,2870.45,East
ORD13927,2023-12-02,CUST2311,38.0,Female,PELE883,Wireless Earbuds,Electronics,1,1569.08,1569.08,East
ORD13378,2023-12-02,CUST3274,35.0,Male,PELE906,Bluetooth Speaker,Electronics,1,1025.72,1025.72,North
ORD12755,2023-12-02,CUST3650,42.0,Female,PHOM584,Blender,Home & Kitchen,1,786.86,786.86,West
ORD12254,2023-12-02,CUST3319,35.0,Female,PAPP788,Denim Jeans,Apparel,1,1217.26,1217.26,South
ORD10333,2023-12-02,CUST3095,29.0,Male,PAPP741,Denim Jeans,Apparel,1,1948.03,1948.03,West
ORD15655,2023-12-02,CUST2012,37.0,Female,PAPP997,Jacket,Apparel,1,2091.95,2091.95,West
ORD13552,2023-12-03,CUST2561,33.0,Female,PSPO675,Cricket Bat,Sports,1,1709.79,1709.79,West
ORD14713,2023-12-03,CUST2060,49.0,Female,PAPP219,Denim Jeans,Apparel,1,2171.6,2171.6,West
ORD13849,2023-12-03,CUST2515,43.0,Female,PSPO862,Cycling Gloves,Sports,1,1868.5,1868.5,South
ORD13679,2023-12-03,CUST3664,34.0,Female,PBEA605,Face Wash,Beauty,1,754.16,754.16,South
ORD10420,2023-12-03,CUST2851,32.0,Female,PHOM556,Non-stick Pan,Home & Kitchen,1,2535.03,2535.03,East
ORD15978,2023-12-03,CUST2285,40.0,Male,PAPP941,Hoodie,Apparel,2,887.4,1774.8,South
ORD10169,2023-12-03,CUST2994,42.0,Male,PAPP671,Hoodie,Apparel,1,1083.97,1083.97,South
ORD10339,2023-12-03,CUST3023,51.0,Female,PAPP641,Jacket,Apparel,3,1835.24,5505.72,North
ORD13980,2023-12-03,CUST2353,16.0,Female,PHOM968,Blender,Home & Kitchen,3,331.41,994.23,South
ORD13944,2023-12-03,CUST2140,47.0,Male,PBEA781,Perfume,Beauty,1,689.81,689.81,South
ORD12691,2023-12-03,CUST3523,16.0,Male,PELE764,Power Bank,Electronics,1,3621.82,3621.82,South
ORD13897,2023-12-03,CUST2975,35.0,Male,PSPO355,Yoga Mat,Sports,1,1073.88,1073.88,South
ORD15112,2023-12-03,CUST3108,27.0,Female,PAPP485,Hoodie,Apparel,1,2018.95,2018.95,East
ORD11334,2023-12-03,CUST2902,40.0,Female,PSPO986,Yoga Mat,Sports,1,564.35,564.35,South
ORD14971,2023-12-04,CUST2398,16.0,Male,PBEA155,Face Serum,Beauty,1,433.4,433.4,East
ORD11320,2023-12-04,CUST3331,43.0,Male,PBEA271,Lipstick,Beauty,1,634.94,634.94,West
ORD14234,2023-12-04,CUST2875,31.0,Male,PAPP583,Cotton T-Shirt,Apparel,2,880.23,1760.46,East
ORD13923,2023-12-04,CUST3246,36.0,Female,PAPP312,Cotton T-Shirt,Apparel,1,2024.89,2024.89,West
ORD10933,2023-12-04,CUST3120,36.0,Male,PAPP857,Running Shoes,Apparel,1,1627.14,1627.14,East
ORD15976,2023-12-04,CUST2400,28.0,Male,PELE986,Smartphone Case,Electronics,2,2463.66,4927.32,North
ORD12132,2023-12-04,CUST3106,34.0,Female,PSPO194,Cycling Gloves,Sports,1,510.45,510.45,East
ORD15420,2023-12-04,CUST2827,52.0,Male,PHOM905,Storage Rack,Home & Kitchen,1,1458.52,1458.52,North
ORD12646,2023-12-04,CUST2627,17.0,Male,PAPP826,Cotton T-Shirt,Apparel,1,1457.07,1457.07,North
ORD10393,2023-12-04,CUST3347,24.0,Female,PAPP304,Hoodie,Apparel,1,1920.86,1920.86,West
ORD14581,2023-12-04,CUST2828,25.0,Female,PHOM645,Table Lamp,Home & Kitchen,2,1027.25,2054.5,North
ORD12598,2023-12-04,CUST2859,27.0,Male,PELE120,Wireless Earbuds,Electronics,2,3847.01,7694.02,South
ORD12322,2023-12-04,CUST3788,33.0,Male,PBEA788,Face Serum,Beauty,2,1291.21,2582.42,North
ORD10247,2023-12-04,CUST3079,22.0,Female,PSPO654,Cricket Bat,Sports,2,670.96,1341.92,South
ORD13013,2023-12-04,CUST2758,24.0,Male,PHOM327,Cushion Set,Home & Kitchen,1,415.96,415.96,East
ORD13194,2023-12-04,CUST2856,45.0,Female,PBEA519,Face Wash,Beauty,1,1055.34,1055.34,North
ORD10658,2023-12-04,CUST3389,22.0,Female,PELE740,Bluetooth Speaker,Electronics,1,3166.28,3166.28,South
ORD12186,2023-12-04,CUST3309,25.0,Male,PELE931,Bluetooth Speaker,Electronics,1,3200.67,3200.67,South
ORD15511,2023-12-04,CUST3750,41.0,Male,PELE501,Smartwatch,Electronics,1,3355.99,3355.99,South
ORD12925,2023-12-04,CUST3650,32.0,Male,PHOM334,Cushion Set,Home & Kitchen,1,2496.53,2496.53,West
ORD13211,2023-12-04,CUST2482,17.0,Male,PHOM833,Cushion Set,Home & Kitchen,3,2356.07,7068.21,East
ORD13234,2023-12-04,CUST3727,16.0,Female,PAPP806,Hoodie,Apparel,1,1878.98,1878.98,North
ORD15302,2023-12-04,CUST2235,28.0,Male,PELE902,Power Bank,Electronics,1,4360.67,4360.67,West
ORD13465,2023-12-04,CUST2354,29.0,Male,PELE202,Wireless Earbuds,Electronics,1,2778.0,2778.0,South
ORD11742,2023-12-05,CUST2604,42.0,Male,PAPP979,Running Shoes,Apparel,1,730.37,730.37,North
ORD15271,2023-12-05,CUST3529,34.0,Female,PAPP540,Cotton T-Shirt,Apparel,1,852.79,852.79,South
ORD15662,2023-12-05,CUST2257,23.0,Male,PELE907,Smartphone Case,Electronics,1,4263.87,4263.87,West
ORD12331,2023-12-05,CUST3111,59.0,Female,PBEA181,Shampoo,Beauty,1,1454.46,1454.46,East
ORD12638,2023-12-05,CUST3445,23.0,Male,PBEA510,Face Wash,Beauty,1,750.69,750.69,North
ORD15053,2023-12-05,CUST2703,25.0,Male,PELE134,Bluetooth Speaker,Electronics,1,1327.17,1327.17,North
ORD10816,2023-12-05,CUST2308,35.0,Male,PAPP683,Denim Jeans,Apparel,1,410.32,410.32,North
ORD12296,2023-12-05,CUST2484,54.0,Female,PAPP914,Cotton T-Shirt,Apparel,1,1708.93,1708.93,South
ORD12108,2023-12-05,CUST3489,30.0,Female,PELE199,Smartwatch,Electronics,1,1211.7,1211.7,East
ORD13606,2023-12-05,CUST3374,34.0,Male,PBEA340,Lipstick,Beauty,1,297.79,297.79,East
ORD12061,2023-12-05,CUST2451,33.0,Female,PELE812,Smartwatch,Electronics,1,4355.22,4355.22,West
ORD15087,2023-12-05,CUST2630,16.0,Female,PAPP355,Hoodie,Apparel,2,1921.57,3843.14,West
ORD13050,2023-12-05,CUST2422,18.0,Female,PAPP988,Hoodie,Apparel,1,743.98,743.98,North
ORD14344,2023-12-05,CUST2760,22.0,Male,PHOM754,Non-stick Pan,Home & Kitchen,1,1088.24,1088.24,East
ORD10259,2023-12-06,CUST2661,44.0,Female,PELE874,Smartphone Case,Electronics,1,1307.83,1307.83,North
ORD13736,2023-12-06,CUST3719,24.0,Female,PHOM586,Storage Rack,Home & Kitchen,1,2729.43,2729.43,North
ORD12025,2023-12-06,CUST2373,41.0,Male,PAPP862,Hoodie,Apparel,1,1767.84,1767.84,North
ORD12668,2023-12-06,CUST2637,39.0,Male,PBEA370,Face Wash,Beauty,1,225.32,225.32,South
ORD15417,2023-12-06,CUST2112,26.0,Male,PAPP458,Jacket,Apparel,2,405.13,810.26,North
ORD10125,2023-12-06,CUST2291,22.0,Female,PBEA324,Face Wash,Beauty,1,1282.24,1282.24,South
ORD14916,2023-12-06,CUST2876,47.0,Male,PSPO206,Cricket Bat,Sports,1,1693.79,1693.79,South
ORD13711,2023-12-06,CUST2521,21.0,Male,PELE107,Smartwatch,Electronics,2,2867.63,5735.26,East
ORD14511,2023-12-06,CUST2160,36.0,Female,PSPO730,Yoga Mat,Sports,1,1936.39,1936.39,North
ORD13605,2023-12-06,CUST2551,28.0,Male,PSPO461,Yoga Mat,Sports,1,480.64,480.64,North
ORD14976,2023-12-06,CUST2097,39.0,Female,PHOM535,Non-stick Pan,Home & Kitchen,1,1239.38,1239.38,North
ORD14179,2023-12-06,CUST2954,59.0,Male,PBEA492,Perfume,Beauty,1,1227.54,1227.54,North
ORD13456,2023-12-06,CUST2431,32.0,Male,PELE579,Wireless Earbuds,Electronics,1,3104.08,3104.08,South
ORD13388,2023-12-06,CUST3599,27.0,Male,PELE573,Power Bank,Electronics,2,2518.74,5037.48,South
ORD13752,2023-12-06,CUST3507,19.0,Male,PAPP613,Jacket,Apparel,1,1177.73,1177.73,South
ORD11284,2023-12-06,CUST2292,17.0,Male,PAPP735,Jacket,Apparel,1,1703.59,1703.59,East
ORD10883,2023-12-06,CUST2248,43.0,Male,PHOM491,Table Lamp,Home & Kitchen,3,1960.35,5881.05,North
ORD11287,2023-12-06,CUST2741,34.0,Female,PAPP824,Running Shoes,Apparel,1,1940.68,1940.68,South
ORD15561,2023-12-07,CUST2412,39.0,Male,PELE457,Smartphone Case,Electronics,2,886.26,1772.52,North
ORD12777,2023-12-07,CUST3260,48.0,Female,PBEA503,Face Serum,Beauty,1,446.97,446.97,South
ORD12827,2023-12-07,CUST3591,29.0,Female,PELE349,Smartphone Case,Electronics,1,1678.51,1678.51,West
ORD13470,2023-12-07,CUST3035,47.0,Male,PBEA355,Lipstick,Beauty,1,1010.3,1010.3,West
ORD10635,2023-12-07,CUST2957,28.0,Male,PBEA113,Face Serum,Beauty,1,1496.66,1496.66,North
ORD13768,2023-12-07,CUST3337,33.0,Female,PBEA967,Face Wash,Beauty,2,722.43,1444.86,North
ORD13138,2023-12-07,CUST2771,42.0,Male,PELE589,Smartphone Case,Electronics,2,2039.34,4078.68,South
ORD12467,2023-12-07,CUST3340,32.0,Male,PELE225,Smartwatch,Electronics,1,2630.49,2630.49,North
ORD14368,2023-12-07,CUST3762,34.0,Male,PELE163,Bluetooth Speaker,Electronics,1,3047.91,3047.91,East
ORD14683,2023-12-07,CUST2176,,Male,PAPP511,Denim Jeans,Apparel,1,2198.4,2198.4,West
ORD13341,2023-12-07,CUST2369,21.0,Male,PAPP383,Jacket,Apparel,1,1123.4,1123.4,East
ORD10283,2023-12-07,CUST3101,41.0,Female,PELE231,Smartwatch,Electronics,1,3269.92,3269.92,West
ORD11620,2023-12-07,CUST3403,30.0,Female,PSPO937,Yoga Mat,Sports,1,1481.45,1481.45,East
ORD14088,2023-12-07,CUST3697,22.0,Female,PAPP749,Denim Jeans,Apparel,1,2163.25,2163.25,North
ORD10732,2023-12-07,CUST3143,39.0,Male,PHOM207,Cushion Set,Home & Kitchen,1,679.13,679.13,North
ORD10038,2023-12-07,CUST2677,48.0,Male,PHOM309,Blender,Home & Kitchen,1,1586.65,1586.65,South
ORD10697,2023-12-07,CUST3427,41.0,Female,PELE677,Smartwatch,Electronics,1,3010.33,3010.33,West
ORD11835,2023-12-07,CUST2185,26.0,Male,PELE218,Power Bank,Electronics,1,3845.07,3845.07,West
ORD11382,2023-12-07,CUST3710,21.0,Female,PBEA641,Lipstick,Beauty,1,435.87,435.87,South
ORD14510,2023-12-07,CUST2958,36.0,Male,PSPO176,Dumbbell Set,Sports,1,1784.91,1784.91,South
ORD14102,2023-12-08,CUST2785,40.0,Male,PELE403,Wireless Earbuds,Electronics,1,2001.47,2001.47,West
ORD12036,2023-12-08,CUST3424,41.0,Female,PAPP329,Jacket,Apparel,1,422.63,422.63,East
ORD12137,2023-12-08,CUST2439,30.0,Male,PELE627,Bluetooth Speaker,Electronics,1,3618.75,3618.75,East
ORD14754,2023-12-08,CUST2830,39.0,Male,PSPO966,Yoga Mat,Sports,2,1067.55,2135.1,West
ORD13529,2023-12-08,CUST2749,55.0,Male,PELE619,Smartwatch,Electronics,1,1437.34,1437.34,North
ORD14554,2023-12-08,CUST3065,48.0,Male,PELE344,Wireless Earbuds,Electronics,1,2292.1,2292.1,North
ORD15025,2023-12-08,CUST2941,16.0,Female,PELE656,Bluetooth Speaker,Electronics,1,1159.98,1159.98,North
ORD12693,2023-12-08,CUST3421,36.0,Male,PELE535,Smartwatch,Electronics,2,4407.58,8815.16,South
ORD15101,2023-12-08,CUST2934,32.0,Female,PELE670,Smartphone Case,Electronics,2,3937.94,7875.88,South
ORD13245,2023-12-08,CUST3260,27.0,Female,PAPP197,Denim Jeans,Apparel,1,1239.96,1239.96,South
ORD11342,2023-12-08,CUST3542,27.0,Male,PSPO901,Cricket Bat,Sports,1,1544.2,1544.2,East
ORD13731,2023-12-08,CUST2982,45.0,Male,PAPP490,Hoodie,Apparel,1,528.78,528.78,North
ORD15472,2023-12-08,CUST3418,25.0,Male,PELE272,Power Bank,Electronics,1,835.51,835.51,West
ORD15969,2023-12-08,CUST2158,29.0,Male,PELE600,Bluetooth Speaker,Electronics,1,1592.96,1592.96,South
ORD13874,2023-12-08,CUST3517,33.0,Male,PAPP270,Running Shoes,Apparel,1,1419.75,1419.75,South
ORD11102,2023-12-08,CUST2174,24.0,Male,PBEA508,Perfume,Beauty,1,517.05,517.05,North
ORD13196,2023-12-08,CUST3126,44.0,Female,PELE404,Smartwatch,Electronics,1,958.15,958.15,West
ORD15594,2023-12-08,CUST3445,28.0,Female,PELE439,Wireless Earbuds,Electronics,1,3391.96,3391.96,South
ORD13620,2023-12-08,CUST3379,38.0,Female,PHOM461,Blender,Home & Kitchen,1,1298.69,1298.69,North
ORD10213,2023-12-09,CUST2114,42.0,Female,PSPO486,Dumbbell Set,Sports,2,1387.95,2775.9,North
ORD15240,2023-12-09,CUST2562,38.0,Male,PHOM320,Non-stick Pan,Home & Kitchen,1,749.49,749.49,West
ORD10441,2023-12-09,CUST3328,30.0,Female,PAPP400,Hoodie,Apparel,1,1494.46,1494.46,North
ORD11418,2023-12-09,CUST2874,24.0,Female,PELE824,Smartphone Case,Electronics,1,3407.48,3407.48,West
ORD10358,2023-12-09,CUST2199,25.0,Male,PELE407,Smartwatch,Electronics,1,3649.51,3649.51,North
ORD10980,2023-12-09,CUST2977,35.0,Female,PELE560,Bluetooth Speaker,Electronics,1,2279.33,2279.33,South
ORD12321,2023-12-09,CUST2202,46.0,Female,PAPP267,Denim Jeans,Apparel,1,716.13,716.13,South
ORD15408,2023-12-09,CUST3566,27.0,Male,PBEA385,Perfume,Beauty,2,1201.78,2403.56,South
ORD12206,2023-12-09,CUST2394,45.0,Female,PBEA327,Shampoo,Beauty,2,1480.72,2961.44,North
ORD10623,2023-12-09,CUST2643,20.0,Male,PHOM252,Cushion Set,Home & Kitchen,1,604.48,604.48,East
ORD12099,2023-12-10,CUST2334,30.0,Female,PELE815,Smartphone Case,Electronics,1,2975.08,2975.08,North
ORD15092,2023-12-10,CUST2986,41.0,Male,PELE599,Smartphone Case,Electronics,2,1661.59,3323.18,North
ORD14076,2023-12-10,CUST2569,35.0,Female,PELE738,Smartwatch,Electronics,1,2797.56,2797.56,West
ORD15660,2023-12-10,CUST3721,54.0,Male,PSPO703,Dumbbell Set,Sports,2,2284.91,4569.82,West
ORD12635,2023-12-10,CUST2790,31.0,Female,PBEA193,Shampoo,Beauty,2,1420.89,2841.78,South
ORD12465,2023-12-10,CUST3377,36.0,Female,PHOM763,Cushion Set,Home & Kitchen,1,1913.39,1913.39,South
ORD12449,2023-12-10,CUST2797,30.0,Male,PELE576,Power Bank,Electronics,1,2767.26,2767.26,West
ORD13417,2023-12-10,CUST2683,22.0,Male,PELE421,Bluetooth Speaker,Electronics,2,2668.1,5336.2,North
ORD14033,2023-12-10,CUST2912,30.0,Male,PHOM742,Storage Rack,Home & Kitchen,2,576.21,1152.42,West
ORD14465,2023-12-10,CUST2761,29.0,Male,PSPO782,Yoga Mat,Sports,1,2202.1,2202.1,North
ORD10450,2023-12-10,CUST2126,31.0,Female,PHOM959,Blender,Home & Kitchen,1,567.74,567.74,West
ORD13511,2023-12-10,CUST3068,27.0,Female,PAPP321,Running Shoes,Apparel,2,824.75,1649.5,South
ORD12417,2023-12-10,CUST2626,30.0,Female,PAPP399,Running Shoes,Apparel,1,1068.87,1068.87,North
ORD12414,2023-12-10,CUST2411,36.0,Female,PAPP221,Jacket,Apparel,1,638.37,638.37,South
ORD10938,2023-12-10,CUST3604,31.0,Female,PHOM349,Table Lamp,Home & Kitchen,1,805.52,805.52,East
ORD13070,2023-12-10,CUST3018,45.0,Female,PSPO988,Dumbbell Set,Sports,1,1588.04,1588.04,East
ORD15622,2023-12-10,CUST3323,24.0,Female,PELE218,Power Bank,Electronics,1,4055.63,4055.63,East
ORD10424,2023-12-10,CUST3604,17.0,Male,PBEA645,Shampoo,Beauty,1,467.87,467.87,North
ORD14755,2023-12-10,CUST3342,31.0,Female,PAPP567,Hoodie,Apparel,1,949.31,949.31,South
ORD13347,2023-12-10,CUST3588,38.0,Male,PELE512,Bluetooth Speaker,Electronics,1,3009.08,3009.08,North
ORD14709,2023-12-10,CUST2858,33.0,Male,PAPP492,Denim Jeans,Apparel,1,2039.21,2039.21,North
ORD13331,2023-12-10,CUST3181,27.0,Male,PHOM850,Cushion Set,Home & Kitchen,1,1562.27,1562.27,South
ORD10777,2023-12-10,CUST3505,30.0,Female,PAPP516,Jacket,Apparel,1,803.52,803.52,South
ORD10532,2023-12-10,CUST2873,27.0,Female,PBEA952,Face Serum,Beauty,1,637.7,637.7,West
ORD14484,2023-12-11,CUST3166,32.0,Female,PSPO579,Dumbbell Set,Sports,1,1375.81,1375.81,East
ORD11002,2023-12-11,CUST3464,26.0,Female,PELE164,Smartwatch,Electronics,1,1586.2,1586.2,East
ORD11040,2023-12-11,CUST2810,26.0,Male,PBEA225,Lipstick,Beauty,2,1108.9,2217.8,North
ORD15330,2023-12-11,CUST3300,16.0,Female,PBEA423,Lipstick,Beauty,1,363.55,363.55,West
ORD13020,2023-12-11,CUST2297,37.0,Male,PELE231,Bluetooth Speaker,Electronics,1,1414.78,1414.78,West
ORD13721,2023-12-11,CUST3438,41.0,Female,PBEA714,Lipstick,Beauty,1,1144.55,1144.55,South
ORD10889,2023-12-11,CUST2216,38.0,Male,PBEA678,Face Serum,Beauty,2,363.94,727.88,East
ORD15209,2023-12-11,CUST2147,30.0,Male,PAPP162,Denim Jeans,Apparel,1,447.2,447.2,North
ORD14520,2023-12-11,CUST3069,30.0,Female,PELE799,Smartphone Case,Electronics,1,1208.05,1208.05,North
ORD13263,2023-12-11,CUST2732,27.0,Male,PAPP637,Cotton T-Shirt,Apparel,3,1913.37,5740.11,South
ORD12077,2023-12-11,CUST2133,50.0,Female,PBEA893,Face Wash,Beauty,1,308.45,308.45,East
ORD15923,2023-12-11,CUST2805,39.0,Male,PSPO361,Football,Sports,1,1691.64,1691.64,East
ORD13383,2023-12-11,CUST2962,36.0,Female,PELE696,Wireless Earbuds,Electronics,1,3383.86,3383.86,North
ORD11472,2023-12-11,CUST3110,39.0,Male,PAPP304,Running Shoes,Apparel,1,1353.49,1353.49,East
ORD13797,2023-12-11,CUST2255,22.0,Female,PAPP609,Cotton T-Shirt,Apparel,2,800.36,1600.72,West
ORD14162,2023-12-11,CUST3171,21.0,Female,PAPP857,Hoodie,Apparel,1,1588.91,1588.91,South
ORD11459,2023-12-11,CUST2860,36.0,Female,PAPP931,Hoodie,Apparel,1,1570.03,1570.03,South
ORD11769,2023-12-12,CUST2756,24.0,Female,PELE992,Smartwatch,Electronics,2,1670.53,3341.06,East
ORD15685,2023-12-12,CUST3002,29.0,Female,PELE666,Power Bank,Electronics,1,3197.51,3197.51,West
ORD15913,2023-12-12,CUST3352,36.0,Male,PELE833,Power Bank,Electronics,1,2011.23,2011.23,South
ORD12671,2023-12-12,CUST2775,37.0,Female,PBEA305,Face Wash,Beauty,1,1359.42,1359.42,North
ORD13977,2023-12-12,CUST3546,38.0,Female,PAPP605,Running Shoes,Apparel,1,1251.36,1251.36,North
ORD13967,2023-12-12,CUST2518,38.0,Female,PAPP351,Hoodie,Apparel,1,1245.25,1245.25,South
ORD13838,2023-12-12,CUST2742,22.0,Female,PELE573,Bluetooth Speaker,Electronics,1,1583.43,1583.43,East
ORD11677,2023-12-12,CUST2094,34.0,Male,PAPP183,Cotton T-Shirt,Apparel,1,1769.64,1769.64,North
ORD10943,2023-12-12,CUST3420,32.0,Male,PSPO535,Cricket Bat,Sports,1,701.6,701.6,West
ORD13288,2023-12-12,CUST2477,31.0,Male,PSPO428,Yoga Mat,Sports,1,1418.0,1418.0,South
ORD10467,2023-12-12,CUST3013,32.0,Female,PELE408,Power Bank,Electronics,2,2908.96,5817.92,South
ORD14685,2023-12-12,CUST3770,39.0,Female,PAPP139,Running Shoes,Apparel,2,574.98,1149.96,West
ORD12890,2023-12-12,CUST2636,36.0,Male,PELE939,Bluetooth Speaker,Electronics,1,2370.32,2370.32,West
ORD11505,2023-12-12,CUST2301,48.0,Male,PAPP157,Jacket,Apparel,1,1539.17,1539.17,North
ORD15590,2023-12-12,CUST2795,34.0,Female,PAPP260,Jacket,Apparel,3,610.45,1831.35,North
ORD11489,2023-12-12,CUST2751,36.0,Female,PBEA864,Perfume,Beauty,2,1419.2,2838.4,South
ORD15783,2023-12-12,CUST2135,36.0,Male,PAPP520,Denim Jeans,Apparel,1,1275.21,1275.21,East
ORD14886,2023-12-12,CUST2826,16.0,Male,PSPO478,Cricket Bat,Sports,1,647.43,647.43,North
ORD11647,2023-12-12,CUST3260,35.0,Female,PHOM552,Table Lamp,Home & Kitchen,1,717.56,717.56,West
ORD11322,2023-12-12,CUST2527,19.0,Female,PBEA285,Lipstick,Beauty,1,304.66,304.66,North
ORD12286,2023-12-12,CUST3215,17.0,Female,PSPO660,Cycling Gloves,Sports,2,2394.01,4788.02,North
ORD12272,2023-12-12,CUST2106,29.0,Female,PSPO757,Cycling Gloves,Sports,3,2241.63,6724.89,North
ORD14426,2023-12-12,CUST2564,46.0,Male,PAPP757,Jacket,Apparel,3,1654.7,4964.1,North
ORD15995,2023-12-12,CUST2888,23.0,Female,PHOM891,Cushion Set,Home & Kitchen,1,2937.28,2937.28,South
ORD10303,2023-12-13,CUST2530,23.0,Male,PAPP265,Running Shoes,Apparel,1,1838.41,1838.41,South
ORD12594,2023-12-13,CUST2466,35.0,Female,PAPP886,Running Shoes,Apparel,1,644.55,644.55,South
ORD12739,2023-12-13,CUST3421,19.0,Male,PSPO729,Yoga Mat,Sports,1,1807.48,1807.48,North
ORD10379,2023-12-13,CUST3099,30.0,Female,PAPP862,Cotton T-Shirt,Apparel,1,1882.18,1882.18,North
ORD13729,2023-12-13,CUST3522,48.0,Male,PBEA122,Face Serum,Beauty,1,777.03,777.03,South
ORD12489,2023-12-13,CUST2057,27.0,Female,PBEA412,Face Serum,Beauty,2,204.73,409.46,West
ORD12033,2023-12-13,CUST3270,40.0,Female,PHOM314,Table Lamp,Home & Kitchen,1,2834.37,2834.37,South
ORD12129,2023-12-13,CUST3138,34.0,Male,PELE762,Smartwatch,Electronics,2,2699.07,5398.14,East
ORD11557,2023-12-13,CUST2197,42.0,Male,PELE649,Smartwatch,Electronics,1,986.23,986.23,North
ORD15863,2023-12-13,CUST2141,46.0,Female,PAPP406,Running Shoes,Apparel,1,1735.11,1735.11,South
ORD14585,2023-12-13,CUST2337,23.0,Male,PSPO770,Cricket Bat,Sports,1,805.78,805.78,East
ORD13674,2023-12-13,CUST2155,27.0,Female,PHOM862,Table Lamp,Home & Kitchen,1,2462.25,2462.25,East
ORD15200,2023-12-13,CUST3048,37.0,Female,PELE954,Bluetooth Speaker,Electronics,2,2693.0,5386.0,South
ORD13681,2023-12-13,CUST2121,28.0,Male,PHOM764,Table Lamp,Home & Kitchen,1,2532.09,2532.09,North
ORD13551,2023-12-13,CUST2949,44.0,Female,PHOM356,Blender,Home & Kitchen,1,546.75,546.75,North
ORD11926,2023-12-13,CUST2526,48.0,Male,PSPO307,Cycling Gloves,Sports,1,2302.14,2302.14,North
ORD15291,2023-12-13,CUST3569,28.0,Female,PSPO648,Yoga Mat,Sports,2,831.2,1662.4,South
ORD12183,2023-12-13,CUST3152,38.0,Female,PELE358,Smartwatch,Electronics,2,1024.27,2048.54,South
ORD11269,2023-12-13,CUST3083,27.0,Female,PBEA494,Perfume,Beauty,1,549.63,549.63,North
ORD10469,2023-12-14,CUST2489,24.0,Female,PHOM998,Table Lamp,Home & Kitchen,1,1899.02,1899.02,East
ORD10046,2023-12-14,CUST2661,39.0,Male,PAPP508,Cotton T-Shirt,Apparel,2,1390.14,2780.28,East
ORD15957,2023-12-14,CUST2938,30.0,Male,PAPP722,Running Shoes,Apparel,1,2147.73,2147.73,West
ORD14975,2023-12-14,CUST2769,39.0,Female,PELE585,Smartwatch,Electronics,1,4141.78,4141.78,South
ORD13789,2023-12-14,CUST2987,26.0,Male,PSPO438,Football,Sports,1,2035.36,2035.36,North
ORD14134,2023-12-14,CUST3660,42.0,Female,PSPO558,Cycling Gloves,Sports,2,963.63,1927.26,South
ORD13319,2023-12-14,CUST2909,38.0,Female,PSPO838,Football,Sports,1,1507.43,1507.43,North
ORD15613,2023-12-14,CUST3124,35.0,Male,PELE965,Power Bank,Electronics,1,2472.76,2472.76,West
ORD15139,2023-12-14,CUST2329,29.0,Male,PBEA980,Lipstick,Beauty,1,404.12,404.12,South
ORD13879,2023-12-14,CUST2612,26.0,Female,PELE977,Bluetooth Speaker,Electronics,1,1275.97,1275.97,East
ORD14285,2023-12-14,CUST3205,23.0,Female,PBEA124,Face Serum,Beauty,1,362.5,362.5,East
ORD15946,2023-12-14,CUST3280,23.0,Female,PELE373,Bluetooth Speaker,Electronics,1,2149.24,2149.24,North
ORD13311,2023-12-14,CUST2722,41.0,Female,PHOM237,Table Lamp,Home & Kitchen,1,2502.4,2502.4,West
ORD14359,2023-12-14,CUST2340,27.0,Male,PELE977,Power Bank,Electronics,1,1523.4,1523.4,North
ORD12922,2023-12-14,CUST3789,26.0,Male,PELE321,Bluetooth Speaker,Electronics,1,2404.87,2404.87,East
ORD12371,2023-12-14,CUST2016,36.0,Female,PELE799,Bluetooth Speaker,Electronics,1,1569.53,1569.53,East
ORD14545,2023-12-14,CUST2163,17.0,Male,PELE912,Power Bank,Electronics,1,3359.53,3359.53,North
ORD11654,2023-12-15,CUST3418,38.0,Male,PHOM752,Table Lamp,Home & Kitchen,1,2779.73,2779.73,East
ORD12876,2023-12-15,CUST2835,27.0,Female,PBEA984,Face Wash,Beauty,1,1202.49,1202.49,North
ORD12439,2023-12-15,CUST2927,16.0,Male,PHOM143,Non-stick Pan,Home & Kitchen,1,2693.5,2693.5,West
ORD10483,2023-12-15,CUST2676,32.0,Female,PELE616,Bluetooth Speaker,Electronics,2,3324.77,6649.54,South
ORD15080,2023-12-15,CUST2237,41.0,Male,PBEA428,Face Wash,Beauty,1,817.44,817.44,North
ORD13057,2023-12-15,CUST3424,16.0,Male,PELE953,Bluetooth Speaker,Electronics,1,2328.79,2328.79,South
ORD11761,2023-12-15,CUST2591,31.0,Female,PSPO291,Cycling Gloves,Sports,1,2019.17,2019.17,East
ORD15553,2023-12-15,CUST2931,27.0,Female,PAPP276,Hoodie,Apparel,1,1198.9,1198.9,West
ORD14030,2023-12-15,CUST2780,52.0,Male,PBEA808,Face Serum,Beauty,1,1101.08,1101.08,North
ORD13733,2023-12-15,CUST3388,21.0,Female,PELE475,Smartwatch,Electronics,1,4170.75,4170.75,South
ORD15596,2023-12-15,CUST3297,21.0,Male,PBEA480,Perfume,Beauty,1,1437.72,1437.72,North
ORD14881,2023-12-15,CUST2610,27.0,Male,PELE542,Wireless Earbuds,Electronics,1,1939.59,1939.59,West
ORD13652,2023-12-15,CUST2575,30.0,Female,PBEA714,Lipstick,Beauty,1,441.02,441.02,West
ORD14773,2023-12-15,CUST3053,30.0,Male,PAPP480,Jacket,Apparel,2,1449.49,2898.98,North
ORD10560,2023-12-15,CUST2982,27.0,Male,PSPO594,Cycling Gloves,Sports,1,1744.27,1744.27,South
ORD13737,2023-12-15,CUST2842,24.0,Male,PBEA193,Perfume,Beauty,2,872.31,1744.62,North
ORD12521,2023-12-15,CUST2415,40.0,Female,PELE918,Smartwatch,Electronics,1,2890.37,2890.37,East
ORD12268,2023-12-16,CUST2429,29.0,Male,PAPP588,Jacket,Apparel,1,1850.92,1850.92,East
ORD10510,2023-12-16,CUST3108,36.0,Male,PAPP915,Jacket,Apparel,1,1326.5,1326.5,East
ORD14140,2023-12-16,CUST2129,27.0,Female,PHOM103,Cushion Set,Home & Kitchen,1,2866.95,2866.95,West
ORD15985,2023-12-16,CUST2497,29.0,Female,PELE234,Power Bank,Electronics,1,2427.11,2427.11,West
ORD12023,2023-12-16,CUST3556,28.0,Female,PELE331,Power Bank,Electronics,1,1388.06,1388.06,East
ORD13047,2023-12-16,CUST3020,42.0,Female,PBEA683,Face Wash,Beauty,1,340.59,340.59,East
ORD15297,2023-12-16,CUST2650,21.0,Female,PAPP529,Running Shoes,Apparel,1,492.69,492.69,East
ORD10924,2023-12-16,CUST2814,35.0,Female,PBEA481,Lipstick,Beauty,1,284.34,284.34,West
ORD14256,2023-12-16,CUST3503,30.0,Male,PHOM578,Non-stick Pan,Home & Kitchen,1,2067.79,2067.79,East
ORD15323,2023-12-16,CUST2205,32.0,Female,PELE405,Smartwatch,Electronics,2,2475.08,4950.16,North
ORD10978,2023-12-16,CUST3257,31.0,Female,PBEA939,Shampoo,Beauty,1,506.62,506.62,South
ORD15787,2023-12-16,CUST3524,45.0,Female,PELE235,Bluetooth Speaker,Electronics,1,2435.6,2435.6,North
ORD14399,2023-12-16,CUST3688,43.0,Male,PHOM609,Non-stick Pan,Home & Kitchen,3,1259.58,3778.74,South
ORD13755,2023-12-16,CUST2286,41.0,Female,PHOM658,Non-stick Pan,Home & Kitchen,1,1373.42,1373.42,West
ORD11909,2023-12-16,CUST2173,29.0,Male,PBEA705,Lipstick,Beauty,1,1330.75,1330.75,North
ORD14418,2023-12-16,CUST2127,37.0,Female,PBEA560,Face Serum,Beauty,2,1342.1,2684.2,West
ORD12486,2023-12-16,CUST3245,32.0,Female,PBEA890,Face Serum,Beauty,1,469.24,469.24,North
ORD14037,2023-12-16,CUST2641,41.0,Male,PBEA547,Face Wash,Beauty,1,868.17,868.17,East
ORD12204,2023-12-16,CUST3030,23.0,Female,PSPO131,Cricket Bat,Sports,1,1039.8,1039.8,West
ORD10522,2023-12-16,CUST2251,35.0,Male,PHOM189,Table Lamp,Home & Kitchen,1,895.94,895.94,North
ORD14000,2023-12-17,CUST2346,36.0,Female,PAPP134,Jacket,Apparel,2,1102.08,2204.16,North
ORD15706,2023-12-17,CUST2031,28.0,Male,PSPO205,Dumbbell Set,Sports,1,365.85,365.85,East
ORD13431,2023-12-17,CUST3769,43.0,Male,PHOM192,Cushion Set,Home & Kitchen,1,387.17,387.17,East
ORD14883,2023-12-17,CUST2730,26.0,Female,PELE707,Smartwatch,Electronics,1,863.87,863.87,West
ORD12224,2023-12-17,CUST2198,30.0,Female,PELE759,Power Bank,Electronics,1,4071.73,4071.73,North
ORD13710,2023-12-17,CUST3237,27.0,Female,PHOM338,Storage Rack,Home & Kitchen,1,1876.36,1876.36,South
ORD14970,2023-12-17,CUST3486,25.0,Male,PELE844,Smartwatch,Electronics,1,2711.84,2711.84,South
ORD13878,2023-12-17,CUST3118,17.0,Female,PELE473,Bluetooth Speaker,Electronics,1,3023.7,3023.7,South
ORD15514,2023-12-17,CUST2676,42.0,Male,PELE693,Wireless Earbuds,Electronics,1,3518.32,3518.32,South
ORD13052,2023-12-17,CUST3472,42.0,Male,PAPP581,Cotton T-Shirt,Apparel,1,990.07,990.07,West
ORD12430,2023-12-17,CUST3080,26.0,Female,PSPO402,Cycling Gloves,Sports,2,1364.69,2729.38,North
ORD14919,2023-12-17,CUST3261,25.0,Male,PAPP331,Denim Jeans,Apparel,1,1190.83,1190.83,North
ORD13672,2023-12-17,CUST3061,37.0,Female,PAPP205,Hoodie,Apparel,1,1442.06,1442.06,South
ORD12427,2023-12-17,CUST2676,27.0,Female,PHOM372,Table Lamp,Home & Kitchen,1,2134.98,2134.98,South
ORD15082,2023-12-17,CUST3525,41.0,Male,PAPP728,Denim Jeans,Apparel,1,1931.99,1931.99,West
ORD13666,2023-12-18,CUST3339,21.0,Female,PELE354,Smartwatch,Electronics,2,1048.03,2096.06,North
ORD12850,2023-12-18,CUST2248,48.0,Female,PSPO236,Cricket Bat,Sports,1,1429.41,1429.41,South
ORD14778,2023-12-18,CUST3341,43.0,Female,PAPP810,Denim Jeans,Apparel,1,1036.57,1036.57,North
ORD10549,2023-12-18,CUST2966,30.0,Male,PELE894,Power Bank,Electronics,2,868.07,1736.14,North
ORD15852,2023-12-18,CUST2103,43.0,Female,PHOM962,Non-stick Pan,Home & Kitchen,1,1404.31,1404.31,East
ORD11891,2023-12-18,CUST2871,34.0,Male,PBEA327,Face Serum,Beauty,1,360.92,360.92,South
ORD13399,2023-12-18,CUST3487,35.0,Female,PHOM787,Cushion Set,Home & Kitchen,1,674.98,674.98,South
ORD11432,2023-12-18,CUST2289,32.0,Male,PSPO830,Cricket Bat,Sports,1,973.3,973.3,West
ORD14639,2023-12-18,CUST2928,43.0,Female,PAPP597,Jacket,Apparel,1,659.95,659.95,East
ORD10809,2023-12-18,CUST3229,32.0,Female,PAPP400,Jacket,Apparel,1,2015.92,2015.92,East
ORD12541,2023-12-18,CUST3391,43.0,Female,PAPP310,Cotton T-Shirt,Apparel,1,1864.24,1864.24,North
ORD11585,2023-12-18,CUST3514,41.0,Male,PAPP494,Running Shoes,Apparel,1,1471.86,1471.86,South
ORD11590,2023-12-18,CUST3605,29.0,Female,PHOM355,Storage Rack,Home & Kitchen,1,2928.22,2928.22,South
ORD10412,2023-12-18,CUST2190,43.0,Female,PELE248,Smartwatch,Electronics,1,3573.44,3573.44,South
ORD10121,2023-12-18,CUST3387,21.0,Female,PHOM344,Blender,Home & Kitchen,1,965.12,965.12,South
ORD15850,2023-12-18,CUST2254,32.0,Female,PAPP572,Hoodie,Apparel,2,706.14,1412.28,South
ORD15809,2023-12-19,CUST2698,36.0,Male,PAPP110,Hoodie,Apparel,2,2172.73,4345.46,North
ORD15819,2023-12-19,CUST2806,41.0,Male,PELE892,Power Bank,Electronics,1,3487.56,3487.56,North
ORD10143,2023-12-19,CUST2762,30.0,Male,PAPP546,Hoodie,Apparel,1,2015.53,2015.53,East
ORD14858,2023-12-19,CUST3191,36.0,Male,PELE596,Power Bank,Electronics,2,3216.88,6433.76,East
ORD12648,2023-12-19,CUST3668,32.0,Female,PBEA396,Face Wash,Beauty,1,223.48,223.48,South
ORD15207,2023-12-19,CUST2860,41.0,Male,PAPP533,Jacket,Apparel,1,1924.65,1924.65,South
ORD11180,2023-12-19,CUST2230,25.0,Female,PAPP321,Running Shoes,Apparel,1,1029.84,1029.84,South
ORD12781,2023-12-19,CUST2825,34.0,Female,PELE987,Smartphone Case,Electronics,1,2483.32,2483.32,North
ORD13145,2023-12-19,CUST2540,49.0,Female,PAPP893,Denim Jeans,Apparel,1,2026.02,2026.02,North
ORD13251,2023-12-19,CUST3708,16.0,Male,PHOM698,Storage Rack,Home & Kitchen,1,1945.32,1945.32,North
ORD15358,2023-12-19,CUST2863,40.0,Female,PELE504,Bluetooth Speaker,Electronics,1,2180.0,2180.0,West
ORD13310,2023-12-19,CUST3637,32.0,Male,PAPP893,Running Shoes,Apparel,1,1665.23,1665.23,East
ORD13368,2023-12-19,CUST2241,21.0,Male,PSPO912,Dumbbell Set,Sports,1,1643.1,1643.1,South
ORD12053,2023-12-19,CUST3604,35.0,Male,PELE726,Power Bank,Electronics,1,3304.86,3304.86,North
ORD13396,2023-12-19,CUST2576,39.0,Male,PAPP906,Running Shoes,Apparel,2,1062.04,2124.08,South
ORD13400,2023-12-19,CUST2424,38.0,Female,PELE852,Power Bank,Electronics,2,3310.22,6620.44,South
ORD14514,2023-12-19,CUST3584,36.0,Female,PAPP120,Hoodie,Apparel,1,2026.96,2026.96,North
ORD13918,2023-12-19,CUST2823,21.0,Female,PHOM176,Blender,Home & Kitchen,3,2823.88,8471.64,East
ORD13446,2023-12-19,CUST3627,28.0,Male,PHOM391,Blender,Home & Kitchen,1,2171.22,2171.22,South
ORD13555,2023-12-19,CUST2952,37.0,Male,PBEA452,Face Serum,Beauty,1,899.08,899.08,North
ORD10840,2023-12-19,CUST3367,40.0,Female,PAPP617,Cotton T-Shirt,Apparel,1,819.09,819.09,East
ORD13653,2023-12-19,CUST2613,34.0,Male,PAPP376,Denim Jeans,Apparel,1,435.97,435.97,South
ORD15146,2023-12-19,CUST2621,30.0,Female,PSPO134,Football,Sports,1,974.25,974.25,North
ORD15223,2023-12-19,CUST3797,35.0,Female,PELE887,Smartwatch,Electronics,1,2270.63,2270.63,South
ORD14493,2023-12-20,CUST3714,36.0,Male,PBEA968,Shampoo,Beauty,1,1080.59,1080.59,East
ORD12455,2023-12-20,CUST3095,41.0,Male,PAPP392,Hoodie,Apparel,2,1857.4,3714.8,South
ORD14471,2023-12-20,CUST3239,28.0,Female,PSPO668,Dumbbell Set,Sports,1,309.15,309.15,South
ORD12664,2023-12-20,CUST3777,28.0,Male,PBEA819,Face Wash,Beauty,1,857.6,857.6,East
ORD11326,2023-12-20,CUST2808,33.0,Male,PSPO388,Yoga Mat,Sports,2,1328.07,2656.14,West
ORD12009,2023-12-20,CUST3540,27.0,Female,PELE594,Bluetooth Speaker,Electronics,2,923.52,1847.04,West
ORD12536,2023-12-20,CUST2634,41.0,Female,PBEA950,Face Serum,Beauty,2,1141.16,2282.32,South
ORD14826,2023-12-20,CUST3214,47.0,Female,PBEA700,Shampoo,Beauty,1,449.35,449.35,East
ORD11907,2023-12-20,CUST2749,29.0,Female,PELE877,Smartwatch,Electronics,1,3414.28,3414.28,East
ORD10176,2023-12-20,CUST3680,35.0,Male,PBEA986,Lipstick,Beauty,1,676.47,676.47,East
ORD15047,2023-12-20,CUST3429,32.0,Female,PBEA535,Shampoo,Beauty,2,1308.04,2616.08,West
ORD11606,2023-12-20,CUST2138,33.0,Female,PSPO682,Yoga Mat,Sports,2,509.09,1018.18,East
ORD11235,2023-12-20,CUST3703,42.0,Female,PSPO659,Cricket Bat,Sports,1,2101.36,2101.36,South
ORD11996,2023-12-20,CUST3576,44.0,Male,PAPP178,Cotton T-Shirt,Apparel,1,1218.3,1218.3,West
ORD15873,2023-12-20,CUST3165,30.0,Male,PAPP507,Jacket,Apparel,1,2120.56,2120.56,North
ORD14397,2023-12-20,CUST2264,22.0,Female,PELE619,Wireless Earbuds,Electronics,2,3064.38,6128.76,West
ORD10874,2023-12-20,CUST2717,16.0,Female,PBEA366,Shampoo,Beauty,1,342.67,342.67,North
ORD13452,2023-12-20,CUST2220,25.0,Male,PELE647,Power Bank,Electronics,2,3622.54,7245.08,West
ORD14031,2023-12-20,CUST3775,30.0,Female,PBEA475,Perfume,Beauty,1,1227.04,1227.04,South
ORD15600,2023-12-20,CUST2452,37.0,Female,PAPP617,Jacket,Apparel,2,852.71,1705.42,East
ORD10713,2023-12-20,CUST2545,37.0,Male,PBEA945,Lipstick,Beauty,1,674.74,674.74,East
ORD14167,2023-12-20,CUST3053,26.0,Male,PAPP790,Running Shoes,Apparel,1,831.91,831.91,West
ORD13033,2023-12-20,CUST3287,26.0,Male,PAPP901,Cotton T-Shirt,Apparel,1,2199.77,2199.77,West
ORD13847,2023-12-21,CUST2565,56.0,Female,PELE255,Bluetooth Speaker,Electronics,1,936.34,936.34,West
ORD15704,2023-12-21,CUST3735,38.0,Female,PHOM811,Cushion Set,Home & Kitchen,1,1198.78,1198.78,East
ORD11425,2023-12-21,CUST3599,43.0,Male,PELE275,Smartphone Case,Electronics,1,2201.58,2201.58,South
ORD10031,2023-12-21,CUST2213,22.0,Male,PAPP667,Running Shoes,Apparel,1,1341.94,1341.94,South
ORD11340,2023-12-21,CUST3603,41.0,Male,PHOM959,Non-stick Pan,Home & Kitchen,1,2014.3,2014.3,West
ORD14193,2023-12-21,CUST3246,23.0,Female,PAPP109,Running Shoes,Apparel,1,1111.57,1111.57,West
ORD11541,2023-12-21,CUST3220,25.0,Female,PELE365,Power Bank,Electronics,2,3059.5,6119.0,South
ORD12954,2023-12-21,CUST3563,33.0,Female,PHOM845,Table Lamp,Home & Kitchen,1,1830.96,1830.96,West
ORD12086,2023-12-21,CUST3221,32.0,Male,PELE636,Bluetooth Speaker,Electronics,2,4154.61,8309.22,East
ORD12932,2023-12-21,CUST2004,22.0,Female,PAPP829,Cotton T-Shirt,Apparel,1,447.83,447.83,South
ORD10813,2023-12-21,CUST2226,41.0,Male,PAPP965,Hoodie,Apparel,1,1338.37,1338.37,South
ORD14490,2023-12-21,CUST3603,40.0,Female,PAPP294,Hoodie,Apparel,1,731.04,731.04,North
ORD10226,2023-12-21,CUST2827,31.0,Female,PELE327,Bluetooth Speaker,Electronics,3,2845.8,8537.4,East
ORD14706,2023-12-21,CUST2550,39.0,Male,PHOM444,Non-stick Pan,Home & Kitchen,1,948.19,948.19,South
ORD12999,2023-12-21,CUST3639,20.0,Male,PBEA607,Lipstick,Beauty,1,441.84,441.84,East
ORD11022,2023-12-21,CUST3689,42.0,Female,PBEA557,Shampoo,Beauty,1,908.71,908.71,South
ORD12405,2023-12-21,CUST2204,16.0,Male,PAPP255,Denim Jeans,Apparel,1,1969.85,1969.85,East
ORD14313,2023-12-21,CUST2494,41.0,Female,PHOM851,Table Lamp,Home & Kitchen,2,1650.43,3300.86,North
ORD12357,2023-12-21,CUST3116,40.0,Male,PHOM822,Table Lamp,Home & Kitchen,1,890.94,890.94,West
ORD10086,2023-12-22,CUST2994,30.0,Female,PAPP820,Jacket,Apparel,1,1994.21,1994.21,West
ORD13266,2023-12-22,CUST2564,50.0,Female,PAPP908,Running Shoes,Apparel,2,1469.89,2939.78,South
ORD14845,2023-12-22,CUST3715,28.0,Female,PHOM574,Table Lamp,Home & Kitchen,1,866.03,866.03,West
ORD11637,2023-12-22,CUST2781,35.0,Female,PBEA982,Shampoo,Beauty,1,886.43,886.43,East
ORD14456,2023-12-22,CUST3619,35.0,Female,PAPP306,Hoodie,Apparel,1,1920.63,1920.63,East
ORD13604,2023-12-22,CUST2884,16.0,Male,PAPP852,Denim Jeans,Apparel,2,2091.31,4182.62,East
ORD14367,2023-12-22,CUST3112,16.0,Male,PELE874,Smartphone Case,Electronics,1,2043.22,2043.22,West
ORD10090,2023-12-22,CUST2082,24.0,Female,PAPP138,Jacket,Apparel,2,627.81,1255.62,East
ORD12017,2023-12-22,CUST2425,35.0,Male,PELE150,Power Bank,Electronics,1,2711.67,2711.67,East
ORD10775,2023-12-22,CUST3084,42.0,Male,PSPO919,Cricket Bat,Sports,1,2479.44,2479.44,East
ORD15178,2023-12-22,CUST3715,16.0,Female,PHOM818,Non-stick Pan,Home & Kitchen,1,2741.23,2741.23,East
ORD15369,2023-12-22,CUST2710,43.0,Female,PAPP682,Hoodie,Apparel,1,1441.98,1441.98,South
ORD15769,2023-12-22,CUST3223,32.0,Female,PBEA243,Lipstick,Beauty,1,1185.33,1185.33,West
ORD10574,2023-12-22,CUST2229,50.0,Female,PELE178,Wireless Earbuds,Electronics,1,887.93,887.93,West
ORD15749,2023-12-22,CUST3385,29.0,Male,PHOM260,Cushion Set,Home & Kitchen,1,1506.31,1506.31,West
ORD10431,2023-12-22,CUST2276,42.0,Male,PELE448,Bluetooth Speaker,Electronics,1,2644.01,2644.01,East
ORD10789,2023-12-23,CUST2106,34.0,Male,PELE695,Wireless Earbuds,Electronics,1,4204.86,4204.86,West
ORD12007,2023-12-23,CUST3562,26.0,Male,PELE455,Bluetooth Speaker,Electronics,1,1114.98,1114.98,East
ORD15446,2023-12-23,CUST2176,42.0,Male,PELE731,Wireless Earbuds,Electronics,1,3602.41,3602.41,North
ORD14602,2023-12-23,CUST2257,38.0,Male,PBEA191,Face Serum,Beauty,1,1289.01,1289.01,North
ORD12362,2023-12-23,CUST3257,27.0,Female,PELE774,Bluetooth Speaker,Electronics,1,2202.09,2202.09,North
ORD14225,2023-12-23,CUST2065,33.0,Female,PELE242,Power Bank,Electronics,1,1557.91,1557.91,South
ORD15572,2023-12-23,CUST2538,31.0,Female,PHOM528,Storage Rack,Home & Kitchen,2,758.27,1516.54,East
ORD15383,2023-12-23,CUST2038,53.0,Male,PHOM987,Blender,Home & Kitchen,1,529.64,529.64,East
ORD10960,2023-12-23,CUST2953,20.0,Female,PELE239,Wireless Earbuds,Electronics,2,1314.81,2629.62,North
ORD10653,2023-12-23,CUST3309,21.0,Female,PBEA253,Shampoo,Beauty,1,196.98,196.98,West
ORD14001,2023-12-23,CUST3503,39.0,Female,PELE530,Smartwatch,Electronics,3,3712.81,11138.43,North
ORD12135,2023-12-23,CUST2764,35.0,Female,PHOM576,Storage Rack,Home & Kitchen,1,930.89,930.89,North
ORD13441,2023-12-23,CUST3762,25.0,Male,PBEA605,Perfume,Beauty,2,209.09,418.18,West
ORD10311,2023-12-23,CUST2191,30.0,Female,PELE196,Wireless Earbuds,Electronics,1,1562.29,1562.29,West
ORD11859,2023-12-23,CUST2041,23.0,Female,PBEA170,Perfume,Beauty,1,528.04,528.04,East
ORD11883,2023-12-23,CUST3746,22.0,Male,PBEA135,Face Wash,Beauty,1,1217.25,1217.25,North
ORD11571,2023-12-23,CUST3497,28.0,Female,PHOM861,Non-stick Pan,Home & Kitchen,1,498.33,498.33,West
ORD13689,2023-12-23,CUST3604,34.0,Male,PBEA740,Perfume,Beauty,2,1083.78,2167.56,North
ORD13202,2023-12-24,CUST3196,30.0,Female,PHOM611,Blender,Home & Kitchen,1,1479.48,1479.48,North
ORD15095,2023-12-24,CUST3245,31.0,Male,PAPP355,Cotton T-Shirt,Apparel,2,1852.38,3704.76,East
ORD13659,2023-12-24,CUST2921,27.0,Male,PSPO238,Cycling Gloves,Sports,2,1379.2,2758.4,North
ORD14829,2023-12-24,CUST2639,43.0,Male,PSPO697,Cycling Gloves,Sports,1,619.14,619.14,West
ORD11630,2023-12-24,CUST3377,49.0,Female,PELE713,Wireless Earbuds,Electronics,1,2147.89,2147.89,North
ORD10656,2023-12-24,CUST2316,23.0,Male,PELE478,Wireless Earbuds,Electronics,1,1065.99,1065.99,North
ORD10063,2023-12-24,CUST2938,37.0,Male,PELE857,Smartwatch,Electronics,1,3024.83,3024.83,North
ORD12431,2023-12-24,CUST3793,28.0,Male,PHOM921,Table Lamp,Home & Kitchen,1,2724.77,2724.77,South
ORD15332,2023-12-24,CUST3029,31.0,Female,PELE528,Bluetooth Speaker,Electronics,1,2359.43,2359.43,North
ORD15029,2023-12-24,CUST2975,20.0,Female,PELE512,Wireless Earbuds,Electronics,2,3529.97,7059.94,South
ORD13307,2023-12-24,CUST2246,49.0,Male,PELE588,Wireless Earbuds,Electronics,1,1433.86,1433.86,South
ORD10651,2023-12-24,CUST3782,23.0,Female,PSPO222,Dumbbell Set,Sports,1,2368.07,2368.07,North
ORD10137,2023-12-24,CUST3699,28.0,Male,PELE844,Smartphone Case,Electronics,2,2766.51,5533.02,West
ORD15409,2023-12-24,CUST3429,27.0,Female,PSPO460,Football,Sports,1,379.73,379.73,North
ORD14607,2023-12-24,CUST2334,34.0,Female,PBEA501,Face Serum,Beauty,2,1491.45,2982.9,South
ORD10997,2023-12-24,CUST3608,25.0,Male,PSPO663,Football,Sports,2,658.85,1317.7,East
ORD12928,2023-12-24,CUST2997,31.0,Male,PAPP696,Cotton T-Shirt,Apparel,2,1952.72,3905.44,North
ORD12926,2023-12-24,CUST2349,23.0,Male,PSPO701,Football,Sports,1,2349.62,2349.62,West
ORD15229,2023-12-24,CUST3620,23.0,Female,PAPP846,Denim Jeans,Apparel,2,1076.02,2152.04,West
ORD10906,2023-12-24,CUST2067,33.0,Male,PHOM954,Blender,Home & Kitchen,1,2043.86,2043.86,South
ORD15222,2023-12-24,CUST3450,16.0,Female,PSPO200,Cycling Gloves,Sports,1,643.93,643.93,North
ORD15801,2023-12-24,CUST2256,34.0,Female,PSPO795,Football,Sports,2,1289.97,2579.94,West
ORD14408,2023-12-24,CUST3739,34.0,Female,PHOM912,Storage Rack,Home & Kitchen,2,2463.03,4926.06,North
ORD14046,2023-12-24,CUST3399,41.0,Female,PELE933,Smartphone Case,Electronics,1,3328.28,3328.28,North
ORD12228,2023-12-24,CUST2098,34.0,Female,PAPP233,Running Shoes,Apparel,1,2052.93,2052.93,West
ORD14354,2023-12-25,CUST2398,44.0,Male,PHOM636,Cushion Set,Home & Kitchen,1,2373.09,2373.09,North
ORD13318,2023-12-25,CUST3584,27.0,Female,PAPP363,Denim Jeans,Apparel,2,1153.76,2307.52,North
ORD10448,2023-12-25,CUST2273,28.0,Male,PSPO608,Dumbbell Set,Sports,1,1036.34,1036.34,South
ORD15610,2023-12-25,CUST3707,16.0,Female,PELE774,Smartphone Case,Electronics,3,2143.72,6431.16,South
ORD14059,2023-12-25,CUST3561,37.0,Male,PELE933,Wireless Earbuds,Electronics,3,1383.12,4149.36,South
ORD10049,2023-12-25,CUST3030,28.0,Female,PELE954,Wireless Earbuds,Electronics,2,2674.88,5349.76,West
ORD10479,2023-12-25,CUST3573,37.0,Male,PBEA130,Perfume,Beauty,1,1467.74,1467.74,South
ORD14019,2023-12-25,CUST3557,33.0,Male,PAPP229,Denim Jeans,Apparel,1,875.17,875.17,East
ORD13244,2023-12-25,CUST2289,31.0,Male,PELE118,Bluetooth Speaker,Electronics,1,1834.81,1834.81,East
ORD10074,2023-12-25,CUST2023,24.0,Female,PELE797,Smartwatch,Electronics,1,1775.44,1775.44,North
ORD15872,2023-12-25,CUST2511,38.0,Female,PAPP722,Cotton T-Shirt,Apparel,1,1292.77,1292.77,South
ORD10326,2023-12-25,CUST2159,36.0,Male,PELE277,Smartwatch,Electronics,1,3358.6,3358.6,East
ORD15171,2023-12-25,CUST3121,16.0,Female,PAPP730,Cotton T-Shirt,Apparel,1,1665.23,1665.23,East
ORD14586,2023-12-25,CUST2867,24.0,Male,PELE891,Smartwatch,Electronics,1,2033.96,2033.96,South
ORD11207,2023-12-25,CUST3212,18.0,Female,PHOM443,Storage Rack,Home & Kitchen,1,970.42,970.42,South
ORD14389,2023-12-25,CUST2517,16.0,Female,PELE333,Smartphone Case,Electronics,1,1547.35,1547.35,North
ORD11369,2023-12-25,CUST2274,29.0,Male,PBEA854,Face Serum,Beauty,1,979.27,979.27,North
ORD11963,2023-12-25,CUST2547,32.0,Male,PELE299,Bluetooth Speaker,Electronics,1,1923.15,1923.15,North
ORD11433,2023-12-25,CUST2263,28.0,Female,PBEA212,Face Wash,Beauty,2,1381.12,2762.24,North
ORD10921,2023-12-25,CUST3523,28.0,Female,PBEA289,Perfume,Beauty,2,692.88,1385.76,North
ORD14875,2023-12-25,CUST2194,20.0,Male,PBEA205,Face Wash,Beauty,1,1052.49,1052.49,East
ORD11030,2023-12-25,CUST3354,24.0,Male,PELE489,Wireless Earbuds,Electronics,1,1098.91,1098.91,North
ORD12696,2023-12-26,CUST3108,44.0,Male,PSPO700,Cycling Gloves,Sports,1,993.36,993.36,North
ORD14808,2023-12-26,CUST3280,26.0,Male,PSPO542,Cricket Bat,Sports,1,1690.95,1690.95,South
ORD10540,2023-12-26,CUST3413,32.0,Female,PBEA515,Shampoo,Beauty,1,740.99,740.99,South
ORD10487,2023-12-26,CUST2998,33.0,Female,PSPO238,Cricket Bat,Sports,2,430.87,861.74,North
ORD10482,2023-12-26,CUST2218,41.0,Male,PAPP602,Jacket,Apparel,2,727.37,1454.74,East
ORD11486,2023-12-26,CUST2536,43.0,Female,PBEA842,Face Serum,Beauty,1,1359.85,1359.85,South
ORD14930,2023-12-26,CUST3527,40.0,Male,PHOM134,Blender,Home & Kitchen,2,2405.5,4811.0,East
ORD15807,2023-12-26,CUST3513,21.0,Female,PBEA907,Shampoo,Beauty,1,1069.27,1069.27,North
ORD13850,2023-12-26,CUST2191,30.0,Female,PAPP343,Cotton T-Shirt,Apparel,1,1210.55,1210.55,West
ORD10415,2023-12-26,CUST3656,38.0,Male,PELE385,Power Bank,Electronics,1,858.49,858.49,North
ORD13531,2023-12-26,CUST3047,24.0,Male,PHOM743,Table Lamp,Home & Kitchen,1,1076.58,1076.58,North
ORD11752,2023-12-26,CUST3634,36.0,Female,PELE222,Wireless Earbuds,Electronics,1,4110.24,4110.24,East
ORD11498,2023-12-26,CUST3463,40.0,Male,PBEA604,Face Serum,Beauty,1,599.58,599.58,North
ORD13703,2023-12-26,CUST2418,36.0,Female,PELE223,Smartphone Case,Electronics,1,1564.79,1564.79,East
ORD15211,2023-12-26,CUST3135,34.0,Female,PHOM535,Cushion Set,Home & Kitchen,2,1856.35,3712.7,South
ORD12179,2023-12-26,CUST2977,37.0,Male,PSPO533,Yoga Mat,Sports,2,863.16,1726.32,West
ORD11552,2023-12-26,CUST2959,27.0,Male,PELE887,Smartphone Case,Electronics,1,2066.24,2066.24,East
ORD13069,2023-12-26,CUST2900,16.0,Female,PAPP650,Running Shoes,Apparel,1,1895.6,1895.6,North
ORD10647,2023-12-26,CUST3591,29.0,Male,PBEA123,Lipstick,Beauty,1,1379.53,1379.53,South
ORD12649,2023-12-26,CUST3024,32.0,Female,PAPP413,Hoodie,Apparel,1,2156.51,2156.51,East
ORD12958,2023-12-26,CUST2650,41.0,Male,PELE251,Smartwatch,Electronics,1,2808.37,2808.37,West
ORD11556,2023-12-27,CUST3678,32.0,Female,PBEA208,Shampoo,Beauty,1,846.28,846.28,North
ORD11528,2023-12-27,CUST2408,43.0,Female,PELE968,Bluetooth Speaker,Electronics,1,3005.44,3005.44,South
ORD14409,2023-12-27,CUST2940,25.0,Male,PSPO611,Cricket Bat,Sports,1,758.64,758.64,South
ORD10081,2023-12-27,CUST3721,39.0,Female,PELE632,Wireless Earbuds,Electronics,1,3575.05,3575.05,North
ORD14943,2023-12-27,CUST3471,29.0,Female,PSPO424,Cricket Bat,Sports,1,1626.08,1626.08,East
ORD14260,2023-12-27,CUST2863,16.0,Male,PELE968,Smartwatch,Electronics,1,2722.89,2722.89,South
ORD10474,2023-12-27,CUST2677,31.0,Male,PSPO687,Football,Sports,1,2391.76,2391.76,North
ORD10935,2023-12-27,CUST2038,35.0,Male,PBEA848,Perfume,Beauty,1,841.79,841.79,North
ORD14235,2023-12-27,CUST3511,41.0,Female,PHOM165,Blender,Home & Kitchen,2,1711.33,3422.66,South
ORD12444,2023-12-27,CUST2427,35.0,Female,PAPP342,Hoodie,Apparel,2,1835.3,3670.6,West
ORD12440,2023-12-27,CUST2199,31.0,Female,PSPO553,Dumbbell Set,Sports,1,795.55,795.55,North
ORD15980,2023-12-27,CUST3067,43.0,Female,PELE684,Bluetooth Speaker,Electronics,2,4142.66,8285.32,East
ORD14535,2023-12-27,CUST2749,40.0,Male,PAPP781,Denim Jeans,Apparel,1,1080.13,1080.13,West
ORD10545,2023-12-27,CUST3138,30.0,Male,PBEA976,Perfume,Beauty,1,385.81,385.81,East
ORD12438,2023-12-27,CUST2977,34.0,Male,PAPP871,Hoodie,Apparel,2,763.24,1526.48,West
ORD14048,2023-12-27,CUST3062,44.0,Female,PSPO605,Cycling Gloves,Sports,1,1079.0,1079.0,North
ORD11986,2023-12-27,CUST3468,32.0,Female,PELE631,Power Bank,Electronics,1,4319.98,4319.98,North
ORD12997,2023-12-27,CUST2038,41.0,Male,PSPO669,Cricket Bat,Sports,1,885.89,885.89,North
ORD13235,2023-12-27,CUST2680,33.0,Female,PHOM319,Blender,Home & Kitchen,1,1516.02,1516.02,North
ORD15502,2023-12-28,CUST2693,53.0,Male,PBEA924,Perfume,Beauty,1,1315.04,1315.04,West
ORD10190,2023-12-28,CUST3097,27.0,Female,PELE241,Smartphone Case,Electronics,2,1863.0,3726.0,West
ORD14023,2023-12-28,CUST2701,39.0,Male,PELE900,Smartwatch,Electronics,1,1688.45,1688.45,North
ORD15565,2023-12-28,CUST2424,33.0,Female,PBEA945,Lipstick,Beauty,1,205.33,205.33,East
ORD13887,2023-12-28,CUST3154,33.0,Female,PBEA155,Face Serum,Beauty,1,689.25,689.25,West
ORD14882,2023-12-28,CUST3123,40.0,Male,PSPO187,Cycling Gloves,Sports,2,1624.93,3249.86,North
ORD12182,2023-12-28,CUST2033,38.0,Female,PELE188,Power Bank,Electronics,1,2313.18,2313.18,South
ORD11473,2023-12-28,CUST2177,32.0,Female,PHOM558,Table Lamp,Home & Kitchen,2,1934.52,3869.04,North
ORD15564,2023-12-29,CUST2285,42.0,Male,PELE506,Smartwatch,Electronics,1,4369.97,4369.97,South
ORD12748,2023-12-29,CUST3289,44.0,Male,PBEA343,Face Serum,Beauty,1,525.96,525.96,South
ORD10598,2023-12-29,CUST2896,33.0,Male,PHOM617,Table Lamp,Home & Kitchen,1,2824.44,2824.44,East
ORD12970,2023-12-30,CUST2196,42.0,Male,PSPO317,Football,Sports,1,1791.88,1791.88,South
ORD12883,2023-12-30,CUST2363,32.0,Female,PELE382,Bluetooth Speaker,Electronics,1,1960.68,1960.68,South
ORD13248,2023-12-30,CUST3670,27.0,Female,PHOM185,Cushion Set,Home & Kitchen,1,998.07,998.07,East
ORD13233,2023-12-30,CUST2772,25.0,Female,PHOM972,Cushion Set,Home & Kitchen,2,1873.37,3746.74,West
