App,Category,Review_Text
Music And Audio App 752,MUSIC_AND_AUDIO,"Best app in this category, super smooth and reliable."
Music And Audio App 752,MUSIC_AND_AUDIO,"This app saved me so much time, absolutely worth it."
Music And Audio App 752,MUSIC_AND_AUDIO,"Amazing experience, does exactly what I need every day."
Music And Audio App 752,MUSIC_AND_AUDIO,"Too many ads, ruins the whole experience."
Social App 134,SOCIAL,"Crashes constantly, very frustrating to use."
Social App 134,SOCIAL,"This app saved me so much time, absolutely worth it."
Social App 134,SOCIAL,"Terrible app, doesn't work as advertised at all."
Social App 134,SOCIAL,"Battery drain is insane, uninstalling immediately."
Social App 134,SOCIAL,"Amazing experience, does exactly what I need every day."
Education App 36,EDUCATION,"This app saved me so much time, absolutely worth it."
Education App 36,EDUCATION,"Battery drain is insane, uninstalling immediately."
Education App 36,EDUCATION,"Best app in this category, super smooth and reliable."
Education App 36,EDUCATION,"This app saved me so much time, absolutely worth it."
Education App 36,EDUCATION,"Crashes constantly, very frustrating to use."
Social App 57,SOCIAL,"Amazing experience, does exactly what I need every day."
Social App 57,SOCIAL,"Amazing experience, does exactly what I need every day."
Social App 57,SOCIAL,"Best app in this category, super smooth and reliable."
Social App 57,SOCIAL,"Battery drain is insane, uninstalling immediately."
Social App 57,SOCIAL,"This app saved me so much time, absolutely worth it."
Social App 57,SOCIAL,"This app saved me so much time, absolutely worth it."
Social App 57,SOCIAL,"Crashes constantly, very frustrating to use."
Game App 53,GAME,"Decent app for the price, could use more features."
Game App 53,GAME,"Not bad, but there are better alternatives out there."
Game App 53,GAME,"Not bad, but there are better alternatives out there."
Game App 53,GAME,"Love this app, works great and very easy to use!"
Game App 53,GAME,"Average experience, nothing special but works."
Communication App 833,COMMUNICATION,"Not bad, but there are better alternatives out there."
Communication App 833,COMMUNICATION,"Average experience, nothing special but works."
Communication App 833,COMMUNICATION,"Crashes constantly, very frustrating to use."
Communication App 833,COMMUNICATION,"It's an okay app, does the basic job."
Photography App 491,PHOTOGRAPHY,"This app saved me so much time, absolutely worth it."
Photography App 491,PHOTOGRAPHY,"Amazing experience, does exactly what I need every day."
Photography App 491,PHOTOGRAPHY,"Average experience, nothing special but works."
Photography App 491,PHOTOGRAPHY,"It's an okay app, does the basic job."
Social App 475,SOCIAL,"Amazing experience, does exactly what I need every day."
Social App 475,SOCIAL,"It's an okay app, does the basic job."
Social App 475,SOCIAL,"Fantastic UI and no crashes at all, highly recommend."
Tools App 819,TOOLS,"Works fine most of the time, occasional bugs."
Tools App 819,TOOLS,"Too many ads, ruins the whole experience."
Tools App 819,TOOLS,"Terrible app, doesn't work as advertised at all."
Tools App 207,TOOLS,"It's an okay app, does the basic job."
Tools App 207,TOOLS,"Works fine most of the time, occasional bugs."
Tools App 207,TOOLS,"Love this app, works great and very easy to use!"
Tools App 207,TOOLS,"Decent app for the price, could use more features."
Productivity App 105,PRODUCTIVITY,"Amazing experience, does exactly what I need every day."
Productivity App 105,PRODUCTIVITY,"Worst update ever, broke all the features I liked."
Productivity App 105,PRODUCTIVITY,"Crashes constantly, very frustrating to use."
Communication App 236,COMMUNICATION,"Best app in this category, super smooth and reliable."
Communication App 236,COMMUNICATION,"Amazing experience, does exactly what I need every day."
Communication App 236,COMMUNICATION,"Love this app, works great and very easy to use!"
Communication App 236,COMMUNICATION,"Best app in this category, super smooth and reliable."
Photography App 732,PHOTOGRAPHY,"Crashes constantly, very frustrating to use."
Photography App 732,PHOTOGRAPHY,"Love this app, works great and very easy to use!"
Photography App 732,PHOTOGRAPHY,"Fantastic UI and no crashes at all, highly recommend."
Photography App 732,PHOTOGRAPHY,"Crashes constantly, very frustrating to use."
Photography App 732,PHOTOGRAPHY,"Fantastic UI and no crashes at all, highly recommend."
Tools App 593,TOOLS,"Fantastic UI and no crashes at all, highly recommend."
Tools App 593,TOOLS,"Not bad, but there are better alternatives out there."
Tools App 72,TOOLS,"Average experience, nothing special but works."
Tools App 72,TOOLS,"This app saved me so much time, absolutely worth it."
Tools App 72,TOOLS,"Worst update ever, broke all the features I liked."
Tools App 72,TOOLS,"Not bad, but there are better alternatives out there."
Communication App 591,COMMUNICATION,"Terrible app, doesn't work as advertised at all."
Communication App 591,COMMUNICATION,"Best app in this category, super smooth and reliable."
Business App 606,BUSINESS,"Fantastic UI and no crashes at all, highly recommend."
Business App 606,BUSINESS,"Works fine most of the time, occasional bugs."
Game App 880,GAME,"Love this app, works great and very easy to use!"
Game App 880,GAME,"Works fine most of the time, occasional bugs."
Communication App 243,COMMUNICATION,"Amazing experience, does exactly what I need every day."
Communication App 243,COMMUNICATION,"Crashes constantly, very frustrating to use."
Communication App 243,COMMUNICATION,"Decent app for the price, could use more features."
Communication App 243,COMMUNICATION,"Decent app for the price, could use more features."
Social App 20,SOCIAL,"Fantastic UI and no crashes at all, highly recommend."
Social App 20,SOCIAL,"Amazing experience, does exactly what I need every day."
Social App 20,SOCIAL,"Best app in this category, super smooth and reliable."
Social App 20,SOCIAL,"Worst update ever, broke all the features I liked."
Finance App 865,FINANCE,"Best app in this category, super smooth and reliable."
Finance App 865,FINANCE,"Crashes constantly, very frustrating to use."
Finance App 865,FINANCE,"Crashes constantly, very frustrating to use."
Finance App 865,FINANCE,"Amazing experience, does exactly what I need every day."
Finance App 865,FINANCE,"Crashes constantly, very frustrating to use."
Finance App 865,FINANCE,"Amazing experience, does exactly what I need every day."
Communication App 829,COMMUNICATION,"Works fine most of the time, occasional bugs."
Communication App 829,COMMUNICATION,"Too many ads, ruins the whole experience."
Finance App 485,FINANCE,"Amazing experience, does exactly what I need every day."
Finance App 485,FINANCE,"Battery drain is insane, uninstalling immediately."
Finance App 485,FINANCE,"Worst update ever, broke all the features I liked."
Finance App 485,FINANCE,"Battery drain is insane, uninstalling immediately."
Finance App 485,FINANCE,"Works fine most of the time, occasional bugs."
Productivity App 719,PRODUCTIVITY,"Too many ads, ruins the whole experience."
Productivity App 719,PRODUCTIVITY,"This app saved me so much time, absolutely worth it."
Productivity App 719,PRODUCTIVITY,"Best app in this category, super smooth and reliable."
Productivity App 719,PRODUCTIVITY,"Worst update ever, broke all the features I liked."
Photography App 522,PHOTOGRAPHY,"This app saved me so much time, absolutely worth it."
Photography App 522,PHOTOGRAPHY,"Amazing experience, does exactly what I need every day."
Photography App 522,PHOTOGRAPHY,"Too many ads, ruins the whole experience."
Game App 332,GAME,"Decent app for the price, could use more features."
Game App 332,GAME,"Love this app, works great and very easy to use!"
Game App 332,GAME,"Works fine most of the time, occasional bugs."
Health And Fitness App 576,HEALTH_AND_FITNESS,"This app saved me so much time, absolutely worth it."
Health And Fitness App 576,HEALTH_AND_FITNESS,"Worst update ever, broke all the features I liked."
Health And Fitness App 576,HEALTH_AND_FITNESS,"Fantastic UI and no crashes at all, highly recommend."
Health And Fitness App 576,HEALTH_AND_FITNESS,"Fantastic UI and no crashes at all, highly recommend."
Health And Fitness App 576,HEALTH_AND_FITNESS,"Crashes constantly, very frustrating to use."
Health And Fitness App 576,HEALTH_AND_FITNESS,"Not bad, but there are better alternatives out there."
Finance App 336,FINANCE,"Average experience, nothing special but works."
Finance App 336,FINANCE,"Fantastic UI and no crashes at all, highly recommend."
Finance App 336,FINANCE,"Works fine most of the time, occasional bugs."
Finance App 336,FINANCE,"Best app in this category, super smooth and reliable."
Shopping App 492,SHOPPING,"This app saved me so much time, absolutely worth it."
Shopping App 492,SHOPPING,"It's an okay app, does the basic job."
Shopping App 492,SHOPPING,"Best app in this category, super smooth and reliable."
Health And Fitness App 70,HEALTH_AND_FITNESS,"Fantastic UI and no crashes at all, highly recommend."
Health And Fitness App 70,HEALTH_AND_FITNESS,"Decent app for the price, could use more features."
Game App 100,GAME,"Worst update ever, broke all the features I liked."
Game App 100,GAME,"Works fine most of the time, occasional bugs."
Game App 100,GAME,"Amazing experience, does exactly what I need every day."
Photography App 423,PHOTOGRAPHY,"Not bad, but there are better alternatives out there."
Photography App 423,PHOTOGRAPHY,"Best app in this category, super smooth and reliable."
Photography App 423,PHOTOGRAPHY,"Amazing experience, does exactly what I need every day."
Photography App 423,PHOTOGRAPHY,"This app saved me so much time, absolutely worth it."
Photography App 423,PHOTOGRAPHY,"Crashes constantly, very frustrating to use."
Health And Fitness App 803,HEALTH_AND_FITNESS,"Terrible app, doesn't work as advertised at all."
Health And Fitness App 803,HEALTH_AND_FITNESS,"Love this app, works great and very easy to use!"
Business App 379,BUSINESS,"Best app in this category, super smooth and reliable."
Business App 379,BUSINESS,"Best app in this category, super smooth and reliable."
Business App 379,BUSINESS,"Love this app, works great and very easy to use!"
Business App 379,BUSINESS,"Works fine most of the time, occasional bugs."
Communication App 513,COMMUNICATION,"Terrible app, doesn't work as advertised at all."
Communication App 513,COMMUNICATION,"This app saved me so much time, absolutely worth it."
Communication App 513,COMMUNICATION,"Amazing experience, does exactly what I need every day."
Photography App 464,PHOTOGRAPHY,"Decent app for the price, could use more features."
Photography App 464,PHOTOGRAPHY,"Too many ads, ruins the whole experience."
Photography App 464,PHOTOGRAPHY,"Fantastic UI and no crashes at all, highly recommend."
Photography App 464,PHOTOGRAPHY,"Average experience, nothing special but works."
Photography App 464,PHOTOGRAPHY,"Worst update ever, broke all the features I liked."
Shopping App 369,SHOPPING,"Best app in this category, super smooth and reliable."
Shopping App 369,SHOPPING,"This app saved me so much time, absolutely worth it."
Education App 624,EDUCATION,"Amazing experience, does exactly what I need every day."
Education App 624,EDUCATION,"Fantastic UI and no crashes at all, highly recommend."
Education App 624,EDUCATION,"This app saved me so much time, absolutely worth it."
Education App 624,EDUCATION,"Battery drain is insane, uninstalling immediately."
Education App 624,EDUCATION,"Crashes constantly, very frustrating to use."
Education App 624,EDUCATION,"Battery drain is insane, uninstalling immediately."
Tools App 759,TOOLS,"Amazing experience, does exactly what I need every day."
Tools App 759,TOOLS,"Amazing experience, does exactly what I need every day."
Tools App 759,TOOLS,"Battery drain is insane, uninstalling immediately."
Education App 701,EDUCATION,"Best app in this category, super smooth and reliable."
Education App 701,EDUCATION,"Decent app for the price, could use more features."
Education App 701,EDUCATION,"Battery drain is insane, uninstalling immediately."
Social App 643,SOCIAL,"Too many ads, ruins the whole experience."
Social App 643,SOCIAL,"Love this app, works great and very easy to use!"
Social App 643,SOCIAL,"Best app in this category, super smooth and reliable."
Social App 643,SOCIAL,"Battery drain is insane, uninstalling immediately."
Social App 643,SOCIAL,"This app saved me so much time, absolutely worth it."
Social App 643,SOCIAL,"Worst update ever, broke all the features I liked."
Communication App 235,COMMUNICATION,"Fantastic UI and no crashes at all, highly recommend."
Communication App 235,COMMUNICATION,"This app saved me so much time, absolutely worth it."
Communication App 235,COMMUNICATION,"Crashes constantly, very frustrating to use."
Communication App 235,COMMUNICATION,"This app saved me so much time, absolutely worth it."
Communication App 235,COMMUNICATION,"This app saved me so much time, absolutely worth it."
Finance App 537,FINANCE,"Works fine most of the time, occasional bugs."
Finance App 537,FINANCE,"Fantastic UI and no crashes at all, highly recommend."
Health And Fitness App 636,HEALTH_AND_FITNESS,"Love this app, works great and very easy to use!"
Health And Fitness App 636,HEALTH_AND_FITNESS,"Love this app, works great and very easy to use!"
Shopping App 848,SHOPPING,"Crashes constantly, very frustrating to use."
Shopping App 848,SHOPPING,"Average experience, nothing special but works."
Shopping App 848,SHOPPING,"Love this app, works great and very easy to use!"
Shopping App 848,SHOPPING,"This app saved me so much time, absolutely worth it."
Shopping App 848,SHOPPING,"Too many ads, ruins the whole experience."
Shopping App 848,SHOPPING,"Works fine most of the time, occasional bugs."
Shopping App 848,SHOPPING,"Average experience, nothing special but works."
Tools App 565,TOOLS,"Best app in this category, super smooth and reliable."
Tools App 565,TOOLS,"This app saved me so much time, absolutely worth it."
Tools App 565,TOOLS,"Love this app, works great and very easy to use!"
Tools App 565,TOOLS,"This app saved me so much time, absolutely worth it."
Finance App 795,FINANCE,"Works fine most of the time, occasional bugs."
Finance App 795,FINANCE,"Best app in this category, super smooth and reliable."
Finance App 795,FINANCE,"Amazing experience, does exactly what I need every day."
Finance App 795,FINANCE,"Best app in this category, super smooth and reliable."
Communication App 587,COMMUNICATION,"This app saved me so much time, absolutely worth it."
Communication App 587,COMMUNICATION,"Love this app, works great and very easy to use!"
Education App 143,EDUCATION,"Too many ads, ruins the whole experience."
Education App 143,EDUCATION,"Love this app, works great and very easy to use!"
Education App 143,EDUCATION,"Crashes constantly, very frustrating to use."
Education App 143,EDUCATION,"Decent app for the price, could use more features."
Social App 896,SOCIAL,"This app saved me so much time, absolutely worth it."
Social App 896,SOCIAL,"Worst update ever, broke all the features I liked."
Social App 896,SOCIAL,"It's an okay app, does the basic job."
Productivity App 330,PRODUCTIVITY,"Worst update ever, broke all the features I liked."
Productivity App 330,PRODUCTIVITY,"Not bad, but there are better alternatives out there."
Productivity App 330,PRODUCTIVITY,"Too many ads, ruins the whole experience."
Productivity App 330,PRODUCTIVITY,"Too many ads, ruins the whole experience."
Finance App 338,FINANCE,"Worst update ever, broke all the features I liked."
Finance App 338,FINANCE,"Worst update ever, broke all the features I liked."
Finance App 338,FINANCE,"Best app in this category, super smooth and reliable."
Finance App 338,FINANCE,"Love this app, works great and very easy to use!"
Finance App 338,FINANCE,"Amazing experience, does exactly what I need every day."
Finance App 338,FINANCE,"This app saved me so much time, absolutely worth it."
Finance App 338,FINANCE,"It's an okay app, does the basic job."
Tools App 147,TOOLS,"Crashes constantly, very frustrating to use."
Tools App 147,TOOLS,"Amazing experience, does exactly what I need every day."
Tools App 147,TOOLS,"Love this app, works great and very easy to use!"
Education App 810,EDUCATION,"This app saved me so much time, absolutely worth it."
Education App 810,EDUCATION,"Love this app, works great and very easy to use!"
Education App 810,EDUCATION,"Best app in this category, super smooth and reliable."
Music And Audio App 137,MUSIC_AND_AUDIO,"Best app in this category, super smooth and reliable."
Music And Audio App 137,MUSIC_AND_AUDIO,"Crashes constantly, very frustrating to use."
Music And Audio App 137,MUSIC_AND_AUDIO,"Fantastic UI and no crashes at all, highly recommend."
Music And Audio App 137,MUSIC_AND_AUDIO,"Terrible app, doesn't work as advertised at all."
Music And Audio App 180,MUSIC_AND_AUDIO,"Not bad, but there are better alternatives out there."
Music And Audio App 180,MUSIC_AND_AUDIO,"Love this app, works great and very easy to use!"
Game App 416,GAME,"Works fine most of the time, occasional bugs."
Game App 416,GAME,"Best app in this category, super smooth and reliable."
Game App 416,GAME,"Fantastic UI and no crashes at all, highly recommend."
Game App 416,GAME,"Fantastic UI and no crashes at all, highly recommend."
Game App 416,GAME,"Amazing experience, does exactly what I need every day."
Game App 416,GAME,"Best app in this category, super smooth and reliable."
Health And Fitness App 676,HEALTH_AND_FITNESS,"Terrible app, doesn't work as advertised at all."
Health And Fitness App 676,HEALTH_AND_FITNESS,"This app saved me so much time, absolutely worth it."
Health And Fitness App 676,HEALTH_AND_FITNESS,"Love this app, works great and very easy to use!"
Health And Fitness App 676,HEALTH_AND_FITNESS,"Terrible app, doesn't work as advertised at all."
Shopping App 531,SHOPPING,"Amazing experience, does exactly what I need every day."
Shopping App 531,SHOPPING,"Best app in this category, super smooth and reliable."
Music And Audio App 895,MUSIC_AND_AUDIO,"Too many ads, ruins the whole experience."
Music And Audio App 895,MUSIC_AND_AUDIO,"Love this app, works great and very easy to use!"
Music And Audio App 895,MUSIC_AND_AUDIO,"Fantastic UI and no crashes at all, highly recommend."
Health And Fitness App 831,HEALTH_AND_FITNESS,"Best app in this category, super smooth and reliable."
Health And Fitness App 831,HEALTH_AND_FITNESS,"Too many ads, ruins the whole experience."
Health And Fitness App 831,HEALTH_AND_FITNESS,"Crashes constantly, very frustrating to use."
Shopping App 705,SHOPPING,"Worst update ever, broke all the features I liked."
Shopping App 705,SHOPPING,"Terrible app, doesn't work as advertised at all."
Shopping App 705,SHOPPING,"Fantastic UI and no crashes at all, highly recommend."
Health And Fitness App 345,HEALTH_AND_FITNESS,"This app saved me so much time, absolutely worth it."
Health And Fitness App 345,HEALTH_AND_FITNESS,"Average experience, nothing special but works."
Health And Fitness App 345,HEALTH_AND_FITNESS,"Works fine most of the time, occasional bugs."
Health And Fitness App 345,HEALTH_AND_FITNESS,"Crashes constantly, very frustrating to use."
Productivity App 763,PRODUCTIVITY,"Love this app, works great and very easy to use!"
Productivity App 763,PRODUCTIVITY,"Not bad, but there are better alternatives out there."
Productivity App 763,PRODUCTIVITY,"This app saved me so much time, absolutely worth it."
Productivity App 763,PRODUCTIVITY,"Amazing experience, does exactly what I need every day."
Productivity App 763,PRODUCTIVITY,"Fantastic UI and no crashes at all, highly recommend."
Education App 260,EDUCATION,"Not bad, but there are better alternatives out there."
Education App 260,EDUCATION,"Love this app, works great and very easy to use!"
Education App 260,EDUCATION,"Fantastic UI and no crashes at all, highly recommend."
Education App 260,EDUCATION,"Not bad, but there are better alternatives out there."
Education App 260,EDUCATION,"Amazing experience, does exactly what I need every day."
Education App 260,EDUCATION,"Fantastic UI and no crashes at all, highly recommend."
Photography App 753,PHOTOGRAPHY,"Worst update ever, broke all the features I liked."
Photography App 753,PHOTOGRAPHY,"Amazing experience, does exactly what I need every day."
Photography App 753,PHOTOGRAPHY,"Best app in this category, super smooth and reliable."
Photography App 753,PHOTOGRAPHY,"It's an okay app, does the basic job."
Photography App 753,PHOTOGRAPHY,"Best app in this category, super smooth and reliable."
Photography App 753,PHOTOGRAPHY,"Too many ads, ruins the whole experience."
Photography App 753,PHOTOGRAPHY,"It's an okay app, does the basic job."
Tools App 292,TOOLS,"Best app in this category, super smooth and reliable."
Tools App 292,TOOLS,"Works fine most of the time, occasional bugs."
Tools App 292,TOOLS,"Worst update ever, broke all the features I liked."
Finance App 352,FINANCE,"Too many ads, ruins the whole experience."
Finance App 352,FINANCE,"Love this app, works great and very easy to use!"
Finance App 352,FINANCE,"Fantastic UI and no crashes at all, highly recommend."
Finance App 352,FINANCE,"Not bad, but there are better alternatives out there."
Finance App 352,FINANCE,"This app saved me so much time, absolutely worth it."
Finance App 352,FINANCE,"It's an okay app, does the basic job."
Education App 7,EDUCATION,"Works fine most of the time, occasional bugs."
Education App 7,EDUCATION,"Decent app for the price, could use more features."
Education App 7,EDUCATION,"Worst update ever, broke all the features I liked."
Education App 7,EDUCATION,"Love this app, works great and very easy to use!"
Education App 7,EDUCATION,"Best app in this category, super smooth and reliable."
Photography App 785,PHOTOGRAPHY,"Amazing experience, does exactly what I need every day."
Photography App 785,PHOTOGRAPHY,"Average experience, nothing special but works."
Photography App 785,PHOTOGRAPHY,"Love this app, works great and very easy to use!"
Photography App 785,PHOTOGRAPHY,"Amazing experience, does exactly what I need every day."
Photography App 785,PHOTOGRAPHY,"This app saved me so much time, absolutely worth it."
Photography App 785,PHOTOGRAPHY,"Fantastic UI and no crashes at all, highly recommend."
Photography App 785,PHOTOGRAPHY,"Battery drain is insane, uninstalling immediately."
Health And Fitness App 266,HEALTH_AND_FITNESS,"Works fine most of the time, occasional bugs."
Health And Fitness App 266,HEALTH_AND_FITNESS,"Terrible app, doesn't work as advertised at all."
Health And Fitness App 266,HEALTH_AND_FITNESS,"This app saved me so much time, absolutely worth it."
Health And Fitness App 266,HEALTH_AND_FITNESS,"Love this app, works great and very easy to use!"
Tools App 802,TOOLS,"Crashes constantly, very frustrating to use."
Tools App 802,TOOLS,"Battery drain is insane, uninstalling immediately."
Tools App 802,TOOLS,"Crashes constantly, very frustrating to use."
Health And Fitness App 612,HEALTH_AND_FITNESS,"Crashes constantly, very frustrating to use."
Health And Fitness App 612,HEALTH_AND_FITNESS,"Worst update ever, broke all the features I liked."
Health And Fitness App 612,HEALTH_AND_FITNESS,"Too many ads, ruins the whole experience."
Health And Fitness App 612,HEALTH_AND_FITNESS,"Too many ads, ruins the whole experience."
Health And Fitness App 612,HEALTH_AND_FITNESS,"Amazing experience, does exactly what I need every day."
Health And Fitness App 612,HEALTH_AND_FITNESS,"This app saved me so much time, absolutely worth it."
Health And Fitness App 612,HEALTH_AND_FITNESS,"Not bad, but there are better alternatives out there."
Finance App 28,FINANCE,"Average experience, nothing special but works."
Finance App 28,FINANCE,"Amazing experience, does exactly what I need every day."
Finance App 28,FINANCE,"This app saved me so much time, absolutely worth it."
Finance App 28,FINANCE,"Love this app, works great and very easy to use!"
Finance App 28,FINANCE,"This app saved me so much time, absolutely worth it."
Finance App 28,FINANCE,"Love this app, works great and very easy to use!"
Finance App 28,FINANCE,"Love this app, works great and very easy to use!"
Productivity App 556,PRODUCTIVITY,"This app saved me so much time, absolutely worth it."
Productivity App 556,PRODUCTIVITY,"Fantastic UI and no crashes at all, highly recommend."
Finance App 216,FINANCE,"This app saved me so much time, absolutely worth it."
Finance App 216,FINANCE,"Works fine most of the time, occasional bugs."
Finance App 216,FINANCE,"Not bad, but there are better alternatives out there."
Game App 496,GAME,"Amazing experience, does exactly what I need every day."
Game App 496,GAME,"Love this app, works great and very easy to use!"
Game App 496,GAME,"Too many ads, ruins the whole experience."
Game App 496,GAME,"Love this app, works great and very easy to use!"
Game App 496,GAME,"Battery drain is insane, uninstalling immediately."
Game App 496,GAME,"Amazing experience, does exactly what I need every day."
Game App 6,GAME,"Best app in this category, super smooth and reliable."
Game App 6,GAME,"Best app in this category, super smooth and reliable."
Shopping App 695,SHOPPING,"This app saved me so much time, absolutely worth it."
Shopping App 695,SHOPPING,"Battery drain is insane, uninstalling immediately."
Shopping App 695,SHOPPING,"Battery drain is insane, uninstalling immediately."
Shopping App 695,SHOPPING,"Decent app for the price, could use more features."
Shopping App 695,SHOPPING,"This app saved me so much time, absolutely worth it."
Shopping App 695,SHOPPING,"Worst update ever, broke all the features I liked."
Game App 801,GAME,"Decent app for the price, could use more features."
Game App 801,GAME,"Best app in this category, super smooth and reliable."
Game App 801,GAME,"Amazing experience, does exactly what I need every day."
Game App 801,GAME,"Amazing experience, does exactly what I need every day."
Game App 801,GAME,"Amazing experience, does exactly what I need every day."
Game App 801,GAME,"Average experience, nothing special but works."
Game App 801,GAME,"Worst update ever, broke all the features I liked."
Social App 879,SOCIAL,"Love this app, works great and very easy to use!"
Social App 879,SOCIAL,"Average experience, nothing special but works."
Social App 879,SOCIAL,"Best app in this category, super smooth and reliable."
Social App 879,SOCIAL,"Fantastic UI and no crashes at all, highly recommend."
Social App 879,SOCIAL,"Crashes constantly, very frustrating to use."
Social App 879,SOCIAL,"Amazing experience, does exactly what I need every day."
Business App 553,BUSINESS,"Too many ads, ruins the whole experience."
Business App 553,BUSINESS,"Works fine most of the time, occasional bugs."
Business App 553,BUSINESS,"Amazing experience, does exactly what I need every day."
Business App 553,BUSINESS,"Fantastic UI and no crashes at all, highly recommend."
Business App 553,BUSINESS,"Decent app for the price, could use more features."
Business App 553,BUSINESS,"Fantastic UI and no crashes at all, highly recommend."
Game App 748,GAME,"It's an okay app, does the basic job."
Game App 748,GAME,"Too many ads, ruins the whole experience."
Game App 748,GAME,"Love this app, works great and very easy to use!"
Game App 748,GAME,"Best app in this category, super smooth and reliable."
Tools App 503,TOOLS,"Not bad, but there are better alternatives out there."
Tools App 503,TOOLS,"Average experience, nothing special but works."
Photography App 267,PHOTOGRAPHY,"This app saved me so much time, absolutely worth it."
Photography App 267,PHOTOGRAPHY,"This app saved me so much time, absolutely worth it."
Photography App 267,PHOTOGRAPHY,"Terrible app, doesn't work as advertised at all."
Game App 343,GAME,"Decent app for the price, could use more features."
Game App 343,GAME,"This app saved me so much time, absolutely worth it."
Game App 343,GAME,"This app saved me so much time, absolutely worth it."
Game App 343,GAME,"Too many ads, ruins the whole experience."
Game App 343,GAME,"Amazing experience, does exactly what I need every day."
Game App 343,GAME,"Best app in this category, super smooth and reliable."
Game App 343,GAME,"Fantastic UI and no crashes at all, highly recommend."
Photography App 208,PHOTOGRAPHY,"It's an okay app, does the basic job."
Photography App 208,PHOTOGRAPHY,"Terrible app, doesn't work as advertised at all."
Photography App 208,PHOTOGRAPHY,"Fantastic UI and no crashes at all, highly recommend."
Photography App 208,PHOTOGRAPHY,"Battery drain is insane, uninstalling immediately."
Photography App 208,PHOTOGRAPHY,"Decent app for the price, could use more features."
Photography App 208,PHOTOGRAPHY,"Amazing experience, does exactly what I need every day."
Photography App 208,PHOTOGRAPHY,"Crashes constantly, very frustrating to use."
Finance App 313,FINANCE,"Too many ads, ruins the whole experience."
Finance App 313,FINANCE,"Battery drain is insane, uninstalling immediately."
Finance App 313,FINANCE,"Crashes constantly, very frustrating to use."
Finance App 313,FINANCE,"Amazing experience, does exactly what I need every day."
Finance App 313,FINANCE,"Worst update ever, broke all the features I liked."
Finance App 313,FINANCE,"Works fine most of the time, occasional bugs."
Finance App 313,FINANCE,"Best app in this category, super smooth and reliable."
Health And Fitness App 495,HEALTH_AND_FITNESS,"Crashes constantly, very frustrating to use."
Health And Fitness App 495,HEALTH_AND_FITNESS,"Decent app for the price, could use more features."
Health And Fitness App 495,HEALTH_AND_FITNESS,"Crashes constantly, very frustrating to use."
Health And Fitness App 495,HEALTH_AND_FITNESS,"Best app in this category, super smooth and reliable."
Health And Fitness App 495,HEALTH_AND_FITNESS,"Amazing experience, does exactly what I need every day."
Shopping App 722,SHOPPING,"Terrible app, doesn't work as advertised at all."
Shopping App 722,SHOPPING,"Fantastic UI and no crashes at all, highly recommend."
Shopping App 722,SHOPPING,"Best app in this category, super smooth and reliable."
Shopping App 722,SHOPPING,"This app saved me so much time, absolutely worth it."
Shopping App 722,SHOPPING,"This app saved me so much time, absolutely worth it."
Shopping App 722,SHOPPING,"Best app in this category, super smooth and reliable."
Education App 609,EDUCATION,"Best app in this category, super smooth and reliable."
Education App 609,EDUCATION,"It's an okay app, does the basic job."
Education App 609,EDUCATION,"Fantastic UI and no crashes at all, highly recommend."
Education App 609,EDUCATION,"This app saved me so much time, absolutely worth it."
Education App 609,EDUCATION,"Not bad, but there are better alternatives out there."
Education App 609,EDUCATION,"Worst update ever, broke all the features I liked."
Health And Fitness App 578,HEALTH_AND_FITNESS,"Love this app, works great and very easy to use!"
Health And Fitness App 578,HEALTH_AND_FITNESS,"This app saved me so much time, absolutely worth it."
Health And Fitness App 578,HEALTH_AND_FITNESS,"This app saved me so much time, absolutely worth it."
Music And Audio App 760,MUSIC_AND_AUDIO,"Love this app, works great and very easy to use!"
Music And Audio App 760,MUSIC_AND_AUDIO,"Works fine most of the time, occasional bugs."
Music And Audio App 760,MUSIC_AND_AUDIO,"This app saved me so much time, absolutely worth it."
Music And Audio App 760,MUSIC_AND_AUDIO,"Crashes constantly, very frustrating to use."
Finance App 862,FINANCE,"Average experience, nothing special but works."
Finance App 862,FINANCE,"Best app in this category, super smooth and reliable."
Finance App 862,FINANCE,"This app saved me so much time, absolutely worth it."
Finance App 862,FINANCE,"Not bad, but there are better alternatives out there."
Shopping App 145,SHOPPING,"It's an okay app, does the basic job."
Shopping App 145,SHOPPING,"Amazing experience, does exactly what I need every day."
Shopping App 145,SHOPPING,"Best app in this category, super smooth and reliable."
Game App 381,GAME,"Amazing experience, does exactly what I need every day."
Game App 381,GAME,"Amazing experience, does exactly what I need every day."
Game App 381,GAME,"Amazing experience, does exactly what I need every day."
Game App 381,GAME,"Terrible app, doesn't work as advertised at all."
Game App 584,GAME,"Crashes constantly, very frustrating to use."
Game App 584,GAME,"Decent app for the price, could use more features."
Game App 584,GAME,"Amazing experience, does exactly what I need every day."
Game App 703,GAME,"Average experience, nothing special but works."
Game App 703,GAME,"Love this app, works great and very easy to use!"
Game App 703,GAME,"Fantastic UI and no crashes at all, highly recommend."
Game App 703,GAME,"Amazing experience, does exactly what I need every day."
Game App 703,GAME,"Too many ads, ruins the whole experience."
Game App 703,GAME,"Love this app, works great and very easy to use!"
Social App 14,SOCIAL,"Not bad, but there are better alternatives out there."
Social App 14,SOCIAL,"Crashes constantly, very frustrating to use."
Social App 14,SOCIAL,"This app saved me so much time, absolutely worth it."
Tools App 654,TOOLS,"This app saved me so much time, absolutely worth it."
Tools App 654,TOOLS,"Worst update ever, broke all the features I liked."
Tools App 654,TOOLS,"Not bad, but there are better alternatives out there."
Shopping App 883,SHOPPING,"Love this app, works great and very easy to use!"
Shopping App 883,SHOPPING,"Best app in this category, super smooth and reliable."
Finance App 480,FINANCE,"It's an okay app, does the basic job."
Finance App 480,FINANCE,"Fantastic UI and no crashes at all, highly recommend."
Finance App 480,FINANCE,"Love this app, works great and very easy to use!"
Finance App 480,FINANCE,"Worst update ever, broke all the features I liked."
Finance App 480,FINANCE,"This app saved me so much time, absolutely worth it."
Finance App 480,FINANCE,"Crashes constantly, very frustrating to use."
Finance App 480,FINANCE,"Works fine most of the time, occasional bugs."
Business App 224,BUSINESS,"Crashes constantly, very frustrating to use."
Business App 224,BUSINESS,"Decent app for the price, could use more features."
Business App 224,BUSINESS,"It's an okay app, does the basic job."
Business App 224,BUSINESS,"Terrible app, doesn't work as advertised at all."
Business App 224,BUSINESS,"This app saved me so much time, absolutely worth it."
Business App 224,BUSINESS,"Battery drain is insane, uninstalling immediately."
Business App 224,BUSINESS,"Battery drain is insane, uninstalling immediately."
Productivity App 90,PRODUCTIVITY,"Worst update ever, broke all the features I liked."
Productivity App 90,PRODUCTIVITY,"Best app in this category, super smooth and reliable."
Productivity App 90,PRODUCTIVITY,"Best app in this category, super smooth and reliable."
Productivity App 90,PRODUCTIVITY,"Best app in this category, super smooth and reliable."
Productivity App 90,PRODUCTIVITY,"Best app in this category, super smooth and reliable."
Productivity App 90,PRODUCTIVITY,"Amazing experience, does exactly what I need every day."
Productivity App 758,PRODUCTIVITY,"Love this app, works great and very easy to use!"
Productivity App 758,PRODUCTIVITY,"Amazing experience, does exactly what I need every day."
Productivity App 758,PRODUCTIVITY,"Decent app for the price, could use more features."
Productivity App 758,PRODUCTIVITY,"Terrible app, doesn't work as advertised at all."
Productivity App 758,PRODUCTIVITY,"Love this app, works great and very easy to use!"
Productivity App 758,PRODUCTIVITY,"Love this app, works great and very easy to use!"
Productivity App 758,PRODUCTIVITY,"Fantastic UI and no crashes at all, highly recommend."
Social App 709,SOCIAL,"Terrible app, doesn't work as advertised at all."
Social App 709,SOCIAL,"Crashes constantly, very frustrating to use."
Social App 709,SOCIAL,"Not bad, but there are better alternatives out there."
Social App 709,SOCIAL,"Worst update ever, broke all the features I liked."
Social App 709,SOCIAL,"This app saved me so much time, absolutely worth it."
Social App 709,SOCIAL,"Worst update ever, broke all the features I liked."
Tools App 477,TOOLS,"Love this app, works great and very easy to use!"
Tools App 477,TOOLS,"Worst update ever, broke all the features I liked."
Tools App 477,TOOLS,"Love this app, works great and very easy to use!"
Tools App 477,TOOLS,"Amazing experience, does exactly what I need every day."
Tools App 477,TOOLS,"Average experience, nothing special but works."
Tools App 477,TOOLS,"Crashes constantly, very frustrating to use."
Social App 509,SOCIAL,"Best app in this category, super smooth and reliable."
Social App 509,SOCIAL,"Crashes constantly, very frustrating to use."
Social App 509,SOCIAL,"Too many ads, ruins the whole experience."
Social App 509,SOCIAL,"Battery drain is insane, uninstalling immediately."
Social App 509,SOCIAL,"Worst update ever, broke all the features I liked."
Social App 509,SOCIAL,"Worst update ever, broke all the features I liked."
Social App 84,SOCIAL,"Works fine most of the time, occasional bugs."
Social App 84,SOCIAL,"Terrible app, doesn't work as advertised at all."
Social App 84,SOCIAL,"Love this app, works great and very easy to use!"
Social App 84,SOCIAL,"Best app in this category, super smooth and reliable."
Social App 84,SOCIAL,"Works fine most of the time, occasional bugs."
Business App 648,BUSINESS,"Amazing experience, does exactly what I need every day."
Business App 648,BUSINESS,"Best app in this category, super smooth and reliable."
Business App 648,BUSINESS,"This app saved me so much time, absolutely worth it."
Business App 648,BUSINESS,"It's an okay app, does the basic job."
Business App 648,BUSINESS,"Love this app, works great and very easy to use!"
Game App 614,GAME,"Worst update ever, broke all the features I liked."
Game App 614,GAME,"This app saved me so much time, absolutely worth it."
Game App 614,GAME,"Amazing experience, does exactly what I need every day."
Game App 614,GAME,"Crashes constantly, very frustrating to use."
Game App 614,GAME,"Fantastic UI and no crashes at all, highly recommend."
Tools App 489,TOOLS,"This app saved me so much time, absolutely worth it."
Tools App 489,TOOLS,"Average experience, nothing special but works."
Tools App 489,TOOLS,"Battery drain is insane, uninstalling immediately."
Tools App 489,TOOLS,"This app saved me so much time, absolutely worth it."
Finance App 461,FINANCE,"Terrible app, doesn't work as advertised at all."
Finance App 461,FINANCE,"Amazing experience, does exactly what I need every day."
Finance App 461,FINANCE,"Terrible app, doesn't work as advertised at all."
Finance App 461,FINANCE,"Crashes constantly, very frustrating to use."
Finance App 461,FINANCE,"This app saved me so much time, absolutely worth it."
Finance App 461,FINANCE,"Best app in this category, super smooth and reliable."
Photography App 675,PHOTOGRAPHY,"Works fine most of the time, occasional bugs."
Photography App 675,PHOTOGRAPHY,"Too many ads, ruins the whole experience."
Photography App 675,PHOTOGRAPHY,"Decent app for the price, could use more features."
Photography App 675,PHOTOGRAPHY,"Battery drain is insane, uninstalling immediately."
Photography App 675,PHOTOGRAPHY,"It's an okay app, does the basic job."
Finance App 149,FINANCE,"Crashes constantly, very frustrating to use."
Finance App 149,FINANCE,"Crashes constantly, very frustrating to use."
Finance App 149,FINANCE,"It's an okay app, does the basic job."
Finance App 149,FINANCE,"Too many ads, ruins the whole experience."
Finance App 149,FINANCE,"Fantastic UI and no crashes at all, highly recommend."
Finance App 149,FINANCE,"Not bad, but there are better alternatives out there."
Finance App 344,FINANCE,"Terrible app, doesn't work as advertised at all."
Finance App 344,FINANCE,"Amazing experience, does exactly what I need every day."
Finance App 344,FINANCE,"Too many ads, ruins the whole experience."
Finance App 344,FINANCE,"Average experience, nothing special but works."
Business App 285,BUSINESS,"Best app in this category, super smooth and reliable."
Business App 285,BUSINESS,"This app saved me so much time, absolutely worth it."
Business App 285,BUSINESS,"This app saved me so much time, absolutely worth it."
Business App 285,BUSINESS,"Love this app, works great and very easy to use!"
Business App 285,BUSINESS,"Worst update ever, broke all the features I liked."
Education App 526,EDUCATION,"Crashes constantly, very frustrating to use."
Education App 526,EDUCATION,"Battery drain is insane, uninstalling immediately."
Education App 526,EDUCATION,"Worst update ever, broke all the features I liked."
Education App 526,EDUCATION,"Best app in this category, super smooth and reliable."
Education App 526,EDUCATION,"Fantastic UI and no crashes at all, highly recommend."
Health And Fitness App 301,HEALTH_AND_FITNESS,"Decent app for the price, could use more features."
Health And Fitness App 301,HEALTH_AND_FITNESS,"Decent app for the price, could use more features."
Health And Fitness App 301,HEALTH_AND_FITNESS,"Fantastic UI and no crashes at all, highly recommend."
Health And Fitness App 301,HEALTH_AND_FITNESS,"Amazing experience, does exactly what I need every day."
Productivity App 162,PRODUCTIVITY,"Battery drain is insane, uninstalling immediately."
Productivity App 162,PRODUCTIVITY,"This app saved me so much time, absolutely worth it."
Productivity App 162,PRODUCTIVITY,"Fantastic UI and no crashes at all, highly recommend."
Productivity App 162,PRODUCTIVITY,"Too many ads, ruins the whole experience."
Productivity App 162,PRODUCTIVITY,"Works fine most of the time, occasional bugs."
Productivity App 162,PRODUCTIVITY,"This app saved me so much time, absolutely worth it."
Education App 204,EDUCATION,"This app saved me so much time, absolutely worth it."
Education App 204,EDUCATION,"Decent app for the price, could use more features."
Education App 204,EDUCATION,"Too many ads, ruins the whole experience."
Education App 204,EDUCATION,"Best app in this category, super smooth and reliable."
Education App 204,EDUCATION,"Too many ads, ruins the whole experience."
Education App 204,EDUCATION,"Battery drain is insane, uninstalling immediately."
Education App 204,EDUCATION,"It's an okay app, does the basic job."
Productivity App 454,PRODUCTIVITY,"Love this app, works great and very easy to use!"
Productivity App 454,PRODUCTIVITY,"This app saved me so much time, absolutely worth it."
Productivity App 454,PRODUCTIVITY,"Worst update ever, broke all the features I liked."
Game App 463,GAME,"Love this app, works great and very easy to use!"
Game App 463,GAME,"Best app in this category, super smooth and reliable."
Game App 463,GAME,"Too many ads, ruins the whole experience."
Game App 463,GAME,"Best app in this category, super smooth and reliable."
Education App 898,EDUCATION,"Amazing experience, does exactly what I need every day."
Education App 898,EDUCATION,"Battery drain is insane, uninstalling immediately."
Education App 898,EDUCATION,"This app saved me so much time, absolutely worth it."
Education App 898,EDUCATION,"Worst update ever, broke all the features I liked."
Education App 898,EDUCATION,"It's an okay app, does the basic job."
Education App 898,EDUCATION,"This app saved me so much time, absolutely worth it."
Education App 898,EDUCATION,"Average experience, nothing special but works."
Tools App 319,TOOLS,"Terrible app, doesn't work as advertised at all."
Tools App 319,TOOLS,"Amazing experience, does exactly what I need every day."
Tools App 319,TOOLS,"Battery drain is insane, uninstalling immediately."
Tools App 319,TOOLS,"This app saved me so much time, absolutely worth it."
Music And Audio App 16,MUSIC_AND_AUDIO,"Fantastic UI and no crashes at all, highly recommend."
Music And Audio App 16,MUSIC_AND_AUDIO,"Terrible app, doesn't work as advertised at all."
Music And Audio App 16,MUSIC_AND_AUDIO,"Best app in this category, super smooth and reliable."
Health And Fitness App 114,HEALTH_AND_FITNESS,"It's an okay app, does the basic job."
Health And Fitness App 114,HEALTH_AND_FITNESS,"Average experience, nothing special but works."
Business App 715,BUSINESS,"Fantastic UI and no crashes at all, highly recommend."
Business App 715,BUSINESS,"Crashes constantly, very frustrating to use."
Business App 715,BUSINESS,"Best app in this category, super smooth and reliable."
Music And Audio App 411,MUSIC_AND_AUDIO,"Average experience, nothing special but works."
Music And Audio App 411,MUSIC_AND_AUDIO,"Amazing experience, does exactly what I need every day."
Music And Audio App 411,MUSIC_AND_AUDIO,"Works fine most of the time, occasional bugs."
Music And Audio App 411,MUSIC_AND_AUDIO,"Love this app, works great and very easy to use!"
Music And Audio App 411,MUSIC_AND_AUDIO,"Worst update ever, broke all the features I liked."
Music And Audio App 411,MUSIC_AND_AUDIO,"Fantastic UI and no crashes at all, highly recommend."
Music And Audio App 411,MUSIC_AND_AUDIO,"Best app in this category, super smooth and reliable."
Education App 85,EDUCATION,"It's an okay app, does the basic job."
Education App 85,EDUCATION,"Terrible app, doesn't work as advertised at all."
Education App 85,EDUCATION,"Best app in this category, super smooth and reliable."
Education App 85,EDUCATION,"Best app in this category, super smooth and reliable."
Education App 85,EDUCATION,"Fantastic UI and no crashes at all, highly recommend."
Education App 85,EDUCATION,"Average experience, nothing special but works."
Education App 85,EDUCATION,"Fantastic UI and no crashes at all, highly recommend."
Tools App 811,TOOLS,"Love this app, works great and very easy to use!"
Tools App 811,TOOLS,"Decent app for the price, could use more features."
Tools App 811,TOOLS,"Not bad, but there are better alternatives out there."
Education App 730,EDUCATION,"Terrible app, doesn't work as advertised at all."
Education App 730,EDUCATION,"Love this app, works great and very easy to use!"
Education App 730,EDUCATION,"Love this app, works great and very easy to use!"
Education App 730,EDUCATION,"Works fine most of the time, occasional bugs."
Education App 730,EDUCATION,"Decent app for the price, could use more features."
Business App 153,BUSINESS,"Not bad, but there are better alternatives out there."
Business App 153,BUSINESS,"Not bad, but there are better alternatives out there."
Tools App 508,TOOLS,"Fantastic UI and no crashes at all, highly recommend."
Tools App 508,TOOLS,"Works fine most of the time, occasional bugs."
Tools App 508,TOOLS,"It's an okay app, does the basic job."
Tools App 508,TOOLS,"Fantastic UI and no crashes at all, highly recommend."
Tools App 508,TOOLS,"Too many ads, ruins the whole experience."
Tools App 508,TOOLS,"Amazing experience, does exactly what I need every day."
Tools App 508,TOOLS,"Crashes constantly, very frustrating to use."
Productivity App 77,PRODUCTIVITY,"Amazing experience, does exactly what I need every day."
Productivity App 77,PRODUCTIVITY,"Best app in this category, super smooth and reliable."
Health And Fitness App 511,HEALTH_AND_FITNESS,"Decent app for the price, could use more features."
Health And Fitness App 511,HEALTH_AND_FITNESS,"Too many ads, ruins the whole experience."
Communication App 425,COMMUNICATION,"Battery drain is insane, uninstalling immediately."
Communication App 425,COMMUNICATION,"Terrible app, doesn't work as advertised at all."
Communication App 425,COMMUNICATION,"Too many ads, ruins the whole experience."
Education App 227,EDUCATION,"Best app in this category, super smooth and reliable."
Education App 227,EDUCATION,"Works fine most of the time, occasional bugs."
Photography App 638,PHOTOGRAPHY,"Not bad, but there are better alternatives out there."
Photography App 638,PHOTOGRAPHY,"Amazing experience, does exactly what I need every day."
Photography App 638,PHOTOGRAPHY,"It's an okay app, does the basic job."
Photography App 638,PHOTOGRAPHY,"Amazing experience, does exactly what I need every day."
Photography App 638,PHOTOGRAPHY,"This app saved me so much time, absolutely worth it."
Photography App 638,PHOTOGRAPHY,"Fantastic UI and no crashes at all, highly recommend."
Photography App 638,PHOTOGRAPHY,"Worst update ever, broke all the features I liked."
Productivity App 371,PRODUCTIVITY,"This app saved me so much time, absolutely worth it."
Productivity App 371,PRODUCTIVITY,"Fantastic UI and no crashes at all, highly recommend."
Productivity App 371,PRODUCTIVITY,"Not bad, but there are better alternatives out there."
Productivity App 371,PRODUCTIVITY,"Amazing experience, does exactly what I need every day."
Productivity App 371,PRODUCTIVITY,"Fantastic UI and no crashes at all, highly recommend."
Productivity App 371,PRODUCTIVITY,"Not bad, but there are better alternatives out there."
Productivity App 371,PRODUCTIVITY,"Not bad, but there are better alternatives out there."
Shopping App 653,SHOPPING,"Average experience, nothing special but works."
Shopping App 653,SHOPPING,"Battery drain is insane, uninstalling immediately."
Shopping App 653,SHOPPING,"Love this app, works great and very easy to use!"
Shopping App 653,SHOPPING,"This app saved me so much time, absolutely worth it."
Education App 782,EDUCATION,"Best app in this category, super smooth and reliable."
Education App 782,EDUCATION,"Average experience, nothing special but works."
Education App 782,EDUCATION,"This app saved me so much time, absolutely worth it."
Education App 782,EDUCATION,"Worst update ever, broke all the features I liked."
Education App 782,EDUCATION,"This app saved me so much time, absolutely worth it."
Shopping App 712,SHOPPING,"Love this app, works great and very easy to use!"
Shopping App 712,SHOPPING,"Love this app, works great and very easy to use!"
Shopping App 712,SHOPPING,"Love this app, works great and very easy to use!"
Shopping App 712,SHOPPING,"Love this app, works great and very easy to use!"
Tools App 341,TOOLS,"Works fine most of the time, occasional bugs."
Tools App 341,TOOLS,"Crashes constantly, very frustrating to use."
Productivity App 400,PRODUCTIVITY,"Average experience, nothing special but works."
Productivity App 400,PRODUCTIVITY,"It's an okay app, does the basic job."
Productivity App 400,PRODUCTIVITY,"Too many ads, ruins the whole experience."
Education App 601,EDUCATION,"Too many ads, ruins the whole experience."
Education App 601,EDUCATION,"Fantastic UI and no crashes at all, highly recommend."
Education App 601,EDUCATION,"Worst update ever, broke all the features I liked."
Education App 601,EDUCATION,"Battery drain is insane, uninstalling immediately."
Education App 601,EDUCATION,"Not bad, but there are better alternatives out there."
Business App 64,BUSINESS,"Too many ads, ruins the whole experience."
Business App 64,BUSINESS,"Too many ads, ruins the whole experience."
Business App 64,BUSINESS,"Fantastic UI and no crashes at all, highly recommend."
Business App 64,BUSINESS,"Terrible app, doesn't work as advertised at all."
Business App 64,BUSINESS,"Worst update ever, broke all the features I liked."
Social App 335,SOCIAL,"This app saved me so much time, absolutely worth it."
Social App 335,SOCIAL,"Love this app, works great and very easy to use!"
Social App 335,SOCIAL,"Crashes constantly, very frustrating to use."
Social App 335,SOCIAL,"Terrible app, doesn't work as advertised at all."
Social App 335,SOCIAL,"This app saved me so much time, absolutely worth it."
Social App 335,SOCIAL,"Terrible app, doesn't work as advertised at all."
Game App 766,GAME,"Amazing experience, does exactly what I need every day."
Game App 766,GAME,"It's an okay app, does the basic job."
Game App 766,GAME,"Worst update ever, broke all the features I liked."
Game App 766,GAME,"This app saved me so much time, absolutely worth it."
Social App 92,SOCIAL,"Best app in this category, super smooth and reliable."
Social App 92,SOCIAL,"Terrible app, doesn't work as advertised at all."
Social App 92,SOCIAL,"Works fine most of the time, occasional bugs."
Social App 92,SOCIAL,"Fantastic UI and no crashes at all, highly recommend."
Social App 92,SOCIAL,"Love this app, works great and very easy to use!"
Social App 92,SOCIAL,"Worst update ever, broke all the features I liked."
Social App 92,SOCIAL,"Fantastic UI and no crashes at all, highly recommend."
Social App 155,SOCIAL,"Love this app, works great and very easy to use!"
Social App 155,SOCIAL,"Battery drain is insane, uninstalling immediately."
Social App 155,SOCIAL,"It's an okay app, does the basic job."
Social App 155,SOCIAL,"Crashes constantly, very frustrating to use."
Social App 155,SOCIAL,"It's an okay app, does the basic job."
Education App 271,EDUCATION,"Amazing experience, does exactly what I need every day."
Education App 271,EDUCATION,"Battery drain is insane, uninstalling immediately."
Education App 271,EDUCATION,"Works fine most of the time, occasional bugs."
Education App 271,EDUCATION,"Works fine most of the time, occasional bugs."
Education App 271,EDUCATION,"Battery drain is insane, uninstalling immediately."
Education App 271,EDUCATION,"This app saved me so much time, absolutely worth it."
Finance App 792,FINANCE,"Crashes constantly, very frustrating to use."
Finance App 792,FINANCE,"This app saved me so much time, absolutely worth it."
Finance App 792,FINANCE,"Love this app, works great and very easy to use!"
Finance App 792,FINANCE,"Best app in this category, super smooth and reliable."
Finance App 792,FINANCE,"Love this app, works great and very easy to use!"
Finance App 792,FINANCE,"Best app in this category, super smooth and reliable."
Finance App 792,FINANCE,"Best app in this category, super smooth and reliable."
Communication App 83,COMMUNICATION,"Crashes constantly, very frustrating to use."
Communication App 83,COMMUNICATION,"This app saved me so much time, absolutely worth it."
Communication App 83,COMMUNICATION,"Battery drain is insane, uninstalling immediately."
Communication App 83,COMMUNICATION,"Not bad, but there are better alternatives out there."
Communication App 83,COMMUNICATION,"Decent app for the price, could use more features."
Photography App 527,PHOTOGRAPHY,"Battery drain is insane, uninstalling immediately."
Photography App 527,PHOTOGRAPHY,"Love this app, works great and very easy to use!"
Photography App 527,PHOTOGRAPHY,"Too many ads, ruins the whole experience."
Photography App 527,PHOTOGRAPHY,"Average experience, nothing special but works."
Photography App 527,PHOTOGRAPHY,"Love this app, works great and very easy to use!"
Health And Fitness App 251,HEALTH_AND_FITNESS,"Love this app, works great and very easy to use!"
Health And Fitness App 251,HEALTH_AND_FITNESS,"Not bad, but there are better alternatives out there."
Social App 826,SOCIAL,"Worst update ever, broke all the features I liked."
Social App 826,SOCIAL,"Not bad, but there are better alternatives out there."
Business App 618,BUSINESS,"Best app in this category, super smooth and reliable."
Business App 618,BUSINESS,"Not bad, but there are better alternatives out there."
Business App 618,BUSINESS,"Amazing experience, does exactly what I need every day."
Game App 762,GAME,"Love this app, works great and very easy to use!"
Game App 762,GAME,"Too many ads, ruins the whole experience."
Game App 762,GAME,"This app saved me so much time, absolutely worth it."
Music And Audio App 900,MUSIC_AND_AUDIO,"Works fine most of the time, occasional bugs."
Music And Audio App 900,MUSIC_AND_AUDIO,"Best app in this category, super smooth and reliable."
Productivity App 117,PRODUCTIVITY,"Amazing experience, does exactly what I need every day."
Productivity App 117,PRODUCTIVITY,"Average experience, nothing special but works."
Communication App 780,COMMUNICATION,"Fantastic UI and no crashes at all, highly recommend."
Communication App 780,COMMUNICATION,"Love this app, works great and very easy to use!"
Communication App 780,COMMUNICATION,"Best app in this category, super smooth and reliable."
Communication App 780,COMMUNICATION,"Amazing experience, does exactly what I need every day."
Photography App 845,PHOTOGRAPHY,"Best app in this category, super smooth and reliable."
Photography App 845,PHOTOGRAPHY,"Best app in this category, super smooth and reliable."
Photography App 845,PHOTOGRAPHY,"This app saved me so much time, absolutely worth it."
Photography App 545,PHOTOGRAPHY,"Amazing experience, does exactly what I need every day."
Photography App 545,PHOTOGRAPHY,"Love this app, works great and very easy to use!"
Photography App 545,PHOTOGRAPHY,"It's an okay app, does the basic job."
Photography App 545,PHOTOGRAPHY,"Fantastic UI and no crashes at all, highly recommend."
Photography App 545,PHOTOGRAPHY,"Terrible app, doesn't work as advertised at all."
Finance App 281,FINANCE,"This app saved me so much time, absolutely worth it."
Finance App 281,FINANCE,"Works fine most of the time, occasional bugs."
Finance App 281,FINANCE,"Best app in this category, super smooth and reliable."
Health And Fitness App 552,HEALTH_AND_FITNESS,"Not bad, but there are better alternatives out there."
Health And Fitness App 552,HEALTH_AND_FITNESS,"Battery drain is insane, uninstalling immediately."
Health And Fitness App 552,HEALTH_AND_FITNESS,"Decent app for the price, could use more features."
Health And Fitness App 552,HEALTH_AND_FITNESS,"Decent app for the price, could use more features."
Health And Fitness App 552,HEALTH_AND_FITNESS,"This app saved me so much time, absolutely worth it."
Health And Fitness App 552,HEALTH_AND_FITNESS,"Decent app for the price, could use more features."
Communication App 171,COMMUNICATION,"Terrible app, doesn't work as advertised at all."
Communication App 171,COMMUNICATION,"Battery drain is insane, uninstalling immediately."
Communication App 171,COMMUNICATION,"Battery drain is insane, uninstalling immediately."
Game App 563,GAME,"It's an okay app, does the basic job."
Game App 563,GAME,"Amazing experience, does exactly what I need every day."
Game App 563,GAME,"Not bad, but there are better alternatives out there."
Game App 563,GAME,"This app saved me so much time, absolutely worth it."
Game App 563,GAME,"This app saved me so much time, absolutely worth it."
Game App 563,GAME,"Best app in this category, super smooth and reliable."
Game App 563,GAME,"This app saved me so much time, absolutely worth it."
Photography App 690,PHOTOGRAPHY,"Best app in this category, super smooth and reliable."
Photography App 690,PHOTOGRAPHY,"Battery drain is insane, uninstalling immediately."
Photography App 690,PHOTOGRAPHY,"Love this app, works great and very easy to use!"
Photography App 690,PHOTOGRAPHY,"Best app in this category, super smooth and reliable."
Photography App 690,PHOTOGRAPHY,"It's an okay app, does the basic job."
Photography App 821,PHOTOGRAPHY,"Love this app, works great and very easy to use!"
Photography App 821,PHOTOGRAPHY,"Terrible app, doesn't work as advertised at all."
Photography App 821,PHOTOGRAPHY,"Battery drain is insane, uninstalling immediately."
Photography App 821,PHOTOGRAPHY,"Worst update ever, broke all the features I liked."
Photography App 821,PHOTOGRAPHY,"Love this app, works great and very easy to use!"
Photography App 821,PHOTOGRAPHY,"Amazing experience, does exactly what I need every day."
Photography App 821,PHOTOGRAPHY,"Battery drain is insane, uninstalling immediately."
Photography App 841,PHOTOGRAPHY,"Too many ads, ruins the whole experience."
Photography App 841,PHOTOGRAPHY,"Worst update ever, broke all the features I liked."
Health And Fitness App 140,HEALTH_AND_FITNESS,"Fantastic UI and no crashes at all, highly recommend."
Health And Fitness App 140,HEALTH_AND_FITNESS,"This app saved me so much time, absolutely worth it."
Health And Fitness App 140,HEALTH_AND_FITNESS,"This app saved me so much time, absolutely worth it."
Health And Fitness App 607,HEALTH_AND_FITNESS,"Fantastic UI and no crashes at all, highly recommend."
Health And Fitness App 607,HEALTH_AND_FITNESS,"Too many ads, ruins the whole experience."
Health And Fitness App 607,HEALTH_AND_FITNESS,"Best app in this category, super smooth and reliable."
Health And Fitness App 607,HEALTH_AND_FITNESS,"Fantastic UI and no crashes at all, highly recommend."
Health And Fitness App 607,HEALTH_AND_FITNESS,"Crashes constantly, very frustrating to use."
Health And Fitness App 607,HEALTH_AND_FITNESS,"Amazing experience, does exactly what I need every day."
Education App 212,EDUCATION,"Average experience, nothing special but works."
Education App 212,EDUCATION,"It's an okay app, does the basic job."
Education App 212,EDUCATION,"Worst update ever, broke all the features I liked."
Education App 212,EDUCATION,"Battery drain is insane, uninstalling immediately."
Photography App 448,PHOTOGRAPHY,"Decent app for the price, could use more features."
Photography App 448,PHOTOGRAPHY,"Too many ads, ruins the whole experience."
Photography App 448,PHOTOGRAPHY,"Terrible app, doesn't work as advertised at all."
Photography App 448,PHOTOGRAPHY,"Decent app for the price, could use more features."
Game App 462,GAME,"Terrible app, doesn't work as advertised at all."
Game App 462,GAME,"Fantastic UI and no crashes at all, highly recommend."
Game App 462,GAME,"Fantastic UI and no crashes at all, highly recommend."
Game App 462,GAME,"Terrible app, doesn't work as advertised at all."
Game App 462,GAME,"Amazing experience, does exactly what I need every day."
Game App 462,GAME,"Decent app for the price, could use more features."
Game App 462,GAME,"Crashes constantly, very frustrating to use."
Tools App 633,TOOLS,"Fantastic UI and no crashes at all, highly recommend."
Tools App 633,TOOLS,"This app saved me so much time, absolutely worth it."
Tools App 633,TOOLS,"Works fine most of the time, occasional bugs."
Game App 102,GAME,"Crashes constantly, very frustrating to use."
Game App 102,GAME,"Best app in this category, super smooth and reliable."
Game App 102,GAME,"Crashes constantly, very frustrating to use."
Game App 102,GAME,"Best app in this category, super smooth and reliable."
Social App 294,SOCIAL,"Worst update ever, broke all the features I liked."
Social App 294,SOCIAL,"It's an okay app, does the basic job."
Social App 294,SOCIAL,"Best app in this category, super smooth and reliable."
Social App 294,SOCIAL,"Works fine most of the time, occasional bugs."
Game App 91,GAME,"Amazing experience, does exactly what I need every day."
Game App 91,GAME,"Terrible app, doesn't work as advertised at all."
Game App 91,GAME,"Fantastic UI and no crashes at all, highly recommend."
Game App 91,GAME,"Battery drain is insane, uninstalling immediately."
Game App 91,GAME,"Crashes constantly, very frustrating to use."
Music And Audio App 196,MUSIC_AND_AUDIO,"Love this app, works great and very easy to use!"
Music And Audio App 196,MUSIC_AND_AUDIO,"Amazing experience, does exactly what I need every day."
Photography App 273,PHOTOGRAPHY,"Not bad, but there are better alternatives out there."
Photography App 273,PHOTOGRAPHY,"Not bad, but there are better alternatives out there."
Photography App 273,PHOTOGRAPHY,"Not bad, but there are better alternatives out there."
Photography App 273,PHOTOGRAPHY,"Fantastic UI and no crashes at all, highly recommend."
Photography App 273,PHOTOGRAPHY,"It's an okay app, does the basic job."
Photography App 273,PHOTOGRAPHY,"Best app in this category, super smooth and reliable."
Education App 692,EDUCATION,"Best app in this category, super smooth and reliable."
Education App 692,EDUCATION,"Amazing experience, does exactly what I need every day."
Education App 692,EDUCATION,"Fantastic UI and no crashes at all, highly recommend."
Education App 692,EDUCATION,"Fantastic UI and no crashes at all, highly recommend."
Tools App 39,TOOLS,"This app saved me so much time, absolutely worth it."
Tools App 39,TOOLS,"This app saved me so much time, absolutely worth it."
Tools App 39,TOOLS,"Worst update ever, broke all the features I liked."
Tools App 39,TOOLS,"Best app in this category, super smooth and reliable."
Finance App 707,FINANCE,"Too many ads, ruins the whole experience."
Finance App 707,FINANCE,"Best app in this category, super smooth and reliable."
Finance App 707,FINANCE,"Best app in this category, super smooth and reliable."
Business App 52,BUSINESS,"This app saved me so much time, absolutely worth it."
Business App 52,BUSINESS,"Battery drain is insane, uninstalling immediately."
Business App 52,BUSINESS,"Decent app for the price, could use more features."
Business App 52,BUSINESS,"Terrible app, doesn't work as advertised at all."
Business App 52,BUSINESS,"This app saved me so much time, absolutely worth it."
Game App 520,GAME,"Terrible app, doesn't work as advertised at all."
Game App 520,GAME,"Amazing experience, does exactly what I need every day."
Tools App 18,TOOLS,"This app saved me so much time, absolutely worth it."
Tools App 18,TOOLS,"Crashes constantly, very frustrating to use."
Tools App 18,TOOLS,"Love this app, works great and very easy to use!"
Tools App 18,TOOLS,"It's an okay app, does the basic job."
Game App 228,GAME,"Battery drain is insane, uninstalling immediately."
Game App 228,GAME,"Fantastic UI and no crashes at all, highly recommend."
Game App 228,GAME,"Crashes constantly, very frustrating to use."
Game App 228,GAME,"Crashes constantly, very frustrating to use."
Game App 228,GAME,"Love this app, works great and very easy to use!"
Game App 228,GAME,"Best app in this category, super smooth and reliable."
Communication App 740,COMMUNICATION,"Not bad, but there are better alternatives out there."
Communication App 740,COMMUNICATION,"This app saved me so much time, absolutely worth it."
Communication App 740,COMMUNICATION,"Decent app for the price, could use more features."
Communication App 740,COMMUNICATION,"Decent app for the price, could use more features."
Communication App 740,COMMUNICATION,"Fantastic UI and no crashes at all, highly recommend."
Communication App 740,COMMUNICATION,"Fantastic UI and no crashes at all, highly recommend."
Education App 773,EDUCATION,"Not bad, but there are better alternatives out there."
Education App 773,EDUCATION,"Too many ads, ruins the whole experience."
Education App 773,EDUCATION,"Amazing experience, does exactly what I need every day."
Education App 773,EDUCATION,"Amazing experience, does exactly what I need every day."
Education App 773,EDUCATION,"Amazing experience, does exactly what I need every day."
Education App 773,EDUCATION,"Best app in this category, super smooth and reliable."
Tools App 126,TOOLS,"Battery drain is insane, uninstalling immediately."
Tools App 126,TOOLS,"Terrible app, doesn't work as advertised at all."
Tools App 126,TOOLS,"Best app in this category, super smooth and reliable."
Tools App 126,TOOLS,"Amazing experience, does exactly what I need every day."
Tools App 126,TOOLS,"Best app in this category, super smooth and reliable."
Shopping App 351,SHOPPING,"Best app in this category, super smooth and reliable."
Shopping App 351,SHOPPING,"Works fine most of the time, occasional bugs."
Shopping App 351,SHOPPING,"Decent app for the price, could use more features."
Shopping App 351,SHOPPING,"Love this app, works great and very easy to use!"
Productivity App 611,PRODUCTIVITY,"It's an okay app, does the basic job."
Productivity App 611,PRODUCTIVITY,"Worst update ever, broke all the features I liked."
Communication App 358,COMMUNICATION,"Not bad, but there are better alternatives out there."
Communication App 358,COMMUNICATION,"Love this app, works great and very easy to use!"
Communication App 358,COMMUNICATION,"This app saved me so much time, absolutely worth it."
Communication App 358,COMMUNICATION,"Love this app, works great and very easy to use!"
Game App 660,GAME,"Amazing experience, does exactly what I need every day."
Game App 660,GAME,"Crashes constantly, very frustrating to use."
Game App 660,GAME,"Decent app for the price, could use more features."
Game App 660,GAME,"Worst update ever, broke all the features I liked."
Game App 660,GAME,"Terrible app, doesn't work as advertised at all."
Game App 660,GAME,"Decent app for the price, could use more features."
Game App 660,GAME,"It's an okay app, does the basic job."
Health And Fitness App 813,HEALTH_AND_FITNESS,"Works fine most of the time, occasional bugs."
Health And Fitness App 813,HEALTH_AND_FITNESS,"Worst update ever, broke all the features I liked."
Health And Fitness App 813,HEALTH_AND_FITNESS,"Best app in this category, super smooth and reliable."
Music And Audio App 378,MUSIC_AND_AUDIO,"Terrible app, doesn't work as advertised at all."
Music And Audio App 378,MUSIC_AND_AUDIO,"Amazing experience, does exactly what I need every day."
Music And Audio App 378,MUSIC_AND_AUDIO,"Love this app, works great and very easy to use!"
Productivity App 75,PRODUCTIVITY,"Amazing experience, does exactly what I need every day."
Productivity App 75,PRODUCTIVITY,"This app saved me so much time, absolutely worth it."
Productivity App 75,PRODUCTIVITY,"Battery drain is insane, uninstalling immediately."
Productivity App 75,PRODUCTIVITY,"Best app in this category, super smooth and reliable."
Productivity App 75,PRODUCTIVITY,"This app saved me so much time, absolutely worth it."
Music And Audio App 397,MUSIC_AND_AUDIO,"It's an okay app, does the basic job."
Music And Audio App 397,MUSIC_AND_AUDIO,"Fantastic UI and no crashes at all, highly recommend."
Music And Audio App 397,MUSIC_AND_AUDIO,"Decent app for the price, could use more features."
Music And Audio App 397,MUSIC_AND_AUDIO,"Best app in this category, super smooth and reliable."
Music And Audio App 397,MUSIC_AND_AUDIO,"Works fine most of the time, occasional bugs."
Music And Audio App 397,MUSIC_AND_AUDIO,"Crashes constantly, very frustrating to use."
Health And Fitness App 136,HEALTH_AND_FITNESS,"Best app in this category, super smooth and reliable."
Health And Fitness App 136,HEALTH_AND_FITNESS,"Works fine most of the time, occasional bugs."
Health And Fitness App 136,HEALTH_AND_FITNESS,"Crashes constantly, very frustrating to use."
Health And Fitness App 136,HEALTH_AND_FITNESS,"Amazing experience, does exactly what I need every day."
Health And Fitness App 136,HEALTH_AND_FITNESS,"Battery drain is insane, uninstalling immediately."
Health And Fitness App 136,HEALTH_AND_FITNESS,"Battery drain is insane, uninstalling immediately."
Health And Fitness App 136,HEALTH_AND_FITNESS,"This app saved me so much time, absolutely worth it."
Tools App 830,TOOLS,"Best app in this category, super smooth and reliable."
Tools App 830,TOOLS,"Battery drain is insane, uninstalling immediately."
Tools App 830,TOOLS,"Terrible app, doesn't work as advertised at all."
Tools App 830,TOOLS,"Best app in this category, super smooth and reliable."
Tools App 830,TOOLS,"This app saved me so much time, absolutely worth it."
Tools App 471,TOOLS,"Not bad, but there are better alternatives out there."
Tools App 471,TOOLS,"Decent app for the price, could use more features."
Tools App 471,TOOLS,"Best app in this category, super smooth and reliable."
Social App 711,SOCIAL,"Fantastic UI and no crashes at all, highly recommend."
Social App 711,SOCIAL,"Worst update ever, broke all the features I liked."
Social App 711,SOCIAL,"Amazing experience, does exactly what I need every day."
Social App 711,SOCIAL,"Too many ads, ruins the whole experience."
Health And Fitness App 264,HEALTH_AND_FITNESS,"Not bad, but there are better alternatives out there."
Health And Fitness App 264,HEALTH_AND_FITNESS,"Amazing experience, does exactly what I need every day."
Health And Fitness App 264,HEALTH_AND_FITNESS,"Crashes constantly, very frustrating to use."
Productivity App 58,PRODUCTIVITY,"Battery drain is insane, uninstalling immediately."
Productivity App 58,PRODUCTIVITY,"Too many ads, ruins the whole experience."
Productivity App 58,PRODUCTIVITY,"It's an okay app, does the basic job."
Game App 9,GAME,"Best app in this category, super smooth and reliable."
Game App 9,GAME,"Best app in this category, super smooth and reliable."
Game App 9,GAME,"Fantastic UI and no crashes at all, highly recommend."
Game App 9,GAME,"Average experience, nothing special but works."
Game App 9,GAME,"Fantastic UI and no crashes at all, highly recommend."
Game App 9,GAME,"It's an okay app, does the basic job."
Tools App 177,TOOLS,"Crashes constantly, very frustrating to use."
Tools App 177,TOOLS,"Decent app for the price, could use more features."
Tools App 177,TOOLS,"Battery drain is insane, uninstalling immediately."
Social App 440,SOCIAL,"Battery drain is insane, uninstalling immediately."
Social App 440,SOCIAL,"Best app in this category, super smooth and reliable."
Social App 440,SOCIAL,"This app saved me so much time, absolutely worth it."
Social App 440,SOCIAL,"Love this app, works great and very easy to use!"
Social App 440,SOCIAL,"Decent app for the price, could use more features."
Photography App 519,PHOTOGRAPHY,"Amazing experience, does exactly what I need every day."
Photography App 519,PHOTOGRAPHY,"Love this app, works great and very easy to use!"
Photography App 519,PHOTOGRAPHY,"Too many ads, ruins the whole experience."
Photography App 519,PHOTOGRAPHY,"This app saved me so much time, absolutely worth it."
Photography App 519,PHOTOGRAPHY,"Worst update ever, broke all the features I liked."
Game App 118,GAME,"Fantastic UI and no crashes at all, highly recommend."
Game App 118,GAME,"Too many ads, ruins the whole experience."
Game App 118,GAME,"Fantastic UI and no crashes at all, highly recommend."
Game App 118,GAME,"Fantastic UI and no crashes at all, highly recommend."
Game App 118,GAME,"Decent app for the price, could use more features."
Game App 118,GAME,"This app saved me so much time, absolutely worth it."
Game App 827,GAME,"Best app in this category, super smooth and reliable."
Game App 827,GAME,"Battery drain is insane, uninstalling immediately."
Game App 229,GAME,"Fantastic UI and no crashes at all, highly recommend."
Game App 229,GAME,"Works fine most of the time, occasional bugs."
Game App 229,GAME,"Battery drain is insane, uninstalling immediately."
Music And Audio App 885,MUSIC_AND_AUDIO,"Battery drain is insane, uninstalling immediately."
Music And Audio App 885,MUSIC_AND_AUDIO,"Not bad, but there are better alternatives out there."
Music And Audio App 885,MUSIC_AND_AUDIO,"Too many ads, ruins the whole experience."
Music And Audio App 885,MUSIC_AND_AUDIO,"This app saved me so much time, absolutely worth it."
Music And Audio App 885,MUSIC_AND_AUDIO,"Not bad, but there are better alternatives out there."
Game App 258,GAME,"Fantastic UI and no crashes at all, highly recommend."
Game App 258,GAME,"It's an okay app, does the basic job."
Game App 258,GAME,"Terrible app, doesn't work as advertised at all."
Game App 258,GAME,"Average experience, nothing special but works."
Game App 258,GAME,"Love this app, works great and very easy to use!"
Music And Audio App 187,MUSIC_AND_AUDIO,"Amazing experience, does exactly what I need every day."
Music And Audio App 187,MUSIC_AND_AUDIO,"Worst update ever, broke all the features I liked."
Music And Audio App 187,MUSIC_AND_AUDIO,"This app saved me so much time, absolutely worth it."
Music And Audio App 187,MUSIC_AND_AUDIO,"Not bad, but there are better alternatives out there."
Music And Audio App 187,MUSIC_AND_AUDIO,"Too many ads, ruins the whole experience."
Music And Audio App 187,MUSIC_AND_AUDIO,"This app saved me so much time, absolutely worth it."
Music And Audio App 187,MUSIC_AND_AUDIO,"This app saved me so much time, absolutely worth it."
Productivity App 375,PRODUCTIVITY,"Decent app for the price, could use more features."
Productivity App 375,PRODUCTIVITY,"Fantastic UI and no crashes at all, highly recommend."
Productivity App 375,PRODUCTIVITY,"Love this app, works great and very easy to use!"
Music And Audio App 261,MUSIC_AND_AUDIO,"Terrible app, doesn't work as advertised at all."
Music And Audio App 261,MUSIC_AND_AUDIO,"Worst update ever, broke all the features I liked."
Music And Audio App 261,MUSIC_AND_AUDIO,"Best app in this category, super smooth and reliable."
Music And Audio App 261,MUSIC_AND_AUDIO,"Love this app, works great and very easy to use!"
Music And Audio App 261,MUSIC_AND_AUDIO,"Love this app, works great and very easy to use!"
Music And Audio App 261,MUSIC_AND_AUDIO,"Love this app, works great and very easy to use!"
Finance App 133,FINANCE,"Average experience, nothing special but works."
Finance App 133,FINANCE,"Terrible app, doesn't work as advertised at all."
Finance App 133,FINANCE,"Decent app for the price, could use more features."
Education App 597,EDUCATION,"Best app in this category, super smooth and reliable."
Education App 597,EDUCATION,"Amazing experience, does exactly what I need every day."
Education App 597,EDUCATION,"Works fine most of the time, occasional bugs."
Education App 597,EDUCATION,"Too many ads, ruins the whole experience."
Education App 597,EDUCATION,"Fantastic UI and no crashes at all, highly recommend."
Education App 597,EDUCATION,"Crashes constantly, very frustrating to use."
Education App 597,EDUCATION,"Best app in this category, super smooth and reliable."
Game App 630,GAME,"This app saved me so much time, absolutely worth it."
Game App 630,GAME,"Best app in this category, super smooth and reliable."
Game App 630,GAME,"This app saved me so much time, absolutely worth it."
Game App 630,GAME,"Decent app for the price, could use more features."
Game App 630,GAME,"Amazing experience, does exactly what I need every day."
Music And Audio App 639,MUSIC_AND_AUDIO,"Decent app for the price, could use more features."
Music And Audio App 639,MUSIC_AND_AUDIO,"This app saved me so much time, absolutely worth it."
Music And Audio App 639,MUSIC_AND_AUDIO,"Not bad, but there are better alternatives out there."
Music And Audio App 639,MUSIC_AND_AUDIO,"Amazing experience, does exactly what I need every day."
Music And Audio App 639,MUSIC_AND_AUDIO,"Battery drain is insane, uninstalling immediately."
Productivity App 408,PRODUCTIVITY,"Amazing experience, does exactly what I need every day."
Productivity App 408,PRODUCTIVITY,"Not bad, but there are better alternatives out there."
Productivity App 408,PRODUCTIVITY,"Average experience, nothing special but works."
Productivity App 408,PRODUCTIVITY,"Fantastic UI and no crashes at all, highly recommend."
Productivity App 408,PRODUCTIVITY,"It's an okay app, does the basic job."
Productivity App 408,PRODUCTIVITY,"Not bad, but there are better alternatives out there."
Productivity App 408,PRODUCTIVITY,"Average experience, nothing special but works."
Social App 488,SOCIAL,"This app saved me so much time, absolutely worth it."
Social App 488,SOCIAL,"Decent app for the price, could use more features."
Social App 488,SOCIAL,"Not bad, but there are better alternatives out there."
Social App 488,SOCIAL,"Fantastic UI and no crashes at all, highly recommend."
Social App 488,SOCIAL,"Amazing experience, does exactly what I need every day."
Social App 488,SOCIAL,"Amazing experience, does exactly what I need every day."
Finance App 35,FINANCE,"Love this app, works great and very easy to use!"
Finance App 35,FINANCE,"Battery drain is insane, uninstalling immediately."
Finance App 35,FINANCE,"Love this app, works great and very easy to use!"
Finance App 35,FINANCE,"Love this app, works great and very easy to use!"
Finance App 35,FINANCE,"Average experience, nothing special but works."
Finance App 35,FINANCE,"Crashes constantly, very frustrating to use."
Finance App 35,FINANCE,"Fantastic UI and no crashes at all, highly recommend."
Education App 728,EDUCATION,"Worst update ever, broke all the features I liked."
Education App 728,EDUCATION,"Amazing experience, does exactly what I need every day."
Education App 728,EDUCATION,"Too many ads, ruins the whole experience."
Education App 728,EDUCATION,"This app saved me so much time, absolutely worth it."
Education App 728,EDUCATION,"Not bad, but there are better alternatives out there."
Education App 728,EDUCATION,"Not bad, but there are better alternatives out there."
Game App 404,GAME,"Not bad, but there are better alternatives out there."
Game App 404,GAME,"Works fine most of the time, occasional bugs."
Game App 404,GAME,"Terrible app, doesn't work as advertised at all."
Game App 404,GAME,"Best app in this category, super smooth and reliable."
Game App 404,GAME,"Best app in this category, super smooth and reliable."
Game App 404,GAME,"Terrible app, doesn't work as advertised at all."
Education App 476,EDUCATION,"Terrible app, doesn't work as advertised at all."
Education App 476,EDUCATION,"Decent app for the price, could use more features."
Education App 476,EDUCATION,"Not bad, but there are better alternatives out there."
Education App 476,EDUCATION,"Worst update ever, broke all the features I liked."
Business App 825,BUSINESS,"This app saved me so much time, absolutely worth it."
Business App 825,BUSINESS,"Fantastic UI and no crashes at all, highly recommend."
Business App 825,BUSINESS,"Battery drain is insane, uninstalling immediately."
Music And Audio App 161,MUSIC_AND_AUDIO,"Terrible app, doesn't work as advertised at all."
Music And Audio App 161,MUSIC_AND_AUDIO,"Too many ads, ruins the whole experience."
Education App 279,EDUCATION,"Worst update ever, broke all the features I liked."
Education App 279,EDUCATION,"Love this app, works great and very easy to use!"
Education App 279,EDUCATION,"Average experience, nothing special but works."
Education App 279,EDUCATION,"Best app in this category, super smooth and reliable."
Education App 279,EDUCATION,"Works fine most of the time, occasional bugs."
Education App 279,EDUCATION,"Fantastic UI and no crashes at all, highly recommend."
Education App 279,EDUCATION,"Not bad, but there are better alternatives out there."
Shopping App 239,SHOPPING,"Best app in this category, super smooth and reliable."
Shopping App 239,SHOPPING,"Amazing experience, does exactly what I need every day."
Shopping App 239,SHOPPING,"It's an okay app, does the basic job."
Shopping App 239,SHOPPING,"Best app in this category, super smooth and reliable."
Shopping App 239,SHOPPING,"Worst update ever, broke all the features I liked."
Social App 652,SOCIAL,"Love this app, works great and very easy to use!"
Social App 652,SOCIAL,"Fantastic UI and no crashes at all, highly recommend."
Tools App 486,TOOLS,"Crashes constantly, very frustrating to use."
Tools App 486,TOOLS,"Fantastic UI and no crashes at all, highly recommend."
Productivity App 546,PRODUCTIVITY,"Best app in this category, super smooth and reliable."
Productivity App 546,PRODUCTIVITY,"Amazing experience, does exactly what I need every day."
Productivity App 546,PRODUCTIVITY,"Not bad, but there are better alternatives out there."
Productivity App 546,PRODUCTIVITY,"Not bad, but there are better alternatives out there."
Productivity App 716,PRODUCTIVITY,"Too many ads, ruins the whole experience."
Productivity App 716,PRODUCTIVITY,"Best app in this category, super smooth and reliable."
Productivity App 716,PRODUCTIVITY,"Fantastic UI and no crashes at all, highly recommend."
Productivity App 716,PRODUCTIVITY,"This app saved me so much time, absolutely worth it."
Productivity App 716,PRODUCTIVITY,"Too many ads, ruins the whole experience."
Productivity App 716,PRODUCTIVITY,"Terrible app, doesn't work as advertised at all."
Productivity App 716,PRODUCTIVITY,"It's an okay app, does the basic job."
Shopping App 249,SHOPPING,"Best app in this category, super smooth and reliable."
Shopping App 249,SHOPPING,"Terrible app, doesn't work as advertised at all."
Health And Fitness App 218,HEALTH_AND_FITNESS,"Best app in this category, super smooth and reliable."
Health And Fitness App 218,HEALTH_AND_FITNESS,"Crashes constantly, very frustrating to use."
Health And Fitness App 218,HEALTH_AND_FITNESS,"Works fine most of the time, occasional bugs."
Health And Fitness App 218,HEALTH_AND_FITNESS,"Terrible app, doesn't work as advertised at all."
Health And Fitness App 218,HEALTH_AND_FITNESS,"Too many ads, ruins the whole experience."
Health And Fitness App 218,HEALTH_AND_FITNESS,"Terrible app, doesn't work as advertised at all."
Education App 170,EDUCATION,"It's an okay app, does the basic job."
Education App 170,EDUCATION,"Average experience, nothing special but works."
Education App 170,EDUCATION,"Love this app, works great and very easy to use!"
Education App 170,EDUCATION,"Not bad, but there are better alternatives out there."
Education App 170,EDUCATION,"Amazing experience, does exactly what I need every day."
Productivity App 721,PRODUCTIVITY,"Best app in this category, super smooth and reliable."
Productivity App 721,PRODUCTIVITY,"Crashes constantly, very frustrating to use."
Productivity App 721,PRODUCTIVITY,"Not bad, but there are better alternatives out there."
Productivity App 721,PRODUCTIVITY,"Amazing experience, does exactly what I need every day."
Productivity App 721,PRODUCTIVITY,"Love this app, works great and very easy to use!"
Social App 99,SOCIAL,"Amazing experience, does exactly what I need every day."
Social App 99,SOCIAL,"Best app in this category, super smooth and reliable."
Social App 99,SOCIAL,"Crashes constantly, very frustrating to use."
Social App 99,SOCIAL,"Fantastic UI and no crashes at all, highly recommend."
Social App 99,SOCIAL,"Amazing experience, does exactly what I need every day."
Social App 99,SOCIAL,"This app saved me so much time, absolutely worth it."
Tools App 539,TOOLS,"Love this app, works great and very easy to use!"
Tools App 539,TOOLS,"This app saved me so much time, absolutely worth it."
Tools App 539,TOOLS,"Worst update ever, broke all the features I liked."
Tools App 539,TOOLS,"Love this app, works great and very easy to use!"
Tools App 539,TOOLS,"This app saved me so much time, absolutely worth it."
Tools App 539,TOOLS,"Worst update ever, broke all the features I liked."
Photography App 305,PHOTOGRAPHY,"Not bad, but there are better alternatives out there."
Photography App 305,PHOTOGRAPHY,"Fantastic UI and no crashes at all, highly recommend."
Photography App 305,PHOTOGRAPHY,"Too many ads, ruins the whole experience."
Photography App 305,PHOTOGRAPHY,"Not bad, but there are better alternatives out there."
Photography App 305,PHOTOGRAPHY,"Worst update ever, broke all the features I liked."
Social App 142,SOCIAL,"This app saved me so much time, absolutely worth it."
Social App 142,SOCIAL,"Amazing experience, does exactly what I need every day."
Social App 142,SOCIAL,"Best app in this category, super smooth and reliable."
Social App 142,SOCIAL,"Fantastic UI and no crashes at all, highly recommend."
Social App 142,SOCIAL,"Works fine most of the time, occasional bugs."
Finance App 726,FINANCE,"Best app in this category, super smooth and reliable."
Finance App 726,FINANCE,"This app saved me so much time, absolutely worth it."
Game App 238,GAME,"Crashes constantly, very frustrating to use."
Game App 238,GAME,"Fantastic UI and no crashes at all, highly recommend."
Game App 238,GAME,"Too many ads, ruins the whole experience."
Game App 238,GAME,"This app saved me so much time, absolutely worth it."
Music And Audio App 97,MUSIC_AND_AUDIO,"Amazing experience, does exactly what I need every day."
Music And Audio App 97,MUSIC_AND_AUDIO,"Crashes constantly, very frustrating to use."
Music And Audio App 97,MUSIC_AND_AUDIO,"Love this app, works great and very easy to use!"
Music And Audio App 97,MUSIC_AND_AUDIO,"Best app in this category, super smooth and reliable."
Music And Audio App 97,MUSIC_AND_AUDIO,"Decent app for the price, could use more features."
Music And Audio App 97,MUSIC_AND_AUDIO,"Love this app, works great and very easy to use!"
Finance App 622,FINANCE,"Fantastic UI and no crashes at all, highly recommend."
Finance App 622,FINANCE,"Fantastic UI and no crashes at all, highly recommend."
Finance App 622,FINANCE,"Fantastic UI and no crashes at all, highly recommend."
Finance App 622,FINANCE,"Terrible app, doesn't work as advertised at all."
Finance App 622,FINANCE,"Amazing experience, does exactly what I need every day."
Finance App 622,FINANCE,"Best app in this category, super smooth and reliable."
Photography App 179,PHOTOGRAPHY,"Battery drain is insane, uninstalling immediately."
Photography App 179,PHOTOGRAPHY,"Love this app, works great and very easy to use!"
Tools App 106,TOOLS,"Love this app, works great and very easy to use!"
Tools App 106,TOOLS,"Battery drain is insane, uninstalling immediately."
Tools App 106,TOOLS,"Not bad, but there are better alternatives out there."
Tools App 106,TOOLS,"This app saved me so much time, absolutely worth it."
Tools App 106,TOOLS,"Love this app, works great and very easy to use!"
Tools App 106,TOOLS,"Worst update ever, broke all the features I liked."
Education App 82,EDUCATION,"Crashes constantly, very frustrating to use."
Education App 82,EDUCATION,"Amazing experience, does exactly what I need every day."
Education App 82,EDUCATION,"Terrible app, doesn't work as advertised at all."
Education App 82,EDUCATION,"Fantastic UI and no crashes at all, highly recommend."
Education App 82,EDUCATION,"Terrible app, doesn't work as advertised at all."
Education App 82,EDUCATION,"Amazing experience, does exactly what I need every day."
Education App 82,EDUCATION,"Amazing experience, does exactly what I need every day."
Education App 113,EDUCATION,"Too many ads, ruins the whole experience."
Education App 113,EDUCATION,"Too many ads, ruins the whole experience."
Education App 113,EDUCATION,"Best app in this category, super smooth and reliable."
Education App 113,EDUCATION,"Terrible app, doesn't work as advertised at all."
Education App 113,EDUCATION,"Too many ads, ruins the whole experience."
Education App 113,EDUCATION,"Fantastic UI and no crashes at all, highly recommend."
Tools App 532,TOOLS,"Best app in this category, super smooth and reliable."
Tools App 532,TOOLS,"Best app in this category, super smooth and reliable."
Business App 175,BUSINESS,"Love this app, works great and very easy to use!"
Business App 175,BUSINESS,"Fantastic UI and no crashes at all, highly recommend."
Business App 175,BUSINESS,"It's an okay app, does the basic job."
Business App 175,BUSINESS,"Amazing experience, does exactly what I need every day."
Business App 175,BUSINESS,"Average experience, nothing special but works."
Business App 175,BUSINESS,"Worst update ever, broke all the features I liked."
Business App 175,BUSINESS,"This app saved me so much time, absolutely worth it."
Tools App 49,TOOLS,"Amazing experience, does exactly what I need every day."
Tools App 49,TOOLS,"Fantastic UI and no crashes at all, highly recommend."
Tools App 49,TOOLS,"This app saved me so much time, absolutely worth it."
Tools App 49,TOOLS,"Terrible app, doesn't work as advertised at all."
Tools App 49,TOOLS,"Worst update ever, broke all the features I liked."
Productivity App 856,PRODUCTIVITY,"It's an okay app, does the basic job."
Productivity App 856,PRODUCTIVITY,"Best app in this category, super smooth and reliable."
Social App 19,SOCIAL,"Too many ads, ruins the whole experience."
Social App 19,SOCIAL,"It's an okay app, does the basic job."
Education App 852,EDUCATION,"Too many ads, ruins the whole experience."
Education App 852,EDUCATION,"It's an okay app, does the basic job."
Education App 852,EDUCATION,"Crashes constantly, very frustrating to use."
Social App 567,SOCIAL,"Terrible app, doesn't work as advertised at all."
Social App 567,SOCIAL,"Amazing experience, does exactly what I need every day."
Social App 567,SOCIAL,"Fantastic UI and no crashes at all, highly recommend."
Social App 567,SOCIAL,"Not bad, but there are better alternatives out there."
Social App 567,SOCIAL,"Best app in this category, super smooth and reliable."
Game App 765,GAME,"Amazing experience, does exactly what I need every day."
Game App 765,GAME,"Too many ads, ruins the whole experience."
Game App 765,GAME,"Worst update ever, broke all the features I liked."
Game App 765,GAME,"Battery drain is insane, uninstalling immediately."
Game App 765,GAME,"This app saved me so much time, absolutely worth it."
Game App 765,GAME,"Amazing experience, does exactly what I need every day."
Social App 854,SOCIAL,"Terrible app, doesn't work as advertised at all."
Social App 854,SOCIAL,"Amazing experience, does exactly what I need every day."
Social App 854,SOCIAL,"Battery drain is insane, uninstalling immediately."
Social App 854,SOCIAL,"Worst update ever, broke all the features I liked."
Social App 854,SOCIAL,"Not bad, but there are better alternatives out there."
Social App 854,SOCIAL,"Love this app, works great and very easy to use!"
Finance App 706,FINANCE,"Battery drain is insane, uninstalling immediately."
Finance App 706,FINANCE,"This app saved me so much time, absolutely worth it."
Finance App 706,FINANCE,"Battery drain is insane, uninstalling immediately."
Health And Fitness App 560,HEALTH_AND_FITNESS,"Worst update ever, broke all the features I liked."
Health And Fitness App 560,HEALTH_AND_FITNESS,"This app saved me so much time, absolutely worth it."
Productivity App 242,PRODUCTIVITY,"Amazing experience, does exactly what I need every day."
Productivity App 242,PRODUCTIVITY,"Love this app, works great and very easy to use!"
Productivity App 443,PRODUCTIVITY,"Crashes constantly, very frustrating to use."
Productivity App 443,PRODUCTIVITY,"Battery drain is insane, uninstalling immediately."
Productivity App 443,PRODUCTIVITY,"Love this app, works great and very easy to use!"
Productivity App 443,PRODUCTIVITY,"This app saved me so much time, absolutely worth it."
Social App 286,SOCIAL,"Love this app, works great and very easy to use!"
Social App 286,SOCIAL,"Terrible app, doesn't work as advertised at all."
Health And Fitness App 414,HEALTH_AND_FITNESS,"Love this app, works great and very easy to use!"
Health And Fitness App 414,HEALTH_AND_FITNESS,"Too many ads, ruins the whole experience."
Health And Fitness App 414,HEALTH_AND_FITNESS,"Terrible app, doesn't work as advertised at all."
Health And Fitness App 414,HEALTH_AND_FITNESS,"Best app in this category, super smooth and reliable."
Health And Fitness App 414,HEALTH_AND_FITNESS,"Decent app for the price, could use more features."
Health And Fitness App 414,HEALTH_AND_FITNESS,"Crashes constantly, very frustrating to use."
Communication App 240,COMMUNICATION,"Too many ads, ruins the whole experience."
Communication App 240,COMMUNICATION,"This app saved me so much time, absolutely worth it."
Music And Audio App 746,MUSIC_AND_AUDIO,"It's an okay app, does the basic job."
Music And Audio App 746,MUSIC_AND_AUDIO,"Worst update ever, broke all the features I liked."
Music And Audio App 746,MUSIC_AND_AUDIO,"Amazing experience, does exactly what I need every day."
Music And Audio App 746,MUSIC_AND_AUDIO,"Amazing experience, does exactly what I need every day."
Music And Audio App 746,MUSIC_AND_AUDIO,"Amazing experience, does exactly what I need every day."
Health And Fitness App 809,HEALTH_AND_FITNESS,"This app saved me so much time, absolutely worth it."
Health And Fitness App 809,HEALTH_AND_FITNESS,"Fantastic UI and no crashes at all, highly recommend."
Health And Fitness App 809,HEALTH_AND_FITNESS,"It's an okay app, does the basic job."
Health And Fitness App 809,HEALTH_AND_FITNESS,"Worst update ever, broke all the features I liked."
Health And Fitness App 809,HEALTH_AND_FITNESS,"Not bad, but there are better alternatives out there."
Education App 889,EDUCATION,"Not bad, but there are better alternatives out there."
Education App 889,EDUCATION,"Love this app, works great and very easy to use!"
Education App 889,EDUCATION,"Amazing experience, does exactly what I need every day."
Education App 889,EDUCATION,"Too many ads, ruins the whole experience."
Education App 889,EDUCATION,"Terrible app, doesn't work as advertised at all."
Education App 889,EDUCATION,"Average experience, nothing special but works."
Business App 254,BUSINESS,"Average experience, nothing special but works."
Business App 254,BUSINESS,"Love this app, works great and very easy to use!"
Business App 254,BUSINESS,"Fantastic UI and no crashes at all, highly recommend."
Business App 254,BUSINESS,"Terrible app, doesn't work as advertised at all."
Business App 254,BUSINESS,"Best app in this category, super smooth and reliable."
Business App 254,BUSINESS,"Battery drain is insane, uninstalling immediately."
Business App 254,BUSINESS,"It's an okay app, does the basic job."
Tools App 693,TOOLS,"Average experience, nothing special but works."
Tools App 693,TOOLS,"Amazing experience, does exactly what I need every day."
Education App 662,EDUCATION,"Love this app, works great and very easy to use!"
Education App 662,EDUCATION,"Love this app, works great and very easy to use!"
Education App 662,EDUCATION,"Works fine most of the time, occasional bugs."
Education App 662,EDUCATION,"Best app in this category, super smooth and reliable."
Education App 662,EDUCATION,"Love this app, works great and very easy to use!"
Education App 662,EDUCATION,"Love this app, works great and very easy to use!"
Finance App 132,FINANCE,"It's an okay app, does the basic job."
Finance App 132,FINANCE,"Decent app for the price, could use more features."
Finance App 132,FINANCE,"Average experience, nothing special but works."
Finance App 132,FINANCE,"Battery drain is insane, uninstalling immediately."
Social App 62,SOCIAL,"Love this app, works great and very easy to use!"
Social App 62,SOCIAL,"Amazing experience, does exactly what I need every day."
Photography App 512,PHOTOGRAPHY,"Average experience, nothing special but works."
Photography App 512,PHOTOGRAPHY,"Works fine most of the time, occasional bugs."
Photography App 512,PHOTOGRAPHY,"Battery drain is insane, uninstalling immediately."
Photography App 512,PHOTOGRAPHY,"It's an okay app, does the basic job."
Business App 550,BUSINESS,"Amazing experience, does exactly what I need every day."
Business App 550,BUSINESS,"This app saved me so much time, absolutely worth it."
Productivity App 635,PRODUCTIVITY,"Battery drain is insane, uninstalling immediately."
Productivity App 635,PRODUCTIVITY,"This app saved me so much time, absolutely worth it."
Productivity App 635,PRODUCTIVITY,"This app saved me so much time, absolutely worth it."
Productivity App 635,PRODUCTIVITY,"Terrible app, doesn't work as advertised at all."
Productivity App 735,PRODUCTIVITY,"Battery drain is insane, uninstalling immediately."
Productivity App 735,PRODUCTIVITY,"Love this app, works great and very easy to use!"
Productivity App 735,PRODUCTIVITY,"This app saved me so much time, absolutely worth it."
Productivity App 735,PRODUCTIVITY,"Not bad, but there are better alternatives out there."
Productivity App 735,PRODUCTIVITY,"Battery drain is insane, uninstalling immediately."
Productivity App 735,PRODUCTIVITY,"This app saved me so much time, absolutely worth it."
Music And Audio App 720,MUSIC_AND_AUDIO,"Too many ads, ruins the whole experience."
Music And Audio App 720,MUSIC_AND_AUDIO,"Not bad, but there are better alternatives out there."
Tools App 884,TOOLS,"Amazing experience, does exactly what I need every day."
Tools App 884,TOOLS,"Battery drain is insane, uninstalling immediately."
Tools App 884,TOOLS,"Battery drain is insane, uninstalling immediately."
Health And Fitness App 61,HEALTH_AND_FITNESS,"Battery drain is insane, uninstalling immediately."
Health And Fitness App 61,HEALTH_AND_FITNESS,"Amazing experience, does exactly what I need every day."
Health And Fitness App 61,HEALTH_AND_FITNESS,"Worst update ever, broke all the features I liked."
Finance App 747,FINANCE,"Love this app, works great and very easy to use!"
Finance App 747,FINANCE,"Love this app, works great and very easy to use!"
Game App 872,GAME,"Battery drain is insane, uninstalling immediately."
Game App 872,GAME,"Fantastic UI and no crashes at all, highly recommend."
Education App 442,EDUCATION,"Best app in this category, super smooth and reliable."
Education App 442,EDUCATION,"It's an okay app, does the basic job."
Education App 442,EDUCATION,"Amazing experience, does exactly what I need every day."
Productivity App 181,PRODUCTIVITY,"Love this app, works great and very easy to use!"
Productivity App 181,PRODUCTIVITY,"Decent app for the price, could use more features."
Shopping App 1,SHOPPING,"Terrible app, doesn't work as advertised at all."
Shopping App 1,SHOPPING,"Battery drain is insane, uninstalling immediately."
Shopping App 1,SHOPPING,"Love this app, works great and very easy to use!"
Shopping App 1,SHOPPING,"Love this app, works great and very easy to use!"
Shopping App 1,SHOPPING,"It's an okay app, does the basic job."
Shopping App 1,SHOPPING,"It's an okay app, does the basic job."
Shopping App 1,SHOPPING,"Average experience, nothing special but works."
Productivity App 786,PRODUCTIVITY,"It's an okay app, does the basic job."
Productivity App 786,PRODUCTIVITY,"Battery drain is insane, uninstalling immediately."
Productivity App 786,PRODUCTIVITY,"Best app in this category, super smooth and reliable."
Productivity App 786,PRODUCTIVITY,"Fantastic UI and no crashes at all, highly recommend."
Productivity App 786,PRODUCTIVITY,"Terrible app, doesn't work as advertised at all."
Music And Audio App 93,MUSIC_AND_AUDIO,"Fantastic UI and no crashes at all, highly recommend."
Music And Audio App 93,MUSIC_AND_AUDIO,"Best app in this category, super smooth and reliable."
Music And Audio App 93,MUSIC_AND_AUDIO,"Worst update ever, broke all the features I liked."
Music And Audio App 93,MUSIC_AND_AUDIO,"Decent app for the price, could use more features."
Music And Audio App 93,MUSIC_AND_AUDIO,"Amazing experience, does exactly what I need every day."
Game App 579,GAME,"Crashes constantly, very frustrating to use."
Game App 579,GAME,"Worst update ever, broke all the features I liked."
Game App 579,GAME,"Fantastic UI and no crashes at all, highly recommend."
Game App 579,GAME,"Battery drain is insane, uninstalling immediately."
Game App 579,GAME,"Battery drain is insane, uninstalling immediately."
Game App 579,GAME,"Worst update ever, broke all the features I liked."
Game App 579,GAME,"Love this app, works great and very easy to use!"
Finance App 573,FINANCE,"Worst update ever, broke all the features I liked."
Finance App 573,FINANCE,"Amazing experience, does exactly what I need every day."
Finance App 573,FINANCE,"Battery drain is insane, uninstalling immediately."
Finance App 573,FINANCE,"Battery drain is insane, uninstalling immediately."
Finance App 573,FINANCE,"Not bad, but there are better alternatives out there."
Finance App 573,FINANCE,"Amazing experience, does exactly what I need every day."
Social App 479,SOCIAL,"This app saved me so much time, absolutely worth it."
Social App 479,SOCIAL,"Love this app, works great and very easy to use!"
Social App 479,SOCIAL,"Too many ads, ruins the whole experience."
Social App 479,SOCIAL,"Decent app for the price, could use more features."
Social App 479,SOCIAL,"It's an okay app, does the basic job."
Tools App 742,TOOLS,"Average experience, nothing special but works."
Tools App 742,TOOLS,"Best app in this category, super smooth and reliable."
Tools App 742,TOOLS,"Love this app, works great and very easy to use!"
Health And Fitness App 769,HEALTH_AND_FITNESS,"This app saved me so much time, absolutely worth it."
Health And Fitness App 769,HEALTH_AND_FITNESS,"Best app in this category, super smooth and reliable."
Shopping App 674,SHOPPING,"Worst update ever, broke all the features I liked."
Shopping App 674,SHOPPING,"Too many ads, ruins the whole experience."
Shopping App 674,SHOPPING,"Decent app for the price, could use more features."
Photography App 298,PHOTOGRAPHY,"Best app in this category, super smooth and reliable."
Photography App 298,PHOTOGRAPHY,"It's an okay app, does the basic job."
Photography App 298,PHOTOGRAPHY,"Best app in this category, super smooth and reliable."
Photography App 298,PHOTOGRAPHY,"Works fine most of the time, occasional bugs."
Photography App 298,PHOTOGRAPHY,"Amazing experience, does exactly what I need every day."
Shopping App 405,SHOPPING,"Best app in this category, super smooth and reliable."
Shopping App 405,SHOPPING,"Best app in this category, super smooth and reliable."
Shopping App 405,SHOPPING,"Terrible app, doesn't work as advertised at all."
Shopping App 405,SHOPPING,"Best app in this category, super smooth and reliable."
Photography App 741,PHOTOGRAPHY,"Average experience, nothing special but works."
Photography App 741,PHOTOGRAPHY,"It's an okay app, does the basic job."
Photography App 741,PHOTOGRAPHY,"Amazing experience, does exactly what I need every day."
Photography App 741,PHOTOGRAPHY,"Not bad, but there are better alternatives out there."
Photography App 741,PHOTOGRAPHY,"It's an okay app, does the basic job."
Health And Fitness App 572,HEALTH_AND_FITNESS,"It's an okay app, does the basic job."
Health And Fitness App 572,HEALTH_AND_FITNESS,"Best app in this category, super smooth and reliable."
Health And Fitness App 572,HEALTH_AND_FITNESS,"Best app in this category, super smooth and reliable."
Health And Fitness App 572,HEALTH_AND_FITNESS,"Best app in this category, super smooth and reliable."
Health And Fitness App 572,HEALTH_AND_FITNESS,"Worst update ever, broke all the features I liked."
Health And Fitness App 572,HEALTH_AND_FITNESS,"Decent app for the price, could use more features."
Education App 125,EDUCATION,"Not bad, but there are better alternatives out there."
Education App 125,EDUCATION,"This app saved me so much time, absolutely worth it."
Education App 304,EDUCATION,"Love this app, works great and very easy to use!"
Education App 304,EDUCATION,"Fantastic UI and no crashes at all, highly recommend."
Education App 304,EDUCATION,"Amazing experience, does exactly what I need every day."
Education App 304,EDUCATION,"Fantastic UI and no crashes at all, highly recommend."
Education App 304,EDUCATION,"Fantastic UI and no crashes at all, highly recommend."
Education App 304,EDUCATION,"This app saved me so much time, absolutely worth it."
Education App 751,EDUCATION,"Too many ads, ruins the whole experience."
Education App 751,EDUCATION,"This app saved me so much time, absolutely worth it."
Education App 751,EDUCATION,"This app saved me so much time, absolutely worth it."
Education App 751,EDUCATION,"Not bad, but there are better alternatives out there."
Education App 751,EDUCATION,"Crashes constantly, very frustrating to use."
Education App 751,EDUCATION,"Amazing experience, does exactly what I need every day."
Social App 384,SOCIAL,"Decent app for the price, could use more features."
Social App 384,SOCIAL,"Amazing experience, does exactly what I need every day."
Social App 384,SOCIAL,"Amazing experience, does exactly what I need every day."
Game App 176,GAME,"Best app in this category, super smooth and reliable."
Game App 176,GAME,"Worst update ever, broke all the features I liked."
Game App 176,GAME,"Decent app for the price, could use more features."
Game App 176,GAME,"This app saved me so much time, absolutely worth it."
Game App 176,GAME,"Fantastic UI and no crashes at all, highly recommend."
Game App 193,GAME,"Decent app for the price, could use more features."
Game App 193,GAME,"Decent app for the price, could use more features."
Game App 193,GAME,"Amazing experience, does exactly what I need every day."
Education App 644,EDUCATION,"Battery drain is insane, uninstalling immediately."
Education App 644,EDUCATION,"Crashes constantly, very frustrating to use."
Education App 644,EDUCATION,"Average experience, nothing special but works."
Education App 644,EDUCATION,"Best app in this category, super smooth and reliable."
Education App 644,EDUCATION,"Crashes constantly, very frustrating to use."
Education App 644,EDUCATION,"This app saved me so much time, absolutely worth it."
Productivity App 210,PRODUCTIVITY,"Fantastic UI and no crashes at all, highly recommend."
Productivity App 210,PRODUCTIVITY,"Average experience, nothing special but works."
Productivity App 210,PRODUCTIVITY,"Fantastic UI and no crashes at all, highly recommend."
Productivity App 210,PRODUCTIVITY,"Fantastic UI and no crashes at all, highly recommend."
Productivity App 210,PRODUCTIVITY,"Amazing experience, does exactly what I need every day."
Productivity App 210,PRODUCTIVITY,"Amazing experience, does exactly what I need every day."
Productivity App 210,PRODUCTIVITY,"Decent app for the price, could use more features."
Communication App 807,COMMUNICATION,"This app saved me so much time, absolutely worth it."
Communication App 807,COMMUNICATION,"Best app in this category, super smooth and reliable."
Communication App 807,COMMUNICATION,"This app saved me so much time, absolutely worth it."
Communication App 807,COMMUNICATION,"Love this app, works great and very easy to use!"
Communication App 807,COMMUNICATION,"It's an okay app, does the basic job."
Communication App 807,COMMUNICATION,"Crashes constantly, very frustrating to use."
Health And Fitness App 257,HEALTH_AND_FITNESS,"Worst update ever, broke all the features I liked."
Health And Fitness App 257,HEALTH_AND_FITNESS,"This app saved me so much time, absolutely worth it."
Health And Fitness App 257,HEALTH_AND_FITNESS,"Worst update ever, broke all the features I liked."
Social App 357,SOCIAL,"Works fine most of the time, occasional bugs."
Social App 357,SOCIAL,"Battery drain is insane, uninstalling immediately."
Social App 357,SOCIAL,"Decent app for the price, could use more features."
Social App 357,SOCIAL,"Amazing experience, does exactly what I need every day."
Social App 357,SOCIAL,"This app saved me so much time, absolutely worth it."
Social App 357,SOCIAL,"Average experience, nothing special but works."
Tools App 192,TOOLS,"Fantastic UI and no crashes at all, highly recommend."
Tools App 192,TOOLS,"Amazing experience, does exactly what I need every day."
Tools App 192,TOOLS,"Battery drain is insane, uninstalling immediately."
Tools App 192,TOOLS,"Amazing experience, does exactly what I need every day."
Health And Fitness App 589,HEALTH_AND_FITNESS,"Best app in this category, super smooth and reliable."
Health And Fitness App 589,HEALTH_AND_FITNESS,"Amazing experience, does exactly what I need every day."
Health And Fitness App 589,HEALTH_AND_FITNESS,"Fantastic UI and no crashes at all, highly recommend."
Business App 387,BUSINESS,"Terrible app, doesn't work as advertised at all."
Business App 387,BUSINESS,"Best app in this category, super smooth and reliable."
Business App 387,BUSINESS,"This app saved me so much time, absolutely worth it."
Business App 387,BUSINESS,"This app saved me so much time, absolutely worth it."
Business App 387,BUSINESS,"Battery drain is insane, uninstalling immediately."
Social App 310,SOCIAL,"Not bad, but there are better alternatives out there."
Social App 310,SOCIAL,"Fantastic UI and no crashes at all, highly recommend."
Social App 310,SOCIAL,"This app saved me so much time, absolutely worth it."
Game App 668,GAME,"Battery drain is insane, uninstalling immediately."
Game App 668,GAME,"Not bad, but there are better alternatives out there."
Game App 668,GAME,"Love this app, works great and very easy to use!"
Game App 668,GAME,"This app saved me so much time, absolutely worth it."
Game App 668,GAME,"Amazing experience, does exactly what I need every day."
Game App 668,GAME,"Decent app for the price, could use more features."
Game App 668,GAME,"Amazing experience, does exactly what I need every day."
Tools App 613,TOOLS,"Worst update ever, broke all the features I liked."
Tools App 613,TOOLS,"Not bad, but there are better alternatives out there."
Tools App 613,TOOLS,"Worst update ever, broke all the features I liked."
Tools App 613,TOOLS,"Worst update ever, broke all the features I liked."
Game App 45,GAME,"Amazing experience, does exactly what I need every day."
Game App 45,GAME,"Fantastic UI and no crashes at all, highly recommend."
Game App 45,GAME,"Decent app for the price, could use more features."
Business App 309,BUSINESS,"Love this app, works great and very easy to use!"
Business App 309,BUSINESS,"Battery drain is insane, uninstalling immediately."
Business App 309,BUSINESS,"Fantastic UI and no crashes at all, highly recommend."
Business App 309,BUSINESS,"Love this app, works great and very easy to use!"
Social App 878,SOCIAL,"Decent app for the price, could use more features."
Social App 878,SOCIAL,"This app saved me so much time, absolutely worth it."
Social App 878,SOCIAL,"Terrible app, doesn't work as advertised at all."
Social App 878,SOCIAL,"This app saved me so much time, absolutely worth it."
Social App 878,SOCIAL,"Love this app, works great and very easy to use!"
Social App 878,SOCIAL,"Average experience, nothing special but works."
Tools App 221,TOOLS,"Crashes constantly, very frustrating to use."
Tools App 221,TOOLS,"Average experience, nothing special but works."
Tools App 3,TOOLS,"It's an okay app, does the basic job."
Tools App 3,TOOLS,"Amazing experience, does exactly what I need every day."
Tools App 3,TOOLS,"Decent app for the price, could use more features."
Tools App 3,TOOLS,"Fantastic UI and no crashes at all, highly recommend."
Tools App 3,TOOLS,"Best app in this category, super smooth and reliable."
Tools App 3,TOOLS,"Love this app, works great and very easy to use!"
Tools App 3,TOOLS,"Best app in this category, super smooth and reliable."
Health And Fitness App 167,HEALTH_AND_FITNESS,"Fantastic UI and no crashes at all, highly recommend."
Health And Fitness App 167,HEALTH_AND_FITNESS,"Amazing experience, does exactly what I need every day."
Health And Fitness App 167,HEALTH_AND_FITNESS,"Love this app, works great and very easy to use!"
Health And Fitness App 167,HEALTH_AND_FITNESS,"Works fine most of the time, occasional bugs."
Health And Fitness App 167,HEALTH_AND_FITNESS,"Fantastic UI and no crashes at all, highly recommend."
Education App 466,EDUCATION,"Crashes constantly, very frustrating to use."
Education App 466,EDUCATION,"Terrible app, doesn't work as advertised at all."
Education App 466,EDUCATION,"It's an okay app, does the basic job."
Photography App 846,PHOTOGRAPHY,"It's an okay app, does the basic job."
Photography App 846,PHOTOGRAPHY,"Amazing experience, does exactly what I need every day."
Music And Audio App 73,MUSIC_AND_AUDIO,"Amazing experience, does exactly what I need every day."
Music And Audio App 73,MUSIC_AND_AUDIO,"Crashes constantly, very frustrating to use."
Social App 577,SOCIAL,"This app saved me so much time, absolutely worth it."
Social App 577,SOCIAL,"Best app in this category, super smooth and reliable."
Social App 577,SOCIAL,"Battery drain is insane, uninstalling immediately."
Shopping App 796,SHOPPING,"Best app in this category, super smooth and reliable."
Shopping App 796,SHOPPING,"Best app in this category, super smooth and reliable."
Shopping App 796,SHOPPING,"Amazing experience, does exactly what I need every day."
Shopping App 796,SHOPPING,"Terrible app, doesn't work as advertised at all."
Shopping App 796,SHOPPING,"Best app in this category, super smooth and reliable."
Shopping App 796,SHOPPING,"Best app in this category, super smooth and reliable."
Communication App 315,COMMUNICATION,"Battery drain is insane, uninstalling immediately."
Communication App 315,COMMUNICATION,"Terrible app, doesn't work as advertised at all."
Education App 857,EDUCATION,"Terrible app, doesn't work as advertised at all."
Education App 857,EDUCATION,"Amazing experience, does exactly what I need every day."
Education App 857,EDUCATION,"Average experience, nothing special but works."
Productivity App 582,PRODUCTIVITY,"Terrible app, doesn't work as advertised at all."
Productivity App 582,PRODUCTIVITY,"Battery drain is insane, uninstalling immediately."
Productivity App 582,PRODUCTIVITY,"Love this app, works great and very easy to use!"
Productivity App 582,PRODUCTIVITY,"Crashes constantly, very frustrating to use."
Productivity App 582,PRODUCTIVITY,"Love this app, works great and very easy to use!"
Productivity App 582,PRODUCTIVITY,"Works fine most of the time, occasional bugs."
Health And Fitness App 15,HEALTH_AND_FITNESS,"Decent app for the price, could use more features."
Health And Fitness App 15,HEALTH_AND_FITNESS,"Amazing experience, does exactly what I need every day."
Health And Fitness App 15,HEALTH_AND_FITNESS,"Too many ads, ruins the whole experience."
Health And Fitness App 15,HEALTH_AND_FITNESS,"It's an okay app, does the basic job."
Health And Fitness App 15,HEALTH_AND_FITNESS,"Terrible app, doesn't work as advertised at all."
Health And Fitness App 15,HEALTH_AND_FITNESS,"It's an okay app, does the basic job."
Game App 843,GAME,"Too many ads, ruins the whole experience."
Game App 843,GAME,"Best app in this category, super smooth and reliable."
Game App 63,GAME,"This app saved me so much time, absolutely worth it."
Game App 63,GAME,"Too many ads, ruins the whole experience."
Tools App 619,TOOLS,"Crashes constantly, very frustrating to use."
Tools App 619,TOOLS,"Love this app, works great and very easy to use!"
Tools App 619,TOOLS,"Amazing experience, does exactly what I need every day."
Tools App 784,TOOLS,"Not bad, but there are better alternatives out there."
Tools App 784,TOOLS,"Amazing experience, does exactly what I need every day."
Game App 649,GAME,"Fantastic UI and no crashes at all, highly recommend."
Game App 649,GAME,"Not bad, but there are better alternatives out there."
Game App 649,GAME,"Best app in this category, super smooth and reliable."
Game App 649,GAME,"Not bad, but there are better alternatives out there."
Game App 649,GAME,"Amazing experience, does exactly what I need every day."
Tools App 366,TOOLS,"Decent app for the price, could use more features."
Tools App 366,TOOLS,"Not bad, but there are better alternatives out there."
Tools App 366,TOOLS,"Works fine most of the time, occasional bugs."
Tools App 366,TOOLS,"Works fine most of the time, occasional bugs."
Tools App 366,TOOLS,"Amazing experience, does exactly what I need every day."
Business App 364,BUSINESS,"Works fine most of the time, occasional bugs."
Business App 364,BUSINESS,"Fantastic UI and no crashes at all, highly recommend."
Business App 364,BUSINESS,"Amazing experience, does exactly what I need every day."
Business App 364,BUSINESS,"Not bad, but there are better alternatives out there."
Education App 367,EDUCATION,"Average experience, nothing special but works."
Education App 367,EDUCATION,"Too many ads, ruins the whole experience."
Education App 367,EDUCATION,"Terrible app, doesn't work as advertised at all."
Shopping App 548,SHOPPING,"Crashes constantly, very frustrating to use."
Shopping App 548,SHOPPING,"Amazing experience, does exactly what I need every day."
Shopping App 548,SHOPPING,"Too many ads, ruins the whole experience."
Shopping App 548,SHOPPING,"Crashes constantly, very frustrating to use."
Shopping App 548,SHOPPING,"Crashes constantly, very frustrating to use."
Shopping App 548,SHOPPING,"Fantastic UI and no crashes at all, highly recommend."
Productivity App 421,PRODUCTIVITY,"Battery drain is insane, uninstalling immediately."
Productivity App 421,PRODUCTIVITY,"Battery drain is insane, uninstalling immediately."
Productivity App 421,PRODUCTIVITY,"Fantastic UI and no crashes at all, highly recommend."
Productivity App 421,PRODUCTIVITY,"Battery drain is insane, uninstalling immediately."
Productivity App 421,PRODUCTIVITY,"It's an okay app, does the basic job."
Productivity App 421,PRODUCTIVITY,"This app saved me so much time, absolutely worth it."
Productivity App 421,PRODUCTIVITY,"Crashes constantly, very frustrating to use."
Productivity App 469,PRODUCTIVITY,"Fantastic UI and no crashes at all, highly recommend."
Productivity App 469,PRODUCTIVITY,"Average experience, nothing special but works."
Productivity App 469,PRODUCTIVITY,"Best app in this category, super smooth and reliable."
Productivity App 469,PRODUCTIVITY,"Terrible app, doesn't work as advertised at all."
Productivity App 685,PRODUCTIVITY,"This app saved me so much time, absolutely worth it."
Productivity App 685,PRODUCTIVITY,"Worst update ever, broke all the features I liked."
Productivity App 685,PRODUCTIVITY,"Worst update ever, broke all the features I liked."
Productivity App 685,PRODUCTIVITY,"Fantastic UI and no crashes at all, highly recommend."
Productivity App 685,PRODUCTIVITY,"Too many ads, ruins the whole experience."
Productivity App 685,PRODUCTIVITY,"Not bad, but there are better alternatives out there."
Shopping App 525,SHOPPING,"Battery drain is insane, uninstalling immediately."
Shopping App 525,SHOPPING,"Crashes constantly, very frustrating to use."
Shopping App 525,SHOPPING,"Decent app for the price, could use more features."
Shopping App 525,SHOPPING,"Decent app for the price, could use more features."
Shopping App 525,SHOPPING,"It's an okay app, does the basic job."
Shopping App 525,SHOPPING,"Love this app, works great and very easy to use!"
Shopping App 525,SHOPPING,"Average experience, nothing special but works."
Education App 858,EDUCATION,"This app saved me so much time, absolutely worth it."
Education App 858,EDUCATION,"Crashes constantly, very frustrating to use."
Photography App 659,PHOTOGRAPHY,"Average experience, nothing special but works."
Photography App 659,PHOTOGRAPHY,"Terrible app, doesn't work as advertised at all."
Photography App 659,PHOTOGRAPHY,"Terrible app, doesn't work as advertised at all."
Photography App 659,PHOTOGRAPHY,"Amazing experience, does exactly what I need every day."
Photography App 659,PHOTOGRAPHY,"This app saved me so much time, absolutely worth it."
Photography App 659,PHOTOGRAPHY,"Decent app for the price, could use more features."
Shopping App 413,SHOPPING,"Average experience, nothing special but works."
Shopping App 413,SHOPPING,"Decent app for the price, could use more features."
Shopping App 413,SHOPPING,"This app saved me so much time, absolutely worth it."
Shopping App 413,SHOPPING,"Best app in this category, super smooth and reliable."
Shopping App 413,SHOPPING,"Amazing experience, does exactly what I need every day."
Shopping App 413,SHOPPING,"Fantastic UI and no crashes at all, highly recommend."
Shopping App 413,SHOPPING,"Best app in this category, super smooth and reliable."
Productivity App 322,PRODUCTIVITY,"Best app in this category, super smooth and reliable."
Productivity App 322,PRODUCTIVITY,"Crashes constantly, very frustrating to use."
Productivity App 322,PRODUCTIVITY,"Crashes constantly, very frustrating to use."
Productivity App 322,PRODUCTIVITY,"Amazing experience, does exactly what I need every day."
Productivity App 322,PRODUCTIVITY,"Best app in this category, super smooth and reliable."
Productivity App 322,PRODUCTIVITY,"Worst update ever, broke all the features I liked."
Social App 534,SOCIAL,"Love this app, works great and very easy to use!"
Social App 534,SOCIAL,"Worst update ever, broke all the features I liked."
Social App 534,SOCIAL,"Amazing experience, does exactly what I need every day."
Social App 534,SOCIAL,"This app saved me so much time, absolutely worth it."
Social App 534,SOCIAL,"Love this app, works great and very easy to use!"
Social App 534,SOCIAL,"Terrible app, doesn't work as advertised at all."
Social App 534,SOCIAL,"Crashes constantly, very frustrating to use."
